[{"created_at": "1556798195", "created_by_id": "4357011", "name": "endless-light", "rating_vote": "7", "rating": "7", "tags": ["en", "\u6545\u4e8b", "\u7ffb\u8b6f"]}, {"created_at": "1556819562", "created_by_id": "5255954", "name": "dad-please-it-isnt-funny", "rating_vote": "6", "rating": "6", "tags": ["en", "kondraki\u535a\u58eb", "\u5353\u6587\u5eb7\u5353\u5947", "\u6545\u4e8b", "\u7ffb\u8b6f"]}, {"created_at": "1556865948", "created_by_id": "5255954", "name": "scp-3856", "rating_vote": "5", "rating": "5", "tags": ["en", "keter", "k\u7d1a\u60c5\u666f", "scp", "\u4eba\u5f62", "\u611f\u77e5\u529b", "\u667a\u80fd", "\u6a5f\u7387\u6027", "\u6d3b\u7269", "\u7814\u7a76\u54e1lloyd", "\u7ffb\u8b6f", "\u8d85\u7dad\u5ea6"]}, {"created_at": "1556866282", "created_by_id": "5255954", "name": "the-liars-confession", "rating_vote": "5", "rating": "5", "tags": ["clef\u535a\u58eb", "gears\u535a\u58eb", "kondraki\u535a\u58eb", "ru", "\u570b\u969b", "\u6545\u4e8b", "\u7ffb\u8b6f", "\u97f3\u983b"]}, {"created_at": "1556888823", "created_by_id": "4357011", "name": "portlands-roller-derby", "rating_vote": "2", "rating": "2", "tags": ["en", "goi\u683c\u5f0f", "uiu", "\u4e09\u6ce2\u7279\u862d", "\u7b2c\u4e09\u5b9a\u5f8b", "\u7ffb\u8b6f", "\u9e7f\u5b78\u9662"]}, {"created_at": "1556889025", "created_by_id": "4357011", "name": "the-seltzorcism", "rating_vote": "4", "rating": "4", "tags": ["en", "\u4e09\u6ce2\u7279\u862d", "\u5408\u8457", "\u6545\u4e8b", "\u6b6a\u677e", "\u7b2c\u4e09\u5b9a\u5f8b", "\u7ffb\u8b6f", "\u9e7f\u5b78\u9662"]}, {"created_at": "1556895124", "created_by_id": "4357011", "name": "number-27-oneiroi-station", "rating_vote": "4", "rating": "4", "tags": ["en", "goi\u683c\u5f0f", "\u5922\u795e", "\u7ffb\u8b6f"]}, {"created_at": "1556895574", "created_by_id": "4357011", "name": "sleep-beneath-the-stars", "rating_vote": "4", "rating": "4", "tags": ["en", "goi\u683c\u5f0f", "\u5922\u795e", "\u7b2c\u4e94\u6559\u6703", "\u7ffb\u8b6f"]}, {"created_at": "1556953000", "created_by_id": "4357011", "name": "updated-amnestics-guide", "rating_vote": "14", "rating": "14", "tags": ["en", "\u6545\u4e8b", "\u7ffb\u8b6f"]}, {"created_at": "1556966997", "created_by_id": "4357011", "name": "deer-college-hub", "rating_vote": "6", "rating": "6", "tags": ["en", "\u4e09\u6ce2\u7279\u862d", "\u4e2d\u5fc3", "\u7ffb\u8b6f", "\u9e7f\u5b78\u9662"]}, {"created_at": "1557040521", "created_by_id": "3979351", "name": "nexus-series", "rating_vote": "8", "rating": "8", "tags": ["en", "\u5408\u4f5c", "\u7ffb\u8b6f", "\u8cc7\u6e90", "\u91cd\u5beb"]}, {"created_at": "1557060017", "created_by_id": "4083667", "name": "scp-001-ex", "rating_vote": "17", "rating": "17", "tags": ["001\u63d0\u6848", "en", "maria-jones", "scp", "\u502b\u7406\u59d4\u54e1\u6703", "\u5408\u8457", "\u57fa\u91d1\u6703\u88fd\u9020", "\u5df2\u89e3\u660e", "\u6578\u5b78\u6027", "\u666e\u7f85\u7c73\u4fee\u65af\u5be6\u9a57\u5ba4", "\u7ffb\u8b6f", "\u901a\u8a0a", "\u96fb\u529b", "\u96fb\u5b50", "\u96fb\u8166", "\u9810\u6e2c\u6027"]}, {"created_at": "1557063820", "created_by_id": "4357011", "name": "do-not-collect-200", "rating_vote": "4", "rating": "4", "tags": ["en", "fynegan\u535a\u58eb", "\u6545\u4e8b", "\u7ffb\u8b6f"]}, {"created_at": "1557064338", "created_by_id": "4357011", "name": "prantortiz-the-vile", "rating_vote": "5", "rating": "5", "tags": ["en", "goi\u683c\u5f0f", "\u7ffb\u8b6f", "\u9ed1\u7687\u540e"]}, {"created_at": "1557064595", "created_by_id": "4357011", "name": "ambrose-temecula", "rating_vote": "11", "rating": "11", "tags": ["en", "goi\u683c\u5f0f", "\u5b89\u5e03\u7f85\u65af\u9910\u5ef3", "\u7ffb\u8b6f"]}, {"created_at": "1557133877", "created_by_id": "5010943", "name": "scp-666-j", "rating_vote": "9", "rating": "9", "tags": ["en", "euclid", "gerald\u535a\u58eb", "scp", "\u4eba\u5f62", "\u641e\u7b11", "\u6a5f\u7387\u6027", "\u7ffb\u8b6f"]}, {"created_at": "1557146111", "created_by_id": "4913214", "name": "from-death-join", "rating_vote": "6", "rating": "6", "tags": ["\u539f\u5275", "\u6545\u4e8b", "\u683c\u9b6f\u70cf-p\u90e8\u9580"]}, {"created_at": "1557148301", "created_by_id": "4357011", "name": "ambrose-london-prix-fixe", "rating_vote": "9", "rating": "9", "tags": ["en", "en-\u4ea4\u63db\u85dd\u8853", "goi\u683c\u5f0f", "\u5b89\u5e03\u7f85\u65af\u9910\u5ef3", "\u7ffb\u8b6f"]}, {"created_at": "1557148744", "created_by_id": "4357011", "name": "ambrose-thorn-valley", "rating_vote": "5", "rating": "5", "tags": ["en", "goi\u683c\u5f0f", "\u5b89\u5e03\u7f85\u65af\u9910\u5ef3", "\u6b32\u8089\u6559", "\u6b7b\u4ea1\u7d42\u4e86", "\u7ffb\u8b6f"]}, {"created_at": "1557232155", "created_by_id": "4357011", "name": "project-proposal-2014-1221", "rating_vote": "9", "rating": "9", "tags": ["awcy", "en", "en-\u6025\u8feb\u7af6\u8cfd2019", "goi\u683c\u5f0f", "\u7ffb\u8b6f"]}]