[{"created_at": "1633009159", "created_by_id": "5325850", "name": "art-for-701", "rating_vote": "11", "rating": "11", "tags": ["\u539f\u5275", "\u85dd\u8853\u4f5c\u54c1"]}, {"created_at": "1633052504", "created_by_id": "6217438", "name": "scp-5243-video-transcripts", "rating_vote": "4", "rating": "4", "tags": ["en", "\u4e8b\u6545", "\u5408\u8457", "\u7ffb\u8b6f", "\u9644\u52a0\u8cc7\u6599"]}, {"created_at": "1633181084", "created_by_id": "4990678", "name": "phylliidae-bq-artwork", "rating_vote": "4", "rating": "4", "tags": ["jp", "\u7ffb\u8b6f", "\u85dd\u8853\u4f5c\u54c1", "\u9ed1\u7687\u540e"]}, {"created_at": "1633191352", "created_by_id": "5415046", "name": "scp-zh-676", "rating_vote": "10", "rating": "8", "tags": ["keter", "scp", "site-zh-02", "\u539f\u5275", "\u6a5f\u68b0", "\u6d3b\u7269", "\u91d1\u5c6c", "\u982d\u8db3\u985e\u52d5\u7269", "\u9f20\u985e"]}, {"created_at": "1633243368", "created_by_id": "5415046", "name": "scp-2118", "rating_vote": "8", "rating": "8", "tags": ["en", "safe", "scp", "\u4eba\u5f62", "\u64ec\u614b", "\u667a\u80fd", "\u6d3b\u7269", "\u77e5\u8b58", "\u7ffb\u8b6f"]}, {"created_at": "1633349938", "created_by_id": "6503482", "name": "scp-3043", "rating_vote": "6", "rating": "6", "tags": ["en", "meta", "safe", "scp", "\u5bb6\u96fb\u7528\u54c1", "\u5f17\u96f7\u5fb7", "\u611f\u77e5\u529b", "\u6558\u8ff0\u6027", "\u667a\u80fd", "\u6a5f\u68b0", "\u7121\u6548\u5316", "\u7ffb\u8b6f", "\u8a18\u61b6\u5f71\u97ff"]}, {"created_at": "1633360552", "created_by_id": "6952002", "name": "the-only-thing-in-my-head", "rating_vote": "7", "rating": "7", "tags": ["\u539f\u5275", "\u6545\u4e8b", "\u8f49\u4e16\u8a08\u5283"]}, {"created_at": "1633556717", "created_by_id": "5415046", "name": "scp-2337", "rating_vote": "5", "rating": "5", "tags": ["en", "euclid", "scp", "spanko\u535a\u58eb", "\u52d5\u7269", "\u611f\u77e5\u529b", "\u667a\u80fd", "\u6d3b\u7269", "\u7ffb\u8b6f", "\u8072\u97f3", "\u8a9e\u8a00", "\u9ce5\u985e"]}, {"created_at": "1633563896", "created_by_id": "6217438", "name": "scp-5956", "rating_vote": "7", "rating": "7", "tags": ["en", "k\u7d1a\u60c5\u666f", "lillihammer\u535a\u58eb", "mcdoctorate\u535a\u58eb", "scp", "\u4fdd\u885b43", "\u5408\u8457", "\u5730\u9ede", "\u57fa\u91d1\u6703\u88fd\u9020", "\u5faa\u74b0", "\u6096\u8ad6", "\u6642\u7a7a", "\u6642\u9593\u5f71\u97ff", "\u672a\u4f86", "\u6a5f\u5bc6\u5206\u7d1a", "\u6a5f\u68b0", "\u7ffb\u8b6f", "\u8a18\u61b6\u5f71\u97ff", "\u9006\u6a21\u56e0", "\u901a\u8a0a", "\u9580\u5f91", "\u9810\u6e2c\u6027"]}, {"created_at": "1633621202", "created_by_id": "4990678", "name": "aw-1", "rating_vote": "3", "rating": "3", "tags": ["bright\u535a\u58eb", "jp", "\u7ffb\u8b6f", "\u85dd\u8853\u4f5c\u54c1"]}, {"created_at": "1633699018", "created_by_id": "4990678", "name": "candy-pumpkin-2021-a", "rating_vote": "0", "rating": "0", "tags": ["\u4e2d\u5fc3", "\u539f\u5275", "\u6311\u6230\u6d3b\u52d5"]}, {"created_at": "1633705333", "created_by_id": "4990678", "name": "candy-pumpkin-2021-b", "rating_vote": "1", "rating": "1", "tags": ["\u4e2d\u5fc3", "\u539f\u5275", "\u6311\u6230\u6d3b\u52d5"]}, {"created_at": "1633765494", "created_by_id": "6952002", "name": "polish-dancing-cow", "rating_vote": "10", "rating": "10", "tags": ["\u539f\u5275", "\u85dd\u8853\u4f5c\u54c1", "\u8f49\u4e16\u8a08\u5283"]}, {"created_at": "1633770055", "created_by_id": "7073060", "name": "scp-6786", "rating_vote": "5", "rating": "5", "tags": ["en", "safe", "scp", "\u53cd\u7269\u7406\u5b9a\u5f8b", "\u5bb9\u5668", "\u6096\u8ad6", "\u6578\u5b78\u6027", "\u6982\u5ff5", "\u7ffb\u8b6f"]}, {"created_at": "1633782961", "created_by_id": "6952002", "name": "scp-5646", "rating_vote": "4", "rating": "4", "tags": ["en", "k\u7d1a\u60c5\u666f", "meta", "scp", "\u5730\u9ede", "\u6558\u8ff0\u6027", "\u6a5f\u5bc6\u5206\u7d1a", "\u7ffb\u8b6f", "\u8d85\u7dad\u5ea6", "\u9580\u5f91"]}, {"created_at": "1633786007", "created_by_id": "6503482", "name": "curated-tale-series", "rating_vote": "3", "rating": "3", "tags": ["en", "\u4e2d\u5fc3", "\u5408\u4f5c", "\u5408\u8457", "\u5c55\u51fa", "\u7ffb\u8b6f"]}, {"created_at": "1633861732", "created_by_id": "7469850", "name": "running-shadow-of-the-opposite-train", "rating_vote": "14", "rating": "14", "tags": ["creepypasta", "\u539f\u5275", "\u6545\u4e8b", "\u7570\u8996\u7dad\u57fa"]}, {"created_at": "1633918857", "created_by_id": "7073060", "name": "golem-s-icon-page", "rating_vote": "1", "rating": "1", "tags": ["en", "\u7ffb\u8b6f", "\u85dd\u8853\u4f5c\u54c1"]}, {"created_at": "1633944920", "created_by_id": "6788064", "name": "benitoite-little-pigeon-halloween", "rating_vote": "14", "rating": "14", "tags": ["\u539f\u5275", "\u85dd\u8853\u4f5c\u54c1"]}, {"created_at": "1633945610", "created_by_id": "6217438", "name": "scp-6131", "rating_vote": "12", "rating": "12", "tags": ["en", "meta", "scp", "\u5171\u611f", "\u6a5f\u5bc6\u5206\u7d1a", "\u7cbe\u795e\u5f71\u97ff", "\u7ffb\u8b6f", "\u8cc7\u8a0a\u5371\u5bb3"]}]