[{"created_at": "1605592676", "created_by_id": "5415046", "name": "scp-5661", "rating_vote": "5", "rating": "5", "tags": ["en", "safe", "scp", "\u4eba\u5f62", "\u5730\u4e0b", "\u611f\u77e5\u529b", "\u6642\u7a7a", "\u667a\u80fd", "\u7403\u9ad4", "\u7d50\u69cb\u7269", "\u7ffb\u8b6f", "\u81ea\u6211\u4fee\u5fa9", "\u86c7\u4e4b\u624b"]}, {"created_at": "1605594969", "created_by_id": "5415046", "name": "scp-2434-jp", "rating_vote": "6", "rating": "6", "tags": ["jp", "meta", "scp", "\u5bb9\u5668", "\u6a5f\u5bc6\u5206\u7d1a", "\u7ffb\u8b6f", "\u8aa4\u50b3\u90e8", "\u8cc7\u8a0a\u5371\u5bb3", "\u91d1\u5c6c"]}, {"created_at": "1605598585", "created_by_id": "5415046", "name": "scp-2740-jp", "rating_vote": "9", "rating": "9", "tags": ["jp", "scp", "\u6a5f\u5bc6\u5206\u7d1a", "\u7ffb\u8b6f", "\u8aa4\u50b3\u90e8", "\u8f09\u5177"]}, {"created_at": "1605661055", "created_by_id": "5415046", "name": "scp-5510", "rating_vote": "14", "rating": "12", "tags": ["en", "meta", "safe", "scp", "\u5bb6\u96fb\u7528\u54c1", "\u6642\u9593\u5f71\u97ff", "\u7ffb\u8b6f"]}, {"created_at": "1605667195", "created_by_id": "5415046", "name": "scp-5594", "rating_vote": "5", "rating": "5", "tags": ["en", "safe", "scp", "\u4eba\u5f62", "\u5730\u4e0b", "\u57ce\u5e02", "\u611f\u77e5\u529b", "\u667a\u80fd", "\u706b", "\u7121\u5f62", "\u7ffb\u8b6f"]}, {"created_at": "1605689737", "created_by_id": "5334590", "name": "scp-075", "rating_vote": "6", "rating": "6", "tags": ["en", "euclid", "scp", "\u63a0\u98df\u6027", "\u6d3b\u7269", "\u7ffb\u8b6f", "\u8150\u8755\u6027", "\u91cd\u5beb"]}, {"created_at": "1605709967", "created_by_id": "4990678", "name": "worldwidekuwana", "rating_vote": "5", "rating": "5", "tags": ["jp", "jp-2016\u63d2\u5716\u5927\u8cfda", "\u6851\u540d\u535a\u58eb", "\u7ffb\u8b6f", "\u85dd\u8853\u4f5c\u54c1"]}, {"created_at": "1605736644", "created_by_id": "4474355", "name": "scp-499-ko", "rating_vote": "3", "rating": "3", "tags": ["ko", "safe", "scp", "\u4e8c\u6b21\u7ffb\u8b6f", "\u55c5\u89ba\u5f71\u97ff", "\u5730\u9ede", "\u5f37\u8feb\u6027", "\u7ffb\u8b6f", "\u8072\u97f3", "\u807d\u89ba\u5f71\u97ff", "\u97f3\u6a02\u6027", "\u97f3\u983b"]}, {"created_at": "1605781856", "created_by_id": "5325850", "name": "scp-zh-024", "rating_vote": "33", "rating": "33", "tags": ["euclid", "meta", "scp", "site-zh-12", "\u539f\u5275", "\u6558\u8ff0\u6027", "\u6982\u5ff5", "\u8a8d\u77e5\u5371\u5bb3", "\u8aa4\u50b3\u90e8", "\u8cc7\u8a0a\u5371\u5bb3"]}, {"created_at": "1605784210", "created_by_id": "5255954", "name": "tsars-seers-art-thaumatology", "rating_vote": "18", "rating": "18", "tags": ["\u539f\u5275", "\u6c99\u7687\u5148\u77e5\u5354\u6703", "\u85dd\u8853\u4f5c\u54c1"]}, {"created_at": "1605879734", "created_by_id": "4990678", "name": "blue", "rating_vote": "8", "rating": "8", "tags": ["jp", "jp-2016\u63d2\u5716\u5927\u8cfda", "\u7ffb\u8b6f", "\u85dd\u8853\u4f5c\u54c1"]}, {"created_at": "1605889521", "created_by_id": "5415046", "name": "scp-5917", "rating_vote": "6", "rating": "6", "tags": ["alagadda", "en", "safe", "scp", "\u4e0d\u53ef\u6467\u6bc0", "\u50b3\u9001", "\u5168\u7403\u8d85\u81ea\u7136\u806f\u76df", "\u5730\u5716", "\u5c4d\u9ad4", "\u6587\u737b", "\u6d41\u6d6a\u8005\u5716\u66f8\u9928", "\u751f\u7269\u6027", "\u7cbe\u795e\u5f71\u97ff", "\u7ffb\u8b6f", "\u86c7\u4e4b\u624b", "\u8996\u89ba\u6027", "\u8a8d\u77e5\u5371\u5bb3", "\u8a9e\u8a00", "\u8b8a\u5f62", "\u8d85\u7dad\u5ea6", "\u9ce5\u985e"]}, {"created_at": "1605974110", "created_by_id": "5684299", "name": "grandfather-and-japanese-prisoners-of-war-in-the-soviet-unio", "rating_vote": "8", "rating": "6", "tags": ["creepypasta", "\u539f\u5275", "\u6276\u6851\u7d00", "\u6545\u4e8b", "\u683c\u9b6f\u70cf-p\u90e8\u9580", "\u7570\u8996\u7dad\u57fa"]}, {"created_at": "1606038853", "created_by_id": "5202891", "name": "the-young-man", "rating_vote": "5", "rating": "5", "tags": ["en", "\u6545\u4e8b", "\u7ffb\u8b6f", "\u8a6d\u5384\u8001\u8005"]}, {"created_at": "1606050115", "created_by_id": "5255954", "name": "zycie-zhizn-life", "rating_vote": "16", "rating": "16", "tags": ["kondraki\u535a\u58eb", "\u5353\u6587\u5eb7\u5353\u5947", "\u539f\u5275", "\u5c55\u51fa", "\u6545\u4e8b"]}, {"created_at": "1606121603", "created_by_id": "5206218", "name": "tales-from-the-bright-side-chapter-one", "rating_vote": "5", "rating": "5", "tags": ["bright\u535a\u58eb", "en", "\u6545\u4e8b", "\u7ffb\u8b6f"]}, {"created_at": "1606122968", "created_by_id": "5334590", "name": "shaggydredlocks-proposal", "rating_vote": "21", "rating": "21", "tags": ["001\u63d0\u6848", "apollyon", "en", "k\u7d1a\u60c5\u666f", "meta", "scp", "the-administrator", "\u5149\u7167\u5f71\u97ff", "\u6046\u661f", "\u672a\u6536\u5bb9", "\u751f\u7269\u5371\u5bb3", "\u7834\u66c9", "\u7ffb\u8b6f", "\u8b8a\u5f62"]}, {"created_at": "1606142045", "created_by_id": "5255954", "name": "scp-1410-ru", "rating_vote": "4", "rating": "4", "tags": ["euclid", "ru", "scp", "\u4eba\u5f62", "\u7ffb\u8b6f"]}, {"created_at": "1606204757", "created_by_id": "5956873", "name": "daydream-walker", "rating_vote": "7", "rating": "7", "tags": ["chrome", "site-zh-88", "\u539f\u5275", "\u6545\u4e8b"]}, {"created_at": "1606230390", "created_by_id": "4990678", "name": "yuka-maiden-ikuragunkan", "rating_vote": "6", "rating": "6", "tags": ["jp", "\u7ffb\u8b6f", "\u85dd\u8853\u4f5c\u54c1"]}]