[{"created_at": "1595813674", "created_by_id": "3981670", "name": "scp-zh-008", "rating_vote": "12", "rating": "12", "tags": ["2020\u590f\u5b63\u7af6\u8cfd", "keter", "scp", "\u539f\u5275", "\u5730\u9ede", "\u7cbe\u795e\u5f71\u97ff", "\u7d50\u69cb\u7269", "\u9006\u6a21\u56e0"]}, {"created_at": "1595819656", "created_by_id": "5062193", "name": "scp-225", "rating_vote": "4", "rating": "2", "tags": ["en", "euclid", "scp", "\u4e0d\u53ef\u6467\u6bc0", "\u672a\u6536\u5bb9", "\u7403\u9ad4", "\u7ffb\u8b6f", "\u885b\u661f", "\u91d1\u5c6c"]}, {"created_at": "1595848831", "created_by_id": "5013754", "name": "ting129-s-ko-proposal", "rating_vote": "8", "rating": "8", "tags": ["2020\u590f\u5b63\u7af6\u8cfd", "goi\u683c\u5f0f", "\u539f\u5275", "\u6bc6\u6253\u9bca\u9b5a\u4e2d\u5fc3"]}, {"created_at": "1595864479", "created_by_id": "3979351", "name": "scp-864", "rating_vote": "2", "rating": "2", "tags": ["en", "euclid", "scp", "\u5bb9\u5668", "\u63a0\u98df\u6027", "\u7ffb\u8b6f", "\u8d85\u7dad\u5ea6", "\u91cd\u5beb"]}, {"created_at": "1595925818", "created_by_id": "5334590", "name": "five-minutes-to-end", "rating_vote": "24", "rating": "24", "tags": ["2020\u590f\u5b63\u7af6\u8cfd", "\u539f\u5275", "\u5c55\u51fa", "\u6545\u4e8b"]}, {"created_at": "1596119629", "created_by_id": "5013754", "name": "yamizushi-file-no338", "rating_vote": "10", "rating": "10", "tags": ["2020\u590f\u5b63\u7af6\u8cfd", "goi\u683c\u5f0f", "\u539f\u5275", "\u7206\u65cb\u58fd\u53f8", "\u95c7\u58fd\u53f8"]}, {"created_at": "1596200813", "created_by_id": "5653267", "name": "scp-zh-333", "rating_vote": "9", "rating": "7", "tags": ["keter", "k\u7d1a\u60c5\u666f", "mc&amp;d", "scp", "\u4eba\u5f62", "\u5168\u7403\u8d85\u81ea\u7136\u806f\u76df", "\u539f\u5275", "\u578b\u614b\u8b8a\u5316", "\u6027", "\u6210\u4eba\u9801\u9762", "\u667a\u80fd", "\u6d3b\u7269", "\u7269\u7a2e", "\u86c7\u4e4b\u624b", "\u91cd\u65b0\u5c0e\u5411"]}, {"created_at": "1596205477", "created_by_id": "5415046", "name": "scp-011-j", "rating_vote": "7", "rating": "7", "tags": ["en", "euclid", "scp", "\u4eba\u5f62", "\u611f\u77e5\u529b", "\u641e\u7b11", "\u667a\u80fd", "\u6d3b\u7269", "\u7ffb\u8b6f", "\u89c0\u5bdf\u5f71\u97ff"]}, {"created_at": "1596222216", "created_by_id": "5255954", "name": "scp-zh-113", "rating_vote": "27", "rating": "27", "tags": ["2020\u590f\u5b63\u7af6\u8cfd", "k\u7d1a\u60c5\u666f", "scp", "\u539f\u5275", "\u5730\u9ede", "\u667a\u80fd", "\u672a\u6536\u5bb9", "\u6a5f\u5bc6\u5206\u7d1a", "\u822a\u6d77\u5b78", "\u8f09\u5177"]}, {"created_at": "1596260219", "created_by_id": "5956873", "name": "teapotoao", "rating_vote": "5", "rating": "5", "tags": ["2020\u590f\u5b63\u7af6\u8cfd", "aiad", "koschei.aic", "\u539f\u5275", "\u6545\u4e8b", "\u822a\u6d77\u5b78"]}, {"created_at": "1596280752", "created_by_id": "5956873", "name": "ao-zh-252", "rating_vote": "11", "rating": "11", "tags": ["2020\u590f\u5b63\u7af6\u8cfd", "\u539f\u5275", "\u6545\u4e8b"]}, {"created_at": "1596375464", "created_by_id": "5402841", "name": "scp-zh-935-j", "rating_vote": "7", "rating": "5", "tags": ["2020\u590f\u5b63\u7af6\u8cfd", "euclid", "scp", "sugoi\u535a\u58eb", "\u5171\u611f", "\u539f\u5275", "\u5730\u4e0b\u8857", "\u641e\u7b11", "\u6676\u9ad4", "\u81ea\u4e3b", "\u8449\u51e1\u535a\u58eb"]}, {"created_at": "1596377288", "created_by_id": "5255954", "name": "scp-1800-ru-j", "rating_vote": "5", "rating": "5", "tags": ["euclid", "ru", "scp", "\u611f\u77e5\u5f71\u97ff", "\u641e\u7b11", "\u672a\u6536\u5bb9", "\u7ffb\u8b6f"]}, {"created_at": "1596380490", "created_by_id": "5255954", "name": "scp-1005-ru", "rating_vote": "3", "rating": "3", "tags": ["ru", "safe", "scp", "\u5bb6\u5177", "\u5de6\u6487\u5b50", "\u7ffb\u8b6f"]}, {"created_at": "1596384247", "created_by_id": "5255954", "name": "scp-1052-ru", "rating_vote": "2", "rating": "2", "tags": ["ru", "safe", "scp", "\u611f\u77e5\u5f71\u97ff", "\u6b66\u5668", "\u7ffb\u8b6f"]}, {"created_at": "1596424406", "created_by_id": "5013754", "name": "scp-zh-013", "rating_vote": "11", "rating": "11", "tags": ["2020\u590f\u5b63\u7af6\u8cfd", "safe", "scp", "\u4e0d\u53ef\u6467\u6bc0", "\u4eba\u9020\u7269\u54c1", "\u539f\u5275", "\u53cd\u71b5", "\u5bb6\u5177", "\u81ea\u6211\u8907\u88fd"]}, {"created_at": "1596451858", "created_by_id": "5415046", "name": "scp-zh-391", "rating_vote": "10", "rating": "10", "tags": ["2020\u590f\u5b63\u7af6\u8cfd", "scp", "\u539f\u5275", "\u5efa\u7bc9\u7269", "\u6642\u7a7a", "\u6642\u9593\u5f71\u97ff", "\u7121\u6548\u5316"]}, {"created_at": "1596546425", "created_by_id": "3981670", "name": "tombstone-for-the-one-you-should-not-forget", "rating_vote": "7", "rating": "7", "tags": ["2020\u590f\u5b63\u7af6\u8cfd", "apoyn\u535a\u58eb", "\u4e09\u57a3", "\u539f\u5275", "\u6545\u4e8b"]}, {"created_at": "1596548483", "created_by_id": "5255954", "name": "tribunal", "rating_vote": "8", "rating": "8", "tags": ["ru", "\u6545\u4e8b", "\u7ffb\u8b6f"]}, {"created_at": "1596551186", "created_by_id": "5344757", "name": "scp-zh-1766-ex", "rating_vote": "6", "rating": "4", "tags": ["2020\u590f\u5b63\u7af6\u8cfd", "bales\u535a\u58eb", "scp", "site-zh-16", "\u539f\u5275", "\u5df2\u89e3\u660e", "\u8996\u89ba\u6027", "\u9ce5\u985e"]}]