[{"created_at": "1602779846", "created_by_id": "5334590", "name": "scp-131", "rating_vote": "3", "rating": "3", "tags": ["en", "safe", "scp", "\u5171\u611f", "\u5851\u50cf173", "\u611f\u77e5\u529b", "\u7ffb\u8b6f", "\u81ea\u4e3b"]}, {"created_at": "1602780164", "created_by_id": "5415046", "name": "scp-1942-jp", "rating_vote": "7", "rating": "7", "tags": ["jp", "keter", "scp", "\u5168\u7403\u8d85\u81ea\u7136\u806f\u76df", "\u6276\u6851\u7d00", "\u6575\u610f", "\u672a\u660e\u8ecd\u5718", "\u6771\u5f0a\u91cd\u5de5", "\u6a5f\u68b0", "\u6b77\u53f2\u6027", "\u751f\u7269\u6027", "\u7ffb\u8b6f", "\u8072\u97f3", "\u81ea\u4e3b", "\u81ea\u6211\u4fee\u5fa9", "\u8239\u8266", "\u8266\u653f\u672c\u90e8\u5c0d\u8d85\u5e38\u8ab2", "\u8490\u96c6\u9662", "\u8ecd\u4e8b", "\u8f09\u5177"]}, {"created_at": "1602818082", "created_by_id": "5956873", "name": "scp-zh-164", "rating_vote": "7", "rating": "7", "tags": ["chrome", "safe", "scp", "site-zh-88", "\u4eba\u9020\u7269\u54c1", "\u539f\u5275", "\u7cbe\u795e\u5f71\u97ff"]}, {"created_at": "1602883610", "created_by_id": "5415046", "name": "scp-1280-jp", "rating_vote": "7", "rating": "7", "tags": ["jp", "k\u7d1a\u60c5\u666f", "safe", "scp", "\u53cd\u7269\u7406\u5b9a\u5f8b", "\u6642\u7a7a", "\u7403\u9ad4", "\u7ffb\u8b6f", "\u8d85\u7dad\u5ea6"]}, {"created_at": "1602926708", "created_by_id": "5325850", "name": "art-for-zh-111", "rating_vote": "11", "rating": "11", "tags": ["\u539f\u5275", "\u85dd\u8853\u4f5c\u54c1"]}, {"created_at": "1602932602", "created_by_id": "6503482", "name": "a-suicide-note", "rating_vote": "8", "rating": "8", "tags": ["bright\u535a\u58eb", "clef\u535a\u58eb", "en", "gears\u535a\u58eb", "kain-pathos-crow", "kondraki\u535a\u58eb", "\u5168\u7403\u8d85\u81ea\u7136\u806f\u76df", "\u6545\u4e8b", "\u7ffb\u8b6f", "\u86c7\u4e4b\u624b", "\u8a69\u683c\u863f\u7d72"]}, {"created_at": "1602937233", "created_by_id": "4239775", "name": "swift", "rating_vote": "10", "rating": "10", "tags": ["aiad", "koschei.aic", "site-zh-50", "site-zh-81", "\u539f\u5275", "\u6545\u4e8b", "\u822a\u6d77\u5b78"]}, {"created_at": "1602946550", "created_by_id": "5415046", "name": "scp-231", "rating_vote": "12", "rating": "12", "tags": ["en", "keter", "k\u7d1a\u60c5\u666f", "scp", "\u4eba\u5f62", "\u5100\u5f0f\u6027", "\u611f\u77e5\u529b", "\u667a\u80fd", "\u6d3b\u7269", "\u7329\u7d05\u4e4b\u738b", "\u751f\u6b96\u6027", "\u7ffb\u8b6f"]}, {"created_at": "1602953625", "created_by_id": "5334590", "name": "scp-198", "rating_vote": "3", "rating": "3", "tags": ["en", "euclid", "scp", "\u5bb9\u5668", "\u6db2\u9ad4", "\u7ffb\u8b6f", "\u8b8a\u5f62"]}, {"created_at": "1602991883", "created_by_id": "5415046", "name": "scp-518-jp", "rating_vote": "5", "rating": "5", "tags": ["euclid", "jp", "scp", "\u690d\u7269", "\u6d3b\u9ad4", "\u7ffb\u8b6f"]}, {"created_at": "1603015654", "created_by_id": "3981670", "name": "scp-1425", "rating_vote": "4", "rating": "4", "tags": ["en", "k\u7d1a\u60c5\u666f", "safe", "scp", "\u6587\u737b", "\u6642\u7a7a", "\u672c\u8cea\u4fc3\u52d5", "\u6a5f\u7387\u6027", "\u7b2c\u4e94\u6559\u6703", "\u7cbe\u795e\u5f71\u97ff", "\u7ffb\u8b6f", "\u8996\u89ba\u6027", "\u8a8d\u77e5\u5371\u5bb3"]}, {"created_at": "1603023106", "created_by_id": "5334590", "name": "scp-5565", "rating_vote": "4", "rating": "4", "tags": ["en", "keter", "scp", "\u5168\u7403\u8d85\u81ea\u7136\u806f\u76df", "\u52d5\u7269", "\u5730\u4e0b", "\u6d3b\u7269", "\u7ffb\u8b6f", "\u8815\u87f2", "\u8b8a\u5f62"]}, {"created_at": "1603037482", "created_by_id": "5334590", "name": "scp-5380", "rating_vote": "7", "rating": "7", "tags": ["en", "safe", "scp", "\u4eba\u9020\u7269\u54c1", "\u53cd\u71b5", "\u7ffb\u8b6f"]}, {"created_at": "1603041065", "created_by_id": "5334590", "name": "scp-1742", "rating_vote": "2", "rating": "2", "tags": ["en", "safe", "scp", "\u50b3\u67d3\u6027", "\u53cd\u71b5", "\u751f\u7269\u5371\u5bb3", "\u7ffb\u8b6f"]}, {"created_at": "1603046449", "created_by_id": "5663596", "name": "artwork-shopping-arcade", "rating_vote": "18", "rating": "18", "tags": ["\u539f\u5275", "\u5730\u4e0b\u8857", "\u85dd\u8853\u4f5c\u54c1"]}, {"created_at": "1603095506", "created_by_id": "5255954", "name": "scp-1380-ru", "rating_vote": "8", "rating": "8", "tags": ["ru", "scp", "thaumiel", "\u5316\u5b78\u6027", "\u5730\u9ede", "\u611f\u77e5\u5f71\u97ff", "\u77e5\u8b58", "\u7ffb\u8b6f", "\u807d\u89ba\u5f71\u97ff", "\u8a18\u61b6\u5f71\u97ff", "\u8a8d\u77e5\u5371\u5bb3"]}, {"created_at": "1603102940", "created_by_id": "5255954", "name": "scp-1190-ru", "rating_vote": "8", "rating": "8", "tags": ["euclid", "ru", "scp", "\u7ffb\u8b6f", "\u8a8d\u77e5\u5371\u5bb3", "\u9810\u6e2c\u6027"]}, {"created_at": "1603116306", "created_by_id": "5334590", "name": "scp-1609", "rating_vote": "6", "rating": "6", "tags": ["en", "euclid", "scp", "\u50b3\u9001", "\u5168\u7403\u8d85\u81ea\u7136\u806f\u76df", "\u5bb6\u5177", "\u611f\u77e5\u529b", "\u6728\u8cea", "\u7ffb\u8b6f", "\u81ea\u4e3b"]}, {"created_at": "1603163041", "created_by_id": "6217438", "name": "scp-3519", "rating_vote": "6", "rating": "6", "tags": ["en", "en-3000", "scp", "\u6a21\u56e0\u6548\u61c9", "\u7121\u6548\u5316", "\u7b2c\u4e94\u6559\u6703", "\u7cbe\u795e\u5f71\u97ff", "\u7ffb\u8b6f", "\u807d\u89ba\u5f71\u97ff", "\u8996\u89ba\u6027", "\u8a8d\u77e5\u5371\u5bb3"]}, {"created_at": "1603286525", "created_by_id": "5415046", "name": "unnamed-file", "rating_vote": "14", "rating": "14", "tags": ["jp", "jp-2020\u65b0\u4eba\u7af6\u8cfd", "\u5168\u7403\u8d85\u81ea\u7136\u806f\u76df", "\u6545\u4e8b", "\u7ffb\u8b6f", "\u86c7\u4e4b\u624b"]}]