[{"created_at": "1585317514", "created_by_id": "5604919", "name": "scp-450", "rating_vote": "4", "rating": "4", "tags": ["en", "eucild", "scp", "\u5100\u5f0f\u6027", "\u5e7b\u89ba", "\u5efa\u7bc9\u7269", "\u7ffb\u8b6f"]}, {"created_at": "1585320462", "created_by_id": "3979351", "name": "scp-905", "rating_vote": "3", "rating": "3", "tags": ["en", "safe", "scp", "wondertainment\u535a\u58eb", "\u4eba\u5f62", "\u5149\u7167\u5f71\u97ff", "\u5408\u8457", "\u5c0f\u5c0f\u5148\u751f", "\u611f\u77e5\u529b", "\u653e\u5c04\u6027", "\u667a\u80fd", "\u7ffb\u8b6f"]}, {"created_at": "1585327438", "created_by_id": "5435485", "name": "scp-2998-declassification-zh", "rating_vote": "11", "rating": "11", "tags": ["\u539f\u5275", "\u7528\u6236\u89e3\u5bc6"]}, {"created_at": "1585392902", "created_by_id": "3979351", "name": "scp-683", "rating_vote": "3", "rating": "3", "tags": ["en", "eric", "euclid", "meta", "scp", "\u5bb6\u96fb\u7528\u54c1", "\u5bb9\u5668", "\u5ff5\u529b", "\u7ffb\u8b6f", "\u85dd\u8853\u6027", "\u8cc7\u8a0a\u5371\u5bb3", "\u96fb\u5b50"]}, {"created_at": "1585399128", "created_by_id": "USER_DELETED", "name": "scp-2158", "rating_vote": "2", "rating": "2", "tags": ["en", "en-\u77ed\u6587\u7af6\u8cfd2015", "safe", "scp", "\u53cd\u7269\u7406\u5b9a\u5f8b", "\u5c4d\u9ad4", "\u6b66\u5668", "\u6b77\u53f2\u6027", "\u7ffb\u8b6f"]}, {"created_at": "1585401557", "created_by_id": "5604919", "name": "scp-1997", "rating_vote": "2", "rating": "2", "tags": ["en", "safe", "scp", "wondertainment\u535a\u58eb", "\u6587\u737b", "\u6642\u7a7a", "\u73a9\u5177", "\u7ffb\u8b6f"]}, {"created_at": "1585456478", "created_by_id": "USER_DELETED", "name": "scp-1762", "rating_vote": "3", "rating": "3", "tags": ["en", "safe", "scp", "\u4eba\u9020\u7269\u54c1", "\u5bb9\u5668", "\u611f\u77e5\u529b", "\u6587\u737b", "\u667a\u80fd", "\u7121\u6548\u5316", "\u722c\u884c\u985e\u52d5\u7269", "\u7a7a\u4e2d", "\u7ffb\u8b6f", "\u81ea\u4e3b", "\u984c\u5beb"]}, {"created_at": "1585490606", "created_by_id": "5604919", "name": "keters-with-hats", "rating_vote": "3", "rating": "3", "tags": ["en", "\u5851\u50cf173", "\u6545\u4e8b", "\u7ffb\u8b6f", "\u8de8\u754c\u8a08\u756b"]}, {"created_at": "1585492395", "created_by_id": "3981670", "name": "zen-and-the-art-of-data-expunged", "rating_vote": "3", "rating": "3", "tags": ["en", "\u5df2\u6b78\u6a94", "\u5fc3\u5f97", "\u7ffb\u8b6f"]}, {"created_at": "1585559488", "created_by_id": "3981670", "name": "antimemetics-division-hub", "rating_vote": "11", "rating": "11", "tags": ["en", "\u4e2d\u5fc3", "\u7ffb\u8b6f"]}, {"created_at": "1585632788", "created_by_id": "5334590", "name": "scp-3008", "rating_vote": "9", "rating": "9", "tags": ["en", "euclid", "scp", "\u5efa\u7bc9\u7269", "\u7ffb\u8b6f", "\u8d85\u7dad\u5ea6", "\u9580\u5f91"]}, {"created_at": "1585635931", "created_by_id": "5013973", "name": "oh-god-this-is-kondraki", "rating_vote": "12", "rating": "12", "tags": ["kondraki\u535a\u58eb", "\u539f\u5275", "\u85dd\u8853\u4f5c\u54c1"]}, {"created_at": "1585642363", "created_by_id": "3979351", "name": "scp-3671", "rating_vote": "6", "rating": "6", "tags": ["en", "safe", "scp", "\u53cd\u71b5", "\u5bb9\u5668", "\u611f\u77e5\u529b", "\u667a\u80fd", "\u7ffb\u8b6f", "\u81ea\u4e3b", "\u984c\u5beb", "\u98df\u7269"]}, {"created_at": "1585648786", "created_by_id": "5601790", "name": "scp-1079", "rating_vote": "1", "rating": "1", "tags": ["en", "safe", "scp", "wondertainment\u535a\u58eb", "\u7ffb\u8b6f", "\u8b8a\u5f62", "\u98df\u7269"]}, {"created_at": "1585650182", "created_by_id": "6217438", "name": "amnestic-orientation-manual", "rating_vote": "9", "rating": "9", "tags": ["en", "\u6545\u4e8b", "\u7ffb\u8b6f"]}, {"created_at": "1585655054", "created_by_id": "5601790", "name": "scp-1092", "rating_vote": "2", "rating": "0", "tags": ["en", "euclid", "scp", "\u52d5\u7269", "\u5c4d\u9ad4", "\u751f\u7269\u6027", "\u7cbe\u795e\u5f71\u97ff", "\u7ffb\u8b6f", "\u9b5a"]}, {"created_at": "1585655704", "created_by_id": "5653267", "name": "scp-zh-987", "rating_vote": "10", "rating": "10", "tags": ["safe", "scp", "site-zh-26", "\u4e09\u6ce2\u7279\u862d", "\u52d5\u7269", "\u539f\u5275", "\u86db\u7db2\u570b\u969b", "\u8a8d\u77e5\u5371\u5bb3", "\u8ecd\u4e8b"]}, {"created_at": "1585659415", "created_by_id": "5653267", "name": "scp-zh-520", "rating_vote": "16", "rating": "16", "tags": ["keter", "scp", "\u4e09\u57a3", "\u4eba\u5f62", "\u5171\u611f", "\u539f\u5275", "\u578b\u614b\u8b8a\u5316", "\u667a\u80fd", "\u7269\u7a2e", "\u8a8d\u77e5\u5371\u5bb3"]}, {"created_at": "1585662962", "created_by_id": "5604919", "name": "scp-1959", "rating_vote": "2", "rating": "2", "tags": ["en", "euclid", "scp", "\u4e0d\u53ef\u6467\u6bc0", "\u4eba\u5f62", "\u661f\u969b", "\u672a\u6536\u5bb9", "\u7ffb\u8b6f", "\u885b\u661f"]}, {"created_at": "1585663127", "created_by_id": "5604919", "name": "scp-1584", "rating_vote": "3", "rating": "3", "tags": ["en", "euclid", "scp", "\u53cd\u7269\u7406\u5b9a\u5f8b", "\u6587\u737b", "\u7dda\u4e0a", "\u7ffb\u8b6f", "\u8b8a\u5f62", "\u96fb\u5b50", "\u96fb\u8166"]}]