[{"created_at": "1643521521", "created_by_id": "7073060", "name": "scp-zh-340", "rating_vote": "18", "rating": "18", "tags": ["meta", "scp", "\u539f\u5275", "\u5730\u9ede", "\u611f\u77e5\u5f71\u97ff", "\u6558\u8ff0\u6027", "\u6587\u737b", "\u6982\u5ff5", "\u6a5f\u5bc6\u5206\u7d1a", "\u6a5f\u7387\u6027", "\u6ce5\u571f", "\u77f3\u982d", "\u81ea\u4e3b"]}, {"created_at": "1643562079", "created_by_id": "5435485", "name": "scp-zh-062", "rating_vote": "16", "rating": "16", "tags": ["safe", "scp", "\u4eba\u9020\u7269\u54c1", "\u5100\u5f0f\u6027", "\u52d5\u7269", "\u539f\u5275", "\u5b97\u6559", "\u611f\u77e5\u529b", "\u667a\u80fd", "\u706b", "\u733f\u985e"]}, {"created_at": "1643608415", "created_by_id": "6217438", "name": "scp-2790", "rating_vote": "8", "rating": "8", "tags": ["en", "meta", "scp", "\u52d5\u7269", "\u5f37\u8feb\u6027", "\u6a5f\u5bc6\u5206\u7d1a", "\u6c34\u68f2", "\u6d3b\u7269", "\u7ffb\u8b6f", "\u89f8\u89ba\u5f71\u97ff", "\u8a8d\u77e5\u5371\u5bb3", "\u982d\u8db3\u985e\u52d5\u7269"]}, {"created_at": "1643648325", "created_by_id": "5062193", "name": "scp-777", "rating_vote": "6", "rating": "6", "tags": ["en", "euclid", "scp", "\u52d5\u7269", "\u5730\u9ede", "\u6d3b\u7269", "\u7ffb\u8b6f", "\u8702\u5de2\u601d\u7dad"]}, {"created_at": "1643707015", "created_by_id": "6217438", "name": "scp-6819", "rating_vote": "4", "rating": "4", "tags": ["en", "keter", "scp", "\u50b3\u9001", "\u52d5\u7269", "\u5efa\u7bc9\u7269", "\u611f\u77e5\u529b", "\u672a\u6536\u5bb9", "\u6d3b\u7269", "\u7ffb\u8b6f", "\u8d85\u7dad\u5ea6", "\u8f09\u5177"]}, {"created_at": "1643807873", "created_by_id": "7469850", "name": "where-are-you-we-will-be-together-forever", "rating_vote": "6", "rating": "6", "tags": ["creepypasta", "\u539f\u5275", "\u6545\u4e8b"]}, {"created_at": "1643985790", "created_by_id": "5013754", "name": "scp-zh-059", "rating_vote": "19", "rating": "19", "tags": ["safe", "scp", "zh999", "\u539f\u5275", "\u57fa\u91d1\u6703\u88fd\u9020", "\u6982\u5ff5", "\u7121\u5f62", "\u90fd\u7570\u90e8\u9580"]}, {"created_at": "1643990385", "created_by_id": "5415046", "name": "history-of-the-universe-part-one", "rating_vote": "7", "rating": "7", "tags": ["en", "\u5fc3\u5f97", "\u7ffb\u8b6f", "\u91cd\u5beb"]}, {"created_at": "1644001288", "created_by_id": "5334590", "name": "poems-of-uneternal-death", "rating_vote": "7", "rating": "7", "tags": ["\u539f\u5275", "\u8a69\u6b4c", "\u8f49\u4e16\u8a08\u756b"]}, {"created_at": "1644157539", "created_by_id": "5334590", "name": "scp-152", "rating_vote": "8", "rating": "8", "tags": ["en", "k\u7d1a\u60c5\u666f", "safe", "scp", "\u4e0d\u53ef\u6467\u6bc0", "\u6587\u737b", "\u6b77\u53f2\u6027", "\u7ffb\u8b6f", "\u9810\u6e2c\u6027"]}, {"created_at": "1644161624", "created_by_id": "5415046", "name": "scp-204", "rating_vote": "5", "rating": "5", "tags": ["en", "keter", "scp", "\u4eba\u5f62", "\u5fae\u89c0", "\u6709\u6a5f", "\u7fa4\u9ad4\u6027", "\u7ffb\u8b6f", "\u81ea\u6211\u4fee\u5fa9"]}, {"created_at": "1644208940", "created_by_id": "5415046", "name": "scp-207", "rating_vote": "4", "rating": "2", "tags": ["en", "safe", "scp", "\u6db2\u9ad4", "\u7cbe\u795e\u5f71\u97ff", "\u7ffb\u8b6f", "\u8b8a\u5f62", "\u98df\u7269"]}, {"created_at": "1644226161", "created_by_id": "6981058", "name": "scp-6482", "rating_vote": "7", "rating": "7", "tags": ["en", "scp", "\u4eba\u5f62", "\u5c4d\u9ad4", "\u5fa9\u6d3b", "\u611f\u77e5\u529b", "\u7121\u5f62", "\u7121\u6548\u5316", "\u7ffb\u8b6f"]}, {"created_at": "1644246131", "created_by_id": "4990678", "name": "prairia-artworks", "rating_vote": "7", "rating": "7", "tags": ["ko", "\u7ffb\u8b6f", "\u85dd\u8853\u4f5c\u54c1"]}, {"created_at": "1644328540", "created_by_id": "6217438", "name": "scp-5541", "rating_vote": "8", "rating": "8", "tags": ["en", "k\u7d1a\u60c5\u666f", "scp", "thad-xyank", "\u591c\u4e4b\u5b50", "\u5faa\u74b0", "\u6096\u8ad6", "\u611f\u77e5\u5f71\u97ff", "\u6642\u7a7a", "\u6642\u9593\u5f71\u97ff", "\u672a\u4f86", "\u672c\u8cea\u4fc3\u52d5", "\u6a5f\u5bc6\u5206\u7d1a", "\u795e\u5316", "\u7ffb\u8b6f", "\u89c0\u5bdf\u5f71\u97ff", "\u8d85\u7dad\u5ea6"]}, {"created_at": "1644344917", "created_by_id": "5415046", "name": "sandrewswann-s-proposal", "rating_vote": "4", "rating": "4", "tags": ["001\u63d0\u6848", "en", "keter", "k\u7d1a\u60c5\u666f", "meta", "scp", "\u53cd\u71b5", "\u77e5\u8b58", "\u7ffb\u8b6f", "\u81ea\u6211\u8907\u88fd"]}, {"created_at": "1644414824", "created_by_id": "6217438", "name": "scp-6470", "rating_vote": "6", "rating": "6", "tags": ["en", "scp", "thaumiel", "\u5473\u89ba\u5f71\u97ff", "\u570b\u969b", "\u57fa\u91d1\u6703\u88fd\u9020", "\u6bc0\u58de\u5047\u9762", "\u6db2\u9ad4", "\u7ffb\u8b6f", "\u8072\u97f3", "\u8aa4\u50b3\u90e8", "\u91ab\u5b78\u6027"]}, {"created_at": "1644440989", "created_by_id": "7073060", "name": "scp-zh-063", "rating_vote": "18", "rating": "16", "tags": ["safe", "scp", "\u4eba\u5f62", "\u5154\u985e", "\u52d5\u7269", "\u539f\u5275", "\u5730\u9ede", "\u5c4d\u9ad4", "\u5efa\u7bc9\u7269", "\u6575\u610f", "\u6a39\u6728", "\u6c11\u7570\u7f72", "\u7121\u540d", "\u8cc7\u8a0a\u5371\u5bb3", "\u9ce5\u985e"]}, {"created_at": "1644462411", "created_by_id": "6503482", "name": "what-s-in-a-name", "rating_vote": "5", "rating": "5", "tags": ["clef\u535a\u58eb", "en", "\u5fa9\u751f", "\u6545\u4e8b", "\u7ffb\u8b6f"]}, {"created_at": "1644466455", "created_by_id": "5454699", "name": "scp-zh-131", "rating_vote": "9", "rating": "9", "tags": ["keter", "scp", "\u4eba\u9020\u7269\u54c1", "\u539f\u5275", "\u5929\u5df2\u5802", "\u5df2\u89e3\u660e", "\u6c34\u9280", "\u822a\u6d77\u5b78", "\u8868\u6f14"]}]