[{"created_at": "1627049253", "created_by_id": "4990678", "name": "n-djamena-artwork-1", "rating_vote": "2", "rating": "2", "tags": ["jp", "\u7ffb\u8b6f", "\u85dd\u8853\u4f5c\u54c1"]}, {"created_at": "1627049819", "created_by_id": "4990678", "name": "n-djamena-artwork-2", "rating_vote": "1", "rating": "1", "tags": ["jp", "\u7ffb\u8b6f", "\u85dd\u8853\u4f5c\u54c1"]}, {"created_at": "1627057417", "created_by_id": "5435485", "name": "scp-zh-377", "rating_vote": "15", "rating": "15", "tags": ["scp", "\u539f\u5275", "\u5730\u9ede", "\u6a5f\u5bc6\u5206\u7d1a", "\u7b2c\u4e8c\u6d77\u6258\u4e16\u6559\u6703", "\u8f09\u5177"]}, {"created_at": "1627087251", "created_by_id": "7318709", "name": "scp-3842", "rating_vote": "6", "rating": "4", "tags": ["en", "safe", "scp", "\u5149\u7167\u5f71\u97ff", "\u53cd\u71b5", "\u7ffb\u8b6f", "\u96fb\u529b", "\u96fb\u5b50"]}, {"created_at": "1627109300", "created_by_id": "5435485", "name": "vikander-kneed-technical-media-hub", "rating_vote": "6", "rating": "6", "tags": ["en", "\u4e2d\u5fc3", "\u4fdd\u885b43", "\u7dad\u574e\u5fb7-\u5c3c\u5f97", "\u7ffb\u8b6f", "\u97f3\u983b"]}, {"created_at": "1627125771", "created_by_id": "7318709", "name": "scp-5262", "rating_vote": "8", "rating": "2", "tags": ["en", "en-\u6025\u8feb\u7af6\u8cfd2021", "safe", "scp", "\u52d5\u7269", "\u611f\u77e5\u529b", "\u667a\u80fd", "\u6d3b\u7269", "\u7ffb\u8b6f", "\u9ce5\u985e"]}, {"created_at": "1627305718", "created_by_id": "7073060", "name": "scp-189-ko", "rating_vote": "7", "rating": "7", "tags": ["ko", "scp", "\u4e8c\u6b21\u7ffb\u8b6f", "\u5149", "\u672a\u6536\u5bb9", "\u6982\u5ff5", "\u6a5f\u5bc6\u5206\u7d1a", "\u7ffb\u8b6f", "\u8996\u89ba\u6027"]}, {"created_at": "1627312476", "created_by_id": "5402841", "name": "memory-of-light", "rating_vote": "13", "rating": "13", "tags": ["2021\u590f\u5b63\u7af6\u8cfd", "\u539f\u5275", "\u5730\u4e0b\u8857", "\u6545\u4e8b"]}, {"created_at": "1627374787", "created_by_id": "6369875", "name": "scp-6031", "rating_vote": "4", "rating": "0", "tags": ["en", "safe", "scp", "\u5efa\u7bc9\u7269", "\u6b77\u53f2\u6027", "\u7ffb\u8b6f", "\u8072\u97f3"]}, {"created_at": "1627472605", "created_by_id": "3981670", "name": "scp-zh-177", "rating_vote": "13", "rating": "13", "tags": ["2021\u590f\u5b63\u7af6\u8cfd", "euclid", "scp", "\u539f\u5275", "\u5730\u8cea", "\u5730\u9ede", "\u5e7b\u89ba", "\u7cbe\u795e\u5f71\u97ff", "\u7d50\u69cb\u7269", "\u807d\u89ba\u5f71\u97ff", "\u89f8\u89ba\u5f71\u97ff"]}, {"created_at": "1627472812", "created_by_id": "4990678", "name": "n-djamena-artwork-3", "rating_vote": "2", "rating": "2", "tags": ["jp", "\u7ffb\u8b6f", "\u85dd\u8853\u4f5c\u54c1"]}, {"created_at": "1627476666", "created_by_id": "4990678", "name": "n-djamena-artwork-5", "rating_vote": "5", "rating": "5", "tags": ["jp", "\u7ffb\u8b6f", "\u85dd\u8853\u4f5c\u54c1"]}, {"created_at": "1627480651", "created_by_id": "4990678", "name": "n-djamena-artwork-4", "rating_vote": "10", "rating": "10", "tags": ["jp", "\u7ffb\u8b6f", "\u85dd\u8853\u4f5c\u54c1"]}, {"created_at": "1627561678", "created_by_id": "7320283", "name": "year-69-of-unbearable-memories", "rating_vote": "11", "rating": "9", "tags": ["2021\u590f\u5b63\u7af6\u8cfd", "\u5168\u7403\u8d85\u81ea\u7136\u806f\u76df", "\u539f\u5275", "\u6545\u4e8b", "\u7e41\u5ee3"]}, {"created_at": "1627884903", "created_by_id": "3423434", "name": "scp-1175", "rating_vote": "4", "rating": "4", "tags": ["en", "euclid", "scp", "\u5c55\u51fa", "\u611f\u77e5\u529b", "\u7ffb\u8b6f", "\u81ea\u4e3b", "\u81ea\u6211\u4fee\u5fa9", "\u96d5\u50cf"]}, {"created_at": "1627897067", "created_by_id": "5325850", "name": "art-for-1062-jp", "rating_vote": "12", "rating": "12", "tags": ["\u539f\u5275", "\u85dd\u8853\u4f5c\u54c1"]}, {"created_at": "1627918047", "created_by_id": "5415046", "name": "thaumatalchemy", "rating_vote": "15", "rating": "15", "tags": ["2020\u6500\u722c\u91d1\u5b57\u5854", "\u5168\u7403\u8d85\u81ea\u7136\u806f\u76df", "\u539f\u5275", "\u6545\u4e8b", "\u8aaa\u660e"]}, {"created_at": "1627949291", "created_by_id": "5653267", "name": "parawatch-my-hometown-was-a-miracle", "rating_vote": "14", "rating": "12", "tags": ["2021\u590f\u5b63\u7af6\u8cfd", "\u5168\u7403\u8d85\u81ea\u7136\u806f\u76df", "\u539f\u5275", "\u6545\u4e8b", "\u6b32\u8089\u6559", "\u746a\u7d0d\u6148\u5584\u57fa\u91d1\u6703", "\u7570\u8996\u7dad\u57fa", "\u7834\u788e\u4e4b\u795e\u6559\u6703", "\u86c7\u4e4b\u624b"]}, {"created_at": "1627975221", "created_by_id": "7073060", "name": "scp-6101", "rating_vote": "4", "rating": "4", "tags": ["en", "meta", "scp", "thaumiel", "\u4eba\u5f62", "\u52d5\u7269", "\u611f\u77e5\u529b", "\u667a\u80fd", "\u6bc0\u58de\u5047\u9762", "\u6d3b\u7269", "\u72ac\u985e", "\u7ffb\u8b6f"]}, {"created_at": "1627978565", "created_by_id": "6258289", "name": "scp-zh-243", "rating_vote": "18", "rating": "18", "tags": ["2021\u590f\u5b63\u7af6\u8cfd", "safe", "scp", "\u539f\u5275", "\u5c55\u51fa", "\u6642\u9593\u5f71\u97ff", "\u6c11\u7570\u7f72", "\u8a8d\u77e5\u5371\u5bb3", "\u9580\u5f91"]}]