[{"created_at": "1613398100", "created_by_id": "5348516", "name": "scp-zh-204", "rating_vote": "16", "rating": "16", "tags": ["2021\u51ac\u5b63\u7af6\u8cfd", "safe", "scp", "site-zh-12", "\u4eba\u9020\u7269\u54c1", "\u539f\u5275", "\u55c5\u89ba\u5f71\u97ff", "\u5e7b\u89ba", "\u5f37\u8feb\u6027", "\u8a8d\u77e5\u5371\u5bb3", "\u8ca8\u5e63"]}, {"created_at": "1613404753", "created_by_id": "5684299", "name": "soya-001-logo-art-02", "rating_vote": "5", "rating": "5", "tags": ["1998\u5e74", "jp", "\u5f85\u66f4\u65b0", "\u7ffb\u8b6f", "\u85dd\u8853\u4f5c\u54c1"]}, {"created_at": "1613420179", "created_by_id": "5663596", "name": "fatherandson", "rating_vote": "14", "rating": "14", "tags": ["gears\u535a\u58eb", "kondraki\u535a\u58eb", "\u5353\u6587\u5eb7\u5353\u5947", "\u539f\u5275", "\u85dd\u8853\u4f5c\u54c1"]}, {"created_at": "1613435917", "created_by_id": "6217438", "name": "scp-2639", "rating_vote": "8", "rating": "8", "tags": ["en", "euclid", "scp", "\u7ffb\u8b6f", "\u8d85\u7dad\u5ea6", "\u8ecd\u4e8b", "\u904a\u6232", "\u96fb\u529b", "\u96fb\u5b50", "\u96fb\u8166"]}, {"created_at": "1613483638", "created_by_id": "3981670", "name": "chronic-survival", "rating_vote": "13", "rating": "13", "tags": ["2021\u51ac\u5b63\u7af6\u8cfd", "apoyn\u535a\u58eb", "\u539f\u5275", "\u6545\u4e8b"]}, {"created_at": "1613546626", "created_by_id": "6748989", "name": "first-performance", "rating_vote": "7", "rating": "7", "tags": ["2021\u51ac\u5b63\u7af6\u8cfd", "\u539f\u5275", "\u6545\u4e8b"]}, {"created_at": "1613549458", "created_by_id": "5325850", "name": "art-for-zh2005ex", "rating_vote": "15", "rating": "15", "tags": ["\u539f\u5275", "\u85dd\u8853\u4f5c\u54c1"]}, {"created_at": "1613557671", "created_by_id": "5338547", "name": "whatyousay", "rating_vote": "9", "rating": "9", "tags": ["2021\u51ac\u5b63\u7af6\u8cfd", "\u539f\u5275", "\u6545\u4e8b"]}, {"created_at": "1613565089", "created_by_id": "6952002", "name": "k1s10r0d-quick-sketch-of-dr-apoyn", "rating_vote": "13", "rating": "13", "tags": ["apoyn\u535a\u58eb", "\u539f\u5275", "\u85dd\u8853\u4f5c\u54c1"]}, {"created_at": "1613571292", "created_by_id": "5013754", "name": "red-red-string", "rating_vote": "11", "rating": "11", "tags": ["2021\u51ac\u5b63\u7af6\u8cfd", "creepypasta", "\u539f\u5275", "\u6545\u4e8b", "\u7570\u8996\u7dad\u57fa"]}, {"created_at": "1613573919", "created_by_id": "5956873", "name": "red-1354", "rating_vote": "17", "rating": "17", "tags": ["2021\u51ac\u5b63\u7af6\u8cfd", "\u539f\u5275", "\u5c55\u51fa", "\u6545\u4e8b", "\u6b32\u8089\u6559", "\u6d17\u8863\u90e8\u9580"]}, {"created_at": "1613575861", "created_by_id": "6787405", "name": "scp-zh-172", "rating_vote": "8", "rating": "6", "tags": ["2021\u51ac\u5b63\u7af6\u8cfd", "safe", "scp", "\u539f\u5275", "\u6db2\u9ad4", "\u751f\u7269\u6027", "\u89c0\u5bdf\u5f71\u97ff"]}, {"created_at": "1613579711", "created_by_id": "5338547", "name": "backtohome", "rating_vote": "5", "rating": "5", "tags": ["\u539f\u5275", "\u6545\u4e8b", "\u822a\u6d77\u5b78"]}, {"created_at": "1613715489", "created_by_id": "6217438", "name": "scp-2933", "rating_vote": "3", "rating": "3", "tags": ["en", "euclid", "scp", "wondertainment\u535a\u58eb", "\u4eba\u5f62", "\u5c0f\u5c0f\u5148\u751f", "\u5de5\u5ee0", "\u611f\u77e5\u529b", "\u667a\u80fd", "\u7d50\u69cb\u7269", "\u7ffb\u8b6f", "\u8150\u8755\u6027", "\u97f3\u983b"]}, {"created_at": "1613716398", "created_by_id": "6217438", "name": "scp-4852", "rating_vote": "9", "rating": "9", "tags": ["aktus\u4e3b\u4efb", "bright\u535a\u58eb", "clef\u535a\u58eb", "en", "euclid", "kain-pathos-crow", "kondraki\u535a\u58eb", "moose\u4e3b\u4efb", "scp", "\u53cd\u71b5", "\u5730\u9ede", "\u611f\u77e5\u529b", "\u6d3b\u7269", "\u7ffb\u8b6f"]}, {"created_at": "1613906946", "created_by_id": "5344757", "name": "trace-of-many-voices", "rating_vote": "8", "rating": "8", "tags": ["chrome", "site-zh-88", "\u539f\u5275", "\u6545\u4e8b"]}, {"created_at": "1613912679", "created_by_id": "4357011", "name": "pzga-hub", "rating_vote": "6", "rating": "6", "tags": ["pl", "\u4e2d\u5fc3", "\u4e8c\u6b21\u7ffb\u8b6f", "\u5408\u8457", "\u6ce2\u862d\u7570\u5e38\u8548\u985e\u63a1\u6458\u5354\u6703", "\u7ffb\u8b6f"]}, {"created_at": "1613970029", "created_by_id": "6952002", "name": "k1s10r0d-what-am-i", "rating_vote": "13", "rating": "13", "tags": ["kris\u535a\u58eb", "\u539f\u5275", "\u85dd\u8853\u4f5c\u54c1"]}, {"created_at": "1614073765", "created_by_id": "5334590", "name": "scp-5167", "rating_vote": "12", "rating": "10", "tags": ["en", "keter", "scp", "\u5c55\u51fa", "\u611f\u77e5\u529b", "\u667a\u80fd", "\u672a\u6536\u5bb9", "\u7cbe\u795e\u5f71\u97ff", "\u7dda\u4e0a", "\u7ffb\u8b6f", "\u8a8d\u77e5\u5371\u5bb3", "\u904a\u6232"]}, {"created_at": "1614080010", "created_by_id": "6217438", "name": "scp-1903", "rating_vote": "4", "rating": "4", "tags": ["en", "euclid", "scp", "\u4eba\u5f62", "\u52d5\u7269", "\u611f\u77e5\u529b", "\u667a\u80fd", "\u6d3b\u7269", "\u701d\u9752\u8272\u7684\u907f\u98a8\u6e2f", "\u751f\u7269\u5371\u5bb3", "\u7ffb\u8b6f", "\u8b8a\u5f62", "\u8cc7\u8a0a\u5371\u5bb3"]}]