[{"created_at": "1594301240", "created_by_id": "3979351", "name": "pzga-data-fish", "rating_vote": "8", "rating": "8", "tags": ["goi\u683c\u5f0f", "mc&amp;d", "\u539f\u5275", "\u548c\u671d\u7fa9", "\u5929\u5df2\u5802", "\u5b89\u5e03\u7f85\u65af\u9910\u5ef3", "\u65b0\u8336\u5dba", "\u6b32\u8089\u6559", "\u6ce2\u862d\u7570\u5e38\u8548\u985e\u63a1\u6458\u5354\u6703", "\u96f6\u865f\u5c08\u968a"]}, {"created_at": "1594310115", "created_by_id": "5454699", "name": "researcher-hg-s-svg-art-part2", "rating_vote": "8", "rating": "8", "tags": ["\u539f\u5275", "\u85dd\u8853\u4f5c\u54c1"]}, {"created_at": "1594312044", "created_by_id": "5370805", "name": "scp-001-artwork", "rating_vote": "8", "rating": "8", "tags": ["\u539f\u5275", "\u85dd\u8853\u4f5c\u54c1"]}, {"created_at": "1594357195", "created_by_id": "5415046", "name": "scp-zh-221", "rating_vote": "10", "rating": "8", "tags": ["2020\u6500\u722c\u91d1\u5b57\u5854", "safe", "scp", "site-zh-16", "\u4eba\u9020\u7269\u54c1", "\u50b3\u9001", "\u539f\u5275", "\u5c4d\u9ad4", "\u8072\u97f3", "\u97f3\u6a02\u6027"]}, {"created_at": "1594378929", "created_by_id": "5653267", "name": "cobweb-ci-s-057", "rating_vote": "7", "rating": "7", "tags": ["goi\u683c\u5f0f", "\u539f\u5275", "\u5929\u5df2\u5802", "\u86db\u7db2\u570b\u969b"]}, {"created_at": "1594467291", "created_by_id": "6615090", "name": "scp-zh-011", "rating_vote": "16", "rating": "8", "tags": ["euclid", "scp", "\u5171\u611f", "\u52d5\u7269", "\u539f\u5275", "\u72ac\u985e", "\u7cbe\u795e\u5f71\u97ff"]}, {"created_at": "1594554214", "created_by_id": "5040419", "name": "the-london-from-eternal2018", "rating_vote": "13", "rating": "9", "tags": ["\u539f\u5275", "\u85dd\u8853\u4f5c\u54c1"]}, {"created_at": "1594563833", "created_by_id": "5344757", "name": "cigaret-and-thread", "rating_vote": "6", "rating": "6", "tags": ["\u539f\u5275", "\u6545\u4e8b"]}, {"created_at": "1594619048", "created_by_id": "5040419", "name": "the-cain-from-eternal2018", "rating_vote": "10", "rating": "6", "tags": ["\u4e9e\u4f2f", "\u539f\u5275", "\u85dd\u8853\u4f5c\u54c1", "\u8a72\u96b1"]}, {"created_at": "1594624144", "created_by_id": "3981670", "name": "spc-001", "rating_vote": "6", "rating": "6", "tags": ["en-\u672b\u65e52018", "goi\u683c\u5f0f", "\u6bc6\u6253\u9bca\u9b5a\u4e2d\u5fc3", "\u7ffb\u8b6f", "\u8a6e\u91cb\u8cc7\u6599", "\u9644\u52a0\u8cc7\u6599"]}, {"created_at": "1594626959", "created_by_id": "6633993", "name": "the-art-work-collection-of-wright-wilson", "rating_vote": "16", "rating": "14", "tags": ["\u539f\u5275", "\u85dd\u8853\u4f5c\u54c1"]}, {"created_at": "1594629695", "created_by_id": "5411798", "name": "173-999", "rating_vote": "7", "rating": "5", "tags": ["\u539f\u5275", "\u85dd\u8853\u4f5c\u54c1"]}, {"created_at": "1594644192", "created_by_id": "5325850", "name": "art-for-2316", "rating_vote": "10", "rating": "10", "tags": ["1976\u5e74\u73ed", "\u539f\u5275", "\u85dd\u8853\u4f5c\u54c1"]}, {"created_at": "1594719573", "created_by_id": "3981670", "name": "fresh-hell", "rating_vote": "4", "rating": "4", "tags": ["en", "marion-wheeler", "\u6545\u4e8b", "\u7ffb\u8b6f"]}, {"created_at": "1594723885", "created_by_id": "5040419", "name": "the-eternal2018-artwork-3", "rating_vote": "11", "rating": "5", "tags": ["\u539f\u5275", "\u85dd\u8853\u4f5c\u54c1"]}, {"created_at": "1594727225", "created_by_id": "6481556", "name": "the-meriewanderer-artwork-1", "rating_vote": "10", "rating": "2", "tags": ["\u539f\u5275", "\u85dd\u8853\u4f5c\u54c1"]}, {"created_at": "1594750577", "created_by_id": "5415046", "name": "scp-zh-292", "rating_vote": "9", "rating": "9", "tags": ["keter", "k\u7d1a\u60c5\u666f", "scp", "site-zh-16", "\u4e0d\u53ef\u6467\u6bc0", "\u4eba\u9020\u7269\u54c1", "\u539f\u5275", "\u5bb6\u5177", "\u81ea\u4e3b", "\u81ea\u6211\u8907\u88fd"]}, {"created_at": "1594826697", "created_by_id": "5415046", "name": "scp-zh-071", "rating_vote": "11", "rating": "11", "tags": ["euclid", "scp", "site-zh-02", "\u539f\u5275", "\u5730\u9ede", "\u7cbe\u795e\u5f71\u97ff", "\u8f09\u5177"]}, {"created_at": "1594830724", "created_by_id": "3979351", "name": "the-cement", "rating_vote": "9", "rating": "9", "tags": ["site-zh-25", "\u539f\u5275", "\u548c\u671d\u7fa9", "\u6545\u4e8b", "\u7b2c\u516b\u8655"]}, {"created_at": "1594892272", "created_by_id": "5013754", "name": "maple-forest", "rating_vote": "8", "rating": "8", "tags": ["ijamea", "\u539f\u5275", "\u5c55\u51fa", "\u6276\u6851\u7d00", "\u6545\u4e8b", "\u8490\u96c6\u9662"]}]