[{"created_at": "1585669252", "created_by_id": "5604919", "name": "scp-2915", "rating_vote": "4", "rating": "4", "tags": ["en", "en-\u77ed\u6587\u7af6\u8cfd2015", "euclid", "scp", "\u5efa\u7bc9\u7269", "\u6642\u7a7a", "\u6c23\u9ad4", "\u7ffb\u8b6f", "\u98df\u7269"]}, {"created_at": "1585728369", "created_by_id": "6287195", "name": "artwork-zh-301", "rating_vote": "9", "rating": "9", "tags": ["\u539f\u5275", "\u85dd\u8853\u4f5c\u54c1"]}, {"created_at": "1585728477", "created_by_id": "5604919", "name": "crunch", "rating_vote": "6", "rating": "6", "tags": ["en", "\u5851\u50cf173", "\u6545\u4e8b", "\u7ffb\u8b6f"]}, {"created_at": "1585754642", "created_by_id": "3981670", "name": "we-need-to-talk-about-fifty-five", "rating_vote": "8", "rating": "8", "tags": ["en", "marion-wheeler", "\u6545\u4e8b", "\u7ffb\u8b6f"]}, {"created_at": "1585798154", "created_by_id": "3979351", "name": "scp-403", "rating_vote": "1", "rating": "1", "tags": ["en", "safe", "scp", "\u53cd\u71b5", "\u5de5\u5177", "\u706b", "\u7ffb\u8b6f", "\u91d1\u5c6c"]}, {"created_at": "1585820663", "created_by_id": "5601790", "name": "audio-of-war", "rating_vote": "1", "rating": "1", "tags": ["en", "en-\u65b0\u5e74\u7af6\u8cfd2013", "\u6545\u4e8b", "\u6975\u51b7\u6230", "\u7ffb\u8b6f", "\u97f3\u983b"]}, {"created_at": "1585840591", "created_by_id": "5604919", "name": "10-30-a-m", "rating_vote": "8", "rating": "8", "tags": ["en", "\u6545\u4e8b", "\u6bc6\u6253\u9bca\u9b5a\u4e2d\u5fc3", "\u7ffb\u8b6f", "\u8aaa\u660e"]}, {"created_at": "1585887682", "created_by_id": "5956873", "name": "fools-wine", "rating_vote": "10", "rating": "10", "tags": ["chrome", "\u539f\u5275", "\u6545\u4e8b"]}, {"created_at": "1585892842", "created_by_id": "5334590", "name": "scp-458", "rating_vote": "4", "rating": "4", "tags": ["en", "safe", "scp", "\u4e0d\u53ef\u6467\u6bc0", "\u4e9e\u4f2f", "\u53cd\u71b5", "\u5408\u4f5c", "\u5bb9\u5668", "\u5fc3\u9748\u611f\u61c9", "\u7ffb\u8b6f", "\u8a72\u96b1", "\u98df\u7269"]}, {"created_at": "1585898765", "created_by_id": "4474355", "name": "scp-011-de", "rating_vote": "2", "rating": "2", "tags": ["de", "euclid", "scp", "\u4e8c\u6b21\u7ffb\u8b6f", "\u57fa\u91d1\u6703\u88fd\u9020", "\u5a92\u9ad4", "\u611f\u77e5\u529b", "\u667a\u80fd", "\u7ffb\u8b6f", "\u96fb\u8166"]}, {"created_at": "1585919389", "created_by_id": "5604919", "name": "173", "rating_vote": "6", "rating": "6", "tags": ["en", "\u5851\u50cf173", "\u6545\u4e8b", "\u7ffb\u8b6f"]}, {"created_at": "1585919473", "created_by_id": "5604919", "name": "don-t-forget", "rating_vote": "5", "rating": "5", "tags": ["en", "\u6545\u4e8b", "\u7ffb\u8b6f"]}, {"created_at": "1585924739", "created_by_id": "4357011", "name": "scp-2486", "rating_vote": "2", "rating": "2", "tags": ["en", "euclid", "scp", "\u4eba\u9020\u7269\u54c1", "\u5fa9\u6d3b", "\u7cbe\u795e\u5f71\u97ff", "\u7ffb\u8b6f"]}, {"created_at": "1585926384", "created_by_id": "4357011", "name": "scp-4566", "rating_vote": "1", "rating": "1", "tags": ["en", "en-\u6025\u8feb\u7af6\u8cfd2019", "euclid", "mc&amp;d", "scp", "uiu", "\u5bb6\u96fb\u7528\u54c1", "\u6558\u8ff0\u6027", "\u6e3e\u6c8c\u53cd\u53db\u8ecd", "\u7b2c\u4e09\u5b9a\u5f8b", "\u7ffb\u8b6f", "\u9006\u6a21\u56e0", "\u96fb\u5b50"]}, {"created_at": "1585931351", "created_by_id": "5255954", "name": "scp-1254-ru", "rating_vote": "7", "rating": "7", "tags": ["ru", "safe", "scp", "\u751f\u7269", "\u7ffb\u8b6f"]}, {"created_at": "1585942333", "created_by_id": "5013973", "name": "they-throw-them-into-the-sea", "rating_vote": "11", "rating": "11", "tags": ["reverberate\u535a\u58eb", "site-zh-81", "\u539f\u5275", "\u6545\u4e8b", "\u822a\u6d77\u5b78"]}, {"created_at": "1585965887", "created_by_id": "6217438", "name": "scp-145-j", "rating_vote": "9", "rating": "9", "tags": ["en", "safe", "scp", "\u5bb6\u96fb\u7528\u54c1", "\u641e\u7b11", "\u7ffb\u8b6f", "\u96fb\u5b50"]}, {"created_at": "1585978650", "created_by_id": "3979351", "name": "scp-872", "rating_vote": "2", "rating": "2", "tags": ["en", "safe", "scp", "\u4eba\u9020\u7269\u54c1", "\u52d5\u7269", "\u5730\u9ede", "\u7cbe\u795e\u5f71\u97ff", "\u7ffb\u8b6f"]}, {"created_at": "1585982125", "created_by_id": "5334590", "name": "posology", "rating_vote": "10", "rating": "10", "tags": ["en", "\u5408\u8457", "\u6545\u4e8b", "\u7ffb\u8b6f"]}, {"created_at": "1585989724", "created_by_id": "5334590", "name": "kill-682", "rating_vote": "8", "rating": "8", "tags": ["bright\u535a\u58eb", "en", "kain-pathos-crow", "\u4e0d\u6ec5\u5b7d\u8725", "\u6545\u4e8b", "\u7ffb\u8b6f"]}]