[{"created_at": "1645945709", "created_by_id": "7320283", "name": "goc-supplemental-humanoid-guide", "rating_vote": "5", "rating": "5", "tags": ["en", "goc\u6a94\u6848", "\u5168\u7403\u8d85\u81ea\u7136\u806f\u76df", "\u5408\u4f5c", "\u6545\u4e8b", "\u7ffb\u8b6f"]}, {"created_at": "1645948547", "created_by_id": "7521095", "name": "scp-248", "rating_vote": "2", "rating": "2", "tags": ["en", "safe", "scp", "\u4eba\u9020\u7269\u54c1", "\u53cd\u7269\u7406\u5b9a\u5f8b", "\u5de5\u5ee0", "\u7ffb\u8b6f"]}, {"created_at": "1646032509", "created_by_id": "5334590", "name": "scp-059", "rating_vote": "3", "rating": "3", "tags": ["en", "keter", "scp", "\u50b3\u67d3\u6027", "\u653e\u5c04\u6027", "\u6d3b\u7269", "\u751f\u7269\u5371\u5bb3", "\u771f\u83cc", "\u7ffb\u8b6f", "\u8d85\u7dad\u5ea6", "\u91cd\u5beb"]}, {"created_at": "1646041155", "created_by_id": "3981670", "name": "scp-993", "rating_vote": "5", "rating": "5", "tags": ["en", "safe", "scp", "\u5c0f\u4e11\u9b91\u52c3", "\u672a\u6536\u5bb9", "\u7cbe\u795e\u5f71\u97ff", "\u7ffb\u8b6f", "\u8996\u89ba\u6027", "\u8a8d\u77e5\u5371\u5bb3", "\u901a\u8a0a"]}, {"created_at": "1646048139", "created_by_id": "5334590", "name": "scp-070", "rating_vote": "5", "rating": "5", "tags": ["en", "safe", "scp", "\u4eba\u5f62", "\u6d3b\u7269", "\u7ffb\u8b6f", "\u81ea\u4e3b", "\u91d1\u5c6c"]}, {"created_at": "1646053961", "created_by_id": "6217438", "name": "scp-179", "rating_vote": "5", "rating": "5", "tags": ["en", "k\u7d1a\u60c5\u666f", "scp", "thaumiel", "\u4eba\u5f62", "\u570b\u969b", "\u6046\u661f", "\u611f\u77e5\u529b", "\u661f\u969b", "\u667a\u80fd", "\u7ffb\u8b6f", "\u901a\u8a0a", "\u96fb\u78c1", "\u9810\u6e2c\u6027"]}, {"created_at": "1646064007", "created_by_id": "6952002", "name": "i-ll-come-back-to-the-earth-and-bring-the-piece-of-the-star", "rating_vote": "17", "rating": "17", "tags": ["zh\u6025\u8feb\u7af6\u8cfd2022", "\u539f\u5275", "\u6545\u4e8b"]}, {"created_at": "1646064642", "created_by_id": "7073060", "name": "scp-zh-599", "rating_vote": "16", "rating": "16", "tags": ["reynders\u535a\u58eb", "scp", "thad-xyank", "zh\u6025\u8feb\u7af6\u8cfd2022", "\u50b3\u9001", "\u5100\u5668", "\u539f\u5275", "\u5faa\u74b0", "\u6096\u8ad6", "\u6587\u737b", "\u6642\u7a7a", "\u6642\u9593\u5f71\u97ff", "\u672a\u4f86", "\u6a5f\u5bc6\u5206\u7d1a", "\u6b77\u53f2\u6027", "\u8d85\u7dad\u5ea6"]}, {"created_at": "1646073364", "created_by_id": "5454699", "name": "un-framing-frame", "rating_vote": "11", "rating": "11", "tags": ["zh\u6025\u8feb\u7af6\u8cfd2022", "\u539f\u5275", "\u6545\u4e8b", "\u6c34\u9280"]}, {"created_at": "1646085770", "created_by_id": "7073060", "name": "scp-zh-540", "rating_vote": "12", "rating": "10", "tags": ["scp", "\u5149\u7167\u5f71\u97ff", "\u539f\u5275", "\u5730\u9ede", "\u57ce\u5e02", "\u591c\u9593\u6d3b\u52d5", "\u5e7b\u89ba", "\u5efa\u7bc9\u7269", "\u6982\u5ff5", "\u6a5f\u5bc6\u5206\u7d1a", "\u6a5f\u7387\u6027", "\u7121\u5f62", "\u8072\u97f3", "\u807d\u89ba\u5f71\u97ff", "\u81ea\u4e3b", "\u89c0\u5bdf\u5f71\u97ff", "\u8a18\u9304", "\u9670\u5f71"]}, {"created_at": "1646225760", "created_by_id": "6503482", "name": "scp-zh-107", "rating_vote": "19", "rating": "19", "tags": ["keter", "scp", "zh\u6025\u8feb\u7af6\u8cfd2022", "\u539f\u5275"]}, {"created_at": "1646227382", "created_by_id": "5334590", "name": "scp-zh-056", "rating_vote": "19", "rating": "19", "tags": ["euclid", "scp", "zh\u6025\u8feb\u7af6\u8cfd2022", "\u539f\u5275"]}, {"created_at": "1646228563", "created_by_id": "6217438", "name": "scp-605", "rating_vote": "4", "rating": "2", "tags": ["en", "euclid", "scp", "\u5730\u9ede", "\u63a0\u98df\u6027", "\u672a\u6536\u5bb9", "\u6c23\u8c61", "\u7a7a\u4e2d", "\u7ffb\u8b6f"]}, {"created_at": "1646231685", "created_by_id": "7469850", "name": "scp-zh-643", "rating_vote": "10", "rating": "10", "tags": ["euclid", "scp", "site-zh-16", "zh\u6025\u8feb\u7af6\u8cfd2022", "\u539f\u5275", "\u91cd\u529b\u5f71\u97ff"]}, {"created_at": "1646234606", "created_by_id": "6091157", "name": "snowcatflyhighhigh", "rating_vote": "26", "rating": "26", "tags": ["ctrl-z\u535a\u58eb", "kris\u535a\u58eb", "site-zh-12", "x\u535a\u58eb", "zh\u6025\u8feb\u7af6\u8cfd2022", "\u539f\u5275", "\u6545\u4e8b", "\u7814\u7a76\u54e1lucifelle"]}, {"created_at": "1646234886", "created_by_id": "6952002", "name": "kz-la-pieta", "rating_vote": "14", "rating": "14", "tags": ["ctrl-z\u535a\u58eb", "kris\u535a\u58eb", "\u539f\u5275", "\u85dd\u8853\u4f5c\u54c1"]}, {"created_at": "1646240044", "created_by_id": "5338547", "name": "obstacle", "rating_vote": "7", "rating": "7", "tags": ["zh\u6025\u8feb\u7af6\u8cfd2022", "\u539f\u5275", "\u6545\u4e8b", "\u822a\u6d77\u5b78"]}, {"created_at": "1646255958", "created_by_id": "5013754", "name": "scp-zh-086", "rating_vote": "25", "rating": "21", "tags": ["euclid", "scp", "zh\u6025\u8feb\u7af6\u8cfd2022", "\u539f\u5275", "\u5730\u9ede", "\u5c4d\u9ad4", "\u5c55\u51fa", "\u5e7b\u89ba", "\u8996\u89ba\u6027", "\u8a8d\u77e5\u5371\u5bb3"]}, {"created_at": "1646285361", "created_by_id": "5987568", "name": "scp-180", "rating_vote": "3", "rating": "3", "tags": ["en", "euclid", "scp", "\u578b\u614b\u8b8a\u5316", "\u611f\u77e5\u5f71\u97ff", "\u7ffb\u8b6f", "\u8863\u7269", "\u8996\u89ba\u6027", "\u89f8\u89ba\u5f71\u97ff"]}, {"created_at": "1646311901", "created_by_id": "6217438", "name": "scp-177", "rating_vote": "2", "rating": "2", "tags": ["en", "safe", "scp", "\u73a9\u5177", "\u7ffb\u8b6f", "\u81ea\u4e3b", "\u904a\u6232", "\u91cd\u5beb"]}]