[{"created_at": "1648478593", "created_by_id": "5334590", "name": "scp-zh-225", "rating_vote": "18", "rating": "18", "tags": ["euclid", "scp", "\u539f\u5275", "\u5c55\u51fa"]}, {"created_at": "1648525872", "created_by_id": "6091157", "name": "we-are-no-more-than-mortal-souls", "rating_vote": "15", "rating": "15", "tags": ["site-zh-44", "\u539f\u5275", "\u53f0\u7063\u539f\u4f4f\u6c11", "\u6545\u4e8b"]}, {"created_at": "1648593477", "created_by_id": "7605593", "name": "scp-4780", "rating_vote": "4", "rating": "4", "tags": ["apollyon", "en", "meta", "scp", "\u4eba\u5f62", "\u5fae\u578b", "\u667a\u80fd", "\u7ffb\u8b6f"]}, {"created_at": "1648649421", "created_by_id": "5454699", "name": "creator-part-one", "rating_vote": "4", "rating": "4", "tags": ["\u539f\u5275", "\u6545\u4e8b", "\u6c34\u9280"]}, {"created_at": "1648705450", "created_by_id": "5415046", "name": "scp-136", "rating_vote": "6", "rating": "4", "tags": ["en", "euclid", "scp", "\u578b\u614b\u8b8a\u5316", "\u73a9\u5177", "\u7cbe\u795e\u5f71\u97ff", "\u7ffb\u8b6f", "\u81ea\u6211\u4fee\u5fa9", "\u8996\u89ba\u6027", "\u8a8d\u77e5\u5371\u5bb3"]}, {"created_at": "1648719269", "created_by_id": "7073060", "name": "scp-zh-985", "rating_vote": "12", "rating": "12", "tags": ["richard-chappell", "scp", "\u4eba\u9020\u7269\u54c1", "\u539f\u5275", "\u5408\u8457", "\u5730\u9ede", "\u5c4d\u9ad4", "\u5efa\u7bc9\u7269", "\u6a5f\u5bc6\u5206\u7d1a", "\u807d\u89ba\u5f71\u97ff", "\u829d\u52a0\u54e5\u9b3c\u9748", "\u89c0\u5bdf\u5f71\u97ff", "\u8a18\u61b6\u5f71\u97ff"]}, {"created_at": "1648754643", "created_by_id": "4990678", "name": "soup-chicken-power", "rating_vote": "17", "rating": "17", "tags": ["\u539f\u5275", "\u641e\u7b11"]}, {"created_at": "1648790206", "created_by_id": "5435485", "name": "critter-profile-ciwciw", "rating_vote": "9", "rating": "9", "tags": ["goi\u683c\u5f0f", "site-zh-44", "\u539f\u5275", "\u5a01\u723e\u905c\u751f\u7269\u61c9\u5c0d\u7d44", "\u641e\u7b11", "\u6c11\u7570\u7f72", "\u7e41\u5ee3", "\u9060\u5df1"]}, {"created_at": "1648791843", "created_by_id": "3981670", "name": "scp-979", "rating_vote": "2", "rating": "2", "tags": ["en", "euclid", "kindness", "scp", "\u5154\u985e", "\u5e7b\u89ba", "\u611f\u77e5\u529b", "\u611f\u77e5\u5f71\u97ff", "\u7ffb\u8b6f", "\u807d\u89ba\u5f71\u97ff", "\u8a8d\u77e5\u5371\u5bb3", "\u96d5\u50cf"]}, {"created_at": "1648794036", "created_by_id": "5415046", "name": "scp-158", "rating_vote": "2", "rating": "2", "tags": ["en", "euclid", "scp", "\u53cd\u71b5", "\u6a5f\u68b0", "\u6c23\u9ad4", "\u7cbe\u795e\u5f71\u97ff", "\u7ffb\u8b6f", "\u8a18\u61b6\u5f71\u97ff"]}, {"created_at": "1648804928", "created_by_id": "7073060", "name": "the-forsaken-lake", "rating_vote": "9", "rating": "9", "tags": ["\u539f\u5275", "\u641e\u7b11", "\u6545\u4e8b"]}, {"created_at": "1648819346", "created_by_id": "5415046", "name": "scp-165", "rating_vote": "3", "rating": "3", "tags": ["en", "keter", "scp", "\u6bd2\u6027", "\u6d3b\u7269", "\u7121\u810a\u690e\u52d5\u7269", "\u7269\u7a2e", "\u7fa4\u9ad4\u6027", "\u7ffb\u8b6f", "\u8089\u98df\u6027", "\u81ea\u6211\u8907\u88fd"]}, {"created_at": "1648828361", "created_by_id": "6952002", "name": "oyasumi-site-zh-12", "rating_vote": "10", "rating": "10", "tags": ["ad\u535a\u58eb", "kris\u535a\u58eb", "owen", "\u539f\u5275", "\u6210\u4eba\u5167\u5bb9", "\u7814\u7a76\u54e1lucifelle", "\u85dd\u8853\u4f5c\u54c1", "\u91cd\u65b0\u5c0e\u5411"]}, {"created_at": "1648858111", "created_by_id": "5415046", "name": "scp-160", "rating_vote": "2", "rating": "2", "tags": ["en", "euclid", "scp", "\u63a0\u98df\u6027", "\u6a5f\u68b0", "\u7a7a\u4e2d", "\u7ffb\u8b6f", "\u81ea\u4e3b"]}, {"created_at": "1648879993", "created_by_id": "5334590", "name": "scp-416", "rating_vote": "2", "rating": "2", "tags": ["en", "euclid", "scp", "\u5730\u9ede", "\u6642\u7a7a", "\u7ffb\u8b6f"]}, {"created_at": "1648904751", "created_by_id": "6217438", "name": "glossary-of-terms", "rating_vote": "5", "rating": "5", "tags": ["en", "\u5408\u4f5c", "\u7ffb\u8b6f", "\u8cc7\u6e90"]}, {"created_at": "1648906897", "created_by_id": "3981670", "name": "scp-904", "rating_vote": "3", "rating": "3", "tags": ["en", "euclid", "scp", "\u6a21\u56e0\u6548\u61c9", "\u7ffb\u8b6f", "\u8996\u89ba\u6027", "\u8a8d\u77e5\u5371\u5bb3", "\u8a9e\u8a00", "\u9298\u6587"]}, {"created_at": "1648910935", "created_by_id": "5435485", "name": "scp-132", "rating_vote": "2", "rating": "2", "tags": ["en", "safe", "scp", "\u591a\u9762\u9ad4", "\u73bb\u7483", "\u7ffb\u8b6f", "\u8996\u89ba\u6027"]}, {"created_at": "1648923189", "created_by_id": "5334590", "name": "scp-411", "rating_vote": "3", "rating": "3", "tags": ["en", "scp", "thaumiel", "\u4eba\u5f62", "\u6096\u8ad6", "\u672a\u4f86", "\u7ffb\u8b6f", "\u9810\u6e2c\u6027"]}, {"created_at": "1648960198", "created_by_id": "5334590", "name": "i-a-polar-bear-covering-my-nose-in-a-snowstorm", "rating_vote": "13", "rating": "11", "tags": ["en", "\u641e\u7b11", "\u6545\u4e8b", "\u7ffb\u8b6f"]}]