[{"created_at": "1600857592", "created_by_id": "5325850", "name": "art-for-2616-jp", "rating_vote": "10", "rating": "10", "tags": ["\u539f\u5275", "\u85dd\u8853\u4f5c\u54c1"]}, {"created_at": "1600865177", "created_by_id": "6503482", "name": "taboo", "rating_vote": "15", "rating": "13", "tags": ["en", "en-4000", "keter", "meta", "scp", "\u5100\u5f0f\u6027", "\u5730\u9ede", "\u5de5\u5ee0", "\u6a39\u6728", "\u7121\u540d", "\u7cbe\u795e\u5f71\u97ff", "\u7ffb\u8b6f", "\u8b8a\u5f62", "\u8cc7\u8a0a\u5371\u5bb3", "\u8d85\u7dad\u5ea6"]}, {"created_at": "1600866200", "created_by_id": "3981670", "name": "scp-4000", "rating_vote": "0", "rating": "0", "tags": ["en", "\u5408\u4f5c", "\u6545\u4e8b", "\u7ffb\u8b6f"]}, {"created_at": "1601037388", "created_by_id": "6503482", "name": "scp-4000-declassification", "rating_vote": "6", "rating": "6", "tags": ["en", "\u7528\u6236\u89e3\u5bc6", "\u7ffb\u8b6f"]}, {"created_at": "1601140105", "created_by_id": "5415046", "name": "early-summer-1998", "rating_vote": "9", "rating": "9", "tags": ["1998\u5e74", "jp", "\u5168\u7403\u8d85\u81ea\u7136\u806f\u76df", "\u6545\u4e8b", "\u666e\u7f85\u7c73\u4fee\u65af\u5be6\u9a57\u5ba4", "\u7ffb\u8b6f"]}, {"created_at": "1601188106", "created_by_id": "4357011", "name": "scp-4953", "rating_vote": "5", "rating": "5", "tags": ["en", "keter", "scp", "\u4eba\u5f62", "\u50b3\u9001", "\u5f37\u8feb\u6027", "\u611f\u77e5\u529b", "\u667a\u80fd", "\u7ffb\u8b6f", "\u8b8a\u5f62", "\u8d85\u7dad\u5ea6"]}, {"created_at": "1601197508", "created_by_id": "5415046", "name": "scp-1710-jp", "rating_vote": "7", "rating": "7", "tags": ["1998\u5e74", "euclid", "jp", "k\u7d1a\u60c5\u666f", "scp", "\u5100\u5f0f", "\u5100\u5f0f\u6027", "\u5168\u7403\u8d85\u81ea\u7136\u806f\u76df", "\u52d5\u7269", "\u5730\u9ede", "\u5b97\u6559", "\u63a0\u98df\u6027", "\u6575\u610f", "\u6606\u87f2", "\u666e\u7f85\u7c73\u4fee\u65af\u5be6\u9a57\u5ba4", "\u672c\u8cea\u4fc3\u52d5", "\u7ffb\u8b6f", "\u856d\u90a6\u6559", "\u8b8a\u5f62", "\u8d85\u7dad\u5ea6", "\u9580\u5f91", "\u96dc\u98df\u6027", "\u97f3\u6a02\u6027"]}, {"created_at": "1601224973", "created_by_id": "5415046", "name": "scp-1062-jp", "rating_vote": "14", "rating": "12", "tags": ["jp", "scp", "\u7121\u6548\u5316", "\u7cbe\u795e\u5f71\u97ff", "\u7ffb\u8b6f"]}, {"created_at": "1601280737", "created_by_id": "5255954", "name": "scp-1073-ru", "rating_vote": "3", "rating": "3", "tags": ["euclid", "ru", "scp", "\u5efa\u7bc9", "\u611f\u77e5\u5f71\u97ff", "\u7ffb\u8b6f"]}, {"created_at": "1601317475", "created_by_id": "5415046", "name": "koigarezaki-news-20200908", "rating_vote": "8", "rating": "8", "tags": ["goi\u683c\u5f0f", "jp", "\u6200\u660f\u5d0e\u65b0\u805e\u793e", "\u7206\u65cb\u58fd\u53f8", "\u7ffb\u8b6f", "\u95c7\u58fd\u53f8"]}, {"created_at": "1601524217", "created_by_id": "5415046", "name": "scp-zh-617", "rating_vote": "32", "rating": "2", "tags": ["euclid", "scp", "site-zh-02", "\u4eba\u5f62", "\u50b3\u67d3\u6027", "\u539f\u5275", "\u570b\u5b89\u5341\u4e5d\u5c40", "\u6027", "\u6a21\u56e0\u6548\u61c9", "\u80a2\u9ad4", "\u81ea\u6211\u4fee\u5fa9", "\u8a9e\u8a00"]}, {"created_at": "1601538996", "created_by_id": "4239775", "name": "arrowhead", "rating_vote": "11", "rating": "11", "tags": ["aiad", "koschei.aic", "site-zh-50", "site-zh-81", "\u539f\u5275", "\u6545\u4e8b", "\u822a\u6d77\u5b78"]}, {"created_at": "1601549062", "created_by_id": "6503482", "name": "gentle-wings-flutter-quietly-in-the-dark", "rating_vote": "7", "rating": "7", "tags": ["en", "en-\u4ea4\u63db\u85dd\u8853", "kondraki\u535a\u58eb", "\u6545\u4e8b", "\u6850\u751f\u5be6\u9a57\u5ba4", "\u7941\u6bb7\u00b7\u6850\u751f", "\u7ffb\u8b6f", "\u99ac\u514b\u00b7\u6850\u751f"]}, {"created_at": "1601559826", "created_by_id": "5013754", "name": "yamizushi-file-no019", "rating_vote": "13", "rating": "13", "tags": ["goi\u683c\u5f0f", "\u539f\u5275", "\u5c55\u51fa", "\u7206\u65cb\u58fd\u53f8", "\u9060\u5df1", "\u95c7\u58fd\u53f8"]}, {"created_at": "1601564917", "created_by_id": "5435485", "name": "not-a-mooncake", "rating_vote": "16", "rating": "16", "tags": ["\u539f\u5275", "\u6545\u4e8b", "\u6f58\u6d1b\u65af"]}, {"created_at": "1601606853", "created_by_id": "5956873", "name": "scp-zh-163", "rating_vote": "13", "rating": "13", "tags": ["keter", "scp", "\u539f\u5275", "\u661f\u7403", "\u6708\u7403", "\u7cbe\u795e\u5f71\u97ff", "\u8996\u89ba\u6027", "\u89c0\u5bdf\u5f71\u97ff", "\u8a8d\u77e5\u5371\u5bb3"]}, {"created_at": "1601610179", "created_by_id": "6503482", "name": "scp-010-j", "rating_vote": "6", "rating": "6", "tags": ["en", "scp", "\u641e\u7b11", "\u6a5f\u5bc6\u5206\u7d1a", "\u6bd2\u6027", "\u7ffb\u8b6f", "\u8a8d\u77e5\u5371\u5bb3", "\u8cc7\u8a0a\u5371\u5bb3"]}, {"created_at": "1601613952", "created_by_id": "4357011", "name": "a-fairy-tale", "rating_vote": "6", "rating": "6", "tags": ["creepypasta", "en", "\u6545\u4e8b", "\u7ffb\u8b6f"]}, {"created_at": "1601654687", "created_by_id": "5415046", "name": "gray-condolences", "rating_vote": "6", "rating": "6", "tags": ["jp", "machina", "\u6545\u4e8b", "\u7ffb\u8b6f"]}, {"created_at": "1601662786", "created_by_id": "5334590", "name": "maybe-some-coffee-in-the-ocean-park", "rating_vote": "12", "rating": "12", "tags": ["ad\u535a\u58eb", "apoyn\u535a\u58eb", "site-zh-12", "\u4e09\u57a3", "\u539f\u5275", "\u6545\u4e8b", "\u822a\u6d77\u5b78"]}]