[{"created_at": "1608873116", "created_by_id": "5348516", "name": "hammer-maho-shojo", "rating_vote": "7", "rating": "7", "tags": ["2020\u8056\u591c\u76f8\u5b88", "\u539f\u5275", "\u85dd\u8853\u4f5c\u54c1"]}, {"created_at": "1608882039", "created_by_id": "5435485", "name": "zh-025-xmas", "rating_vote": "18", "rating": "18", "tags": ["2020\u8056\u591c\u76f8\u5b88", "site-zh-01", "surge\u535a\u58eb", "x\u535a\u58eb", "\u539f\u5275", "\u6545\u4e8b"]}, {"created_at": "1608903773", "created_by_id": "5013754", "name": "sun-shower-metha", "rating_vote": "12", "rating": "12", "tags": ["2020\u8056\u591c\u76f8\u5b88", "ctrl-z\u535a\u58eb", "kris\u535a\u58eb", "site-zh-02", "\u539f\u5275", "\u6545\u4e8b"]}, {"created_at": "1608913065", "created_by_id": "5415046", "name": "scp-2042-jp", "rating_vote": "6", "rating": "6", "tags": ["1998\u5e74", "euclid", "jp", "scp", "yakushi", "\u5730\u4e0b", "\u5efa\u7bc9\u7269", "\u65e5\u5949\u4e00\u65cf", "\u6709\u6751\u7d44", "\u7406\u5916\u7814", "\u767d\u8272\u7cfb\u5bb6\u65cf\u76ee\u9304", "\u7ffb\u8b6f", "\u82b1\u7c60\u5b78\u5712"]}, {"created_at": "1608971890", "created_by_id": "4239775", "name": "crown", "rating_vote": "11", "rating": "11", "tags": ["2020\u8056\u591c\u76f8\u5b88", "bales\u535a\u58eb", "reverberate\u535a\u58eb", "semibreve\u535a\u58eb", "site-zh-02", "site-zh-16", "site-zh-50", "surge\u535a\u58eb", "\u539f\u5275", "\u6545\u4e8b", "\u7814\u7a76\u54e1l.what", "\u822a\u6d77\u5b78"]}, {"created_at": "1608989970", "created_by_id": "6980791", "name": "bestcabin", "rating_vote": "4", "rating": "4", "tags": ["2020\u8056\u591c\u76f8\u5b88", "\u539f\u5275", "\u6545\u4e8b"]}, {"created_at": "1609031347", "created_by_id": "6592438", "name": "scp-5348", "rating_vote": "5", "rating": "5", "tags": ["chaz-ambrose", "en", "safe", "scp", "\u5171\u611f", "\u5b89\u5e03\u7f85\u65af\u9910\u5ef3", "\u6db2\u9ad4", "\u7ffb\u8b6f", "\u96fb\u78c1", "\u98df\u7269"]}, {"created_at": "1609032283", "created_by_id": "6592438", "name": "scp-4537", "rating_vote": "4", "rating": "4", "tags": ["en", "scp", "\u4eba\u5f62", "\u611f\u77e5\u529b", "\u667a\u80fd", "\u7121\u6548\u5316", "\u7ffb\u8b6f", "\u85dd\u8853\u6027", "\u89c0\u5bdf\u5f71\u97ff"]}, {"created_at": "1609034385", "created_by_id": "6516148", "name": "tribal-the-maybe-there-monsters", "rating_vote": "3", "rating": "3", "tags": ["jp", "\u7ffb\u8b6f", "\u85dd\u8853\u4f5c\u54c1"]}, {"created_at": "1609038781", "created_by_id": "5653267", "name": "ftgg-a-chunibyo-story-p1", "rating_vote": "8", "rating": "8", "tags": ["mc&amp;d", "\u4e09\u6ce2\u7279\u862d", "\u5168\u7403\u8d85\u81ea\u7136\u806f\u76df", "\u539f\u5275", "\u6200\u660f\u5d0e", "\u6545\u4e8b", "\u7834\u788e\u4e4b\u795e\u6559\u6703", "\u86c7\u4e4b\u624b"]}, {"created_at": "1609071505", "created_by_id": "5454699", "name": "researcher-hg-s-silkscreen-site-zh-16", "rating_vote": "9", "rating": "9", "tags": ["2020\u8056\u591c\u76f8\u5b88", "site-zh-16", "\u539f\u5275", "\u85dd\u8853\u4f5c\u54c1"]}, {"created_at": "1609244400", "created_by_id": "5255954", "name": "project-proposal-1925-1894", "rating_vote": "13", "rating": "13", "tags": ["2020\u8056\u591c\u76f8\u5b88", "awcy", "goi\u683c\u5f0f", "\u539f\u5275", "\u795e\u7570\u535a\u89bd\u6703"]}, {"created_at": "1609249488", "created_by_id": "5415046", "name": "scp-1739", "rating_vote": "6", "rating": "6", "tags": ["en", "keter", "scp", "\u4e0d\u53ef\u6467\u6bc0", "\u6642\u9593\u5f71\u97ff", "\u7ffb\u8b6f", "\u96fb\u5b50", "\u96fb\u8166"]}, {"created_at": "1609292821", "created_by_id": "5344757", "name": "lifting", "rating_vote": "12", "rating": "12", "tags": ["2020\u8056\u591c\u76f8\u5b88", "bales\u535a\u58eb", "site-zh-16", "sugoi\u535a\u58eb", "\u539f\u5275", "\u6545\u4e8b", "\u7814\u7a76\u54e1l.what"]}, {"created_at": "1609347397", "created_by_id": "5415046", "name": "scp-2380", "rating_vote": "5", "rating": "5", "tags": ["en", "safe", "scp", "\u751f\u7269\u6027", "\u7cbe\u795e\u5f71\u97ff", "\u7ffb\u8b6f", "\u89f8\u89ba\u5f71\u97ff", "\u8a8d\u77e5\u5371\u5bb3"]}, {"created_at": "1609400022", "created_by_id": "5817419", "name": "xina-mas-2020", "rating_vote": "15", "rating": "15", "tags": ["2020\u8056\u591c\u76f8\u5b88", "site-zh-12", "x\u535a\u58eb", "\u539f\u5275", "\u6545\u4e8b"]}, {"created_at": "1609404819", "created_by_id": "4990678", "name": "formytreasure", "rating_vote": "17", "rating": "17", "tags": ["2020\u8056\u591c\u76f8\u5b88", "reverberate\u535a\u58eb", "\u539f\u5275", "\u85dd\u8853\u4f5c\u54c1"]}, {"created_at": "1609410716", "created_by_id": "5653267", "name": "ftgg-a-chunibyo-story-p2", "rating_vote": "5", "rating": "5", "tags": ["\u4e09\u6ce2\u7279\u862d", "\u5168\u7403\u8d85\u81ea\u7136\u806f\u76df", "\u539f\u5275", "\u6200\u660f\u5d0e", "\u6545\u4e8b", "\u65e5\u5949\u4e00\u65cf", "\u6c99\u7687\u5148\u77e5\u5354\u6703", "\u7206\u65cb\u58fd\u53f8", "\u8490\u96c6\u9662", "\u86c7\u4e4b\u624b"]}, {"created_at": "1609416329", "created_by_id": "5325850", "name": "the-man-with-out-face", "rating_vote": "13", "rating": "13", "tags": ["2020\u8056\u591c\u76f8\u5b88", "owen", "semibreve\u535a\u58eb", "site-zh-12", "site-zh-50", "\u539f\u5275", "\u6545\u4e8b"]}, {"created_at": "1609419567", "created_by_id": "3981670", "name": "scp-zh-647", "rating_vote": "32", "rating": "32", "tags": ["2020\u8056\u591c\u76f8\u5b88", "apoyn\u535a\u58eb", "safe", "scp", "\u539f\u5275", "\u5e7b\u89ba", "\u611f\u77e5\u529b", "\u667a\u80fd", "\u6b66\u5668", "\u807d\u89ba\u5f71\u97ff"]}]