[{"created_at": "1645233574", "created_by_id": "6348157", "name": "mantaking-s-artworks", "rating_vote": "4", "rating": "4", "tags": ["ko", "\u7ffb\u8b6f", "\u85dd\u8853\u4f5c\u54c1"]}, {"created_at": "1645239368", "created_by_id": "4442284", "name": "zh-bt-hand-mercy", "rating_vote": "5", "rating": "5", "tags": ["2020\u6500\u722c\u91d1\u5b57\u5854", "\u539f\u5275", "\u62cb\u9234\u4eba", "\u6545\u4e8b", "\u8a69\u6b4c"]}, {"created_at": "1645263936", "created_by_id": "6952002", "name": "smuggling-target-kislorod-ponomarenko", "rating_vote": "8", "rating": "8", "tags": ["\u539f\u5275", "\u85dd\u8853\u4f5c\u54c1", "\u8f49\u4e16\u8a08\u5283"]}, {"created_at": "1645272603", "created_by_id": "6217438", "name": "scp-4999-flash-briefing", "rating_vote": "4", "rating": "4", "tags": ["en", "\u7528\u6236\u89e3\u5bc6", "\u7ffb\u8b6f"]}, {"created_at": "1645275399", "created_by_id": "5338547", "name": "scp-zh-277", "rating_vote": "13", "rating": "11", "tags": ["euclid", "scp", "zh999", "\u539f\u5275", "\u5efa\u7bc9\u7269", "\u8cc7\u8a0a\u5371\u5bb3", "\u9006\u6a21\u56e0"]}, {"created_at": "1645280088", "created_by_id": "5435485", "name": "scp-zh-517", "rating_vote": "18", "rating": "18", "tags": ["safe", "scp", "site-zh-02", "zh999", "\u539f\u5275", "\u5730\u9ede", "\u5efa\u7bc9", "\u6642\u7a7a", "\u6642\u9593\u5f71\u97ff", "\u8d85\u7dad\u5ea6"]}, {"created_at": "1645280184", "created_by_id": "5415046", "name": "scp-zh-464", "rating_vote": "10", "rating": "10", "tags": ["2020\u6500\u722c\u91d1\u5b57\u5854", "safe", "scp", "zh999", "\u539f\u5275", "\u5730\u9ede", "\u6575\u610f", "\u672c\u8cea\u4fc3\u52d5", "\u6c34\u68f2", "\u7269\u7a2e", "\u9b5a\u985e", "\u9bca\u985e"]}, {"created_at": "1645285149", "created_by_id": "6787405", "name": "scp-zh-072", "rating_vote": "17", "rating": "17", "tags": ["2020\u6500\u722c\u91d1\u5b57\u5854", "apoyn\u535a\u58eb", "euclid", "scp", "site-zh-02", "zh999", "\u4eba\u5f62", "\u539f\u5275", "\u667a\u80fd", "\u6a21\u56e0\u6548\u61c9", "\u7121\u76e1\u6708\u5c0e\u773e", "\u9006\u6a21\u56e0"]}, {"created_at": "1645285532", "created_by_id": "7605593", "name": "scp-zh-181", "rating_vote": "12", "rating": "12", "tags": ["euclid", "scp", "zh999", "\u539f\u5275", "\u5efa\u7bc9\u7269", "\u6642\u9593\u5f71\u97ff", "\u8072\u97f3", "\u9006\u6a21\u56e0", "\u90fd\u7570\u90e8\u9580", "\u984c\u5beb"]}, {"created_at": "1645285925", "created_by_id": "7655555", "name": "scp-zh-337", "rating_vote": "28", "rating": "28", "tags": ["scp", "zh999", "\u539f\u5275", "\u7121\u6548\u5316"]}, {"created_at": "1645309157", "created_by_id": "6348157", "name": "scp-3753", "rating_vote": "5", "rating": "5", "tags": ["en", "safe", "scp", "\u5bb9\u5668", "\u5ff5\u529b", "\u6728\u8cea", "\u7761\u7720", "\u7ffb\u8b6f", "\u81ea\u6211\u8907\u88fd", "\u91ab\u5b78\u6027", "\u98df\u7269"]}, {"created_at": "1645365489", "created_by_id": "5435485", "name": "scp-056", "rating_vote": "2", "rating": "2", "tags": ["en", "euclid", "scp", "\u4eba\u5f62", "\u578b\u614b\u8b8a\u5316", "\u611f\u77e5\u529b", "\u667a\u80fd", "\u7cbe\u795e\u5f71\u97ff", "\u7ffb\u8b6f", "\u89c0\u5bdf\u5f71\u97ff"]}, {"created_at": "1645376811", "created_by_id": "5415046", "name": "scp-353", "rating_vote": "3", "rating": "3", "tags": ["en", "glass\u535a\u58eb", "keter", "scp", "\u4eba\u5f62", "\u50b3\u67d3\u6027", "\u751f\u7269\u5371\u5bb3", "\u7ffb\u8b6f", "\u91cd\u5beb"]}, {"created_at": "1645411963", "created_by_id": "6217438", "name": "scp-5866", "rating_vote": "5", "rating": "5", "tags": ["en", "mcinnis\u4e3b\u4efb", "scp", "\u4fdd\u885b43", "\u5b97\u6559", "\u5c4d\u9ad4", "\u5fc3\u9748\u611f\u61c9", "\u611f\u77e5\u529b", "\u667a\u80fd", "\u6a5f\u5bc6\u5206\u7d1a", "\u7ffb\u8b6f", "\u9aa8\u9abc"]}, {"created_at": "1645413714", "created_by_id": "6348157", "name": "scp-5406", "rating_vote": "5", "rating": "5", "tags": ["en", "euclid", "scp", "\u6c34\u68f2", "\u6d3b\u7269", "\u7269\u7a2e", "\u7ffb\u8b6f", "\u81ea\u4e3b", "\u9ce5\u985e"]}, {"created_at": "1645455267", "created_by_id": "6709715", "name": "another-damn-workday", "rating_vote": "10", "rating": "10", "tags": ["\u539f\u5275", "\u6545\u4e8b"]}, {"created_at": "1645462879", "created_by_id": "4990678", "name": "peanut-gallery", "rating_vote": "3", "rating": "3", "tags": ["en", "\u4e2d\u5fc3", "\u5408\u8457", "\u5851\u50cf173", "\u7ffb\u8b6f", "\u85dd\u8853\u4f5c\u54c1"]}, {"created_at": "1645464294", "created_by_id": "4990678", "name": "scp-173-redesign-collab-hub-subpage-1", "rating_vote": "0", "rating": "0", "tags": ["en", "\u5408\u8457", "\u5851\u50cf173", "\u7ffb\u8b6f", "\u85dd\u8853\u4f5c\u54c1"]}, {"created_at": "1645464528", "created_by_id": "4990678", "name": "scp-173-redesign-collab-hub-subpage-2", "rating_vote": "0", "rating": "0", "tags": ["en", "\u5408\u8457", "\u5851\u50cf173", "\u7ffb\u8b6f", "\u85dd\u8853\u4f5c\u54c1"]}, {"created_at": "1645465137", "created_by_id": "4990678", "name": "scp-173-redesign-collab-hub-subpage-3", "rating_vote": "0", "rating": "0", "tags": ["en", "\u5408\u8457", "\u5851\u50cf173", "\u7ffb\u8b6f", "\u85dd\u8853\u4f5c\u54c1"]}]