[{"created_at": "1649564500", "created_by_id": "3981670", "name": "scp-718", "rating_vote": "4", "rating": "4", "tags": ["en", "keter", "scp", "\u50b3\u67d3\u6027", "\u5f37\u8feb\u6027", "\u6d3b\u7269", "\u773c\u775b", "\u7cbe\u795e\u5f71\u97ff", "\u7ffb\u8b6f", "\u81ea\u6211\u8907\u88fd"]}, {"created_at": "1649581702", "created_by_id": "6217438", "name": "scp-847", "rating_vote": "7", "rating": "7", "tags": ["d-7294&nbsp;en", "euclid", "scp", "uiu", "\u4eba\u5f62", "\u502b\u7406\u59d4\u54e1\u6703", "\u611f\u77e5\u529b", "\u6575\u610f", "\u751f\u7269\u6027", "\u7ffb\u8b6f", "\u81ea\u4e3b", "\u91cd\u5beb", "\u9810\u6e2c\u6027"]}, {"created_at": "1649598957", "created_by_id": "5435485", "name": "scp-129", "rating_vote": "3", "rating": "3", "tags": ["en", "keter", "scp", "\u50b3\u67d3\u6027", "\u7269\u7a2e", "\u751f\u7269\u5371\u5bb3", "\u771f\u83cc", "\u7ffb\u8b6f", "\u8b8a\u5f62", "\u91cd\u5beb"]}, {"created_at": "1649600834", "created_by_id": "3981670", "name": "scp-614", "rating_vote": "4", "rating": "4", "tags": ["en", "euclid", "scp", "\u6642\u9593\u5f71\u97ff", "\u672a\u6536\u5bb9", "\u77e5\u8b58", "\u7dda\u4e0a", "\u7ffb\u8b6f", "\u96fb\u8166"]}, {"created_at": "1649659253", "created_by_id": "6787405", "name": "scp-173-but-every-sentence-is-a-crosslink", "rating_vote": "3", "rating": "3", "tags": ["en", "\u5851\u50cf173", "\u641e\u7b11", "\u6545\u4e8b", "\u7ffb\u8b6f"]}, {"created_at": "1649661540", "created_by_id": "5435485", "name": "scp-119", "rating_vote": "4", "rating": "4", "tags": ["en", "euclid", "scp", "\u5bb6\u96fb\u7528\u54c1", "\u653e\u5c04\u6027", "\u6642\u9593\u5f71\u97ff", "\u7ffb\u8b6f", "\u96fb\u529b"]}, {"created_at": "1649727622", "created_by_id": "6217438", "name": "guide-for-newcomers", "rating_vote": "6", "rating": "6", "tags": ["en", "\u5fc5\u8b80", "\u6307\u5c0e", "\u7ffb\u8b6f"]}, {"created_at": "1649734840", "created_by_id": "3981670", "name": "scp-385", "rating_vote": "3", "rating": "3", "tags": ["en", "safe", "scp", "\u5de5\u5ee0", "\u73a9\u5177", "\u7ffb\u8b6f", "\u8863\u7269", "\u91cd\u529b\u5f71\u97ff"]}, {"created_at": "1649742457", "created_by_id": "6217438", "name": "guide-for-reading", "rating_vote": "3", "rating": "3", "tags": ["en", "\u6307\u5c0e", "\u7ffb\u8b6f"]}, {"created_at": "1649765688", "created_by_id": "4990678", "name": "scp-331", "rating_vote": "4", "rating": "4", "tags": ["en", "safe", "scp", "\u5fa9\u6d3b", "\u7ffb\u8b6f", "\u8c93\u985e", "\u98fe\u54c1"]}, {"created_at": "1649842197", "created_by_id": "5415046", "name": "scp-329", "rating_vote": "5", "rating": "5", "tags": ["en", "euclid", "scp", "\u53cd\u71b5", "\u5b97\u6559", "\u5efa\u7bc9\u7269", "\u751f\u7269\u6027", "\u7ffb\u8b6f"]}, {"created_at": "1649923023", "created_by_id": "5435485", "name": "scp-346", "rating_vote": "2", "rating": "2", "tags": ["en", "safe", "scp", "\u52d5\u7269", "\u6050\u9f8d", "\u6642\u9593\u5f71\u97ff", "\u6d3b\u7269", "\u7269\u7a2e", "\u7a7a\u4e2d", "\u7ffb\u8b6f", "\u9ce5\u985e"]}, {"created_at": "1649927116", "created_by_id": "5435485", "name": "scp-339", "rating_vote": "3", "rating": "3", "tags": ["en", "keter", "scp", "\u7403\u9ad4", "\u7ffb\u8b6f", "\u8072\u97f3", "\u91d1\u5c6c", "\u9707\u52d5"]}, {"created_at": "1649958567", "created_by_id": "5415046", "name": "scp-598", "rating_vote": "2", "rating": "2", "tags": ["en", "safe", "scp", "\u5fc3\u9748\u611f\u61c9", "\u611f\u77e5\u529b", "\u667a\u80fd", "\u7ffb\u8b6f", "\u8996\u89ba\u6027", "\u901a\u8a0a"]}, {"created_at": "1650019740", "created_by_id": "5415046", "name": "scp-619", "rating_vote": "3", "rating": "3", "tags": ["en", "safe", "scp", "\u53cd\u71b5", "\u7ffb\u8b6f", "\u8863\u7269", "\u8ca8\u5e63"]}, {"created_at": "1650032411", "created_by_id": "3981670", "name": "scp-989", "rating_vote": "2", "rating": "2", "tags": ["en", "mc&amp;d", "safe", "scp", "\u4eba\u9020\u7269\u54c1", "\u5316\u5b78\u6027", "\u7a7a\u4e2d", "\u7ffb\u8b6f"]}, {"created_at": "1650045213", "created_by_id": "5415046", "name": "scp-620", "rating_vote": "2", "rating": "2", "tags": ["en", "safe", "scp", "\u6642\u9418", "\u6642\u9593\u5f71\u97ff", "\u7cbe\u795e\u5f71\u97ff", "\u7ffb\u8b6f", "\u8996\u89ba\u6027", "\u8a8d\u77e5\u5371\u5bb3"]}, {"created_at": "1650049538", "created_by_id": "5415046", "name": "scp-637", "rating_vote": "4", "rating": "4", "tags": ["en", "safe", "scp", "\u4eba\u5f62", "\u5e7b\u89ba", "\u6a21\u56e0\u6548\u61c9", "\u795e\u7d93\u6027", "\u7ffb\u8b6f", "\u8996\u89ba\u6027", "\u8a8d\u77e5\u5371\u5bb3", "\u8c93\u985e"]}, {"created_at": "1650078505", "created_by_id": "6503482", "name": "scp-462", "rating_vote": "3", "rating": "1", "tags": ["en", "euclid", "scp", "\u50b3\u9001", "\u6642\u9593\u5f71\u97ff", "\u7ffb\u8b6f", "\u8a18\u61b6\u5f71\u97ff", "\u8f09\u5177"]}, {"created_at": "1650080376", "created_by_id": "6787405", "name": "scp-meow-j", "rating_vote": "3", "rating": "3", "tags": ["en", "meta", "scp", "\u641e\u7b11", "\u6a5f\u5bc6\u5206\u7d1a", "\u7ffb\u8b6f", "\u8c93\u985e"]}]