[{"created_at": "1582351888", "created_by_id": "5344757", "name": "bales-s-daily-1", "rating_vote": "9", "rating": "9", "tags": ["bales\u535a\u58eb", "site-zh-16", "sugoi\u535a\u58eb", "\u539f\u5275", "\u6545\u4e8b", "\u6b32\u8089\u6559"]}, {"created_at": "1582359305", "created_by_id": "5415046", "name": "scp-093-green-test", "rating_vote": "3", "rating": "3", "tags": ["en", "\u63a2\u7d22", "\u7ffb\u8b6f", "\u9644\u52a0\u8cc7\u6599"]}, {"created_at": "1582366530", "created_by_id": "3979351", "name": "scp-015", "rating_vote": "2", "rating": "2", "tags": ["en", "euclid", "scp", "\u611f\u77e5\u529b", "\u7d50\u69cb\u7269", "\u7ffb\u8b6f", "\u81ea\u6211\u8907\u88fd"]}, {"created_at": "1582374521", "created_by_id": "5334590", "name": "scp-014", "rating_vote": "2", "rating": "2", "tags": ["en", "safe", "scp", "\u4eba\u5f62", "\u611f\u77e5\u529b", "\u667a\u80fd", "\u7ffb\u8b6f"]}, {"created_at": "1582379920", "created_by_id": "3979351", "name": "scp-064", "rating_vote": "2", "rating": "2", "tags": ["en", "safe", "scp", "\u4eba\u9020\u7269\u54c1", "\u7d50\u69cb\u7269", "\u7ffb\u8b6f", "\u81ea\u6211\u8907\u88fd"]}, {"created_at": "1582428786", "created_by_id": "5334590", "name": "scp-068", "rating_vote": "2", "rating": "2", "tags": ["en", "safe", "scp", "\u4e0d\u53ef\u6467\u6bc0", "\u4eba\u5f62", "\u7ffb\u8b6f", "\u81ea\u4e3b", "\u81ea\u6211\u8907\u88fd", "\u91d1\u5c6c"]}, {"created_at": "1582445036", "created_by_id": "5415046", "name": "scp-093-violet-test", "rating_vote": "2", "rating": "2", "tags": ["en", "\u63a2\u7d22", "\u7ffb\u8b6f", "\u9644\u52a0\u8cc7\u6599"]}, {"created_at": "1582447461", "created_by_id": "4357011", "name": "ambrose-sanfran", "rating_vote": "3", "rating": "3", "tags": ["en", "goi\u683c\u5f0f", "\u5b89\u5e03\u7f85\u65af\u9910\u5ef3", "\u7ffb\u8b6f"]}, {"created_at": "1582455796", "created_by_id": "6127351", "name": "ilmari", "rating_vote": "12", "rating": "4", "tags": ["\u539f\u5275", "\u5408\u8457", "\u6545\u4e8b", "\u6b7b\u4ea1\u6c38\u751f"]}, {"created_at": "1582523976", "created_by_id": "5415046", "name": "scp-093-yellow-test", "rating_vote": "2", "rating": "2", "tags": ["en", "\u63a2\u7d22", "\u7ffb\u8b6f", "\u9644\u52a0\u8cc7\u6599"]}, {"created_at": "1582526259", "created_by_id": "5334590", "name": "parawatch-hub", "rating_vote": "8", "rating": "8", "tags": ["en", "\u4e2d\u5fc3", "\u7570\u8996\u7dad\u57fa", "\u7ffb\u8b6f"]}, {"created_at": "1582538171", "created_by_id": "4055881", "name": "scp-5998", "rating_vote": "3", "rating": "3", "tags": ["en", "en-5000", "euclid", "scp", "tactical-theology", "\u4eba\u5f62", "\u5171\u611f", "\u5b97\u6559", "\u5c4d\u9ad4", "\u6575\u610f", "\u6b77\u53f2\u6027", "\u7cbe\u795e\u5f71\u97ff", "\u7ffb\u8b6f"]}, {"created_at": "1582558337", "created_by_id": "5255954", "name": "scp-087", "rating_vote": "6", "rating": "6", "tags": ["en", "euclid", "scp", "\u5149\u7167\u5f71\u97ff", "\u5730\u9ede", "\u5efa\u7bc9", "\u6642\u7a7a", "\u7ffb\u8b6f", "\u8072\u97f3"]}, {"created_at": "1582563609", "created_by_id": "5415046", "name": "scp-093-red-test", "rating_vote": "3", "rating": "3", "tags": ["en", "\u63a2\u7d22", "\u7ffb\u8b6f", "\u9644\u52a0\u8cc7\u6599"]}, {"created_at": "1582568657", "created_by_id": "5255954", "name": "document-087-i", "rating_vote": "5", "rating": "5", "tags": ["en", "\u63a2\u7d22", "\u7ffb\u8b6f", "\u9644\u52a0\u8cc7\u6599"]}, {"created_at": "1582635020", "created_by_id": "5334590", "name": "herman-fuller-hub", "rating_vote": "4", "rating": "4", "tags": ["en", "\u4e2d\u5fc3", "\u7ffb\u8b6f", "\u8d6b\u66fc-\u5bcc\u52d2"]}, {"created_at": "1582636289", "created_by_id": "3979351", "name": "abteilung-xxv-hub", "rating_vote": "5", "rating": "5", "tags": ["de", "\u4e2d\u5fc3", "\u4e8c\u6b21\u7ffb\u8b6f", "\u7ffb\u8b6f"]}, {"created_at": "1582656077", "created_by_id": "5255954", "name": "document-087-ii", "rating_vote": "3", "rating": "3", "tags": ["en", "\u63a2\u7d22", "\u7ffb\u8b6f", "\u9644\u52a0\u8cc7\u6599"]}, {"created_at": "1582727154", "created_by_id": "3979351", "name": "scp-2766", "rating_vote": "1", "rating": "1", "tags": ["en", "meta", "safe", "scp", "\u53cd\u71b5", "\u5730\u4e0b", "\u5b97\u6559", "\u6db2\u9ad4", "\u77f3\u982d", "\u7d50\u69cb\u7269", "\u7ffb\u8b6f"]}, {"created_at": "1582788633", "created_by_id": "5956873", "name": "article-number-097-black-0117", "rating_vote": "15", "rating": "15", "tags": ["chrome", "goi\u683c\u5f0f", "reverberate\u535a\u58eb", "\u539f\u5275", "\u5c55\u51fa", "\u6b7b\u4ea1\u6c38\u751f", "\u6c99\u7687\u5148\u77e5\u5354\u6703", "\u6d17\u8863\u90e8\u9580", "\u8490\u96c6\u9662"]}]