[{"created_at": "1560436406", "created_by_id": "4357011", "name": "notiz-sie-die-jeden-verraten-hat", "rating_vote": "5", "rating": "5", "tags": ["de", "goi\u683c\u5f0f", "nobody", "\u4e8c\u6b21\u7ffb\u8b6f", "\u7ffb\u8b6f"]}, {"created_at": "1560437111", "created_by_id": "4357011", "name": "scp-4127", "rating_vote": "9", "rating": "9", "tags": ["en", "scp", "\u5faa\u74b0", "\u6a5f\u7387\u6027", "\u7121\u6548\u5316", "\u7ffb\u8b6f", "\u8ca8\u5e63", "\u91d1\u5c6c", "\u96d5\u523b"]}, {"created_at": "1560484198", "created_by_id": "5062193", "name": "scp-1154", "rating_vote": "7", "rating": "7", "tags": ["en", "safe", "scp", "\u5a92\u9ad4", "\u6558\u8ff0\u6027", "\u6a21\u56e0\u6548\u61c9", "\u706b", "\u722c\u87f2\u985e\u52d5\u7269", "\u7cbe\u795e\u5f71\u97ff", "\u7ffb\u8b6f", "\u85dd\u8853\u6027", "\u8996\u89ba\u6027"]}, {"created_at": "1560521143", "created_by_id": "5417963", "name": "scp-169", "rating_vote": "5", "rating": "5", "tags": ["en", "keter", "scp", "\u672a\u6536\u5bb9", "\u6c34\u68f2", "\u6d3b\u7269", "\u7121\u810a\u690e\u52d5\u7269", "\u7bc0\u80a2\u52d5\u7269", "\u7ffb\u8b6f"]}, {"created_at": "1560533996", "created_by_id": "5415046", "name": "scp-1307", "rating_vote": "6", "rating": "4", "tags": ["en", "safe", "scp", "\u6a5f\u68b0", "\u7ffb\u8b6f"]}, {"created_at": "1560577713", "created_by_id": "5415046", "name": "understanding-memetics", "rating_vote": "7", "rating": "7", "tags": ["en", "\u5fc3\u5f97", "\u7ffb\u8b6f"]}, {"created_at": "1560601857", "created_by_id": "3979351", "name": "the-big-list-of-overdone-scp-cliches", "rating_vote": "14", "rating": "14", "tags": ["en", "\u5fc3\u5f97", "\u641e\u7b11", "\u7ffb\u8b6f"]}, {"created_at": "1560604951", "created_by_id": "4357011", "name": "pedantique-s-proposal", "rating_vote": "14", "rating": "12", "tags": ["001\u63d0\u6848", "en", "scp", "\u4e92\u52d5\u6027", "\u6a5f\u5bc6\u5206\u7d1a", "\u7ffb\u8b6f"]}, {"created_at": "1560659233", "created_by_id": "5415046", "name": "so-you-want-to-write-a-humanoid-scp-object", "rating_vote": "12", "rating": "12", "tags": ["en", "\u5fc3\u5f97", "\u7ffb\u8b6f"]}, {"created_at": "1560698313", "created_by_id": "4055881", "name": "scp-4930", "rating_vote": "4", "rating": "4", "tags": ["en", "euclid", "meta", "scp", "\u4eba\u5f62", "\u611f\u77e5\u529b", "\u667a\u80fd", "\u6d3b\u7269", "\u7b2c\u4e94\u6559\u6703", "\u7ffb\u8b6f", "\u8cc7\u8a0a\u5371\u5bb3", "\u97f3\u6a02\u6027"]}, {"created_at": "1560779786", "created_by_id": "5255954", "name": "dr-kondraki-s-personnel-file", "rating_vote": "6", "rating": "6", "tags": ["en", "\u4f5c\u8005\u9801\u9762", "\u7ffb\u8b6f"]}, {"created_at": "1560780182", "created_by_id": "5255954", "name": "dr-kondraki-s-work-log", "rating_vote": "2", "rating": "2", "tags": ["en", "\u6c99\u76d2", "\u7ffb\u8b6f"]}, {"created_at": "1560783619", "created_by_id": "4357011", "name": "scp-4517", "rating_vote": "12", "rating": "12", "tags": ["en", "safe", "scp", "\u6982\u5ff5", "\u7ffb\u8b6f", "\u8aa4\u50b3\u90e8"]}, {"created_at": "1560783926", "created_by_id": "4357011", "name": "database-error", "rating_vote": "5", "rating": "5", "tags": ["en", "\u6545\u4e8b", "\u7f85\u68ee\u7814\u7a76\u54e1", "\u7ffb\u8b6f"]}, {"created_at": "1560839135", "created_by_id": "5010943", "name": "scp-50-ae-j", "rating_vote": "5", "rating": "5", "tags": ["en", "euclid", "scp", "\u52d5\u7269", "\u611f\u77e5\u529b", "\u641e\u7b11", "\u667a\u80fd", "\u6b66\u5668", "\u7ffb\u8b6f", "\u8d85\u7dad\u5ea6", "\u9ce5\u985e"]}, {"created_at": "1560868552", "created_by_id": "4357011", "name": "scp-4923", "rating_vote": "7", "rating": "7", "tags": ["en", "keter", "meta", "scp", "\u795e\u7d93\u6027", "\u7ffb\u8b6f", "\u8cc7\u8a0a\u5371\u5bb3", "\u8d85\u73fe\u5be6\u90e8"]}, {"created_at": "1560868772", "created_by_id": "4357011", "name": "scp-1322-j", "rating_vote": "9", "rating": "9", "tags": ["en", "en-\u8001\u68972019", "safe", "scp", "\u4e0d\u53ef\u6467\u6bc0", "\u4eba\u9020\u7269\u54c1", "\u5f37\u8feb\u6027", "\u641e\u7b11", "\u7ffb\u8b6f"]}, {"created_at": "1560871167", "created_by_id": "5013754", "name": "nobodyneedshelp", "rating_vote": "14", "rating": "14", "tags": ["goi\u683c\u5f0f", "ijamea", "nobody", "\u539f\u5275"]}, {"created_at": "1560886518", "created_by_id": "4128767", "name": "scp-200-jp", "rating_vote": "9", "rating": "9", "tags": ["jp", "safe", "scp", "\u73a9\u5177", "\u7ffb\u8b6f", "\u91cd\u529b"]}, {"created_at": "1560913741", "created_by_id": "4264056", "name": "greening", "rating_vote": "17", "rating": "17", "tags": ["ain\u535a\u58eb", "site-zh-02", "\u539f\u5275", "\u6545\u4e8b"]}]