[{"created_at": "1588778743", "created_by_id": "5604919", "name": "k1s10r0d-dr-suck-luck-bryan-vol-1", "rating_vote": "10", "rating": "10", "tags": ["kris\u535a\u58eb", "\u539f\u5275", "\u85dd\u8853\u4f5c\u54c1"]}, {"created_at": "1588849554", "created_by_id": "5206218", "name": "scp-2295", "rating_vote": "8", "rating": "8", "tags": ["en", "safe", "scp", "\u718a\u985e", "\u73a9\u5177", "\u7ffb\u8b6f", "\u81ea\u4e3b", "\u91ab\u5b78\u6027"]}, {"created_at": "1588854762", "created_by_id": "5653267", "name": "parawatch-shawarma", "rating_vote": "20", "rating": "20", "tags": ["creepypasta", "\u539f\u5275", "\u5c55\u51fa", "\u6545\u4e8b", "\u6b32\u8089\u6559", "\u7570\u8996\u7dad\u57fa"]}, {"created_at": "1588855350", "created_by_id": "4239775", "name": "task-forces-complete-list-zh", "rating_vote": "6", "rating": "6", "tags": ["\u539f\u5275", "\u5408\u4f5c", "\u5fc3\u5f97"]}, {"created_at": "1588858550", "created_by_id": "5325850", "name": "art-for-death-eternal-life-1", "rating_vote": "17", "rating": "17", "tags": ["\u539f\u5275", "\u85dd\u8853\u4f5c\u54c1"]}, {"created_at": "1588859557", "created_by_id": "6381244", "name": "scp-894", "rating_vote": "4", "rating": "2", "tags": ["en", "safe", "scp", "\u5de5\u5ee0", "\u733f\u985e", "\u7ffb\u8b6f", "\u8996\u89ba\u6027", "\u8a8d\u77e5\u5371\u5bb3", "\u91cd\u5beb", "\u96d5\u50cf"]}, {"created_at": "1588859600", "created_by_id": "5039979", "name": "in-his-own-image-part-1", "rating_vote": "3", "rating": "3", "tags": ["clef\u535a\u58eb", "en", "gears\u535a\u58eb", "iceberg\u535a\u58eb", "kondraki\u535a\u58eb", "lament\u7279\u5de5", "lombardi", "rights\u535a\u58eb", "strelnikov\u7279\u5de5", "\u6545\u4e8b", "\u7ffb\u8b6f"]}, {"created_at": "1588863469", "created_by_id": "5604919", "name": "scp-5149", "rating_vote": "15", "rating": "15", "tags": ["en", "en-\u6025\u8feb\u7af6\u8cfd2020", "keter", "scp", "\u661f\u969b", "\u7ffb\u8b6f", "\u8a9e\u8a00", "\u901a\u8a0a"]}, {"created_at": "1588920695", "created_by_id": "5206218", "name": "nothingtoseehere", "rating_vote": "6", "rating": "6", "tags": ["en", "\u6545\u4e8b", "\u7ffb\u8b6f"]}, {"created_at": "1588935384", "created_by_id": "5344757", "name": "practice", "rating_vote": "17", "rating": "17", "tags": ["bales\u535a\u58eb", "site-zh-16", "\u539f\u5275", "\u6545\u4e8b", "\u7814\u7a76\u54e1l.what"]}, {"created_at": "1588953129", "created_by_id": "5013754", "name": "kaktuskast-hub", "rating_vote": "5", "rating": "5", "tags": ["en", "\u4e2d\u5fc3", "\u7ffb\u8b6f", "\u97f3\u983b"]}, {"created_at": "1588989678", "created_by_id": "5334590", "name": "scp-3300", "rating_vote": "6", "rating": "6", "tags": ["en", "en-3000", "euclid", "scp", "\u57ce\u5e02", "\u6642\u7a7a", "\u6c23\u8c61", "\u7ffb\u8b6f", "\u8cc7\u8a0a\u5371\u5bb3"]}, {"created_at": "1589029110", "created_by_id": "5206218", "name": "whatislove", "rating_vote": "7", "rating": "7", "tags": ["en", "\u6545\u4e8b", "\u666e\u7f85\u7c73\u4fee\u65af\u5be6\u9a57\u5ba4", "\u7ffb\u8b6f"]}, {"created_at": "1589029417", "created_by_id": "5255954", "name": "the-sky-carries-the-brightness-of-your-smile", "rating_vote": "7", "rating": "7", "tags": ["clef\u535a\u58eb", "en", "gears\u535a\u58eb", "lament\u7279\u5de5", "rights\u535a\u58eb", "\u6545\u4e8b", "\u7ffb\u8b6f"]}, {"created_at": "1589033844", "created_by_id": "4357011", "name": "herman-fuller-presents-furmanism", "rating_vote": "4", "rating": "4", "tags": ["en", "en-\u6025\u8feb\u7af6\u8cfd2020", "goi\u683c\u5f0f", "\u7ffb\u8b6f", "\u8d6b\u66fc-\u5bcc\u52d2"]}, {"created_at": "1589122526", "created_by_id": "5206218", "name": "heretherebe", "rating_vote": "4", "rating": "4", "tags": ["en", "\u6545\u4e8b", "\u7ffb\u8b6f"]}, {"created_at": "1589194873", "created_by_id": "5255954", "name": "groups-of-interest-of-the-russian-branch", "rating_vote": "7", "rating": "7", "tags": ["ru", "\u4e2d\u5fc3", "\u6307\u5c0e", "\u7ffb\u8b6f"]}, {"created_at": "1589222318", "created_by_id": "5206218", "name": "rip", "rating_vote": "4", "rating": "4", "tags": ["en", "\u6545\u4e8b", "\u7ffb\u8b6f"]}, {"created_at": "1589227769", "created_by_id": "4107284", "name": "i-am-very-confused", "rating_vote": "9", "rating": "7", "tags": ["\u4e09\u57a3", "\u502b\u7406\u59d4\u54e1\u6703", "\u539f\u5275", "\u6545\u4e8b"]}, {"created_at": "1589231168", "created_by_id": "5251681", "name": "scp-4357-j", "rating_vote": "7", "rating": "7", "tags": ["en", "euclid", "scp", "\u4eba\u5f62", "\u5b97\u6559", "\u611f\u77e5\u529b", "\u641e\u7b11", "\u667a\u80fd", "\u71b1\u91cf\u5f71\u97ff", "\u7ffb\u8b6f"]}]