[{"created_at": "1592813218", "created_by_id": "5255954", "name": "scp-zh-700", "rating_vote": "12", "rating": "12", "tags": ["keter", "scp", "site-zh-50", "site-zh-81", "\u539f\u5275", "\u5faa\u74b0", "\u6046\u661f", "\u661f\u7403", "\u661f\u969b", "\u822a\u6d77\u5b78"]}, {"created_at": "1592817459", "created_by_id": "6300422", "name": "teeth-checked", "rating_vote": "12", "rating": "12", "tags": ["reverberate\u535a\u58eb", "site-zh-81", "\u539f\u5275", "\u6545\u4e8b"]}, {"created_at": "1592826586", "created_by_id": "3979351", "name": "scp-zh-265", "rating_vote": "7", "rating": "7", "tags": ["safe", "scp", "site-zh-25", "\u539f\u5275", "\u5b97\u6559\u6027", "\u5f35\u9053\u58eb", "\u5f37\u8feb\u6027", "\u8996\u89ba\u6027", "\u8a8d\u77e5\u5371\u5bb3", "\u9280\u6cb3\u806f\u90a6"]}, {"created_at": "1592874028", "created_by_id": "6300422", "name": "setsubun", "rating_vote": "8", "rating": "8", "tags": ["bright\u535a\u58eb", "clef\u535a\u58eb", "rights\u535a\u58eb", "\u539f\u5275", "\u6545\u4e8b"]}, {"created_at": "1592909170", "created_by_id": "5653267", "name": "scp-zh-229-ex", "rating_vote": "17", "rating": "17", "tags": ["2020\u6500\u722c\u91d1\u5b57\u5854", "keter", "reverberate\u535a\u58eb", "scp", "site-zh-81", "\u502b\u7406\u59d4\u54e1\u6703", "\u539f\u5275", "\u5df2\u89e3\u660e", "\u6a21\u56e0\u6548\u61c9", "\u8490\u96c6\u9662", "\u904a\u6232"]}, {"created_at": "1592941782", "created_by_id": "5206218", "name": "iquit", "rating_vote": "13", "rating": "13", "tags": ["en", "\u5fa9\u751f", "\u6545\u4e8b", "\u7ffb\u8b6f"]}, {"created_at": "1593007386", "created_by_id": "5334590", "name": "scp-039", "rating_vote": "1", "rating": "1", "tags": ["en", "euclid", "scp", "\u52d5\u7269", "\u5408\u8457", "\u611f\u77e5\u529b", "\u667a\u80fd", "\u7269\u7a2e", "\u733f\u985e", "\u7ffb\u8b6f", "\u91cd\u5beb"]}, {"created_at": "1593015392", "created_by_id": "5334590", "name": "scp-5706", "rating_vote": "8", "rating": "6", "tags": ["en", "euclid", "scp", "\u5e7b\u89ba", "\u5fae\u89c0", "\u6027", "\u751f\u7269\u6027", "\u75c5\u6bd2", "\u7ffb\u8b6f", "\u904a\u6232"]}, {"created_at": "1593025734", "created_by_id": "1745583", "name": "mackenzie-stereotypes", "rating_vote": "6", "rating": "6", "tags": ["en", "\u5fc3\u5f97", "\u641e\u7b11", "\u7ffb\u8b6f"]}, {"created_at": "1593082719", "created_by_id": "3979351", "name": "scp-1187", "rating_vote": "2", "rating": "2", "tags": ["en", "safe", "scp", "\u53cd\u7269\u7406\u5b9a\u5f8b", "\u5ff5\u529b", "\u6a5f\u68b0", "\u7ffb\u8b6f", "\u8f09\u5177"]}, {"created_at": "1593086816", "created_by_id": "3979351", "name": "the-collection-of-mck", "rating_vote": "14", "rating": "14", "tags": ["2020\u6500\u722c\u91d1\u5b57\u5854", "goi\u683c\u5f0f", "ijamea", "lofia", "\u539f\u5275", "\u6276\u6851\u7d00", "\u65e5\u672c\u751f\u985e\u5275\u7814", "\u6728\u6613", "\u6771\u5f0a\u91cd\u5de5", "\u7406\u5916\u7814", "\u8ca0\u865f\u90e8\u968a", "\u96f6\u865f\u5c08\u968a"]}, {"created_at": "1593179272", "created_by_id": "6503482", "name": "scp-035", "rating_vote": "4", "rating": "4", "tags": ["en", "keter", "scp", "\u4f54\u64da\u9762\u5177", "\u53cd\u71b5", "\u5fc3\u9748\u611f\u61c9", "\u611f\u77e5\u529b", "\u667a\u80fd", "\u7cbe\u795e\u5f71\u97ff", "\u7ffb\u8b6f", "\u8863\u7269", "\u8996\u89ba\u6027", "\u8a8d\u77e5\u5371\u5bb3"]}, {"created_at": "1593261342", "created_by_id": "5686853", "name": "the-electronic-dog", "rating_vote": "9", "rating": "9", "tags": ["goi\u683c\u5f0f", "\u539f\u5275", "\u5a01\u723e\u905c\u751f\u7269\u61c9\u5c0d\u7d44"]}, {"created_at": "1593520011", "created_by_id": "5334590", "name": "scp-022", "rating_vote": "2", "rating": "2", "tags": ["en", "euclid", "scp", "\u4eba\u5f62", "\u5c4d\u9ad4", "\u5efa\u7bc9\u7269", "\u5fa9\u6d3b", "\u7ffb\u8b6f", "\u81ea\u4e3b"]}, {"created_at": "1593564114", "created_by_id": "5334590", "name": "scp-041", "rating_vote": "2", "rating": "2", "tags": ["en", "safe", "scp", "\u4eba\u5f62", "\u5fc3\u9748\u611f\u61c9", "\u611f\u77e5\u529b", "\u667a\u80fd", "\u6d3b\u7269", "\u7ffb\u8b6f"]}, {"created_at": "1593582550", "created_by_id": "5653267", "name": "about-scranton-reality-anchors", "rating_vote": "15", "rating": "15", "tags": ["\u539f\u5275", "\u6545\u4e8b", "\u666e\u7f85\u7c73\u4fee\u65af\u5be6\u9a57\u5ba4", "\u8aaa\u660e"]}, {"created_at": "1593587012", "created_by_id": "3979351", "name": "scp-5805", "rating_vote": "7", "rating": "7", "tags": ["1976\u5e74\u73ed", "en", "safe", "scp", "\u4eba\u9020\u7269\u54c1", "\u5171\u611f", "\u6728\u8cea", "\u7ffb\u8b6f", "\u8072\u97f3", "\u81ea\u4e3b", "\u901a\u8a0a", "\u96fb\u5b50"]}, {"created_at": "1593618913", "created_by_id": "5334590", "name": "scp-042", "rating_vote": "1", "rating": "1", "tags": ["en", "safe", "scp", "\u52d5\u7269", "\u611f\u77e5\u529b", "\u6d3b\u7269", "\u7cbe\u795e\u5f71\u97ff", "\u7ffb\u8b6f", "\u91cd\u5beb", "\u99ac\u985e"]}, {"created_at": "1593684993", "created_by_id": "6300422", "name": "tictactoe", "rating_vote": "6", "rating": "6", "tags": ["bright\u535a\u58eb", "jp", "\u4e9e\u4f2f", "\u6545\u4e8b", "\u7ffb\u8b6f"]}, {"created_at": "1593697117", "created_by_id": "3981670", "name": "colmod-guide", "rating_vote": "8", "rating": "8", "tags": ["\u539f\u5275", "\u5fc3\u5f97"]}]