[{"created_at": "1628001968", "created_by_id": "7320283", "name": "singlelinetrip", "rating_vote": "7", "rating": "7", "tags": ["2021\u590f\u5b63\u7af6\u8cfd", "\u5168\u7403\u8d85\u81ea\u7136\u806f\u76df", "\u539f\u5275", "\u6545\u4e8b"]}, {"created_at": "1628050914", "created_by_id": "5454699", "name": "resign-in-navigation", "rating_vote": "8", "rating": "8", "tags": ["2021\u590f\u5b63\u7af6\u8cfd", "site-zh-81", "site-zh-88", "\u539f\u5275", "\u6545\u4e8b", "\u6c34\u9280", "\u822a\u6d77\u5b78"]}, {"created_at": "1628080840", "created_by_id": "4239775", "name": "skewer", "rating_vote": "6", "rating": "6", "tags": ["site-zh-50", "\u539f\u5275", "\u6545\u4e8b", "\u7b2c\u516b\u8655"]}, {"created_at": "1628143103", "created_by_id": "6952002", "name": "midsummer-the-plants-and-you", "rating_vote": "14", "rating": "14", "tags": ["ad\u535a\u58eb", "apoyn\u535a\u58eb", "site-zh-12", "\u539f\u5275", "\u5408\u8457", "\u85dd\u8853\u4f5c\u54c1"]}, {"created_at": "1628148357", "created_by_id": "6709715", "name": "scp-zh-092", "rating_vote": "13", "rating": "-3", "tags": ["safe", "scp", "site-zh-16", "\u4eba\u9020\u7269\u54c1", "\u539f\u5275", "\u5f37\u8feb\u6027", "\u5ff5\u529b", "\u89f8\u89ba\u5f71\u97ff", "\u8a18\u61b6\u5f71\u97ff", "\u91cd\u5beb\u4e2d"]}, {"created_at": "1628162248", "created_by_id": "7226401", "name": "zoelin-131-999", "rating_vote": "4", "rating": "4", "tags": ["\u539f\u5275", "\u85dd\u8853\u4f5c\u54c1"]}, {"created_at": "1628173973", "created_by_id": "5415046", "name": "goc-supplemental-equipment", "rating_vote": "5", "rating": "3", "tags": ["en", "goc\u6a94\u6848", "\u5168\u7403\u8d85\u81ea\u7136\u806f\u76df", "\u5408\u4f5c", "\u6545\u4e8b", "\u7ffb\u8b6f"]}, {"created_at": "1628305101", "created_by_id": "7469850", "name": "scp-zh-121", "rating_vote": "6", "rating": "2", "tags": ["2021\u590f\u5b63\u7af6\u8cfd", "keter", "scp", "site-zh-16", "\u4e0d\u53ef\u6467\u6bc0", "\u4eba\u5f62", "\u539f\u5275", "\u53cd\u5927\u9ebb\u73a9\u5bb6", "\u5c0f\u5c0f\u5148\u751f", "\u5f37\u8feb\u6027", "\u7cbe\u795e\u5f71\u97ff", "\u8a8d\u77e5\u5371\u5bb3"]}, {"created_at": "1628320882", "created_by_id": "6369875", "name": "scp-003-th", "rating_vote": "3", "rating": "3", "tags": ["euclid", "scp", "th", "\u6575\u610f", "\u690d\u7269", "\u6a39\u6728", "\u6d3b\u7269", "\u7ffb\u8b6f", "\u8089\u98df\u6027"]}, {"created_at": "1628321403", "created_by_id": "6369875", "name": "scp-002-th", "rating_vote": "4", "rating": "4", "tags": ["scp", "th", "\u5a92\u9ad4", "\u5bb6\u96fb\u7528\u54c1", "\u6096\u8ad6", "\u6558\u8ff0\u6027", "\u7121\u6548\u5316", "\u7ffb\u8b6f", "\u901a\u8a0a", "\u96fb\u5b50"]}, {"created_at": "1628367338", "created_by_id": "5334590", "name": "scp-zh-266", "rating_vote": "12", "rating": "12", "tags": ["keter", "scp", "site-zh-12", "\u539f\u5275", "\u5a92\u9ad4", "\u6587\u737b", "\u6982\u5ff5", "\u6a21\u56e0\u6548\u61c9", "\u7cbe\u795e\u5f71\u97ff", "\u8a18\u61b6\u5f71\u97ff", "\u9006\u6a21\u56e0"]}, {"created_at": "1628407118", "created_by_id": "3741648", "name": "scp-mystery-j", "rating_vote": "1", "rating": "1", "tags": ["en", "meta", "scp", "\u641e\u7b11", "\u6982\u5ff5", "\u6a5f\u5bc6\u5206\u7d1a", "\u7ffb\u8b6f"]}, {"created_at": "1628418825", "created_by_id": "5565302", "name": "scp-zh-038", "rating_vote": "17", "rating": "15", "tags": ["2021\u590f\u5b63\u7af6\u8cfd", "awcy", "safe", "scp", "site-zh-02", "\u4eba\u5f62", "\u4eba\u9020\u7269\u54c1", "\u539f\u5275", "\u85dd\u8853\u6027", "\u8a8d\u77e5\u5371\u5bb3"]}, {"created_at": "1628421442", "created_by_id": "4239775", "name": "old-cat-travel-1", "rating_vote": "8", "rating": "8", "tags": ["semibreve\u535a\u58eb", "site-zh-26", "\u539f\u5275", "\u6545\u4e8b"]}, {"created_at": "1628426507", "created_by_id": "5338547", "name": "888father", "rating_vote": "4", "rating": "4", "tags": ["2021\u590f\u5b63\u7af6\u8cfd", "\u539f\u5275", "\u6545\u4e8b"]}, {"created_at": "1628514973", "created_by_id": "7320283", "name": "scp-zh-804", "rating_vote": "9", "rating": "9", "tags": ["euclid", "safe", "scp", "\u5168\u7403\u8d85\u81ea\u7136\u806f\u76df", "\u539f\u5275", "\u5730\u9ede", "\u6a5f\u5bc6\u5206\u7d1a", "\u7b2c\u516b\u8655", "\u8ecd\u4e8b"]}, {"created_at": "1628653537", "created_by_id": "3981670", "name": "the-wild-light", "rating_vote": "3", "rating": "3", "tags": ["en", "marion-wheeler", "\u6545\u4e8b", "\u7ffb\u8b6f"]}, {"created_at": "1628751617", "created_by_id": "7073060", "name": "scp-zh-402", "rating_vote": "16", "rating": "16", "tags": ["2021\u590f\u5b63\u7af6\u8cfd", "safe", "scp", "\u539f\u5275", "\u53cd\u5927\u9ebb\u73a9\u5bb6", "\u5efa\u7bc9\u7269", "\u7dda\u4e0a", "\u8a18\u61b6\u5f71\u97ff"]}, {"created_at": "1628768890", "created_by_id": "7073060", "name": "scp-6150", "rating_vote": "8", "rating": "8", "tags": ["en", "safe", "scp", "\u5408\u8457", "\u661f\u969b", "\u6b77\u53f2\u6027", "\u7403\u9ad4", "\u7ffb\u8b6f", "\u8072\u97f3", "\u8f09\u5177", "\u91cd\u5beb", "\u9580\u5f91"]}, {"created_at": "1628820557", "created_by_id": "7073060", "name": "scp-4853", "rating_vote": "3", "rating": "3", "tags": ["en", "keter", "meta", "scp", "\u6982\u5ff5", "\u7ffb\u8b6f", "\u8a55\u8ad6\u54e1\u7126\u9ede", "\u8cc7\u8a0a\u5371\u5bb3"]}]