[{"created_at": "1581530088", "created_by_id": "4255421", "name": "scp-3582", "rating_vote": "8", "rating": "8", "tags": ["en", "en-\u672b\u65e52018", "keter", "scp", "\u6642\u7a7a", "\u7ffb\u8b6f", "\u8d85\u7dad\u5ea6"]}, {"created_at": "1581589344", "created_by_id": "5956873", "name": "88-step", "rating_vote": "13", "rating": "13", "tags": ["chrome", "site-zh-88", "\u539f\u5275", "\u6545\u4e8b"]}, {"created_at": "1581591199", "created_by_id": "5325850", "name": "owens-clothes", "rating_vote": "14", "rating": "14", "tags": ["ad\u535a\u58eb", "owen", "\u539f\u5275", "\u6545\u4e8b", "\u6d17\u8863\u90e8\u9580"]}, {"created_at": "1581694384", "created_by_id": "3981670", "name": "grant-request-for-utilization-of-memetic-agent-to-assist-per", "rating_vote": "16", "rating": "16", "tags": ["goi\u683c\u5f0f", "\u539f\u5275", "\u5c55\u51fa", "\u666e\u7f85\u7c73\u4fee\u65af\u5be6\u9a57\u5ba4"]}, {"created_at": "1581696612", "created_by_id": "5415046", "name": "scp-148", "rating_vote": "4", "rating": "4", "tags": ["en", "euclid", "scp", "\u5fc3\u9748\u611f\u61c9", "\u666e\u7f85\u7c73\u4fee\u65af\u5be6\u9a57\u5ba4", "\u7cbe\u795e\u5f71\u97ff", "\u7ffb\u8b6f", "\u91cd\u5beb", "\u91d1\u5c6c"]}, {"created_at": "1581746929", "created_by_id": "4357011", "name": "scp-5040", "rating_vote": "6", "rating": "6", "tags": ["en", "euclid", "scp", "\u5a92\u9ad4", "\u6642\u7a7a", "\u672a\u6536\u5bb9", "\u7ffb\u8b6f", "\u8a18\u61b6\u5f71\u97ff"]}, {"created_at": "1581784050", "created_by_id": "3979351", "name": "mac-hub", "rating_vote": "3", "rating": "3", "tags": ["es", "\u4e2d\u5fc3", "\u4e8c\u6b21\u7ffb\u8b6f", "\u53e4\u5df4\u7570\u5e38\u90e8", "\u7ffb\u8b6f"]}, {"created_at": "1581842833", "created_by_id": "3979351", "name": "scp-es-194", "rating_vote": "3", "rating": "3", "tags": ["es", "euclid", "i-57", "scp", "\u4e8c\u6b21\u7ffb\u8b6f", "\u4e94\u89d2\u661f", "\u4eba\u5f62", "\u53e4\u5df4\u7570\u5e38\u90e8", "\u5fa9\u6d3b", "\u5faa\u74b0", "\u683c\u9b6f\u70cf-p\u90e8\u9580", "\u725b\u985e", "\u7ffb\u8b6f"]}, {"created_at": "1581858588", "created_by_id": "5013973", "name": "color-of-aurora", "rating_vote": "15", "rating": "15", "tags": ["reverberate\u535a\u58eb", "site-zh-81", "\u539f\u5275", "\u5c55\u51fa", "\u6545\u4e8b"]}, {"created_at": "1582002059", "created_by_id": "5684299", "name": "collection-of-the-cultural-revolution", "rating_vote": "11", "rating": "11", "tags": ["goi\u683c\u5f0f", "ijamea", "mc&amp;d", "\u539f\u5275", "\u570b\u5b89\u5341\u4e5d\u5c40", "\u65b0\u56db\u5c71\u5c0f\u5b78", "\u6728\u6613", "\u683c\u9b6f\u70cf-p\u90e8\u9580"]}, {"created_at": "1582002269", "created_by_id": "5415046", "name": "scp-3999", "rating_vote": "34", "rating": "34", "tags": ["apollyon", "en", "en-3000", "k\u7d1a\u60c5\u666f", "meta", "scp", "\u5353\u6587\u5eb7\u5353\u5947", "\u5854\u7f85\u862d\u7814\u7a76\u54e1", "\u6982\u5ff5", "\u7121\u6548\u5316", "\u7ffb\u8b6f"]}, {"created_at": "1582030035", "created_by_id": "3979351", "name": "scp-zh-261", "rating_vote": "12", "rating": "10", "tags": ["safe", "scp", "site-zh-31", "\u4e94\u89d2\u661f", "\u539f\u5275", "\u53e4\u5df4\u7570\u5e38\u90e8", "\u5f35\u9053\u58eb", "\u672c\u8cea\u4fc3\u52d5", "\u690d\u7269", "\u7269\u7a2e", "\u98df\u7269"]}, {"created_at": "1582045044", "created_by_id": "3979351", "name": "scp-es-157", "rating_vote": "4", "rating": "4", "tags": ["es", "i-57", "safe", "scp", "\u4e8c\u6b21\u7ffb\u8b6f", "\u53e4\u5df4\u7570\u5e38\u90e8", "\u5473\u89ba\u5f71\u97ff", "\u5efa\u7bc9\u7269", "\u6b77\u53f2\u6027", "\u725b\u985e", "\u7cbe\u795e\u5f71\u97ff", "\u7ffb\u8b6f", "\u8a8d\u77e5\u5371\u5bb3"]}, {"created_at": "1582206549", "created_by_id": "5435485", "name": "scp-2317", "rating_vote": "9", "rating": "9", "tags": ["en", "keter", "k\u7d1a\u60c5\u666f", "scp", "\u4eba\u5f62", "\u5100\u5f0f\u6027", "\u611f\u77e5\u529b", "\u667a\u80fd", "\u6d3b\u7269", "\u7329\u7d05\u4e4b\u738b", "\u7ffb\u8b6f", "\u8d85\u7dad\u5ea6"]}, {"created_at": "1582213675", "created_by_id": "5415046", "name": "experiment-log-914-hub", "rating_vote": "4", "rating": "4", "tags": ["en", "\u4e2d\u5fc3", "\u5f85\u66f4\u65b0", "\u7ad9\u9ede", "\u7ffb\u8b6f", "\u9644\u52a0\u8cc7\u6599"]}, {"created_at": "1582258080", "created_by_id": "5417963", "name": "scp-294", "rating_vote": "8", "rating": "8", "tags": ["en", "euclid", "scp", "\u4ea4\u63db", "\u50b3\u9001", "\u5bb6\u96fb\u7528\u54c1", "\u7ffb\u8b6f", "\u98df\u7269"]}, {"created_at": "1582277900", "created_by_id": "5334590", "name": "scp-018", "rating_vote": "4", "rating": "2", "tags": ["en", "euclid", "scp", "\u53cd\u71b5", "\u53cd\u7269\u7406\u5b9a\u5f8b", "\u73a9\u5177", "\u7403\u9ad4", "\u7ffb\u8b6f"]}, {"created_at": "1582291674", "created_by_id": "5334590", "name": "scp-4999", "rating_vote": "12", "rating": "12", "tags": ["en", "en-4000", "keter", "scp", "\u4eba\u5f62", "\u50b3\u9001", "\u672a\u6536\u5bb9", "\u7ffb\u8b6f", "\u89c0\u5bdf\u5f71\u97ff"]}, {"created_at": "1582297930", "created_by_id": "5415046", "name": "scp-093-blue-test", "rating_vote": "3", "rating": "3", "tags": ["en", "\u63a2\u7d22", "\u7ffb\u8b6f", "\u9644\u52a0\u8cc7\u6599"]}, {"created_at": "1582341366", "created_by_id": "5334590", "name": "scp-088", "rating_vote": "2", "rating": "2", "tags": ["en", "safe", "scp", "\u4eba\u5f62", "\u6bd2\u6027", "\u6d3b\u7269", "\u751f\u7269\u5371\u5bb3", "\u7cbe\u795e\u5f71\u97ff", "\u7ffb\u8b6f", "\u8150\u8755\u6027", "\u81ea\u6211\u8907\u88fd", "\u8b8a\u5f62"]}]