[{"created_at": "1594897286", "created_by_id": "5415046", "name": "scp-zh-081", "rating_vote": "6", "rating": "6", "tags": ["mc&amp;d", "safe", "scp", "site-zh-13", "site-zh-22", "\u539f\u5275", "\u6210\u766e\u6027", "\u690d\u7269", "\u751f\u7269\u5371\u5bb3", "\u98df\u7269"]}, {"created_at": "1594898515", "created_by_id": "5402841", "name": "under-the-mountain", "rating_vote": "9", "rating": "9", "tags": ["site-zh-44", "\u539f\u5275", "\u6545\u4e8b"]}, {"created_at": "1594907347", "created_by_id": "3981670", "name": "to-my-love", "rating_vote": "7", "rating": "7", "tags": ["2020\u6500\u722c\u91d1\u5b57\u5854", "\u539f\u5275", "\u6545\u4e8b"]}, {"created_at": "1594923422", "created_by_id": "4990678", "name": "summer-contest-2020", "rating_vote": "0", "rating": "0", "tags": ["2020\u590f\u5b63\u7af6\u8cfd", "\u4e2d\u5fc3", "\u539f\u5275", "\u7af6\u8cfd"]}, {"created_at": "1594964212", "created_by_id": "3981670", "name": "memetics-and-infohazards-division-orientation", "rating_vote": "9", "rating": "9", "tags": ["en", "\u6545\u4e8b", "\u7ffb\u8b6f", "\u8b1b\u5ea7"]}, {"created_at": "1594991288", "created_by_id": "3979351", "name": "scp-zh-031", "rating_vote": "7", "rating": "7", "tags": ["safe", "scp", "\u4eba\u9020\u7269\u54c1", "\u50b3\u67d3\u6027", "\u5316\u5b78\u6027", "\u539f\u5275", "\u548c\u671d\u7fa9", "\u751f\u7269\u5371\u5bb3", "\u7570\u8996\u7dad\u57fa", "\u81ea\u4e3b"]}, {"created_at": "1595000245", "created_by_id": "5415046", "name": "scp-zh-141", "rating_vote": "10", "rating": "10", "tags": ["safe", "scp", "site-zh-44", "\u4ea4\u63db", "\u4eba\u9020\u7269\u54c1", "\u539f\u5275", "\u653e\u5c04\u6027", "\u6642\u7a7a", "\u6642\u9593\u5f71\u97ff", "\u746a\u7d0d\u6148\u5584\u57fa\u91d1\u6703", "\u91ab\u5b78\u6027"]}, {"created_at": "1595059124", "created_by_id": "4357011", "name": "scp-pl-173", "rating_vote": "3", "rating": "3", "tags": ["euclid", "pl", "scp", "\u50b3\u67d3\u6027", "\u5bc4\u751f\u6027", "\u611f\u77e5\u5f71\u97ff", "\u6709\u6a5f", "\u6ce2\u862d\u7570\u5e38\u8548\u985e\u63a1\u6458\u5354\u6703", "\u6d3b\u7269", "\u7269\u7a2e", "\u751f\u7269\u5371\u5bb3", "\u751f\u7269\u6027", "\u771f\u83cc", "\u7ffb\u8b6f", "\u8072\u97f3", "\u807d\u89ba\u5f71\u97ff", "\u856d\u90a6\u6559", "\u8a8d\u77e5\u5371\u5bb3"]}, {"created_at": "1595062560", "created_by_id": "5370805", "name": "nopunsinthegreenhouse", "rating_vote": "11", "rating": "11", "tags": ["\u539f\u5275", "\u85dd\u8853\u4f5c\u54c1"]}, {"created_at": "1595323590", "created_by_id": "5415046", "name": "scp-953", "rating_vote": "7", "rating": "-5", "tags": ["en", "keter", "scp", "\u4eba\u5f62", "\u52d5\u7269", "\u578b\u614b\u8b8a\u5316", "\u611f\u77e5\u529b", "\u7cbe\u795e\u5f71\u97ff", "\u7ffb\u8b6f"]}, {"created_at": "1595357085", "created_by_id": "5013973", "name": "the-king-is-dead", "rating_vote": "6", "rating": "6", "tags": ["clef\u535a\u58eb", "en", "gears\u535a\u58eb", "kondraki\u535a\u58eb", "\u6545\u4e8b", "\u7ffb\u8b6f"]}, {"created_at": "1595494144", "created_by_id": "3979351", "name": "after-the-boom", "rating_vote": "10", "rating": "10", "tags": ["\u539f\u5275", "\u5a01\u723e\u905c\u751f\u7269\u61c9\u5c0d\u7d44", "\u5f35\u9053\u58eb", "\u6545\u4e8b", "\u65b0\u8336\u5dba", "\u6728\u6613", "\u6838\u88c2\u64e0\u514c", "\u7b2c\u516b\u8655", "\u82f1\u570b\u795e\u79d8\u60c5\u5831\u5c40", "\u96d9\u57ce\u4f5c\u6230", "\u96f6\u865f\u5c08\u968a"]}, {"created_at": "1595494193", "created_by_id": "3981670", "name": "k-class-complete-list", "rating_vote": "9", "rating": "9", "tags": ["en", "\u5408\u4f5c", "\u7ffb\u8b6f", "\u8cc7\u6e90"]}, {"created_at": "1595576063", "created_by_id": "6633993", "name": "the-art-work-collection-of-wright-wilson-2", "rating_vote": "11", "rating": "11", "tags": ["\u539f\u5275", "\u5f35\u9053\u58eb", "\u85dd\u8853\u4f5c\u54c1"]}, {"created_at": "1595594055", "created_by_id": "5344757", "name": "chowder-date", "rating_vote": "20", "rating": "20", "tags": ["2020\u590f\u5b63\u7af6\u8cfd", "clef\u535a\u58eb", "kondraki\u535a\u58eb", "\u5353\u6587\u5eb7\u5353\u5947", "\u539f\u5275", "\u6545\u4e8b", "\u74f6\u4e2d\u8239"]}, {"created_at": "1595683289", "created_by_id": "5604919", "name": "white-space-hub", "rating_vote": "6", "rating": "6", "tags": ["en", "\u4e2d\u5fc3", "\u6df1\u4e95\u76ee\u9304", "\u7ffb\u8b6f"]}, {"created_at": "1595743797", "created_by_id": "5604919", "name": "overcast", "rating_vote": "11", "rating": "11", "tags": ["ad\u535a\u58eb", "ctrl-z\u535a\u58eb", "kris\u535a\u58eb", "site-zh-12", "\u539f\u5275", "\u6545\u4e8b"]}, {"created_at": "1595767929", "created_by_id": "4357011", "name": "scp-1329-ru-ex", "rating_vote": "2", "rating": "2", "tags": ["ru", "scp", "\u4e8c\u6b21\u7ffb\u8b6f", "\u50b3\u9001", "\u5730\u9ede", "\u5df2\u89e3\u660e", "\u7ffb\u8b6f"]}, {"created_at": "1595771488", "created_by_id": "5237516", "name": "wine", "rating_vote": "5", "rating": "5", "tags": ["2020\u590f\u5b63\u7af6\u8cfd", "\u539f\u5275", "\u6545\u4e8b"]}, {"created_at": "1595803103", "created_by_id": "6300422", "name": "phototaxis", "rating_vote": "10", "rating": "10", "tags": ["2020\u590f\u5b63\u7af6\u8cfd", "bright\u535a\u58eb", "\u539f\u5275", "\u6545\u4e8b"]}]