[{"created_at": "1600061543", "created_by_id": "5565302", "name": "sticker3", "rating_vote": "11", "rating": "11", "tags": ["\u4e9e\u4f2f", "\u539f\u5275", "\u85dd\u8853\u4f5c\u54c1"]}, {"created_at": "1600098430", "created_by_id": "5344757", "name": "disgusting-prank", "rating_vote": "14", "rating": "14", "tags": ["creepypasta", "\u539f\u5275", "\u6545\u4e8b", "\u7570\u8996\u7dad\u57fa"]}, {"created_at": "1600170520", "created_by_id": "5013754", "name": "1935-overture-night-rain", "rating_vote": "9", "rating": "9", "tags": ["ijamea", "\u539f\u5275", "\u5c55\u51fa", "\u6545\u4e8b", "\u795e\u7570\u535a\u89bd\u6703", "\u8490\u96c6\u9662"]}, {"created_at": "1600182507", "created_by_id": "5344757", "name": "a-battlefield-without-gunpowder", "rating_vote": "17", "rating": "17", "tags": ["site-zh-16", "\u5168\u7403\u8d85\u81ea\u7136\u806f\u76df", "\u539f\u5275", "\u548c\u671d\u7fa9", "\u5929\u5df2\u5802", "\u5c55\u51fa", "\u6545\u4e8b", "\u7814\u7a76\u54e1l.what", "\u7b2c\u516b\u8655", "\u96d9\u57ce\u4f5c\u6230", "\u96f6\u865f\u5c08\u968a"]}, {"created_at": "1600318210", "created_by_id": "5334590", "name": "scp-v1l3-j", "rating_vote": "9", "rating": "9", "tags": ["en", "safe", "scp", "wondertainment\u535a\u58eb", "\u4e9e\u4f2f", "\u641e\u7b11", "\u6558\u8ff0\u6027", "\u6a5f\u68b0", "\u7814\u7a76\u54e1lloyd", "\u7ffb\u8b6f", "\u8a72\u96b1", "\u8ca8\u5e63", "\u904a\u6232"]}, {"created_at": "1600353244", "created_by_id": "5415046", "name": "tokyo-incidents", "rating_vote": "13", "rating": "13", "tags": ["1998\u5e74", "jp", "\u6545\u4e8b", "\u7ffb\u8b6f"]}, {"created_at": "1600353279", "created_by_id": "6817312", "name": "interview-log-026-08", "rating_vote": "3", "rating": "3", "tags": ["en", "\u63a1\u8a2a", "\u7ffb\u8b6f", "\u9644\u52a0\u8cc7\u6599"]}, {"created_at": "1600418058", "created_by_id": "5344757", "name": "rot-vat", "rating_vote": "4", "rating": "4", "tags": ["site-zh-16", "\u4e09\u57a3", "\u539f\u5275", "\u6545\u4e8b"]}, {"created_at": "1600439100", "created_by_id": "5484164", "name": "scp-zh-444", "rating_vote": "17", "rating": "17", "tags": ["euclid", "scp", "\u539f\u5275", "\u5bc4\u751f\u6027", "\u5c55\u51fa", "\u6606\u87f2", "\u706b", "\u7761\u7720", "\u795e\u7d93\u6027", "\u7fa4\u9ad4\u6027", "\u9c57\u7fc5\u76ee"]}, {"created_at": "1600450332", "created_by_id": "4442284", "name": "cacobt", "rating_vote": "6", "rating": "6", "tags": ["\u539f\u5275", "\u62cb\u9234\u4eba", "\u6545\u4e8b"]}, {"created_at": "1600498878", "created_by_id": "4357011", "name": "djinn-tonic", "rating_vote": "6", "rating": "6", "tags": ["fr", "\u4e8c\u6b21\u7ffb\u8b6f", "\u6545\u4e8b", "\u7570\u5e38\u500b\u9ad4\u76e3\u63a7\u5c40", "\u7ffb\u8b6f"]}, {"created_at": "1600513212", "created_by_id": "6787405", "name": "time-travel", "rating_vote": "2", "rating": "2", "tags": ["en", "\u4e2d\u5fc3", "\u7ffb\u8b6f"]}, {"created_at": "1600513376", "created_by_id": "6787405", "name": "time-travel-ch1", "rating_vote": "4", "rating": "4", "tags": ["en", "thad-xyank", "\u6545\u4e8b", "\u7ffb\u8b6f"]}, {"created_at": "1600527590", "created_by_id": "5013754", "name": "terminal-and-initial", "rating_vote": "7", "rating": "7", "tags": ["\u539f\u5275", "\u6545\u4e8b"]}, {"created_at": "1600578697", "created_by_id": "4357011", "name": "o-poczatkach-medycyny-altnormalnej", "rating_vote": "6", "rating": "6", "tags": ["pl", "\u4e8c\u6b21\u7ffb\u8b6f", "\u5730\u4e0b\u7642\u6cd5", "\u6545\u4e8b", "\u7ffb\u8b6f"]}, {"created_at": "1600610245", "created_by_id": "4357011", "name": "mr-key-sighed", "rating_vote": "8", "rating": "8", "tags": ["ko", "ko-2020-06\u7af6\u8cfd", "\u4e8c\u6b21\u7ffb\u8b6f", "\u6545\u4e8b", "\u7ffb\u8b6f"]}, {"created_at": "1600691283", "created_by_id": "6503482", "name": "scp-zh-021", "rating_vote": "22", "rating": "22", "tags": ["safe", "scp", "\u539f\u5275", "\u5efa\u7bc9\u7269", "\u7cbe\u795e\u5f71\u97ff", "\u8a18\u61b6\u5f71\u97ff", "\u9580\u5f91"]}, {"created_at": "1600694981", "created_by_id": "4990678", "name": "the-taiwan-exposition-1935-logo", "rating_vote": "15", "rating": "13", "tags": ["\u539f\u5275", "\u795e\u7570\u535a\u89bd\u6703", "\u85dd\u8853\u4f5c\u54c1"]}, {"created_at": "1600743074", "created_by_id": "6217438", "name": "scp-666-and-a-half-j", "rating_vote": "9", "rating": "9", "tags": ["bright\u535a\u58eb", "clef\u535a\u58eb", "en", "gears\u535a\u58eb", "keter", "kondraki\u535a\u58eb", "k\u7d1a\u60c5\u666f", "rights\u535a\u58eb", "scp", "\u53cd\u71b5", "\u5e7b\u89ba", "\u641e\u7b11", "\u706b", "\u7ffb\u8b6f", "\u98df\u7269"]}, {"created_at": "1600785242", "created_by_id": "5411798", "name": "pudding-logo", "rating_vote": "9", "rating": "9", "tags": ["\u539f\u5275", "\u5929\u5df2\u5802", "\u65b0\u56db\u5c71\u5c0f\u5b78", "\u85dd\u8853\u4f5c\u54c1"]}]