[{"created_at": "1614696592", "created_by_id": "5454699", "name": "scp-zh-240", "rating_vote": "11", "rating": "11", "tags": ["bales\u535a\u58eb", "euclid", "scp", "site-zh-16", "\u4eba\u9020\u7269\u54c1", "\u539f\u5275", "\u6c23\u9ad4", "\u6c34\u9280", "\u706b", "\u7cbe\u795e\u5f71\u97ff"]}, {"created_at": "1614779560", "created_by_id": "4357011", "name": "scp-pl-156", "rating_vote": "5", "rating": "5", "tags": ["awcy", "pl", "safe", "scp", "\u4e8c\u6b21\u7ffb\u8b6f", "\u4eba\u9020\u7269\u54c1", "\u591c\u9593\u6d3b\u52d5", "\u6558\u8ff0\u6027", "\u6587\u737b", "\u7ffb\u8b6f", "\u81ea\u4e3b", "\u85dd\u8853\u6027"]}, {"created_at": "1614827320", "created_by_id": "5435485", "name": "scp-zh-950", "rating_vote": "17", "rating": "17", "tags": ["keter", "scp", "site-zh-12", "site-zh-16", "site-zh-44", "\u539f\u5275", "\u6709\u6a5f", "\u672c\u8cea\u4fc3\u52d5", "\u751f\u7269\u5371\u5bb3", "\u751f\u7269\u6027", "\u80a2\u9ad4", "\u9060\u5df1"]}, {"created_at": "1614845442", "created_by_id": "6952002", "name": "k1s10r0d-kris-doodle", "rating_vote": "13", "rating": "13", "tags": ["kris\u535a\u58eb", "\u539f\u5275", "\u85dd\u8853\u4f5c\u54c1"]}, {"created_at": "1614853102", "created_by_id": "5684299", "name": "soya-001-nue-artwork", "rating_vote": "9", "rating": "9", "tags": ["jp", "\u7ffb\u8b6f", "\u85dd\u8853\u4f5c\u54c1", "\u9d7a-\u9f4b\u5bae"]}, {"created_at": "1614859715", "created_by_id": "6217438", "name": "scp-4182", "rating_vote": "13", "rating": "13", "tags": ["en", "keter", "scp", "\u5730\u4e0b", "\u5730\u9ede", "\u5c4d\u9ad4", "\u5f71\u7247", "\u7cbe\u795e\u5f71\u97ff", "\u7ffb\u8b6f", "\u8996\u89ba\u6027", "\u8a8d\u77e5\u5371\u5bb3", "\u8b8a\u5f62"]}, {"created_at": "1614862636", "created_by_id": "6217438", "name": "scp-4182-declassification", "rating_vote": "7", "rating": "7", "tags": ["en", "\u7528\u6236\u89e3\u5bc6", "\u7ffb\u8b6f"]}, {"created_at": "1614869614", "created_by_id": "3981670", "name": "scp-4116", "rating_vote": "7", "rating": "7", "tags": ["en", "safe", "scp", "\u4eba\u5f62", "\u611f\u77e5\u529b", "\u667a\u80fd", "\u672a\u6536\u5bb9", "\u7ffb\u8b6f", "\u9006\u6a21\u56e0", "\u9810\u6e2c\u6027"]}, {"created_at": "1614901929", "created_by_id": "6217438", "name": "scp-5034", "rating_vote": "10", "rating": "10", "tags": ["en", "en-\u6025\u8feb\u7af6\u8cfd2020", "k\u7d1a\u60c5\u666f", "scp", "\u4eba\u9020\u7269\u54c1", "\u502b\u7406\u59d4\u54e1\u6703", "\u5168\u7403\u8d85\u81ea\u7136\u806f\u76df", "\u53cd\u71b5", "\u672a\u6536\u5bb9", "\u6a5f\u5bc6\u5206\u7d1a", "\u6ce5\u571f", "\u7ffb\u8b6f", "\u89c0\u5bdf\u5f71\u97ff", "\u8aa4\u50b3\u90e8"]}, {"created_at": "1614947862", "created_by_id": "6217438", "name": "scp-4473", "rating_vote": "6", "rating": "6", "tags": ["en", "safe", "scp", "\u4eba\u9020\u7269\u54c1", "\u611f\u77e5\u5f71\u97ff", "\u7acb\u65b9\u9ad4", "\u7cbe\u795e\u5f71\u97ff", "\u7ffb\u8b6f", "\u85dd\u8853\u6027", "\u89c0\u5bdf\u5f71\u97ff", "\u89f8\u89ba\u5f71\u97ff", "\u8aa4\u50b3\u90e8", "\u9006\u6a21\u56e0"]}, {"created_at": "1614995055", "created_by_id": "5402841", "name": "source-of-chaos", "rating_vote": "16", "rating": "16", "tags": ["ain\u535a\u58eb", "sugoi\u535a\u58eb", "\u539f\u5275", "\u5730\u4e0b\u8857", "\u6545\u4e8b", "\u8449\u51e1\u535a\u58eb"]}, {"created_at": "1615011574", "created_by_id": "4357011", "name": "scp-pl-167", "rating_vote": "3", "rating": "3", "tags": ["pl", "scp", "\u4e8c\u6b21\u7ffb\u8b6f", "\u5730\u4e0b", "\u5efa\u7bc9\u7269", "\u7121\u6548\u5316", "\u7ffb\u8b6f", "\u8a8d\u77e5\u5371\u5bb3"]}, {"created_at": "1615097833", "created_by_id": "3981670", "name": "scp-2111", "rating_vote": "6", "rating": "6", "tags": ["en", "meta", "scp", "\u57fa\u91d1\u6703\u88fd\u9020", "\u6a21\u56e0\u6548\u61c9", "\u7121\u6548\u5316", "\u7ffb\u8b6f", "\u807d\u89ba\u5f71\u97ff", "\u8996\u89ba\u6027", "\u8a8d\u77e5\u5371\u5bb3", "\u9006\u6a21\u56e0"]}, {"created_at": "1615114338", "created_by_id": "6217438", "name": "scp-5404", "rating_vote": "12", "rating": "12", "tags": ["en", "en-\u6025\u8feb\u7af6\u8cfd2020", "keter", "meta", "scp", "\u7121\u540d", "\u71b1\u529b\u5b78", "\u7ffb\u8b6f", "\u8a9e\u8a00", "\u8cc7\u8a0a\u5371\u5bb3"]}, {"created_at": "1615117077", "created_by_id": "6952002", "name": "canteen-date", "rating_vote": "21", "rating": "21", "tags": ["ad\u535a\u58eb", "apoyn\u535a\u58eb", "ctrl-z\u535a\u58eb", "kris\u535a\u58eb", "site-zh-12", "\u539f\u5275", "\u6545\u4e8b"]}, {"created_at": "1615184801", "created_by_id": "6952002", "name": "selfie-of-metha-and-kris-in-2013", "rating_vote": "15", "rating": "15", "tags": ["kris\u535a\u58eb", "\u539f\u5275", "\u85dd\u8853\u4f5c\u54c1"]}, {"created_at": "1615199050", "created_by_id": "6217438", "name": "scp-1337", "rating_vote": "4", "rating": "4", "tags": ["en", "en-1000", "euclid", "scp", "\u4eba\u5f62", "\u5730\u9ede", "\u611f\u77e5\u529b", "\u6575\u610f", "\u667a\u80fd", "\u7ffb\u8b6f"]}, {"created_at": "1615201003", "created_by_id": "5454699", "name": "operation-nucleon-bank-hg", "rating_vote": "11", "rating": "11", "tags": ["\u539f\u5275", "\u6545\u4e8b", "\u6838\u88c2\u64e0\u514c", "\u6c34\u9280", "\u9577\u57a3-4"]}, {"created_at": "1615203484", "created_by_id": "5334590", "name": "the-bottle-in-office", "rating_vote": "18", "rating": "18", "tags": ["ad\u535a\u58eb", "apoyn\u535a\u58eb", "\u539f\u5275", "\u6545\u4e8b", "\u74f6\u4e2d\u8239", "\u7814\u7a76\u54e1l.what"]}, {"created_at": "1615295349", "created_by_id": "4990678", "name": "lost-hometown", "rating_vote": "11", "rating": "11", "tags": ["1998\u5e74", "jp", "\u7ffb\u8b6f", "\u85dd\u8853\u4f5c\u54c1"]}]