[{"created_at": "1616850665", "created_by_id": "6952002", "name": "scp-5929", "rating_vote": "9", "rating": "9", "tags": ["en", "en-\u6025\u8feb\u7af6\u8cfd2021", "safe", "scp", "\u661f\u969b", "\u6b77\u53f2\u6027", "\u751f\u7269\u5371\u5bb3", "\u7ffb\u8b6f", "\u96d5\u523b"]}, {"created_at": "1616858074", "created_by_id": "7073060", "name": "scp-5884", "rating_vote": "5", "rating": "5", "tags": ["en", "en-\u6025\u8feb\u7af6\u8cfd2021", "keter", "scp", "\u5c4d\u9ad4", "\u5fa9\u6d3b", "\u6982\u5ff5", "\u7ffb\u8b6f"]}, {"created_at": "1616909590", "created_by_id": "6503482", "name": "the-wolves-at-the-door", "rating_vote": "5", "rating": "5", "tags": ["en", "iris-thompson", "\u5fa9\u751f", "\u6545\u4e8b", "\u7ffb\u8b6f"]}, {"created_at": "1616928097", "created_by_id": "6217438", "name": "scp-3939", "rating_vote": "14", "rating": "12", "tags": ["en", "meta", "safe", "scp", "\u4e92\u52d5\u6027", "\u611f\u77e5\u529b", "\u6558\u8ff0\u6027", "\u6575\u610f", "\u667a\u80fd", "\u6982\u5ff5", "\u6a21\u56e0\u6548\u61c9", "\u7ffb\u8b6f"]}, {"created_at": "1616945943", "created_by_id": "3981670", "name": "scp-3270", "rating_vote": "7", "rating": "7", "tags": ["en", "safe", "scp", "\u7cbe\u795e\u5f71\u97ff", "\u7ffb\u8b6f", "\u85dd\u8853\u6027", "\u8996\u89ba\u6027", "\u8a8d\u77e5\u5371\u5bb3", "\u8b8a\u5f62", "\u8c93\u985e"]}, {"created_at": "1617038537", "created_by_id": "3356098", "name": "scp-zh-033", "rating_vote": "25", "rating": "1", "tags": ["meta", "scp", "\u539f\u5275", "\u6a5f\u5bc6\u5206\u7d1a", "\u8cc7\u8a0a\u5371\u5bb3"]}, {"created_at": "1617068312", "created_by_id": "6217438", "name": "scp-3790-declassification", "rating_vote": "7", "rating": "7", "tags": ["en", "\u7528\u6236\u89e3\u5bc6", "\u7ffb\u8b6f"]}, {"created_at": "1617077062", "created_by_id": "5435485", "name": "flock-shatters-beneath-the-skydome", "rating_vote": "12", "rating": "12", "tags": ["kris\u535a\u58eb", "site-zh-44", "surge\u535a\u58eb", "x\u535a\u58eb", "\u4e09\u57a3", "\u539f\u5275", "\u53f0\u7063\u539f\u4f4f\u6c11", "\u6545\u4e8b", "\u6b32\u8089\u6559"]}, {"created_at": "1617094555", "created_by_id": "5817419", "name": "scp-zh-066", "rating_vote": "11", "rating": "11", "tags": ["euclid", "scp", "site-zh-16", "\u4eba\u9020\u7269\u54c1", "\u539f\u5275", "\u5b97\u6559", "\u5f37\u8feb\u6027", "\u6587\u737b", "\u6a21\u56e0\u6548\u61c9", "\u7cbe\u795e\u5f71\u97ff", "\u8996\u89ba\u6027", "\u89c0\u5bdf\u5f71\u97ff", "\u8a8d\u77e5\u5371\u5bb3"]}, {"created_at": "1617096774", "created_by_id": "3981670", "name": "author-page-tool", "rating_vote": "2", "rating": "2", "tags": ["en", "\u5f85\u66f4\u65b0", "\u5fc3\u5f97", "\u7ffb\u8b6f"]}, {"created_at": "1617106446", "created_by_id": "4357011", "name": "scp-049-pt", "rating_vote": "7", "rating": "7", "tags": ["keter", "pt", "scp", "\u4e8c\u6b21\u7ffb\u8b6f", "\u5faa\u74b0", "\u611f\u77e5\u529b", "\u7ffb\u8b6f", "\u8996\u89ba\u6027", "\u89c0\u5bdf\u5f71\u97ff", "\u8a8d\u77e5\u5371\u5bb3", "\u984c\u5beb"]}, {"created_at": "1617110734", "created_by_id": "4357011", "name": "scp-5259", "rating_vote": "7", "rating": "7", "tags": ["en", "en-\u6025\u8feb\u7af6\u8cfd2021", "euclid", "scp", "\u52d5\u7269", "\u667a\u80fd", "\u6b66\u5668", "\u6c34\u68f2", "\u6d3b\u7269", "\u7ffb\u8b6f", "\u8ecd\u4e8b", "\u9be8\u985e"]}, {"created_at": "1617113175", "created_by_id": "5701756", "name": "frozencold", "rating_vote": "9", "rating": "9", "tags": ["\u539f\u5275", "\u6545\u4e8b", "\u7b2c\u516b\u8655"]}, {"created_at": "1617128716", "created_by_id": "7073060", "name": "placeholder-mcd-s-authorpage", "rating_vote": "6", "rating": "6", "tags": ["en", "\u4f5c\u8005\u9801\u9762", "\u7ffb\u8b6f"]}, {"created_at": "1617193710", "created_by_id": "6952002", "name": "k1s10r0d-april-fool-project-2021", "rating_vote": "16", "rating": "16", "tags": ["kris\u535a\u58eb", "\u539f\u5275", "\u6545\u4e8b"]}, {"created_at": "1617200959", "created_by_id": "5344757", "name": "scp-zh-323-text-b01", "rating_vote": "7", "rating": "7", "tags": ["bales\u535a\u58eb", "site-zh-16", "\u539f\u5275", "\u6545\u4e8b"]}, {"created_at": "1617208442", "created_by_id": "5334590", "name": "the-bottle-in-april-fools", "rating_vote": "22", "rating": "22", "tags": ["ad\u535a\u58eb", "apoyn\u535a\u58eb", "\u539f\u5275", "\u6545\u4e8b", "\u74f6\u4e2d\u8239", "\u7814\u7a76\u54e1l.what"]}, {"created_at": "1617229366", "created_by_id": "4990678", "name": "super-cooking-pot", "rating_vote": "24", "rating": "24", "tags": ["\u539f\u5275", "\u641e\u7b11"]}, {"created_at": "1617253256", "created_by_id": "5435485", "name": "scp-zh-00l", "rating_vote": "33", "rating": "11", "tags": ["scp", "\u539f\u5275", "\u641e\u7b11"]}, {"created_at": "1617349738", "created_by_id": "2353778", "name": "scp-004-j", "rating_vote": "1", "rating": "1", "tags": ["en", "scp", "thaumiel", "\u4e0d\u6ec5\u5b7d\u8725", "\u4eba\u5f62", "\u611f\u77e5\u529b", "\u641e\u7b11", "\u667a\u80fd", "\u6d3b\u7269", "\u7cbe\u795e\u5f71\u97ff", "\u7ffb\u8b6f", "\u8a6d\u5384\u8001\u8005", "\u8a8d\u77e5\u5371\u5bb3"]}]