[{"created_at": "1554608017", "created_by_id": "5230135", "name": "scp-395", "rating_vote": "3", "rating": "1", "tags": ["en", "euclid", "scp", "\u4eba\u5f62", "\u5bc4\u751f\u6027", "\u5f37\u8feb\u6027", "\u7ffb\u8b6f"]}, {"created_at": "1554610589", "created_by_id": "4239775", "name": "scp-1004", "rating_vote": "5", "rating": "5", "tags": ["en", "redirect", "safe", "scp", "\u5a92\u9ad4", "\u5de5\u5ee0", "\u6027", "\u6210\u4eba\u5167\u5bb9", "\u7cbe\u795e\u5f71\u97ff", "\u7ffb\u8b6f", "\u807d\u89ba\u5f71\u97ff", "\u8996\u89ba\u6027", "\u8a18\u9304", "\u9069\u61c9\u6027", "\u91cd\u65b0\u5c0e\u5411"]}, {"created_at": "1554612558", "created_by_id": "4128767", "name": "present-and-letter", "rating_vote": "4", "rating": "4", "tags": ["jp", "\u6545\u4e8b", "\u7ffb\u8b6f", "\u9169\u914a\u8857"]}, {"created_at": "1554617772", "created_by_id": "4213515", "name": "ouroboros", "rating_vote": "4", "rating": "4", "tags": ["001\u63d0\u6848", "en", "\u4e2d\u5fc3", "\u7ffb\u8b6f"]}, {"created_at": "1554641115", "created_by_id": "4913214", "name": "scp-790", "rating_vote": "3", "rating": "3", "tags": ["en", "euclid", "scp", "\u5bc4\u751f\u6027", "\u611f\u77e5\u529b", "\u6d3b\u7269", "\u6db2\u9ad4", "\u7269\u7a2e", "\u7ffb\u8b6f"]}, {"created_at": "1554644307", "created_by_id": "3979351", "name": "scp-944", "rating_vote": "3", "rating": "3", "tags": ["en", "euclid", "scp", "\u5efa\u7bc9\u7269", "\u73bb\u7483", "\u7ffb\u8b6f", "\u8b8a\u5f62", "\u8d85\u7dad\u5ea6"]}, {"created_at": "1554648291", "created_by_id": "4213515", "name": "djkaktus", "rating_vote": "4", "rating": "4", "tags": ["en", "\u4f5c\u8005\u9801\u9762", "\u5b9a\u671f\u6aa2\u67e5", "\u5f85\u66f4\u65b0", "\u7ffb\u8b6f"]}, {"created_at": "1554649130", "created_by_id": "3979351", "name": "scp-1045", "rating_vote": "3", "rating": "3", "tags": ["en", "safe", "scp", "\u4eba\u5f62", "\u5bb6\u5177", "\u706b", "\u7ffb\u8b6f", "\u8072\u97f3", "\u8996\u89ba\u6027", "\u9670\u5f71"]}, {"created_at": "1554727279", "created_by_id": "4474355", "name": "scp-312", "rating_vote": "3", "rating": "3", "tags": ["en", "euclid", "scp", "\u52d5\u7269", "\u7121\u810a\u690e\u52d5\u7269", "\u7269\u7a2e", "\u773c\u775b", "\u7a7a\u4e2d", "\u7ffb\u8b6f", "\u8089\u98df\u6027"]}, {"created_at": "1554747341", "created_by_id": "4990678", "name": "ocd-virus01", "rating_vote": "20", "rating": "20", "tags": ["\u539f\u5275", "\u5c55\u51fa", "\u6545\u4e8b"]}, {"created_at": "1554748681", "created_by_id": "4990678", "name": "ocd-virus02", "rating_vote": "5", "rating": "5", "tags": ["\u539f\u5275", "\u6545\u4e8b"]}, {"created_at": "1554805066", "created_by_id": "3980953", "name": "scp-133", "rating_vote": "2", "rating": "2", "tags": ["en", "safe", "scp", "\u53cd\u71b5", "\u5de5\u5ee0", "\u7ffb\u8b6f", "\u91cd\u5beb"]}, {"created_at": "1554810606", "created_by_id": "4913214", "name": "scp-063", "rating_vote": "6", "rating": "6", "tags": ["en", "safe", "scp", "\u53cd\u71b5", "\u5de5\u5177", "\u653e\u5c04\u6027", "\u7ffb\u8b6f"]}, {"created_at": "1554866763", "created_by_id": "5230135", "name": "organization-code-utopia", "rating_vote": "7", "rating": "5", "tags": ["\u539f\u5275", "\u5c55\u51fa", "\u6545\u4e8b"]}, {"created_at": "1555064183", "created_by_id": "5230135", "name": "scp-390", "rating_vote": "6", "rating": "6", "tags": ["en", "safe", "scp", "\u6a5f\u68b0", "\u6b66\u5668", "\u6b77\u53f2\u6027", "\u71b1\u91cf\u5f71\u97ff", "\u7ffb\u8b6f"]}, {"created_at": "1555119781", "created_by_id": "5039979", "name": "scp-283", "rating_vote": "2", "rating": "2", "tags": ["en", "safe", "scp", "\u77f3\u982d", "\u7ffb\u8b6f", "\u91cd\u529b\u5f71\u97ff"]}, {"created_at": "1555129653", "created_by_id": "5039979", "name": "scp-284", "rating_vote": "3", "rating": "3", "tags": ["en", "safe", "scp", "\u4eba\u5f62", "\u5fc3\u9748\u611f\u61c9", "\u611f\u77e5\u529b", "\u667a\u80fd", "\u6d3b\u7269", "\u7ffb\u8b6f"]}, {"created_at": "1555159295", "created_by_id": "3979351", "name": "scp-2172", "rating_vote": "4", "rating": "4", "tags": ["en", "safe", "scp", "\u5730\u5e73\u7dda\u5021\u8b70", "\u5b97\u6559", "\u6587\u737b", "\u6d77\u7063", "\u7ffb\u8b6f", "\u96fb\u529b"]}, {"created_at": "1555161844", "created_by_id": "3979351", "name": "macro-7happy7-proposal", "rating_vote": "29", "rating": "29", "tags": ["int", "scp", "\u5408\u8457", "\u641e\u7b11", "\u6a5f\u5bc6\u5206\u7d1a", "\u7ffb\u8b6f"]}, {"created_at": "1555212195", "created_by_id": "4213515", "name": "scp-zh-009", "rating_vote": "29", "rating": "21", "tags": ["safe", "scp", "site-zh-02", "\u539f\u5275", "\u5730\u4e0b\u8857", "\u71b1\u91cf\u5f71\u97ff", "\u98df\u7269"]}]