[{"created_at": "1589812454", "created_by_id": "5255954", "name": "routine-psychological-evaluations-by-dr-glass", "rating_vote": "12", "rating": "12", "tags": ["bright\u535a\u58eb", "clef\u535a\u58eb", "en", "gears\u535a\u58eb", "glass\u535a\u58eb", "kondraki\u535a\u58eb", "rights\u535a\u58eb", "\u6545\u4e8b", "\u7ffb\u8b6f"]}, {"created_at": "1589814178", "created_by_id": "5653267", "name": "operation-nucleon-bank-cobweb01", "rating_vote": "9", "rating": "9", "tags": ["\u539f\u5275", "\u6545\u4e8b", "\u6838\u88c2\u64e0\u514c", "\u746a\u7d0d\u6148\u5584\u57fa\u91d1\u6703", "\u7b2c\u516b\u8655", "\u86db\u7db2\u570b\u969b"]}, {"created_at": "1589865260", "created_by_id": "5206218", "name": "coffee-date", "rating_vote": "6", "rating": "6", "tags": ["en", "kondraki\u535a\u58eb", "\u6545\u4e8b", "\u74f6\u4e2d\u8239", "\u7ffb\u8b6f"]}, {"created_at": "1589871347", "created_by_id": "5206218", "name": "group-date", "rating_vote": "5", "rating": "5", "tags": ["en", "kondraki\u535a\u58eb", "\u6545\u4e8b", "\u74f6\u4e2d\u8239", "\u7ffb\u8b6f"]}, {"created_at": "1589917570", "created_by_id": "5206218", "name": "i-want-to-dream", "rating_vote": "4", "rating": "4", "tags": ["en", "glass\u535a\u58eb", "kondraki\u535a\u58eb", "\u6545\u4e8b", "\u74f6\u4e2d\u8239", "\u7ffb\u8b6f"]}, {"created_at": "1589954806", "created_by_id": "3979351", "name": "yamizushi-file-053", "rating_vote": "12", "rating": "12", "tags": ["goi\u683c\u5f0f", "\u539f\u5275", "\u65b0\u8336\u5dba", "\u6b32\u8089\u6559", "\u7206\u65cb\u58fd\u53f8", "\u95c7\u58fd\u53f8"]}, {"created_at": "1589971250", "created_by_id": "5206218", "name": "waffle-date", "rating_vote": "5", "rating": "5", "tags": ["clef\u535a\u58eb", "en", "kondraki\u535a\u58eb", "\u6545\u4e8b", "\u74f6\u4e2d\u8239", "\u7ffb\u8b6f"]}, {"created_at": "1589978668", "created_by_id": "4474355", "name": "log-of-anomalous-items-eo", "rating_vote": "1", "rating": "1", "tags": ["eo", "\u5408\u4f5c", "\u6545\u4e8b", "\u7ffb\u8b6f"]}, {"created_at": "1589986295", "created_by_id": "5206218", "name": "scp-212", "rating_vote": "5", "rating": "5", "tags": ["en", "safe", "scp", "\u6a5f\u5668\u4eba", "\u7ffb\u8b6f", "\u8b8a\u5f62", "\u91ab\u5b78\u6027"]}, {"created_at": "1590059210", "created_by_id": "4128767", "name": "no-spring-will-come", "rating_vote": "3", "rating": "3", "tags": ["jp", "jp-1200\u5b5719a", "\u6545\u4e8b", "\u7ffb\u8b6f", "\u9169\u914a\u8857"]}, {"created_at": "1590152860", "created_by_id": "5653267", "name": "sh-3d-glutinous-oil-rice", "rating_vote": "13", "rating": "11", "tags": ["goi\u683c\u5f0f", "\u539f\u5275", "\u53cd\u5927\u9ebb\u73a9\u5bb6", "\u5b89\u5e03\u7f85\u65af\u9910\u5ef3", "\u86c7\u4e4b\u624b"]}, {"created_at": "1590165739", "created_by_id": "5013973", "name": "how-to-defeat-those-bad-guys-correctly", "rating_vote": "24", "rating": "24", "tags": ["bright\u535a\u58eb", "clef\u535a\u58eb", "gears\u535a\u58eb", "kondraki\u535a\u58eb", "\u539f\u5275", "\u85dd\u8853\u4f5c\u54c1"]}, {"created_at": "1590219437", "created_by_id": "6300422", "name": "i-am-the-organisation", "rating_vote": "9", "rating": "9", "tags": ["bright\u535a\u58eb", "glass\u535a\u58eb", "light\u535a\u58eb", "ru", "\u4e8c\u6b21\u7ffb\u8b6f", "\u6545\u4e8b", "\u7ffb\u8b6f"]}, {"created_at": "1590240149", "created_by_id": "5255954", "name": "climb-the-pyramid", "rating_vote": "3", "rating": "3", "tags": ["2020\u6500\u722c\u91d1\u5b57\u5854", "\u4e2d\u5fc3", "\u539f\u5275", "\u6311\u6230\u6d3b\u52d5"]}, {"created_at": "1590241046", "created_by_id": "5415046", "name": "kanshin-ryoiki-koigarezaki", "rating_vote": "10", "rating": "10", "tags": ["goi\u683c\u5f0f", "ijamea", "jagpato", "jp", "\u535a\u58eb", "\u6200\u660f\u5d0e\u65b0\u805e\u793e", "\u65e5\u5949\u4e00\u65cf", "\u65e5\u672c\u751f\u985e\u5275\u7814", "\u6771\u5f0a\u91cd\u5de5", "\u6bc6\u6253\u9bca\u9b5a\u4e2d\u5fc3", "\u746a\u7d0d\u6148\u5584\u57fa\u91d1\u6703", "\u7ffb\u8b6f", "\u8490\u96c6\u9662", "\u9169\u914a\u8857", "\u95c7\u58fd\u53f8"]}, {"created_at": "1590253171", "created_by_id": "4128767", "name": "yumemi-technology-com-company-history-logo", "rating_vote": "7", "rating": "7", "tags": ["jp", "\u5922\u898b\u79d1\u6280", "\u7ffb\u8b6f", "\u85dd\u8853\u4f5c\u54c1"]}, {"created_at": "1590277072", "created_by_id": "3981670", "name": "case-colourless-green", "rating_vote": "4", "rating": "4", "tags": ["en", "marion-wheeler", "\u6545\u4e8b", "\u7ffb\u8b6f"]}, {"created_at": "1590299938", "created_by_id": "5206218", "name": "log-of-agent-aa", "rating_vote": "11", "rating": "11", "tags": ["en", "iris-thompson", "\u4e9e\u4f2f", "\u6545\u4e8b", "\u7ffb\u8b6f", "\u8a72\u96b1"]}, {"created_at": "1590314973", "created_by_id": "3979351", "name": "scp-zh-264", "rating_vote": "9", "rating": "9", "tags": ["2020\u6500\u722c\u91d1\u5b57\u5854", "euclid", "ijamea", "scp", "\u539f\u5275", "\u5de5\u5ee0", "\u6a21\u56e0\u6548\u61c9", "\u6b77\u53f2\u6027", "\u96f6\u865f\u5c08\u968a"]}, {"created_at": "1590339776", "created_by_id": "5255954", "name": "scp-1084-ru", "rating_vote": "5", "rating": "5", "tags": ["euclid", "ru", "scp", "\u4eba\u5f62", "\u667a\u80fd", "\u7cbe\u795e\u5f71\u97ff", "\u7ffb\u8b6f"]}]