[{"created_at": "1570685025", "created_by_id": "5415046", "name": "atashi-merisa", "rating_vote": "14", "rating": "14", "tags": ["ko", "ko-\u77ed\u6587\u7af6\u8cfd2018", "\u4e8c\u6b21\u7ffb\u8b6f", "\u6545\u4e8b", "\u7ffb\u8b6f"]}, {"created_at": "1570871921", "created_by_id": "4474355", "name": "scp-zh-041", "rating_vote": "20", "rating": "18", "tags": ["lofia", "safe", "scp", "\u539f\u5275", "\u7814\u7a76\u54e1l.what"]}, {"created_at": "1570961815", "created_by_id": "5428435", "name": "scp-zh-087", "rating_vote": "31", "rating": "31", "tags": ["euclid", "meta", "scp", "site-zh-44", "\u4eba\u5f62", "\u539f\u5275", "\u6558\u8ff0\u6027", "\u8b8a\u5f62"]}, {"created_at": "1571111203", "created_by_id": "5334590", "name": "scp-zh-070", "rating_vote": "18", "rating": "18", "tags": ["keter", "scp", "site-zh-16", "\u4eba\u5f62", "\u539f\u5275", "\u53cd\u5927\u9ebb\u73a9\u5bb6", "\u5c0f\u5c0f\u5148\u751f", "\u611f\u67d3\u6027", "\u7814\u7a76\u54e1l.what", "\u7e41\u5ee3"]}, {"created_at": "1571389418", "created_by_id": "5684299", "name": "scp-010-is", "rating_vote": "0", "rating": "0", "tags": ["int", "safe", "scp", "\u4e8c\u6b21\u7ffb\u8b6f", "\u7ffb\u8b6f"]}, {"created_at": "1571417590", "created_by_id": "5334590", "name": "cinderella", "rating_vote": "11", "rating": "11", "tags": ["\u539f\u5275", "\u6545\u4e8b", "\u7814\u7a76\u54e1l.what"]}, {"created_at": "1571426629", "created_by_id": "5344757", "name": "run-errands", "rating_vote": "9", "rating": "9", "tags": ["bales\u535a\u58eb", "site-zh-16", "\u539f\u5275", "\u6545\u4e8b"]}, {"created_at": "1571490655", "created_by_id": "4055881", "name": "mother-mother-i-miss-you-so", "rating_vote": "4", "rating": "4", "tags": ["en", "\u6545\u4e8b", "\u7ffb\u8b6f", "\u8a69\u6b4c"]}, {"created_at": "1571497411", "created_by_id": "5237516", "name": "scp-zh-043", "rating_vote": "10", "rating": "4", "tags": ["safe", "scp", "site-zh-25", "\u539f\u5275", "\u65b0\u56db\u5c71\u5c0f\u5b78", "\u65b0\u8336\u5dba", "\u96f6\u865f\u5c08\u968a"]}, {"created_at": "1571640848", "created_by_id": "5325850", "name": "scp-zh-047", "rating_vote": "18", "rating": "12", "tags": ["safe", "scp", "site-zh-12", "\u539f\u5275", "\u5433\u6615\u535a\u58eb", "\u5de5\u5177", "\u6587\u737b"]}, {"created_at": "1571748209", "created_by_id": "4055881", "name": "bearitage-collection", "rating_vote": "7", "rating": "7", "tags": ["en", "\u4e2d\u5fc3", "\u5a01\u723e\u905c\u751f\u7269\u61c9\u5c0d\u7d44", "\u5f85\u66f4\u65b0", "\u641e\u7b11", "\u7ffb\u8b6f"]}, {"created_at": "1571843129", "created_by_id": "5062193", "name": "scp-2109", "rating_vote": "4", "rating": "4", "tags": ["en", "euclid", "meta", "scp", "\u4eba\u5f62", "\u611f\u77e5\u5f71\u97ff", "\u672a\u6536\u5bb9", "\u7ffb\u8b6f", "\u8a8d\u77e5\u5371\u5bb3", "\u8cc7\u8a0a\u5371\u5bb3", "\u9006\u6a21\u56e0"]}, {"created_at": "1571928507", "created_by_id": "4239775", "name": "site-zh-50", "rating_vote": "15", "rating": "15", "tags": ["site-zh-50", "\u4e2d\u5fc3", "\u539f\u5275", "\u7ad9\u9ede"]}, {"created_at": "1571963411", "created_by_id": "5255954", "name": "boarding", "rating_vote": "12", "rating": "12", "tags": ["bales\u535a\u58eb", "reverberate\u535a\u58eb", "site-zh-16", "site-zh-81", "\u539f\u5275", "\u6545\u4e8b"]}, {"created_at": "1572068899", "created_by_id": "3741648", "name": "scp-1047-j", "rating_vote": "5", "rating": "5", "tags": ["en", "meta", "scp", "\u641e\u7b11", "\u6a5f\u5bc6\u5206\u7d1a", "\u7ffb\u8b6f"]}, {"created_at": "1572183476", "created_by_id": "5817419", "name": "scp-914", "rating_vote": "6", "rating": "6", "tags": ["en", "safe", "scp", "\u667a\u80fd", "\u767c\u689d", "\u7ffb\u8b6f", "\u8b8a\u5f62"]}, {"created_at": "1572274996", "created_by_id": "5334590", "name": "scp-zh-0100", "rating_vote": "23", "rating": "23", "tags": ["site-zh-16", "\u4e92\u52d5\u6027", "\u539f\u5275", "\u5c55\u51fa", "\u6545\u4e8b", "\u7814\u7a76\u54e1l.what"]}, {"created_at": "1572304346", "created_by_id": "5255954", "name": "scp-zh-100", "rating_vote": "16", "rating": "16", "tags": ["reverberate\u535a\u58eb", "safe", "scp", "site-zh-81", "\u539f\u5275", "\u5bb9\u5668", "\u5c55\u51fa", "\u6642\u7a7a", "\u6728\u8cea", "\u8996\u89ba\u6027", "\u89c0\u5bdf\u5f71\u97ff"]}, {"created_at": "1572344970", "created_by_id": "4357011", "name": "escape-from-terminus", "rating_vote": "5", "rating": "5", "tags": ["creepypasta", "en", "\u6545\u4e8b", "\u7570\u8996\u7dad\u57fa", "\u7ffb\u8b6f"]}, {"created_at": "1572499734", "created_by_id": "3979351", "name": "voting-of-cha", "rating_vote": "8", "rating": "8", "tags": ["\u4e09\u6ce2\u7279\u862d", "\u539f\u5275", "\u5a01\u723e\u905c\u751f\u7269\u61c9\u5c0d\u7d44", "\u6545\u4e8b", "\u65b0\u8336\u5dba", "\u6728\u6613"]}]