[{"created_at": "1568823326", "created_by_id": "4357011", "name": "it-smells-cold", "rating_vote": "6", "rating": "6", "tags": ["creepypasta", "en", "\u6545\u4e8b", "\u7570\u8996\u7dad\u57fa", "\u7ffb\u8b6f"]}, {"created_at": "1568823515", "created_by_id": "5653267", "name": "scp-zh-174", "rating_vote": "24", "rating": "22", "tags": ["keter", "scp", "\u5100\u5f0f\u6027", "\u539f\u5275", "\u5b97\u6559", "\u7121\u6548\u5316", "\u86c7\u4e4b\u624b", "\u8a8d\u77e5\u5371\u5bb3"]}, {"created_at": "1568836372", "created_by_id": "5251681", "name": "flamingos", "rating_vote": "6", "rating": "6", "tags": ["en", "\u6545\u4e8b", "\u7ffb\u8b6f"]}, {"created_at": "1568966686", "created_by_id": "3979351", "name": "scp-zh-259", "rating_vote": "12", "rating": "12", "tags": ["1976\u5e74\u73ed", "safe", "scp", "\u4e2d\u79cb\u70cf\u8def\u8cfd", "\u50b3\u9001", "\u539f\u5275", "\u65b0\u8336\u5dba", "\u98df\u7269"]}, {"created_at": "1568990623", "created_by_id": "5255954", "name": "scp-zh-815", "rating_vote": "36", "rating": "36", "tags": ["safe", "scp", "site-zh-81", "\u4e2d\u79cb\u70cf\u8def\u8cfd", "\u539f\u5275", "\u5c55\u51fa", "\u98df\u7269"]}, {"created_at": "1569064287", "created_by_id": "3979351", "name": "grant-request-for-the-development-of-tools-for-mapping-local", "rating_vote": "3", "rating": "3", "tags": ["en", "goi\u683c\u5f0f", "\u666e\u7f85\u7c73\u4fee\u65af\u5be6\u9a57\u5ba4", "\u7ffb\u8b6f"]}, {"created_at": "1569155808", "created_by_id": "3979351", "name": "water-pipe", "rating_vote": "8", "rating": "8", "tags": ["goi\u683c\u5f0f", "\u4e09\u6ce2\u7279\u862d", "\u539f\u5275", "\u65b0\u8336\u5dba", "\u666e\u7f85\u7c73\u4fee\u65af\u5be6\u9a57\u5ba4", "\u8607\u8377\u5f8c\u9580"]}, {"created_at": "1569331740", "created_by_id": "4055881", "name": "djkaktus-s-proposal-j", "rating_vote": "10", "rating": "10", "tags": ["en", "k\u7d1a\u60c5\u666f", "scp", "\u5154\u985e", "\u52d5\u7269", "\u6027", "\u611f\u77e5\u529b", "\u641e\u7b11", "\u6575\u610f", "\u667a\u80fd", "\u6a5f\u5bc6\u5206\u7d1a", "\u6b77\u53f2\u6027", "\u6d3b\u7269", "\u718a\u985e", "\u7ffb\u8b6f", "\u8072\u97f3", "\u8c93\u985e", "\u99ac\u985e", "\u9ce5\u985e"]}, {"created_at": "1569334684", "created_by_id": "5251681", "name": "scp-1507", "rating_vote": "5", "rating": "5", "tags": ["en", "euclid", "scp", "\u4eba\u9020\u7269\u54c1", "\u5f85\u66f4\u65b0", "\u7fa4\u9ad4\u6027", "\u7ffb\u8b6f", "\u8072\u97f3", "\u81ea\u4e3b", "\u91cd\u5beb", "\u9ce5\u985e"]}, {"created_at": "1569424996", "created_by_id": "5344757", "name": "lonely-banquet", "rating_vote": "7", "rating": "7", "tags": ["site-zh-16", "\u4e2d\u79cb\u70cf\u8def\u8cfd", "\u539f\u5275", "\u6545\u4e8b"]}, {"created_at": "1569566763", "created_by_id": "5435485", "name": "scp-zh-913", "rating_vote": "18", "rating": "18", "tags": ["scp", "\u4e2d\u79cb\u70cf\u8def\u8cfd", "\u539f\u5275", "\u53cd\u71b5", "\u6f58\u6d1b\u65af", "\u7121\u6548\u5316", "\u7cbe\u795e\u5f71\u97ff", "\u98df\u7269"]}, {"created_at": "1569569048", "created_by_id": "5415046", "name": "scp-zh-272", "rating_vote": "10", "rating": "10", "tags": ["k\u7d1a\u60c5\u666f", "safe", "scp", "\u4e2d\u79cb\u70cf\u8def\u8cfd", "\u50b3\u9001", "\u539f\u5275", "\u53cd\u71b5", "\u6708\u7403", "\u6a5f\u5668\u4eba"]}, {"created_at": "1569590297", "created_by_id": "5334590", "name": "no-door-open-for-me", "rating_vote": "16", "rating": "14", "tags": ["site-zh-16", "sugoi\u535a\u58eb", "\u4e2d\u79cb\u70cf\u8def\u8cfd", "\u539f\u5275", "\u6545\u4e8b", "\u7814\u7a76\u54e1l.what"]}, {"created_at": "1569595419", "created_by_id": "5402841", "name": "nb", "rating_vote": "15", "rating": "13", "tags": ["site-zh-44", "\u4e2d\u79cb\u70cf\u8def\u8cfd", "\u539f\u5275", "\u6545\u4e8b", "\u8449\u51e1\u535a\u58eb"]}, {"created_at": "1569595665", "created_by_id": "4128767", "name": "orange-1114", "rating_vote": "10", "rating": "8", "tags": ["ain\u535a\u58eb", "surge\u535a\u58eb", "\u4e2d\u79cb\u70cf\u8def\u8cfd", "\u539f\u5275", "\u641e\u7b11", "\u6545\u4e8b", "\u6d17\u8863\u90e8\u9580"]}, {"created_at": "1569598953", "created_by_id": "5415046", "name": "mu-yi-115", "rating_vote": "17", "rating": "17", "tags": ["goi\u683c\u5f0f", "\u4e2d\u79cb\u70cf\u8def\u8cfd", "\u539f\u5275", "\u5c55\u51fa", "\u6728\u6613"]}, {"created_at": "1569712193", "created_by_id": "5251681", "name": "scp-123-j", "rating_vote": "6", "rating": "6", "tags": ["en", "safe", "scp", "\u641e\u7b11", "\u6709\u6a5f", "\u7cbe\u795e\u5f71\u97ff", "\u7ffb\u8b6f", "\u98df\u7269"]}, {"created_at": "1569835990", "created_by_id": "5344757", "name": "blackwolf-may-cry", "rating_vote": "9", "rating": "9", "tags": ["site-zh-50", "\u539f\u5275", "\u6545\u4e8b", "\u6838\u88c2\u64e0\u514c", "\u9577\u57a3-4"]}, {"created_at": "1570251161", "created_by_id": "5684299", "name": "scp-003-sl", "rating_vote": "4", "rating": "0", "tags": ["euclid", "scp", "sl", "\u4e8c\u6b21\u7ffb\u8b6f", "\u7ffb\u8b6f"]}, {"created_at": "1570287827", "created_by_id": "5413616", "name": "scp-zh-217", "rating_vote": "10", "rating": "10", "tags": ["safe", "scp", "site-zh-16", "sugoi\u535a\u58eb", "\u4eba\u9020\u7269\u54c1", "\u539f\u5275", "\u5947\u7269\u5ba4"]}]