[{"created_at": "1601810323", "created_by_id": "5255954", "name": "how-to-survive-in-the-wild", "rating_vote": "18", "rating": "18", "tags": ["reverberate\u535a\u58eb", "\u539f\u5275", "\u6545\u4e8b", "\u8aaa\u660e"]}, {"created_at": "1601815486", "created_by_id": "4357011", "name": "nx-58", "rating_vote": "5", "rating": "5", "tags": ["en", "\u6545\u4e8b", "\u7ffb\u8b6f"]}, {"created_at": "1601876804", "created_by_id": "5484164", "name": "scp-zh-912", "rating_vote": "15", "rating": "13", "tags": ["euclid", "scp", "\u539f\u5275", "\u611f\u77e5\u5f71\u97ff", "\u651d\u50cf", "\u7121\u5b9a\u5f62", "\u89c0\u5bdf\u5f71\u97ff", "\u8a18\u9304", "\u8a8d\u77e5\u5371\u5bb3"]}, {"created_at": "1601999914", "created_by_id": "5817419", "name": "scp-978", "rating_vote": "10", "rating": "10", "tags": ["en", "safe", "scp", "\u5de5\u5177", "\u5fc3\u9748\u611f\u61c9", "\u651d\u50cf", "\u7ffb\u8b6f", "\u8996\u89ba\u6027"]}, {"created_at": "1602046485", "created_by_id": "5334590", "name": "the-bottle-in-restroom", "rating_vote": "31", "rating": "31", "tags": ["ad\u535a\u58eb", "apoyn\u535a\u58eb", "site-zh-12", "\u539f\u5275", "\u5c55\u51fa", "\u6545\u4e8b", "\u74f6\u4e2d\u8239"]}, {"created_at": "1602084306", "created_by_id": "6787405", "name": "scp-132-jp-animation", "rating_vote": "15", "rating": "15", "tags": ["jp", "\u7ffb\u8b6f", "\u85dd\u8853\u4f5c\u54c1"]}, {"created_at": "1602125910", "created_by_id": "5565302", "name": "comic", "rating_vote": "17", "rating": "17", "tags": ["ad\u535a\u58eb", "bales\u535a\u58eb", "kris\u535a\u58eb", "reverberate\u535a\u58eb", "\u539f\u5275", "\u5851\u50cf173", "\u7814\u7a76\u54e1l.what", "\u85dd\u8853\u4f5c\u54c1"]}, {"created_at": "1602222063", "created_by_id": "4990678", "name": "mss-19-logo", "rating_vote": "15", "rating": "9", "tags": ["\u539f\u5275", "\u570b\u5b89\u5341\u4e5d\u5c40", "\u85dd\u8853\u4f5c\u54c1"]}, {"created_at": "1602250102", "created_by_id": "5415046", "name": "scp-zh-831", "rating_vote": "18", "rating": "18", "tags": ["scp", "site-zh-22", "\u4eba\u5f62", "\u539f\u5275", "\u5faa\u74b0", "\u6d3b\u7269", "\u7121\u6548\u5316", "\u751f\u6b96\u6027", "\u80a2\u9ad4"]}, {"created_at": "1602258357", "created_by_id": "4239775", "name": "operation-twin-cities-hub", "rating_vote": "9", "rating": "9", "tags": ["\u4e2d\u5fc3", "\u539f\u5275", "\u96d9\u57ce\u4f5c\u6230"]}, {"created_at": "1602263538", "created_by_id": "5415046", "name": "chopin-godzilla-with-halo", "rating_vote": "8", "rating": "8", "tags": ["1998\u5e74", "jp", "\u7ffb\u8b6f", "\u85dd\u8853\u4f5c\u54c1"]}, {"created_at": "1602337591", "created_by_id": "4239775", "name": "discipline", "rating_vote": "8", "rating": "8", "tags": ["reverberate\u535a\u58eb", "semibreve\u535a\u58eb", "site-zh-16", "site-zh-50", "site-zh-81", "\u4e09\u57a3", "\u5168\u7403\u8d85\u81ea\u7136\u806f\u76df", "\u539f\u5275", "\u5730\u4e0b\u8857", "\u6545\u4e8b", "\u6838\u88c2\u64e0\u514c", "\u6c99\u7687\u5148\u77e5\u5354\u6703", "\u7b2c\u516b\u8655", "\u822a\u6d77\u5b78", "\u96d9\u57ce\u4f5c\u6230"]}, {"created_at": "1602402733", "created_by_id": "5817419", "name": "scp-765", "rating_vote": "4", "rating": "4", "tags": ["en", "safe", "scp", "\u5730\u9ede", "\u6d3b\u52d5\u5c55\u51fa", "\u7cbe\u795e\u5f71\u97ff", "\u7ffb\u8b6f"]}, {"created_at": "1602520646", "created_by_id": "6788064", "name": "goi-awcy-gaw", "rating_vote": "16", "rating": "16", "tags": ["awcy", "\u539f\u5275", "\u53cd\u5927\u9ebb\u73a9\u5bb6", "\u85dd\u8853\u4f5c\u54c1"]}, {"created_at": "1602576480", "created_by_id": "5334590", "name": "scp-3074", "rating_vote": "7", "rating": "7", "tags": ["en", "euclid", "scp", "\u5730\u9ede", "\u5efa\u7bc9\u7269", "\u7ffb\u8b6f", "\u8072\u97f3", "\u8d85\u7dad\u5ea6", "\u96fb\u529b"]}, {"created_at": "1602613388", "created_by_id": "5415046", "name": "grant-request-for-the-telekinetic-alloy", "rating_vote": "6", "rating": "6", "tags": ["1998\u5e74", "goi\u683c\u5f0f", "jp", "\u666e\u7f85\u7c73\u4fee\u65af\u5be6\u9a57\u5ba4", "\u7ffb\u8b6f"]}, {"created_at": "1602649013", "created_by_id": "5415046", "name": "scp-2096-jp", "rating_vote": "4", "rating": "4", "tags": ["jp", "keter", "scp", "\u50b3\u9001", "\u52d5\u7269", "\u65e5\u672c\u751f\u985e\u5275\u7814", "\u672a\u6536\u5bb9", "\u7ffb\u8b6f"]}, {"created_at": "1602651807", "created_by_id": "5415046", "name": "scp-1633-jp", "rating_vote": "5", "rating": "5", "tags": ["jp", "scp", "\u5408\u8457", "\u661f\u969b", "\u6708\u7403", "\u6a5f\u5bc6\u5206\u7d1a", "\u7570\u5e38\u79fb\u52d5", "\u7ffb\u8b6f", "\u904a\u6232", "\u9ad4\u80b2"]}, {"created_at": "1602680682", "created_by_id": "5415046", "name": "scp-2113-jp", "rating_vote": "7", "rating": "7", "tags": ["awcy", "jp", "jp-\u8b0a\u8a00\u7af6\u8cfd2020", "scp", "\u6642\u7a7a", "\u672a\u6536\u5bb9", "\u6a5f\u5bc6\u5206\u7d1a", "\u6b66\u5668", "\u7ffb\u8b6f", "\u8d85\u7dad\u5ea6"]}, {"created_at": "1602756032", "created_by_id": "5334590", "name": "big-fish-in-the-sky", "rating_vote": "5", "rating": "5", "tags": ["en", "\u6545\u4e8b", "\u7ffb\u8b6f"]}]