[{"created_at": "1618460214", "created_by_id": "7073060", "name": "scp-zh-440", "rating_vote": "12", "rating": "12", "tags": ["apoyn\u535a\u58eb", "scp", "\u539f\u5275", "\u5efa\u7bc9\u7269", "\u6a5f\u5bc6\u5206\u7d1a", "\u8cc7\u8a0a\u5371\u5bb3", "\u9006\u6a21\u56e0"]}, {"created_at": "1618567345", "created_by_id": "6217438", "name": "scp-4517-declassification", "rating_vote": "6", "rating": "6", "tags": ["en", "\u7528\u6236\u89e3\u5bc6", "\u7ffb\u8b6f"]}, {"created_at": "1618583956", "created_by_id": "5565302", "name": "scp-zh-880", "rating_vote": "29", "rating": "29", "tags": ["euclid", "scp", "\u4eba\u5f62", "\u539f\u5275", "\u5f37\u8feb\u6027", "\u63a0\u98df\u6027", "\u8863\u7269", "\u89f8\u89ba\u5f71\u97ff", "\u8a8d\u77e5\u5371\u5bb3"]}, {"created_at": "1618587573", "created_by_id": "5956873", "name": "scp-zh-162", "rating_vote": "10", "rating": "10", "tags": ["euclid", "scp", "\u539f\u5275", "\u5a92\u9ad4", "\u6a21\u56e0\u6548\u61c9", "\u8cc7\u8a0a\u5371\u5bb3"]}, {"created_at": "1618590170", "created_by_id": "5344757", "name": "v1l3-j-mercury-poisoning", "rating_vote": "9", "rating": "9", "tags": ["\u539f\u5275", "\u6210\u4eba\u5167\u5bb9", "\u6545\u4e8b", "\u6c34\u9280", "\u8449\u51e1\u535a\u58eb", "\u91cd\u65b0\u5c0e\u5411"]}, {"created_at": "1618600949", "created_by_id": "4990678", "name": "apple-babies", "rating_vote": "1", "rating": "1", "tags": ["jp", "\u7ffb\u8b6f", "\u85dd\u8853\u4f5c\u54c1"]}, {"created_at": "1618602070", "created_by_id": "4990678", "name": "19still-end0305", "rating_vote": "2", "rating": "2", "tags": ["jp", "\u7ffb\u8b6f", "\u85dd\u8853\u4f5c\u54c1"]}, {"created_at": "1618602861", "created_by_id": "4990678", "name": "teacher", "rating_vote": "6", "rating": "6", "tags": ["jp", "\u7ffb\u8b6f", "\u85dd\u8853\u4f5c\u54c1"]}, {"created_at": "1618642535", "created_by_id": "6952002", "name": "k1s10r0d-hand-drawn-valmua", "rating_vote": "14", "rating": "14", "tags": ["kris\u535a\u58eb", "\u539f\u5275", "\u85dd\u8853\u4f5c\u54c1"]}, {"created_at": "1618653957", "created_by_id": "6217438", "name": "scp-3133", "rating_vote": "8", "rating": "8", "tags": ["en", "keter", "meta", "scp", "\u502b\u7406\u59d4\u54e1\u6703", "\u52d5\u7269", "\u6d3b\u7269", "\u72ac\u985e", "\u7cbe\u795e\u5f71\u97ff", "\u7ffb\u8b6f"]}, {"created_at": "1618654821", "created_by_id": "6217438", "name": "scp-5004", "rating_vote": "19", "rating": "19", "tags": ["bright\u535a\u58eb", "clef\u535a\u58eb", "en", "en-5000", "everwood\u535a\u58eb", "gears\u535a\u58eb", "glass\u535a\u58eb", "kain-pathos-crow", "light\u535a\u58eb", "mann\u535a\u58eb", "merlo\u7279\u5de5", "moose\u4e3b\u4efb", "navarro\u7279\u5de5", "scp", "spanko\u535a\u58eb", "thaumiel", "uiu", "\u4eba\u5f62", "\u502b\u7406\u59d4\u54e1\u6703", "\u5100\u5f0f\u6027", "\u611f\u77e5\u529b", "\u6575\u610f", "\u667a\u80fd", "\u672c\u8cea\u4fc3\u52d5", "\u6d3b\u7269", "\u7ffb\u8b6f", "\u8d85\u7dad\u5ea6", "\u99ac\u514b\u00b7\u6850\u751f"]}, {"created_at": "1618746160", "created_by_id": "5454699", "name": "scp-zh-185", "rating_vote": "19", "rating": "19", "tags": ["safe", "scp", "\u4eba\u9020\u7269\u54c1", "\u539f\u5275", "\u578b\u614b\u8b8a\u5316", "\u6982\u5ff5", "\u6c34\u9280", "\u7cbe\u795e\u5f71\u97ff", "\u8996\u89ba\u6027", "\u8a8d\u77e5\u5371\u5bb3", "\u96fb\u8166"]}, {"created_at": "1618750174", "created_by_id": "5344757", "name": "bales-brb-teach", "rating_vote": "6", "rating": "6", "tags": ["\u539f\u5275", "\u5fc3\u5f97", "\u7d44\u4ef6"]}, {"created_at": "1618752037", "created_by_id": "6952002", "name": "k1s10r0d-chain-sugoi", "rating_vote": "26", "rating": "26", "tags": ["sugoi\u535a\u58eb", "\u539f\u5275", "\u85dd\u8853\u4f5c\u54c1"]}, {"created_at": "1618824563", "created_by_id": "3981670", "name": "scp-4646", "rating_vote": "6", "rating": "6", "tags": ["awcy", "en", "safe", "scp", "\u5730\u9ede", "\u5efa\u7bc9\u7269", "\u6642\u9593\u5f71\u97ff", "\u7ffb\u8b6f", "\u85dd\u8853\u6027"]}, {"created_at": "1618851955", "created_by_id": "4990678", "name": "polaris", "rating_vote": "17", "rating": "17", "tags": ["reverberate\u535a\u58eb", "\u539f\u5275", "\u85dd\u8853\u4f5c\u54c1"]}, {"created_at": "1618852145", "created_by_id": "5415046", "name": "scp-zh-488", "rating_vote": "11", "rating": "9", "tags": ["euclid", "mc&amp;d", "scp", "site-zh-16", "\u4eba\u9020\u7269\u54c1", "\u50b3\u9001", "\u539f\u5275", "\u666e\u7f85\u7c73\u4fee\u65af\u5be6\u9a57\u5ba4", "\u6a5f\u68b0", "\u751f\u7269\u6027", "\u7b2c\u516b\u8655", "\u7e41\u5ee3"]}, {"created_at": "1618924411", "created_by_id": "6217438", "name": "scp-5404-declassification", "rating_vote": "5", "rating": "5", "tags": ["en", "\u7528\u6236\u89e3\u5bc6", "\u7ffb\u8b6f"]}, {"created_at": "1618998682", "created_by_id": "7320283", "name": "scp-5383", "rating_vote": "2", "rating": "2", "tags": ["en", "en-\u6025\u8feb\u7af6\u8cfd2021", "keter", "scp", "\u5100\u5f0f\u6027", "\u5b97\u6559", "\u6982\u5ff5", "\u7ffb\u8b6f"]}, {"created_at": "1619011006", "created_by_id": "5653267", "name": "scp-zh-946", "rating_vote": "28", "rating": "26", "tags": ["2020\u6500\u722c\u91d1\u5b57\u5854", "euclid", "mc&amp;d", "scp", "\u5168\u7403\u8d85\u81ea\u7136\u806f\u76df", "\u5168\u7dda\u6230\u722d", "\u52d5\u7269", "\u539f\u5275", "\u5fae\u89c0", "\u7269\u7a2e", "\u751f\u7269\u5371\u5bb3", "\u751f\u7269\u6027", "\u75c5\u6bd2", "\u86c7\u4e4b\u624b", "\u86db\u7db2\u570b\u969b"]}]