[{"created_at": "1578455346", "created_by_id": "5956873", "name": "alive-evergreen", "rating_vote": "6", "rating": "6", "tags": ["site-zh-81", "\u539f\u5275", "\u6545\u4e8b", "\u8679\u5149\u4e4b\u9593"]}, {"created_at": "1578455678", "created_by_id": "5956873", "name": "no-cooked-yolk-is-life", "rating_vote": "12", "rating": "12", "tags": ["chrome", "\u4e2d\u79cb\u70cf\u8def\u8cfd", "\u539f\u5275", "\u6545\u4e8b", "\u6d17\u8863\u90e8\u9580"]}, {"created_at": "1578456194", "created_by_id": "5956873", "name": "black-6666", "rating_vote": "6", "rating": "6", "tags": ["semibreve\u535a\u58eb", "\u539f\u5275", "\u6545\u4e8b", "\u6d17\u8863\u90e8\u9580"]}, {"created_at": "1578466446", "created_by_id": "5325850", "name": "art-for-zh255", "rating_vote": "7", "rating": "7", "tags": ["2019\u8056\u591c\u76f8\u5b88", "\u539f\u5275", "\u85dd\u8853\u4f5c\u54c1"]}, {"created_at": "1578468007", "created_by_id": "5325850", "name": "art-for-0100", "rating_vote": "8", "rating": "8", "tags": ["2019\u8056\u591c\u76f8\u5b88", "\u539f\u5275", "\u85dd\u8853\u4f5c\u54c1"]}, {"created_at": "1578529889", "created_by_id": "5255954", "name": "a-mysterious-road", "rating_vote": "12", "rating": "12", "tags": ["2019\u8056\u591c\u76f8\u5b88", "\u539f\u5275", "\u6c99\u7687\u5148\u77e5\u5354\u6703", "\u85dd\u8853\u4f5c\u54c1"]}, {"created_at": "1578566087", "created_by_id": "3979351", "name": "first-mu-yi-donation", "rating_vote": "11", "rating": "11", "tags": ["goi\u683c\u5f0f", "\u539f\u5275", "\u5c55\u51fa", "\u6728\u6613", "\u746a\u7d0d\u6148\u5584\u57fa\u91d1\u6703", "\u7834\u788e\u4e4b\u795e\u6559\u6703"]}, {"created_at": "1578638047", "created_by_id": "5684299", "name": "article-number-001", "rating_vote": "9", "rating": "9", "tags": ["2019\u8056\u591c\u76f8\u5b88", "goi\u683c\u5f0f", "\u539f\u5275", "\u5730\u5e73\u7dda\u5021\u8b70", "\u6c99\u7687\u5148\u77e5\u5354\u6703", "\u86c7\u4e4b\u624b"]}, {"created_at": "1578655509", "created_by_id": "5817419", "name": "pry", "rating_vote": "18", "rating": "18", "tags": ["2019\u8056\u591c\u76f8\u5b88", "x\u535a\u58eb", "\u539f\u5275", "\u6545\u4e8b"]}, {"created_at": "1578754743", "created_by_id": "5435485", "name": "keepthere-art", "rating_vote": "12", "rating": "12", "tags": ["2019\u8056\u591c\u76f8\u5b88", "\u539f\u5275", "\u85dd\u8853\u4f5c\u54c1"]}, {"created_at": "1578837295", "created_by_id": "3979351", "name": "scp-zh-260", "rating_vote": "9", "rating": "9", "tags": ["2019\u8056\u591c\u76f8\u5b88", "safe", "scp", "\u4eba\u9020\u7269\u54c1", "\u539f\u5275", "\u65e5\u5949\u4e00\u65cf", "\u65e5\u672c\u751f\u985e\u5275\u7814", "\u6728\u6613"]}, {"created_at": "1578844158", "created_by_id": "5334590", "name": "cat-day", "rating_vote": "16", "rating": "14", "tags": ["2019\u8056\u591c\u76f8\u5b88", "ain\u535a\u58eb", "bales\u535a\u58eb", "reverberate\u535a\u58eb", "site-zh-16", "site-zh-44", "site-zh-81", "sugoi\u535a\u58eb", "willow\u7279\u5de5", "x\u535a\u58eb", "\u539f\u5275", "\u5408\u8457", "\u6545\u4e8b", "\u7814\u7a76\u54e1k", "\u7814\u7a76\u54e1l.what", "\u8449\u51e1\u535a\u58eb"]}, {"created_at": "1578844247", "created_by_id": "5251681", "name": "handcrafts", "rating_vote": "18", "rating": "18", "tags": ["2019\u8056\u591c\u76f8\u5b88", "bales\u535a\u58eb", "site-zh-16", "\u539f\u5275", "\u85dd\u8853\u4f5c\u54c1"]}, {"created_at": "1578844639", "created_by_id": "4990678", "name": "science-confusion-puberty", "rating_vote": "16", "rating": "16", "tags": ["2019\u8056\u591c\u76f8\u5b88", "\u539f\u5275", "\u85dd\u8853\u4f5c\u54c1"]}, {"created_at": "1578891336", "created_by_id": "3981670", "name": "scp-055", "rating_vote": "12", "rating": "12", "tags": ["en", "keter", "meta", "scp", "\u7ffb\u8b6f", "\u8a18\u61b6\u5f71\u97ff", "\u8cc7\u8a0a\u5371\u5bb3", "\u9006\u6a21\u56e0"]}, {"created_at": "1579083323", "created_by_id": "5251681", "name": "scp-spooky-j", "rating_vote": "7", "rating": "7", "tags": ["en", "euclid", "scp", "\u50b3\u9001", "\u641e\u7b11", "\u667a\u80fd", "\u7ffb\u8b6f", "\u9aa8\u9abc"]}, {"created_at": "1579250988", "created_by_id": "4474355", "name": "scp-701", "rating_vote": "10", "rating": "8", "tags": ["alagadda", "en", "euclid", "scp", "\u4eba\u5f62", "\u53d7\u7d5e\u4e4b\u738b", "\u6a21\u56e0\u6548\u61c9", "\u7cbe\u795e\u5f71\u97ff", "\u7ffb\u8b6f", "\u8868\u6f14"]}, {"created_at": "1579319229", "created_by_id": "4990678", "name": "lunar-new-year-2020", "rating_vote": "1", "rating": "1", "tags": ["2020\u51ac\u5b63\u7af6\u8cfd", "\u4e2d\u5fc3", "\u539f\u5275", "\u7af6\u8cfd"]}, {"created_at": "1579335280", "created_by_id": "4474355", "name": "scp-eo-416", "rating_vote": "10", "rating": "-8", "tags": ["eo", "keter", "scp", "\u7ffb\u8b6f"]}, {"created_at": "1579338084", "created_by_id": "3979351", "name": "scp-ro-007-arc", "rating_vote": "1", "rating": "1", "tags": ["euclid", "ro", "scp", "\u4e8c\u6b21\u7ffb\u8b6f", "\u5df2\u6b78\u6a94", "\u7ffb\u8b6f"]}]