[{"created_at": "1584286949", "created_by_id": "5604919", "name": "scp-1983", "rating_vote": "14", "rating": "14", "tags": ["en", "keter", "scp", "\u4eba\u5f62", "\u5149\u7167\u5f71\u97ff", "\u5efa\u7bc9\u7269", "\u6642\u7a7a", "\u7121\u6548\u5316", "\u7ffb\u8b6f", "\u8d85\u7dad\u5ea6", "\u9580\u5f91", "\u9670\u5f71"]}, {"created_at": "1584329681", "created_by_id": "5334590", "name": "scp-038", "rating_vote": "2", "rating": "2", "tags": ["en", "safe", "scp", "\u578b\u614b\u8b8a\u5316", "\u5851\u50cf173", "\u64ec\u614b", "\u690d\u7269", "\u6a39\u6728", "\u6d3b\u7269", "\u7ffb\u8b6f"]}, {"created_at": "1584350695", "created_by_id": "5604919", "name": "sitestuck002", "rating_vote": "9", "rating": "9", "tags": ["kris\u535a\u58eb", "\u539f\u5275", "\u85dd\u8853\u4f5c\u54c1"]}, {"created_at": "1584351586", "created_by_id": "6217438", "name": "scp-001-o5", "rating_vote": "9", "rating": "9", "tags": ["001\u63d0\u6848", "en", "mann\u535a\u58eb", "\u5de5\u5ee0", "\u6545\u4e8b", "\u7ffb\u8b6f"]}, {"created_at": "1584364306", "created_by_id": "5435485", "name": "scp-2845", "rating_vote": "11", "rating": "11", "tags": ["en", "keter", "scp", "\u52d5\u7269", "\u53cd\u71b5", "\u5fc3\u9748\u611f\u61c9", "\u5ff5\u529b", "\u611f\u77e5\u529b", "\u661f\u969b", "\u667a\u80fd", "\u7ffb\u8b6f", "\u8b8a\u5f62", "\u9e7f\u985e"]}, {"created_at": "1584365952", "created_by_id": "5010943", "name": "scp-7000-j", "rating_vote": "6", "rating": "6", "tags": ["en", "scp", "thaumiel", "\u5100\u5f0f\u6027", "\u641e\u7b11", "\u672c\u8cea\u4fc3\u52d5", "\u7ffb\u8b6f", "\u8a9e\u8a00"]}, {"created_at": "1584367005", "created_by_id": "5230135", "name": "fan-logo", "rating_vote": "8", "rating": "8", "tags": ["\u539f\u5275", "\u85dd\u8853\u4f5c\u54c1"]}, {"created_at": "1584372068", "created_by_id": "5604919", "name": "mr-parker", "rating_vote": "5", "rating": "5", "tags": ["en", "en-d\u7d1a\u7af6\u8cfd", "\u6545\u4e8b", "\u7ffb\u8b6f"]}, {"created_at": "1584429730", "created_by_id": "5435485", "name": "scp-zh-545", "rating_vote": "17", "rating": "17", "tags": ["euclid", "scp", "site-zh-44", "\u50b3\u67d3\u6027", "\u52d5\u7269", "\u539f\u5275", "\u6050\u9f8d", "\u667a\u80fd", "\u6d3b\u7269", "\u722c\u87f2\u985e\u52d5\u7269", "\u8089\u98df\u6027"]}, {"created_at": "1584437202", "created_by_id": "3979351", "name": "scp-069", "rating_vote": "4", "rating": "4", "tags": ["en", "safe", "scp", "\u4eba\u5f62", "\u50b3\u9001", "\u578b\u614b\u8b8a\u5316", "\u5c4d\u9ad4", "\u5fc3\u9748\u611f\u61c9", "\u611f\u77e5\u529b", "\u64ec\u614b", "\u667a\u80fd", "\u6d3b\u7269", "\u7ffb\u8b6f", "\u81ea\u6211\u4fee\u5fa9"]}, {"created_at": "1584457114", "created_by_id": "5604919", "name": "scp-1007", "rating_vote": "5", "rating": "5", "tags": ["en", "mc&amp;d", "safe", "scp", "wondertainment\u535a\u58eb", "\u4eba\u5f62", "\u53cd\u71b5", "\u5c0f\u5c0f\u5148\u751f", "\u5fa9\u6d3b", "\u611f\u77e5\u529b", "\u6642\u9593\u5f71\u97ff", "\u667a\u80fd", "\u6d3b\u7269", "\u7ffb\u8b6f"]}, {"created_at": "1584497276", "created_by_id": "6217438", "name": "scp-426", "rating_vote": "7", "rating": "7", "tags": ["en", "euclid", "meta", "scp", "\u5bb6\u96fb\u7528\u54c1", "\u7cbe\u795e\u5f71\u97ff", "\u7ffb\u8b6f", "\u8cc7\u8a0a\u5371\u5bb3", "\u96fb\u529b"]}, {"created_at": "1584499802", "created_by_id": "3981670", "name": "how-to-be-scary-without-saying-anything", "rating_vote": "5", "rating": "5", "tags": ["\u6307\u5c0e", "\u7ffb\u8b6f"]}, {"created_at": "1584504779", "created_by_id": "5334590", "name": "scp-662", "rating_vote": "3", "rating": "3", "tags": ["en", "safe", "scp", "\u4eba\u5f62", "\u50b3\u9001", "\u5100\u5668", "\u7ffb\u8b6f"]}, {"created_at": "1584508118", "created_by_id": "5334590", "name": "scp-162", "rating_vote": "3", "rating": "3", "tags": ["en", "euclid", "scp", "\u4eba\u9020\u7269\u54c1", "\u5f37\u8feb\u6027", "\u7ffb\u8b6f", "\u8a8d\u77e5\u5371\u5bb3"]}, {"created_at": "1584519378", "created_by_id": "5255954", "name": "scp-1340-ru", "rating_vote": "9", "rating": "9", "tags": ["euclid", "ru", "scp", "\u611f\u77e5\u529b", "\u7121\u5f62", "\u7ffb\u8b6f", "\u8f09\u5177", "\u9032\u6b65\u7814\u7a76\u9662"]}, {"created_at": "1584526796", "created_by_id": "5604919", "name": "scp-1753", "rating_vote": "5", "rating": "5", "tags": ["en", "safe", "scp", "\u611f\u77e5\u5f71\u97ff", "\u6642\u7a7a", "\u7cbe\u795e\u5f71\u97ff", "\u7ffb\u8b6f", "\u85dd\u8853\u6027", "\u8996\u89ba\u6027", "\u8a8d\u77e5\u5371\u5bb3"]}, {"created_at": "1584530148", "created_by_id": "3979351", "name": "erics-journal", "rating_vote": "6", "rating": "6", "tags": ["en", "en-\u5408\u8457\u7af6\u8cfd2019", "eric", "team-bird", "\u5408\u8457", "\u6545\u4e8b", "\u7834\u788e\u4e4b\u795e\u6559\u6703", "\u7ffb\u8b6f"]}, {"created_at": "1584540544", "created_by_id": "5604919", "name": "black-white-black-white-black-white-black-white-black-white", "rating_vote": "9", "rating": "9", "tags": ["en", "\u6545\u4e8b", "\u7ffb\u8b6f"]}, {"created_at": "1584551156", "created_by_id": "3423434", "name": "scp-261", "rating_vote": "4", "rating": "4", "tags": ["en", "safe", "scp", "\u4ea4\u63db", "\u53cd\u71b5", "\u5bb6\u96fb\u7528\u54c1", "\u7ffb\u8b6f", "\u98df\u7269"]}]