[{"created_at": "1612588376", "created_by_id": "4357011", "name": "the-king-company-textile-plant", "rating_vote": "8", "rating": "8", "tags": ["en", "\u5de5\u5ee0", "\u6545\u4e8b", "\u7570\u8996\u7dad\u57fa", "\u7ffb\u8b6f"]}, {"created_at": "1612607587", "created_by_id": "5344757", "name": "sushi-dragon-phoenix", "rating_vote": "13", "rating": "13", "tags": ["uiu", "\u539f\u5275", "\u5730\u4e0b\u8857", "\u5929\u5df2\u5802", "\u5b89\u5e03\u7f85\u65af\u9910\u5ef3", "\u6545\u4e8b", "\u6bc6\u6253\u9bca\u9b5a\u4e2d\u5fc3", "\u7206\u65cb\u58fd\u53f8", "\u95c7\u58fd\u53f8"]}, {"created_at": "1612625594", "created_by_id": "5013754", "name": "scp-zh-079", "rating_vote": "12", "rating": "12", "tags": ["euclid", "ijamea", "scp", "\u539f\u5275", "\u638c\u4e2d\u69cd\u6559\u6703", "\u6642\u7a7a", "\u672c\u8cea\u4fc3\u52d5", "\u6b77\u53f2\u6027", "\u7121\u5f62", "\u8d85\u7dad\u5ea6"]}, {"created_at": "1612878113", "created_by_id": "5435485", "name": "second-hytoth-hub", "rating_vote": "8", "rating": "8", "tags": ["en", "\u4e2d\u5fc3", "\u7b2c\u4e8c\u6d77\u6258\u4e16\u6559\u6703", "\u7ffb\u8b6f"]}, {"created_at": "1612939664", "created_by_id": "5435485", "name": "scp-140", "rating_vote": "7", "rating": "7", "tags": ["en", "keter", "k\u7d1a\u60c5\u666f", "scp", "\u6587\u737b", "\u6b77\u53f2\u6027", "\u6b86\u74e6", "\u7ffb\u8b6f", "\u81ea\u4e3b"]}, {"created_at": "1612967418", "created_by_id": "4239775", "name": "a-battlefield-without-emotion", "rating_vote": "9", "rating": "9", "tags": ["2021\u51ac\u5b63\u7af6\u8cfd", "semibreve\u535a\u58eb", "site-zh-16", "site-zh-50", "site-zh-81", "\u4e09\u57a3", "\u5168\u7403\u8d85\u81ea\u7136\u806f\u76df", "\u539f\u5275", "\u5730\u4e0b\u8857", "\u6545\u4e8b", "\u6c99\u7687\u5148\u77e5\u5354\u6703", "\u7b2c\u516b\u8655", "\u822a\u6d77\u5b78", "\u86db\u7db2\u570b\u969b", "\u96d9\u57ce\u4f5c\u6230"]}, {"created_at": "1613089993", "created_by_id": "6217438", "name": "scp-1032", "rating_vote": "5", "rating": "5", "tags": ["en", "euclid", "scp", "\u5408\u4f5c", "\u578b\u614b\u8b8a\u5316", "\u5bb6\u96fb\u7528\u54c1", "\u6642\u9418", "\u6642\u9593\u5f71\u97ff", "\u7ffb\u8b6f", "\u91cd\u5beb", "\u9810\u6e2c\u6027", "\u984c\u5beb"]}, {"created_at": "1613090296", "created_by_id": "6217438", "name": "scp-5169", "rating_vote": "6", "rating": "6", "tags": ["dado", "en", "en-\u6025\u8feb\u7af6\u8cfd2020", "mc&amp;d", "redirect", "safe", "scp", "\u4eba\u5f62", "\u53cd\u71b5", "\u6027", "\u6210\u4eba\u5167\u5bb9", "\u7ffb\u8b6f", "\u91cd\u65b0\u5c0e\u5411"]}, {"created_at": "1613144059", "created_by_id": "4990678", "name": "kings-jewelry-ikuragunkan", "rating_vote": "3", "rating": "3", "tags": ["jp", "\u7ffb\u8b6f", "\u85dd\u8853\u4f5c\u54c1"]}, {"created_at": "1613145889", "created_by_id": "4990678", "name": "sing-a-song", "rating_vote": "2", "rating": "2", "tags": ["jp", "\u7ffb\u8b6f", "\u85dd\u8853\u4f5c\u54c1"]}, {"created_at": "1613148762", "created_by_id": "4990678", "name": "artwork-manhattan", "rating_vote": "5", "rating": "5", "tags": ["1998\u5e74", "jp", "\u7ffb\u8b6f", "\u85dd\u8853\u4f5c\u54c1"]}, {"created_at": "1613220608", "created_by_id": "4357011", "name": "scp-689-ko", "rating_vote": "6", "rating": "6", "tags": ["ko", "safe", "scp", "\u4e8c\u6b21\u7ffb\u8b6f", "\u5408\u8457", "\u5bb6\u96fb\u7528\u54c1", "\u5bc4\u751f\u6027", "\u771f\u83cc", "\u77f3\u69b4\u4ff1\u6a02\u90e8", "\u7ffb\u8b6f"]}, {"created_at": "1613241025", "created_by_id": "4264056", "name": "one-of-the-secrets", "rating_vote": "16", "rating": "16", "tags": ["ain\u535a\u58eb", "site-zh-44", "\u539f\u5275", "\u5c55\u51fa", "\u6545\u4e8b"]}, {"created_at": "1613281918", "created_by_id": "4442284", "name": "scp-zh-248", "rating_vote": "20", "rating": "20", "tags": ["2021\u51ac\u5b63\u7af6\u8cfd", "euclid", "scp", "site-zh-44", "\u4eba\u5f62", "\u502b\u7406\u59d4\u54e1\u6703", "\u52d5\u7269", "\u539f\u5275", "\u5408\u4f5c", "\u57fa\u56e0", "\u62cb\u9234\u4eba", "\u7814\u7a76\u54e1lucifelle", "\u9ce5\u985e"]}, {"created_at": "1613294555", "created_by_id": "5435485", "name": "sarkicism-hub", "rating_vote": "14", "rating": "14", "tags": ["en", "judith-low", "\u4e2d\u5fc3", "\u5927\u8853\u58eb\u4f0a\u4ef0", "\u6b32\u8089\u6559", "\u6b86\u74e6", "\u7ffb\u8b6f"]}, {"created_at": "1613296662", "created_by_id": "5325850", "name": "scp-zh-2005-ex", "rating_vote": "59", "rating": "57", "tags": ["2021\u51ac\u5b63\u7af6\u8cfd", "scp", "\u539f\u5275", "\u5a92\u9ad4", "\u5df2\u89e3\u660e", "\u5f37\u8feb\u6027", "\u7cbe\u795e\u5f71\u97ff", "\u7dda\u4e0a", "\u8a8d\u77e5\u5371\u5bb3"]}, {"created_at": "1613313860", "created_by_id": "6952002", "name": "nothing-just-a-old-picture", "rating_vote": "15", "rating": "15", "tags": ["kris\u535a\u58eb", "\u539f\u5275", "\u85dd\u8853\u4f5c\u54c1"]}, {"created_at": "1613353008", "created_by_id": "6217438", "name": "scp-711", "rating_vote": "3", "rating": "3", "tags": ["en", "safe", "scp", "\u57fa\u91d1\u6703\u88fd\u9020", "\u6096\u8ad6", "\u6642\u9593\u5f71\u97ff", "\u6d3b\u52d5\u5c55\u51fa", "\u7ffb\u8b6f", "\u901a\u8a0a", "\u96fb\u5b50"]}, {"created_at": "1613392013", "created_by_id": "4442284", "name": "zh-248-f004", "rating_vote": "15", "rating": "15", "tags": ["2021\u51ac\u5b63\u7af6\u8cfd", "\u539f\u5275", "\u62cb\u9234\u4eba", "\u6545\u4e8b"]}, {"created_at": "1613397280", "created_by_id": "5435485", "name": "biomedical-sense-zh", "rating_vote": "14", "rating": "14", "tags": ["\u539f\u5275", "\u5fc3\u5f97"]}]