[{"created_at": "1587173607", "created_by_id": "3981670", "name": "spc-hub-2", "rating_vote": "4", "rating": "4", "tags": ["en", "\u4e2d\u5fc3", "\u6bc6\u6253\u9bca\u9b5a\u4e2d\u5fc3", "\u7ffb\u8b6f"]}, {"created_at": "1587220296", "created_by_id": "5604919", "name": "scp-2268", "rating_vote": "3", "rating": "3", "tags": ["en", "safe", "scp", "\u77e5\u8b58", "\u7dda\u4e0a", "\u7ffb\u8b6f", "\u96fb\u8166"]}, {"created_at": "1587224168", "created_by_id": "5435485", "name": "scp-zh-103", "rating_vote": "17", "rating": "15", "tags": ["euclid", "scp", "site-zh-81", "\u52d5\u7269", "\u539f\u5275", "\u53cd\u7269\u7406\u5b9a\u5f8b", "\u611f\u77e5\u529b", "\u7121\u5b9a\u5f62", "\u7cbe\u795e\u5f71\u97ff", "\u8996\u89ba\u6027", "\u89c0\u5bdf\u5f71\u97ff", "\u9ce5\u985e"]}, {"created_at": "1587290042", "created_by_id": "3979351", "name": "scp-913", "rating_vote": "3", "rating": "3", "tags": ["en", "euclid", "scp", "wondertainment\u535a\u58eb", "\u4eba\u5f62", "\u5408\u8457", "\u5c0f\u5c0f\u5148\u751f", "\u611f\u77e5\u529b", "\u667a\u80fd", "\u6d3b\u7269", "\u7ffb\u8b6f", "\u96dc\u98df\u6027"]}, {"created_at": "1587290296", "created_by_id": "3979351", "name": "scp-988", "rating_vote": "1", "rating": "1", "tags": ["en", "safe", "scp", "\u4e0d\u53ef\u6467\u6bc0", "\u5bb9\u5668", "\u6728\u8cea", "\u6a5f\u7387\u6027", "\u7ffb\u8b6f"]}, {"created_at": "1587308174", "created_by_id": "5663596", "name": "arkwork-zh-200", "rating_vote": "22", "rating": "22", "tags": ["\u539f\u5275", "\u85dd\u8853\u4f5c\u54c1"]}, {"created_at": "1587355649", "created_by_id": "5653267", "name": "scp-zh-053", "rating_vote": "30", "rating": "30", "tags": ["2020\u8679\u5149\u4e4b\u9593", "euclid", "meta", "scp", "\u4e09\u57a3", "\u4e0d\u53ef\u79fb\u52d5", "\u4eba\u5f62", "\u539f\u5275", "\u5c4d\u9ad4", "\u5fa9\u6d3b", "\u672c\u8cea\u4fc3\u52d5", "\u7cbe\u795e\u5f71\u97ff", "\u86c7\u4e4b\u624b", "\u9aa8\u9abc"]}, {"created_at": "1587390669", "created_by_id": "5604919", "name": "scp-173-d", "rating_vote": "5", "rating": "5", "tags": ["awcy", "en", "en-173\u6176", "\u5851\u50cf173", "\u7ffb\u8b6f"]}, {"created_at": "1587397869", "created_by_id": "5604919", "name": "i-don-t-recognize-that-ad-in-the-water", "rating_vote": "12", "rating": "12", "tags": ["ad\u535a\u58eb", "\u539f\u5275", "\u85dd\u8853\u4f5c\u54c1"]}, {"created_at": "1587477304", "created_by_id": "5604919", "name": "tales-of-mr-collector", "rating_vote": "5", "rating": "5", "tags": ["en", "wondertainment\u535a\u58eb", "\u4e2d\u5fc3", "\u5408\u4f5c", "\u5c0f\u5c0f\u5148\u751f", "\u6536\u85cf\u5bb6\u6545\u4e8b", "\u7ffb\u8b6f"]}, {"created_at": "1587477771", "created_by_id": "5604919", "name": "mr-fish", "rating_vote": "3", "rating": "3", "tags": ["en", "wondertainment\u535a\u58eb", "\u5408\u4f5c", "\u5c0f\u5c0f\u5148\u751f", "\u6536\u85cf\u5bb6\u6545\u4e8b", "\u7ffb\u8b6f"]}, {"created_at": "1587561471", "created_by_id": "5684299", "name": "scp-zh-085", "rating_vote": "6", "rating": "6", "tags": ["2020\u8679\u5149\u4e4b\u9593", "meta", "safe", "scp", "\u539f\u5275", "\u5b97\u6559", "\u98fe\u54c1"]}, {"created_at": "1587563284", "created_by_id": "3423434", "name": "scp-342", "rating_vote": "2", "rating": "2", "tags": ["clef\u535a\u58eb", "en", "euclid", "scp", "\u578b\u614b\u8b8a\u5316", "\u5e7b\u89ba", "\u6587\u737b", "\u7cbe\u795e\u5f71\u97ff", "\u7ffb\u8b6f", "\u807d\u89ba\u5f71\u97ff", "\u81ea\u6211\u4fee\u5fa9", "\u8996\u89ba\u6027", "\u91cd\u5beb"]}, {"created_at": "1587563497", "created_by_id": "3981670", "name": "lucid-dream", "rating_vote": "13", "rating": "13", "tags": ["2020\u8679\u5149\u4e4b\u9593", "site-zh-81", "\u539f\u5275", "\u5c55\u51fa", "\u6545\u4e8b", "\u6838\u88c2\u64e0\u514c", "\u9577\u57a3-4"]}, {"created_at": "1587564485", "created_by_id": "5013754", "name": "scp-zh-480", "rating_vote": "11", "rating": "11", "tags": ["2020\u8679\u5149\u4e4b\u9593", "safe", "scp", "\u4e0d\u53ef\u79fb\u52d5", "\u539f\u5275", "\u5c55\u51fa", "\u5efa\u7bc9\u7269", "\u7570\u5e38\u79fb\u52d5", "\u8a8d\u77e5\u5371\u5bb3"]}, {"created_at": "1587613311", "created_by_id": "3979351", "name": "scp-3874", "rating_vote": "5", "rating": "5", "tags": ["agent-laferrier", "en", "en-\u6025\u8feb\u7af6\u8cfd2019", "everwood\u535a\u58eb", "i-57", "scp", "\u4e0d\u53ef\u6467\u6bc0", "\u4e94\u89d2\u661f", "\u4eba\u5f62", "\u5168\u7403\u8d85\u81ea\u7136\u806f\u76df", "\u5c4d\u9ad4", "\u5ee2\u8272\u5fa9\u71c3", "\u6a5f\u7387\u6027", "\u7121\u6548\u5316", "\u7ffb\u8b6f"]}, {"created_at": "1587656870", "created_by_id": "5604919", "name": "1-mr-headless", "rating_vote": "3", "rating": "3", "tags": ["en", "wondertainment\u535a\u58eb", "\u5408\u4f5c", "\u5c0f\u5c0f\u5148\u751f", "\u6536\u85cf\u5bb6\u6545\u4e8b", "\u7ffb\u8b6f"]}, {"created_at": "1587656964", "created_by_id": "5604919", "name": "4-mr-lie", "rating_vote": "3", "rating": "3", "tags": ["en", "wondertainment\u535a\u58eb", "\u5408\u4f5c", "\u5c0f\u5c0f\u5148\u751f", "\u6536\u85cf\u5bb6\u6545\u4e8b", "\u7ffb\u8b6f"]}, {"created_at": "1587657032", "created_by_id": "5604919", "name": "interval-2", "rating_vote": "3", "rating": "3", "tags": ["en", "king\u535a\u58eb", "wondertainment\u535a\u58eb", "\u5408\u4f5c", "\u5c0f\u5c0f\u5148\u751f", "\u6536\u85cf\u5bb6\u6545\u4e8b", "\u7ffb\u8b6f"]}, {"created_at": "1587657170", "created_by_id": "5604919", "name": "interval-1", "rating_vote": "2", "rating": "2", "tags": ["en", "wondertainment\u535a\u58eb", "\u5408\u4f5c", "\u5c0f\u5c0f\u5148\u751f", "\u6536\u85cf\u5bb6\u6545\u4e8b", "\u7ffb\u8b6f"]}]