[{"created_at": "1608179448", "created_by_id": "5013754", "name": "r-sinano-chuo-co-jp-2030-5-12-f9r324", "rating_vote": "15", "rating": "15", "tags": ["1998\u5e74", "2020\u8056\u591c\u76f8\u5b88", "\u4fe1\u6fc3\u4e2d\u592e\u65b0\u805e", "\u539f\u5275", "\u590f\u9ce5\u601d\u60f3\u9023\u76df", "\u5c55\u51fa", "\u6545\u4e8b"]}, {"created_at": "1608185514", "created_by_id": "5653267", "name": "scp-zh-878", "rating_vote": "20", "rating": "20", "tags": ["2020\u8056\u591c\u76f8\u5b88", "chrome", "keter", "scp", "site-zh-88", "\u4eba\u9020\u7269\u54c1", "\u50b3\u9001", "\u539f\u5275", "\u5ff5\u529b", "\u667a\u80fd", "\u7cbe\u795e\u5f71\u97ff", "\u81ea\u4e3b", "\u9ce5\u985e"]}, {"created_at": "1608189390", "created_by_id": "5653267", "name": "scp-zh-088", "rating_vote": "10", "rating": "10", "tags": ["euclid", "k\u7d1a\u60c5\u666f", "scp", "\u4e0d\u53ef\u6467\u6bc0", "\u502b\u7406\u59d4\u54e1\u6703", "\u5171\u611f", "\u539f\u5275", "\u53cd\u71b5", "\u6bd2\u6027", "\u7329\u7d05\u4e4b\u738b", "\u86c7\u4e4b\u624b", "\u8a18\u61b6\u5f71\u97ff", "\u9580\u5f91"]}, {"created_at": "1608215628", "created_by_id": "5454699", "name": "researcher-hg-s-christmas-3dpaint-art", "rating_vote": "10", "rating": "10", "tags": ["2020\u8056\u591c\u76f8\u5b88", "bales\u535a\u58eb", "\u539f\u5275", "\u85dd\u8853\u4f5c\u54c1"]}, {"created_at": "1608292860", "created_by_id": "4990678", "name": "soyu1", "rating_vote": "11", "rating": "11", "tags": ["jp", "\u7ffb\u8b6f", "\u85dd\u8853\u4f5c\u54c1", "\u8c93\u54aa"]}, {"created_at": "1608300988", "created_by_id": "6503482", "name": "immediate-actions", "rating_vote": "6", "rating": "6", "tags": ["en", "iris-thompson", "\u5fa9\u751f", "\u6545\u4e8b", "\u7ffb\u8b6f"]}, {"created_at": "1608308168", "created_by_id": "3980953", "name": "christmas-eve", "rating_vote": "9", "rating": "9", "tags": ["2020\u8056\u591c\u76f8\u5b88", "site-zh-02", "\u539f\u5275", "\u85dd\u8853\u4f5c\u54c1"]}, {"created_at": "1608364046", "created_by_id": "6503482", "name": "the-seed-of-an-idea", "rating_vote": "6", "rating": "6", "tags": ["en", "\u5fa9\u751f", "\u6545\u4e8b", "\u7ffb\u8b6f"]}, {"created_at": "1608394466", "created_by_id": "5415046", "name": "goc-supplemental-thaumatology", "rating_vote": "10", "rating": "8", "tags": ["en", "goc\u6a94\u6848", "icsut", "\u5168\u7403\u8d85\u81ea\u7136\u806f\u76df", "\u6545\u4e8b", "\u7ffb\u8b6f"]}, {"created_at": "1608404732", "created_by_id": "5344757", "name": "unrelated-person-do-not-read", "rating_vote": "16", "rating": "16", "tags": ["2020\u8056\u591c\u76f8\u5b88", "koschei.aic", "reverberate\u535a\u58eb", "site-zh-81", "\u539f\u5275", "\u6210\u4eba\u5167\u5bb9", "\u6545\u4e8b", "\u91cd\u65b0\u5c0e\u5411"]}, {"created_at": "1608435026", "created_by_id": "4357011", "name": "scp-825-ko", "rating_vote": "7", "rating": "7", "tags": ["ko", "ko-2020-08\u7af6\u8cfd", "meta", "scp", "\u4e8c\u6b21\u7ffb\u8b6f", "\u5168\u7403\u8d85\u81ea\u7136\u806f\u76df", "\u672a\u6536\u5bb9", "\u6a5f\u5bc6\u5206\u7d1a", "\u7ffb\u8b6f", "\u8a8d\u77e5\u5371\u5bb3", "\u8cc7\u8a0a\u5371\u5bb3", "\u9b5a\u985e"]}, {"created_at": "1608456326", "created_by_id": "4442284", "name": "hammer", "rating_vote": "11", "rating": "11", "tags": ["2020\u8056\u591c\u76f8\u5b88", "koschei.aic", "site-zh-16", "site-zh-50", "site-zh-81", "\u539f\u5275", "\u62cb\u9234\u4eba", "\u6545\u4e8b", "\u822a\u6d77\u5b78"]}, {"created_at": "1608552642", "created_by_id": "5415046", "name": "spikebrennan-s-proposal", "rating_vote": "9", "rating": "9", "tags": ["001\u63d0\u6848", "en", "scp", "sheldon-katz", "the-administrator", "\u4e0d\u53ef\u79fb\u52d5", "\u502b\u7406\u59d4\u54e1\u6703", "\u5730\u9ede", "\u5b97\u6559", "\u6230\u8853\u795e\u5b78\u90e8", "\u6a5f\u5bc6\u5206\u7d1a", "\u71b5", "\u7ffb\u8b6f"]}, {"created_at": "1608558155", "created_by_id": "6503482", "name": "maria-jones-this-is-your-life", "rating_vote": "3", "rating": "3", "tags": ["bright\u535a\u58eb", "en", "light\u535a\u58eb", "maria-jones", "\u5fa9\u751f", "\u6545\u4e8b", "\u7ffb\u8b6f"]}, {"created_at": "1608683989", "created_by_id": "6348157", "name": "document-096-1", "rating_vote": "5", "rating": "5", "tags": ["en", "\u5be6\u9a57", "\u7f9e\u6f80\u7684\u4eba", "\u7ffb\u8b6f", "\u9644\u52a0\u8cc7\u6599"]}, {"created_at": "1608696846", "created_by_id": "5010943", "name": "quid-est-non-scitum", "rating_vote": "3", "rating": "3", "tags": ["en", "en-\u65b0\u5e74\u7af6\u8cfd2013", "\u6545\u4e8b", "\u6559\u6703\u8056\u5e2b", "\u7ffb\u8b6f"]}, {"created_at": "1608711126", "created_by_id": "5415046", "name": "scp-3199", "rating_vote": "11", "rating": "11", "tags": ["en", "keter", "k\u7d1a\u60c5\u666f", "scp", "\u4eba\u5f62", "\u611f\u77e5\u529b", "\u63a0\u98df\u6027", "\u7269\u7a2e", "\u751f\u7269\u6027", "\u7ffb\u8b6f", "\u81ea\u6211\u8907\u88fd"]}, {"created_at": "1608771483", "created_by_id": "6091157", "name": "christmas-or-halloween", "rating_vote": "17", "rating": "17", "tags": ["2020\u8056\u591c\u76f8\u5b88", "kris\u535a\u58eb", "site-zh-12", "\u539f\u5275", "\u7814\u7a76\u54e1lucifelle", "\u85dd\u8853\u4f5c\u54c1"]}, {"created_at": "1608801115", "created_by_id": "5348516", "name": "xmas-dream", "rating_vote": "10", "rating": "10", "tags": ["2020\u8056\u591c\u76f8\u5b88", "ad\u535a\u58eb", "site-zh-12", "\u539f\u5275", "\u6545\u4e8b"]}, {"created_at": "1608809983", "created_by_id": "6104968", "name": "change-irregularly", "rating_vote": "8", "rating": "8", "tags": ["2020\u8056\u591c\u76f8\u5b88", "ad\u535a\u58eb", "apoyn\u535a\u58eb", "\u539f\u5275", "\u85dd\u8853\u4f5c\u54c1"]}]