[{"created_at": "1564153487", "created_by_id": "5415046", "name": "chaos-insurgency-hub", "rating_vote": "8", "rating": "8", "tags": ["en", "en-goi2014", "\u4e2d\u5fc3", "\u6e3e\u6c8c\u53cd\u53db\u8ecd", "\u7ffb\u8b6f"]}, {"created_at": "1564202121", "created_by_id": "3979351", "name": "new-cha-ling", "rating_vote": "15", "rating": "15", "tags": ["goi\u683c\u5f0f", "\u539f\u5275", "\u65b0\u8336\u5dba", "\u82f1\u570b\u795e\u79d8\u60c5\u5831\u5c40", "\u96f6\u865f\u5c08\u968a"]}, {"created_at": "1564221878", "created_by_id": "5435485", "name": "scp-404-j", "rating_vote": "15", "rating": "15", "tags": ["en", "scp", "spanko\u535a\u58eb", "\u4e0d\u53ef\u6467\u6bc0", "\u571f\u661f\u7261\u9e7f", "\u5927\u8853\u58eb\u4f0a\u4ef0", "\u641e\u7b11", "\u6b32\u8089\u6559", "\u6f58\u6d1b\u65af", "\u7329\u7d05\u4e4b\u738b", "\u76f8\u562f\u9b54", "\u7834\u788e\u4e4b\u795e\u6559\u6703", "\u7d50\u69cb\u7269", "\u7ffb\u8b6f", "\u984c\u5beb"]}, {"created_at": "1564234138", "created_by_id": "5415046", "name": "understanding-paragraph", "rating_vote": "11", "rating": "11", "tags": ["\u539f\u5275", "\u5fc3\u5f97"]}, {"created_at": "1564409624", "created_by_id": "5415046", "name": "groups-of-interest-jp", "rating_vote": "6", "rating": "6", "tags": ["jp", "\u4e2d\u5fc3", "\u5f85\u7ffb\u8b6f", "\u6307\u5c0e", "\u7ffb\u8b6f"]}, {"created_at": "1564486107", "created_by_id": "3979351", "name": "e-021", "rating_vote": "4", "rating": "4", "tags": ["goi\u683c\u5f0f", "\u539f\u5275", "\u82f1\u570b\u795e\u79d8\u60c5\u5831\u5c40", "\u96f6\u865f\u5c08\u968a"]}, {"created_at": "1564506236", "created_by_id": "3979351", "name": "zero-team-hub", "rating_vote": "12", "rating": "12", "tags": ["\u4e2d\u5fc3", "\u539f\u5275", "\u96f6\u865f\u5c08\u968a"]}, {"created_at": "1564577955", "created_by_id": "4055881", "name": "svg-animation", "rating_vote": "9", "rating": "9", "tags": ["en", "\u7ffb\u8b6f", "\u85dd\u8853\u4f5c\u54c1"]}, {"created_at": "1564584158", "created_by_id": "5415046", "name": "a-change", "rating_vote": "14", "rating": "14", "tags": ["site-zh-22", "\u539f\u5275", "\u6545\u4e8b"]}, {"created_at": "1564658058", "created_by_id": "4357011", "name": "centre-du-dcd", "rating_vote": "4", "rating": "4", "tags": ["dcd\u5354\u5b9a", "fr", "\u4e2d\u5fc3", "\u4e8c\u6b21\u7ffb\u8b6f", "\u7ffb\u8b6f"]}, {"created_at": "1564764937", "created_by_id": "5334590", "name": "the-weekly-011", "rating_vote": "14", "rating": "14", "tags": ["site-zh-16", "\u539f\u5275", "\u6545\u4e8b", "\u65b0\u8336\u5dba", "\u6728\u6613", "\u6d17\u8863\u90e8\u9580", "\u96f6\u865f\u5c08\u968a"]}, {"created_at": "1564843947", "created_by_id": "4055881", "name": "your-very-last-scp", "rating_vote": "8", "rating": "8", "tags": ["dado", "en", "\u6545\u4e8b", "\u7ffb\u8b6f"]}, {"created_at": "1564894791", "created_by_id": "3423434", "name": "scp-447", "rating_vote": "3", "rating": "3", "tags": ["en", "safe", "scp", "\u53cd\u71b5", "\u5c4d\u9ad4", "\u6db2\u9ad4", "\u7403\u9ad4", "\u7ffb\u8b6f"]}, {"created_at": "1564903747", "created_by_id": "4357011", "name": "abwesenheit", "rating_vote": "7", "rating": "7", "tags": ["creepypasta", "en", "\u6545\u4e8b", "\u7570\u8996\u7dad\u57fa", "\u7ffb\u8b6f"]}, {"created_at": "1564919888", "created_by_id": "5230135", "name": "annex-of-scp-zh-372", "rating_vote": "5", "rating": "5", "tags": ["\u539f\u5275", "\u9644\u52a0\u8cc7\u6599"]}, {"created_at": "1564996973", "created_by_id": "5415046", "name": "scp-224-jp", "rating_vote": "11", "rating": "11", "tags": ["jp", "keter", "scp", "\u4e0d\u53ef\u6467\u6bc0", "\u7ffb\u8b6f"]}, {"created_at": "1565012051", "created_by_id": "5255954", "name": "you-need-icecream-in-summer", "rating_vote": "31", "rating": "31", "tags": ["2019\u6691\u671f\u6bd4\u8cfd", "reverberate\u535a\u58eb", "site-zh-81", "\u539f\u5275", "\u6545\u4e8b"]}, {"created_at": "1565025325", "created_by_id": "5565302", "name": "hiiambangyen", "rating_vote": "11", "rating": "11", "tags": ["\u539f\u5275", "\u85dd\u8853\u4f5c\u54c1"]}, {"created_at": "1565025475", "created_by_id": "5230135", "name": "scp-137", "rating_vote": "5", "rating": "5", "tags": ["en", "euclid", "scp", "\u5408\u8457", "\u578b\u614b\u8b8a\u5316", "\u73a9\u5177", "\u7ffb\u8b6f", "\u81ea\u4e3b"]}, {"created_at": "1565099070", "created_by_id": "4239775", "name": "operation-nucleon-bank-run-1", "rating_vote": "13", "rating": "11", "tags": ["site-zh-50", "\u539f\u5275", "\u5929\u7d00-17", "\u6545\u4e8b", "\u6838\u88c2\u64e0\u514c", "\u9577\u57a3-4"]}]