[{"created_at": "1625809773", "created_by_id": "5413616", "name": "scp-zh-0601-j", "rating_vote": "16", "rating": "14", "tags": ["2021\u590f\u5b63\u7af6\u8cfd", "safe", "scp", "site-zh-16", "sugoi\u535a\u58eb", "\u539f\u5275", "\u57fa\u91d1\u6703\u88fd\u9020", "\u641e\u7b11", "\u7cbe\u795e\u5f71\u97ff"]}, {"created_at": "1625812925", "created_by_id": "5013754", "name": "taisho150-lovestorybeforedawn", "rating_vote": "20", "rating": "20", "tags": ["2021\u590f\u5b63\u7af6\u8cfd", "\u539f\u5275", "\u5927\u6b63150\u5e74", "\u6545\u4e8b"]}, {"created_at": "1625844567", "created_by_id": "4990678", "name": "nkn-art-01", "rating_vote": "6", "rating": "6", "tags": ["jp", "\u7ffb\u8b6f", "\u85dd\u8853\u4f5c\u54c1"]}, {"created_at": "1625847344", "created_by_id": "4990678", "name": "yakushi-logo", "rating_vote": "1", "rating": "1", "tags": ["1998\u5e74", "jp", "yakushi", "\u7ffb\u8b6f", "\u85dd\u8853\u4f5c\u54c1"]}, {"created_at": "1625850860", "created_by_id": "4990678", "name": "summer-bird-symbol", "rating_vote": "3", "rating": "3", "tags": ["jp", "\u590f\u9ce5\u601d\u60f3\u9023\u76df", "\u7ffb\u8b6f", "\u85dd\u8853\u4f5c\u54c1"]}, {"created_at": "1625917652", "created_by_id": "5435485", "name": "scp-zh-684", "rating_vote": "14", "rating": "14", "tags": ["2020\u6500\u722c\u91d1\u5b57\u5854", "2021\u590f\u5b63\u7af6\u8cfd", "keter", "scp", "site-zh-44", "\u50b3\u9001", "\u52d5\u7269", "\u539f\u5275", "\u53f0\u7063\u539f\u4f4f\u6c11", "\u611f\u77e5\u529b", "\u63a0\u98df\u6027", "\u6575\u610f", "\u667a\u80fd", "\u672a\u6536\u5bb9", "\u722c\u87f2\u985e\u52d5\u7269", "\u8089\u98df\u6027"]}, {"created_at": "1625990861", "created_by_id": "6787405", "name": "scp-pl-248", "rating_vote": "3", "rating": "3", "tags": ["pl", "safe", "scp", "\u4e8c\u6b21\u7ffb\u8b6f", "\u5c4d\u9ad4", "\u6b77\u53f2\u6027", "\u7cbe\u795e\u5f71\u97ff", "\u7ffb\u8b6f", "\u89c0\u5bdf\u5f71\u97ff", "\u8a8d\u77e5\u5371\u5bb3"]}, {"created_at": "1626000559", "created_by_id": "5415046", "name": "scp-zh-096", "rating_vote": "21", "rating": "21", "tags": ["scp", "sugoi\u535a\u58eb", "\u539f\u5275", "\u5c55\u51fa", "\u6a5f\u5bc6\u5206\u7d1a", "\u9006\u6a21\u56e0"]}, {"created_at": "1626011905", "created_by_id": "7469850", "name": "visit-eindeloze-lucht", "rating_vote": "12", "rating": "12", "tags": ["2021\u590f\u5b63\u7af6\u8cfd", "site-zh-16", "\u539f\u5275", "\u6545\u4e8b", "\u6c11\u7570\u7f72"]}, {"created_at": "1626012403", "created_by_id": "5565302", "name": "ctrlzpencil", "rating_vote": "16", "rating": "16", "tags": ["\u539f\u5275", "\u85dd\u8853\u4f5c\u54c1"]}, {"created_at": "1626012821", "created_by_id": "5435485", "name": "scp-zh-060-j", "rating_vote": "19", "rating": "19", "tags": ["bales\u535a\u58eb", "k\u7d1a\u60c5\u666f", "scp", "site-zh-01", "site-zh-16", "sugoi\u535a\u58eb", "\u4e09\u57a3", "\u539f\u5275", "\u53cd\u7269\u7406\u5b9a\u5f8b", "\u5fa9\u6d3b", "\u641e\u7b11", "\u6709\u6a5f", "\u6a5f\u5bc6\u5206\u7d1a", "\u7814\u7a76\u54e1l.what", "\u81ea\u6211\u4fee\u5fa9", "\u8d85\u7dad\u5ea6"]}, {"created_at": "1626044531", "created_by_id": "5435485", "name": "scp-zh-096-declassification", "rating_vote": "16", "rating": "16", "tags": ["\u539f\u5275", "\u7528\u6236\u89e3\u5bc6"]}, {"created_at": "1626086883", "created_by_id": "5454699", "name": "scp-zh-339", "rating_vote": "16", "rating": "16", "tags": ["2021\u590f\u5b63\u7af6\u8cfd", "safe", "scp", "\u4eba\u9020\u7269\u54c1", "\u539f\u5275", "\u5730\u9ede", "\u611f\u77e5\u5f71\u97ff", "\u807d\u89ba\u5f71\u97ff", "\u85dd\u8853\u6027", "\u8996\u89ba\u6027", "\u9006\u6a21\u56e0"]}, {"created_at": "1626141489", "created_by_id": "5435485", "name": "task-forces-zh-28-xiu", "rating_vote": "8", "rating": "8", "tags": ["site-zh-50", "\u4e09\u57a3", "\u539f\u5275", "\u5fc3\u5f97"]}, {"created_at": "1626181723", "created_by_id": "4442284", "name": "manual-bt", "rating_vote": "9", "rating": "9", "tags": ["\u539f\u5275", "\u62cb\u9234\u4eba", "\u6545\u4e8b"]}, {"created_at": "1626195350", "created_by_id": "3423434", "name": "the-things-dr-bright-is-not-allowed-to-do-at-the-found", "rating_vote": "10", "rating": "10", "tags": ["bright\u535a\u58eb", "clef\u535a\u58eb", "kain-pathos-crow", "rights\u535a\u58eb", "\u5408\u4f5c", "\u641e\u7b11", "\u6545\u4e8b", "\u7ffb\u8b6f"]}, {"created_at": "1626251100", "created_by_id": "5435485", "name": "scp-zh-1000-ex", "rating_vote": "26", "rating": "18", "tags": ["2021\u590f\u5b63\u7af6\u8cfd", "keter", "scp", "\u4eba\u5f62", "\u50b3\u9001", "\u539f\u5275", "\u5730\u9ede", "\u5df2\u89e3\u660e", "\u667a\u80fd", "\u672c\u8cea\u4fc3\u52d5", "\u7570\u5e38\u79fb\u52d5", "\u81ea\u4e3b", "\u96d5\u5851"]}, {"created_at": "1626336830", "created_by_id": "5413616", "name": "wolf-125", "rating_vote": "16", "rating": "16", "tags": ["2021\u590f\u5b63\u7af6\u8cfd", "creepypasta", "\u539f\u5275", "\u6545\u4e8b", "\u7570\u8996\u7dad\u57fa"]}, {"created_at": "1626401518", "created_by_id": "6369875", "name": "scp-056-ua", "rating_vote": "2", "rating": "2", "tags": ["scp", "ua", "\u0435uclid", "\u50b3\u9001", "\u672a\u6536\u5bb9", "\u672c\u8cea\u4fc3\u52d5", "\u6db2\u9ad4", "\u7ffb\u8b6f"]}, {"created_at": "1626416691", "created_by_id": "5565302", "name": "ctrlztravel", "rating_vote": "12", "rating": "12", "tags": ["\u539f\u5275", "\u85dd\u8853\u4f5c\u54c1"]}]