[{"created_at": "1579447577", "created_by_id": "3981670", "name": "viken-k-arts", "rating_vote": "11", "rating": "11", "tags": ["\u539f\u5275", "\u85dd\u8853\u4f5c\u54c1"]}, {"created_at": "1579705941", "created_by_id": "3979351", "name": "0754", "rating_vote": "6", "rating": "6", "tags": ["goi\u683c\u5f0f", "\u539f\u5275", "\u6d17\u8863\u90e8\u9580", "\u964d\u982d\u5e2b\u5354\u6703", "\u96f6\u865f\u5c08\u968a"]}, {"created_at": "1579797985", "created_by_id": "5255954", "name": "scp-zh-099", "rating_vote": "15", "rating": "11", "tags": ["scp", "site-zh-81", "thaumiel", "\u4eba\u9020\u7269\u54c1", "\u539f\u5275", "\u89c0\u5bdf\u5f71\u97ff"]}, {"created_at": "1579798222", "created_by_id": "5435485", "name": "scp-zh-098", "rating_vote": "18", "rating": "16", "tags": ["euclid", "scp", "site-zh-02", "thaumiel", "\u4e09\u57a3", "\u4e92\u52d5\u6027", "\u52d5\u7269", "\u539f\u5275", "\u53cd\u71b5", "\u5730\u4e0b\u8857", "\u611f\u77e5\u529b", "\u672c\u8cea\u4fc3\u52d5", "\u6c34\u68f2", "\u7269\u7a2e", "\u9be8\u985e"]}, {"created_at": "1579803818", "created_by_id": "3979351", "name": "scp-zh-097", "rating_vote": "14", "rating": "14", "tags": ["meta", "scp", "site-zh-25", "thaumiel", "\u539f\u5275", "\u62cb\u9234\u4eba", "\u6587\u737b", "\u6728\u6613", "\u8b8a\u5f62"]}, {"created_at": "1579916546", "created_by_id": "4239775", "name": "log-of-extranormal-events-zh", "rating_vote": "0", "rating": "0", "tags": ["\u539f\u5275", "\u5408\u4f5c", "\u6545\u4e8b"]}, {"created_at": "1579942932", "created_by_id": "4239775", "name": "old-nsb8-hub", "rating_vote": "14", "rating": "14", "tags": ["\u4e2d\u5fc3", "\u539f\u5275", "\u7b2c\u516b\u8655"]}, {"created_at": "1579946047", "created_by_id": "3979351", "name": "sc-19", "rating_vote": "9", "rating": "9", "tags": ["goi\u683c\u5f0f", "uiu", "\u539f\u5275", "\u5730\u5e73\u7dda\u5021\u8b70", "\u5de5\u5ee0", "\u6200\u660f\u5d0e\u65b0\u805e\u793e", "\u65b0\u56db\u5c71\u5c0f\u5b78", "\u65b0\u8336\u5dba", "\u6728\u6613", "\u6c38\u8861\u6559\u6703", "\u6c99\u7687\u5148\u77e5\u5354\u6703", "\u6e3e\u6c8c\u53cd\u53db\u8ecd", "\u746a\u7d0d\u6148\u5584\u57fa\u91d1\u6703", "\u7b2c\u516b\u8655", "\u8607\u8377\u5f8c\u9580", "\u964d\u982d\u5e2b\u5354\u6703", "\u96f6\u865f\u5c08\u968a"]}, {"created_at": "1579954822", "created_by_id": "5255954", "name": "ambrose-isakov", "rating_vote": "28", "rating": "28", "tags": ["2020\u51ac\u5b63\u7af6\u8cfd", "goi\u683c\u5f0f", "reverberate\u535a\u58eb", "site-zh-81", "\u539f\u5275", "\u5408\u8457", "\u5730\u5e73\u7dda\u5021\u8b70", "\u5b89\u5e03\u7f85\u65af\u9910\u5ef3", "\u5c55\u51fa"]}, {"created_at": "1580047561", "created_by_id": "3979351", "name": "scp-4595", "rating_vote": "2", "rating": "2", "tags": ["en", "safe", "scp", "\u4eba\u5f62", "\u5171\u611f", "\u53cd\u71b5", "\u5efa\u7bc9\u7269", "\u7ffb\u8b6f"]}, {"created_at": "1580059446", "created_by_id": "5454699", "name": "scp-zh-591", "rating_vote": "14", "rating": "12", "tags": ["safe", "scp", "site-zh-02", "\u4eba\u9020\u7269\u54c1", "\u539f\u5275", "\u53cd\u71b5", "\u5de5\u5177", "\u6c34\u9280", "\u81ea\u6211\u8907\u88fd"]}, {"created_at": "1580112848", "created_by_id": "4357011", "name": "eggplant-election-special", "rating_vote": "6", "rating": "6", "tags": ["en", "goi\u683c\u5f0f", "\u4e09\u6ce2\u7279\u862d", "\u7ffb\u8b6f", "\u9e7f\u5b78\u9662"]}, {"created_at": "1580114722", "created_by_id": "4357011", "name": "fondation-a-valnuit", "rating_vote": "5", "rating": "5", "tags": ["fr", "\u4e8c\u6b21\u7ffb\u8b6f", "\u6545\u4e8b", "\u7ffb\u8b6f", "\u8de8\u754c\u8a08\u756b"]}, {"created_at": "1580125887", "created_by_id": "3979351", "name": "scp-3377", "rating_vote": "3", "rating": "3", "tags": ["en", "scp", "thaumiel", "\u5100\u5f0f\u6027", "\u672a\u6536\u5bb9", "\u672c\u8cea\u4fc3\u52d5", "\u7ffb\u8b6f"]}, {"created_at": "1580198100", "created_by_id": "5435485", "name": "anomaly-classification-system-guide", "rating_vote": "8", "rating": "8", "tags": ["en", "\u5fc3\u5f97", "\u7ffb\u8b6f"]}, {"created_at": "1580250570", "created_by_id": "5255954", "name": "scp-882", "rating_vote": "8", "rating": "8", "tags": ["en", "euclid", "scp", "\u5e7b\u89ba", "\u5f37\u8feb\u6027", "\u7834\u788e\u4e4b\u795e\u6559\u6703", "\u7cbe\u795e\u5f71\u97ff", "\u7ffb\u8b6f", "\u807d\u89ba\u5f71\u97ff", "\u81ea\u4e3b", "\u91d1\u5c6c"]}, {"created_at": "1580290523", "created_by_id": "3979351", "name": "the-fishman-of-manasquan", "rating_vote": "3", "rating": "3", "tags": ["en", "goi\u683c\u5f0f", "\u7ffb\u8b6f", "\u8d6b\u66fc-\u5bcc\u52d2"]}, {"created_at": "1580297595", "created_by_id": "4357011", "name": "richardson-island", "rating_vote": "7", "rating": "7", "tags": ["en", "en-\u5408\u8457\u7af6\u8cfd2019", "goi\u683c\u5f0f", "nobody", "\u5408\u8457", "\u7ffb\u8b6f", "\u9ed1\u7687\u540e"]}, {"created_at": "1580303846", "created_by_id": "5601790", "name": "scp-2078", "rating_vote": "0", "rating": "0", "tags": ["en", "keter", "scp", "\u4eba\u5f62", "\u672a\u6536\u5bb9", "\u6a21\u56e0\u6548\u61c9", "\u77e5\u8b58", "\u7ffb\u8b6f"]}, {"created_at": "1580306527", "created_by_id": "5402841", "name": "scp-zh-136", "rating_vote": "13", "rating": "13", "tags": ["keter", "scp", "site-zh-44", "\u4eba\u5f62", "\u539f\u5275", "\u5730\u9ede", "\u5c55\u51fa", "\u690d\u7269", "\u6a39\u6728", "\u6c23\u8c61"]}]