[{"created_at": "1637380917", "created_by_id": "6348157", "name": "elver-eel-s-artworks", "rating_vote": "4", "rating": "4", "tags": ["ko", "\u7ffb\u8b6f", "\u85dd\u8853\u4f5c\u54c1"]}, {"created_at": "1637402912", "created_by_id": "5415046", "name": "scp-610-l2", "rating_vote": "5", "rating": "5", "tags": ["en", "\u63a2\u7d22", "\u7ffb\u8b6f", "\u9644\u52a0\u8cc7\u6599"]}, {"created_at": "1637495960", "created_by_id": "4239775", "name": "quantum-suicide", "rating_vote": "8", "rating": "8", "tags": ["semibreve\u535a\u58eb", "\u539f\u5275", "\u6545\u4e8b"]}, {"created_at": "1637503045", "created_by_id": "5415046", "name": "scp-900", "rating_vote": "3", "rating": "3", "tags": ["en", "euclid", "scp", "\u4eba\u5f62", "\u57ce\u5e02", "\u6b77\u53f2\u6027", "\u7ffb\u8b6f", "\u901a\u8a0a", "\u91cd\u5beb", "\u96d5\u523b"]}, {"created_at": "1637503090", "created_by_id": "6503482", "name": "scp-3626", "rating_vote": "9", "rating": "9", "tags": ["en", "meta", "safe", "scp", "\u5e7b\u89ba", "\u7ffb\u8b6f", "\u8996\u89ba\u6027", "\u8a18\u61b6\u5f71\u97ff", "\u8d85\u7dad\u5ea6", "\u96fb\u8166"]}, {"created_at": "1637513508", "created_by_id": "6787405", "name": "scp-this-was-a-bad-idea-j", "rating_vote": "2", "rating": "2", "tags": ["en", "scp", "\u641e\u7b11", "\u6a5f\u5bc6\u5206\u7d1a", "\u7ffb\u8b6f"]}, {"created_at": "1637536584", "created_by_id": "5415046", "name": "scp-998", "rating_vote": "3", "rating": "3", "tags": ["en", "euclid", "scp", "\u7a7a\u4e2d", "\u7ffb\u8b6f", "\u8ecd\u4e8b", "\u8f09\u5177", "\u901a\u8a0a"]}, {"created_at": "1637568518", "created_by_id": "5334590", "name": "boorklyn-00-ref-rain", "rating_vote": "15", "rating": "15", "tags": ["\u4f69\u68ee\u5c3c\u723e", "\u539f\u5275", "\u5c55\u51fa", "\u6545\u4e8b", "\u8f49\u4e16\u8a08\u5283"]}, {"created_at": "1637572646", "created_by_id": "5415046", "name": "scp-302", "rating_vote": "2", "rating": "2", "tags": ["en", "safe", "scp", "\u53cd\u71b5", "\u6606\u87f2", "\u7ffb\u8b6f", "\u89f8\u89ba\u5f71\u97ff", "\u91d1\u5c6c", "\u96d5\u5851"]}, {"created_at": "1637574331", "created_by_id": "5415046", "name": "scp-309", "rating_vote": "4", "rating": "2", "tags": ["en", "euclid", "scp", "\u73a9\u5177", "\u7ffb\u8b6f", "\u89f8\u89ba\u5f71\u97ff", "\u8a8d\u77e5\u5371\u5bb3", "\u8b8a\u5f62"]}, {"created_at": "1637617966", "created_by_id": "5415046", "name": "scp-313", "rating_vote": "4", "rating": "4", "tags": ["en", "safe", "scp", "\u4e0d\u53ef\u6467\u6bc0", "\u53cd\u71b5", "\u5bb6\u96fb\u7528\u54c1", "\u7ffb\u8b6f"]}, {"created_at": "1637633302", "created_by_id": "4239775", "name": "quantum-immortality", "rating_vote": "9", "rating": "9", "tags": ["semibreve\u535a\u58eb", "\u4e09\u57a3", "\u539f\u5275", "\u6545\u4e8b"]}, {"created_at": "1637648352", "created_by_id": "5334590", "name": "scp-zh-110", "rating_vote": "20", "rating": "18", "tags": ["safe", "scp", "site-zh-16", "\u539f\u5275", "\u53cd\u71b5", "\u5730\u9ede", "\u7a7a\u4e2d"]}, {"created_at": "1637837746", "created_by_id": "5435485", "name": "scp-012-vn", "rating_vote": "6", "rating": "6", "tags": ["scp", "vn", "\u4e8c\u6b21\u7ffb\u8b6f", "\u5100\u5f0f", "\u7121\u6548\u5316", "\u7ffb\u8b6f"]}, {"created_at": "1637903887", "created_by_id": "4442284", "name": "zh-bt-strange-news-0002", "rating_vote": "6", "rating": "0", "tags": ["\u539f\u5275", "\u62cb\u9234\u4eba", "\u6545\u4e8b", "\u8f49\u4e16\u8a08\u5283"]}, {"created_at": "1637959228", "created_by_id": "5415046", "name": "scp-320", "rating_vote": "2", "rating": "2", "tags": ["en", "euclid", "scp", "\u53cd\u7269\u7406\u5b9a\u5f8b", "\u6642\u7a7a", "\u73bb\u7483", "\u7403\u9ad4", "\u7ffb\u8b6f"]}, {"created_at": "1637992340", "created_by_id": "5435485", "name": "scp-zh-352", "rating_vote": "18", "rating": "18", "tags": ["euclid", "scp", "site-zh-13", "\u539f\u5275", "\u5a92\u9ad4", "\u690d\u7269", "\u6a21\u56e0\u6548\u61c9", "\u6a5f\u7387\u6027", "\u6c11\u7570\u7f72", "\u6e3e\u6c8c\u53cd\u53db\u8ecd", "\u7269\u7a2e"]}, {"created_at": "1637995745", "created_by_id": "5415046", "name": "scp-324", "rating_vote": "4", "rating": "4", "tags": ["en", "safe", "scp", "\u5c4d\u9ad4", "\u690d\u7269", "\u6d3b\u7269", "\u7269\u7a2e", "\u7ffb\u8b6f", "\u8a18\u61b6\u5f71\u97ff"]}, {"created_at": "1638004602", "created_by_id": "6787405", "name": "the-death-of-sam-or-semibreve-etc", "rating_vote": "17", "rating": "17", "tags": ["semibreve\u535a\u58eb", "surge\u535a\u58eb", "\u539f\u5275", "\u641e\u7b11", "\u85dd\u8853\u4f5c\u54c1"]}, {"created_at": "1638024047", "created_by_id": "7504530", "name": "scp-1011", "rating_vote": "3", "rating": "3", "tags": ["en", "safe", "scp", "\u683c\u9b6f\u70cf-p\u90e8\u9580", "\u7cbe\u795e\u5f71\u97ff", "\u7ffb\u8b6f", "\u8996\u89ba\u6027", "\u8a8d\u77e5\u5371\u5bb3", "\u96d5\u50cf"]}]