[{"created_at": "1642083207", "created_by_id": "6952002", "name": "scp-6059", "rating_vote": "18", "rating": "18", "tags": ["en", "euclid", "scp", "\u4e0d\u53ef\u79fb\u52d5", "\u5b97\u6559", "\u611f\u77e5\u529b", "\u667a\u80fd", "\u7121\u5b9a\u5f62", "\u751f\u7269\u5371\u5bb3", "\u7cbe\u795e\u5f71\u97ff", "\u7ffb\u8b6f"]}, {"created_at": "1642447282", "created_by_id": "5334590", "name": "in-the-cold-and-rain-the-love-story", "rating_vote": "12", "rating": "12", "tags": ["\u539f\u5275", "\u6545\u4e8b", "\u8f49\u4e16\u8a08\u5283"]}, {"created_at": "1642468222", "created_by_id": "6217438", "name": "a-trip-down-memory-lane", "rating_vote": "7", "rating": "7", "tags": ["en", "moose\u4e3b\u4efb", "\u4e0d\u5fa9\u8fd4", "\u5851\u50cf173", "\u6545\u4e8b", "\u7ffb\u8b6f"]}, {"created_at": "1642687398", "created_by_id": "7504530", "name": "scp-1041", "rating_vote": "2", "rating": "2", "tags": ["en", "euclid", "scp", "\u4eba\u5f62", "\u5fc3\u9748\u611f\u61c9", "\u611f\u77e5\u529b", "\u667a\u80fd", "\u6d3b\u7269", "\u6e3e\u6c8c\u53cd\u53db\u8ecd", "\u7ffb\u8b6f"]}, {"created_at": "1642761959", "created_by_id": "6217438", "name": "scp-6416", "rating_vote": "6", "rating": "6", "tags": ["en", "keter", "mcdoctorate\u535a\u58eb", "reynders\u535a\u58eb", "scp", "\u6558\u8ff0\u6027", "\u6642\u7a7a", "\u672c\u8cea\u4fc3\u52d5", "\u6a5f\u7387\u6027", "\u73a9\u5177", "\u7acb\u65b9\u9ad4", "\u7ffb\u8b6f"]}, {"created_at": "1642847432", "created_by_id": "4990678", "name": "tonal-felidae", "rating_vote": "11", "rating": "11", "tags": ["\u539f\u5275", "\u85dd\u8853\u4f5c\u54c1"]}, {"created_at": "1642856364", "created_by_id": "6217438", "name": "scp-6641", "rating_vote": "9", "rating": "9", "tags": ["en", "mcdoctorate\u535a\u58eb", "scp", "\u4eba\u5f62", "\u611f\u77e5\u529b", "\u667a\u80fd", "\u7121\u6548\u5316", "\u7761\u7720", "\u7ffb\u8b6f", "\u80a2\u9ad4"]}, {"created_at": "1642870585", "created_by_id": "7073060", "name": "scp-zh-799", "rating_vote": "15", "rating": "15", "tags": ["meta", "scp", "\u539f\u5275", "\u5efa\u7bc9", "\u683c\u9b6f\u70cf-p\u90e8\u9580", "\u6982\u5ff5", "\u6a5f\u5bc6\u5206\u7d1a", "\u76f8\u562f\u9b54", "\u8a8d\u77e5\u5371\u5bb3", "\u8cc7\u8a0a\u5371\u5bb3", "\u96fb\u529b"]}, {"created_at": "1642933967", "created_by_id": "6217438", "name": "scp-6263", "rating_vote": "5", "rating": "5", "tags": ["en", "scp", "\u4fdd\u885b43", "\u6a5f\u5bc6\u5206\u7d1a", "\u6a5f\u7387\u6027", "\u7dda\u4e0a", "\u7ffb\u8b6f", "\u8a9e\u8a00"]}, {"created_at": "1642944616", "created_by_id": "6952002", "name": "pyemia-is-thicker-than-water", "rating_vote": "5", "rating": "5", "tags": ["kris\u535a\u58eb", "wanderers", "\u539f\u5275", "\u6545\u4e8b"]}, {"created_at": "1642946844", "created_by_id": "6217438", "name": "scp-5416", "rating_vote": "5", "rating": "5", "tags": ["en", "scp", "\u4fdd\u885b43", "\u50b3\u9001", "\u7121\u6548\u5316", "\u7ffb\u8b6f", "\u89f8\u89ba\u5f71\u97ff", "\u96d5\u50cf", "\u96d5\u523b"]}, {"created_at": "1643110167", "created_by_id": "5415046", "name": "scp-203", "rating_vote": "5", "rating": "5", "tags": ["en", "euclid", "scp", "\u4eba\u5f62", "\u611f\u77e5\u529b", "\u667a\u80fd", "\u6a5f\u68b0", "\u7ffb\u8b6f", "\u807d\u89ba\u5f71\u97ff", "\u8a8d\u77e5\u5371\u5bb3"]}, {"created_at": "1643184132", "created_by_id": "6217438", "name": "facilities-complete-list", "rating_vote": "4", "rating": "4", "tags": ["en", "\u5408\u4f5c", "\u7ffb\u8b6f", "\u8cc7\u6e90"]}, {"created_at": "1643191448", "created_by_id": "6217438", "name": "scp-5790", "rating_vote": "4", "rating": "4", "tags": ["en", "en-5000", "scp", "\u5b97\u6559", "\u6982\u5ff5", "\u6a5f\u5bc6\u5206\u7d1a", "\u7ffb\u8b6f", "\u8aa4\u50b3\u90e8", "\u8cc7\u8a0a\u5371\u5bb3"]}, {"created_at": "1643196952", "created_by_id": "6217438", "name": "scp-4773", "rating_vote": "9", "rating": "9", "tags": ["en", "meta", "scp", "\u4eba\u5f62", "\u5408\u8457", "\u5c4d\u9ad4", "\u611f\u77e5\u5f71\u97ff", "\u6a5f\u5bc6\u5206\u7d1a", "\u73a9\u5177", "\u7570\u5e38\u79fb\u52d5", "\u7ffb\u8b6f", "\u8aa4\u50b3\u90e8", "\u9006\u6a21\u56e0"]}, {"created_at": "1643205779", "created_by_id": "6952002", "name": "bruh-don-t-do-drugs-okay", "rating_vote": "11", "rating": "11", "tags": ["\u539f\u5275", "\u85dd\u8853\u4f5c\u54c1", "\u8f49\u4e16\u8a08\u5283"]}, {"created_at": "1643249110", "created_by_id": "6217438", "name": "scp-5790-declassification", "rating_vote": "3", "rating": "3", "tags": ["en", "\u7528\u6236\u89e3\u5bc6", "\u7ffb\u8b6f"]}, {"created_at": "1643259806", "created_by_id": "6217438", "name": "scp-6975", "rating_vote": "3", "rating": "3", "tags": ["en", "scp", "thaumiel", "\u6642\u9593\u5f71\u97ff", "\u751f\u7269\u6027", "\u7ffb\u8b6f", "\u8a18\u61b6\u5f71\u97ff"]}, {"created_at": "1643312365", "created_by_id": "5255954", "name": "scp-zh-999", "rating_vote": "54", "rating": "54", "tags": ["meta", "scp", "thaumiel", "zh999", "\u4eba\u5f62", "\u539f\u5275", "\u5bc4\u751f\u6027", "\u611f\u77e5\u5f71\u97ff", "\u672c\u8cea\u4fc3\u52d5"]}, {"created_at": "1643391751", "created_by_id": "5435485", "name": "retire-from-bistro", "rating_vote": "17", "rating": "17", "tags": ["\u539f\u5275", "\u6545\u4e8b"]}]