[{"created_at": "1648963649", "created_by_id": "5334590", "name": "scp-427", "rating_vote": "2", "rating": "2", "tags": ["en", "safe", "scp", "\u57fa\u91d1\u6703\u88fd\u9020", "\u7ffb\u8b6f", "\u8b8a\u5f62", "\u91ab\u5b78\u6027", "\u98fe\u54c1"]}, {"created_at": "1648974501", "created_by_id": "5334590", "name": "scp-428", "rating_vote": "5", "rating": "5", "tags": ["en", "euclid", "scp", "\u4eba\u5f62", "\u63a0\u98df\u6027", "\u7fa4\u9ad4\u6027", "\u7ffb\u8b6f", "\u81ea\u6211\u4fee\u5fa9", "\u8702\u5de2\u601d\u7dad", "\u89f8\u89ba\u5f71\u97ff"]}, {"created_at": "1648989882", "created_by_id": "5415046", "name": "scp-354", "rating_vote": "7", "rating": "7", "tags": ["en", "keter", "scp", "\u4e0d\u53ef\u79fb\u52d5", "\u53cd\u71b5", "\u5730\u9ede", "\u6642\u7a7a", "\u6db2\u9ad4", "\u7ffb\u8b6f", "\u9580\u5f91"]}, {"created_at": "1648992328", "created_by_id": "5334590", "name": "scp-429", "rating_vote": "4", "rating": "4", "tags": ["en", "safe", "scp", "\u50b3\u9001", "\u5fc3\u9748\u611f\u61c9", "\u6642\u9418", "\u6642\u9593\u5f71\u97ff", "\u767c\u689d", "\u7ffb\u8b6f"]}, {"created_at": "1648993248", "created_by_id": "6217438", "name": "scp-846", "rating_vote": "4", "rating": "4", "tags": ["en", "safe", "scp", "wondertainment\u535a\u58eb", "\u53cd\u71b5", "\u6642\u7a7a", "\u6a5f\u5668\u4eba", "\u73a9\u5177", "\u7ffb\u8b6f"]}, {"created_at": "1648994914", "created_by_id": "5415046", "name": "scp-176", "rating_vote": "3", "rating": "3", "tags": ["en", "euclid", "scp", "\u5efa\u7bc9\u7269", "\u5faa\u74b0", "\u6642\u9593\u5f71\u97ff", "\u7ffb\u8b6f"]}, {"created_at": "1648996290", "created_by_id": "5334590", "name": "scp-431", "rating_vote": "4", "rating": "4", "tags": ["en", "euclid", "scp", "\u4eba\u5f62", "\u611f\u77e5\u529b", "\u611f\u77e5\u5f71\u97ff", "\u667a\u80fd", "\u7ffb\u8b6f", "\u8a18\u61b6\u5f71\u97ff"]}, {"created_at": "1649006228", "created_by_id": "5334590", "name": "scp-436", "rating_vote": "3", "rating": "3", "tags": ["en", "euclid", "scp", "\u5bb9\u5668", "\u6578\u5b78\u6027", "\u7ffb\u8b6f", "\u8b8a\u5f62", "\u8cc7\u8a0a\u5371\u5bb3", "\u91d1\u5c6c", "\u98fe\u54c1"]}, {"created_at": "1649082643", "created_by_id": "4990678", "name": "zh-88-logo", "rating_vote": "9", "rating": "9", "tags": ["site-zh-88", "\u539f\u5275", "\u85dd\u8853\u4f5c\u54c1"]}, {"created_at": "1649099192", "created_by_id": "5334590", "name": "among-in-the-duck", "rating_vote": "15", "rating": "15", "tags": ["ain\u535a\u58eb", "semibreve\u535a\u58eb", "site-zh-02", "site-zh-44", "surge\u535a\u58eb", "x\u535a\u58eb", "\u539f\u5275", "\u6545\u4e8b", "\u8449\u51e1\u535a\u58eb"]}, {"created_at": "1649127640", "created_by_id": "3981670", "name": "scp-918", "rating_vote": "5", "rating": "5", "tags": ["en", "euclid", "scp", "\u5efa\u7bc9\u7269", "\u6a5f\u68b0", "\u7ffb\u8b6f", "\u81ea\u4e3b", "\u9ce5\u985e"]}, {"created_at": "1649170494", "created_by_id": "5415046", "name": "scp-327", "rating_vote": "4", "rating": "4", "tags": ["en", "euclid", "scp", "\u4eba\u5f62", "\u52d5\u7269", "\u667a\u80fd", "\u6c34\u68f2", "\u7ffb\u8b6f", "\u91cd\u5beb"]}, {"created_at": "1649204392", "created_by_id": "6217438", "name": "secure-facility-dossier-site-106", "rating_vote": "4", "rating": "4", "tags": ["cimmerian\u535a\u58eb", "clef\u535a\u58eb", "en", "mann\u535a\u58eb", "mcdoctorate\u535a\u58eb", "\u4e2d\u5fc3", "\u7ad9\u9ede", "\u7ffb\u8b6f"]}, {"created_at": "1649301027", "created_by_id": "6217438", "name": "scp-370", "rating_vote": "3", "rating": "3", "tags": ["en", "keter", "scp", "\u5b97\u6559", "\u6a21\u56e0\u6548\u61c9", "\u7ffb\u8b6f", "\u8996\u89ba\u6027", "\u8a8d\u77e5\u5371\u5bb3", "\u8cc7\u8a0a\u5371\u5bb3", "\u9470\u5319"]}, {"created_at": "1649337716", "created_by_id": "5415046", "name": "scp-288", "rating_vote": "3", "rating": "3", "tags": ["en", "safe", "scp", "\u7cbe\u795e\u5f71\u97ff", "\u7ffb\u8b6f", "\u98fe\u54c1"]}, {"created_at": "1649341714", "created_by_id": "5435485", "name": "scp-100", "rating_vote": "5", "rating": "5", "tags": ["en", "euclid", "scp", "\u4eba\u5f62", "\u5730\u9ede", "\u611f\u77e5\u529b", "\u667a\u80fd", "\u6a5f\u5668\u4eba", "\u7ffb\u8b6f", "\u81ea\u6211\u8907\u88fd", "\u91d1\u5c6c"]}, {"created_at": "1649344468", "created_by_id": "5435485", "name": "scp-104", "rating_vote": "3", "rating": "3", "tags": ["en", "euclid", "scp", "\u50b3\u9001", "\u6728\u88fd", "\u73bb\u7483", "\u7403\u9ad4", "\u7ffb\u8b6f", "\u81ea\u4e3b", "\u81ea\u6211\u4fee\u5fa9"]}, {"created_at": "1649394607", "created_by_id": "3981670", "name": "scp-926", "rating_vote": "3", "rating": "3", "tags": ["en", "safe", "scp", "\u5100\u5668", "\u7ffb\u8b6f", "\u96d5\u50cf", "\u97f3\u6a02\u6027"]}, {"created_at": "1649398573", "created_by_id": "5435485", "name": "scp-111", "rating_vote": "5", "rating": "5", "tags": ["en", "safe", "scp", "wondertainment\u535a\u58eb", "\u52d5\u7269", "\u6d3b\u7269", "\u706b", "\u7121\u810a\u690e\u52d5\u7269", "\u7269\u7a2e", "\u7ffb\u8b6f"]}, {"created_at": "1649401623", "created_by_id": "5435485", "name": "scp-115", "rating_vote": "2", "rating": "2", "tags": ["en", "safe", "scp", "\u5fae\u578b", "\u73a9\u5177", "\u7ffb\u8b6f", "\u8f09\u5177"]}]