[{"created_at": "1615305103", "created_by_id": "3981670", "name": "scp-2358", "rating_vote": "4", "rating": "4", "tags": ["en", "euclid", "scp", "\u5e7b\u89ba", "\u6a21\u56e0\u6548\u61c9", "\u6a39\u6728", "\u7cbe\u795e\u5f71\u97ff", "\u7ffb\u8b6f", "\u8996\u89ba\u6027", "\u8a8d\u77e5\u5371\u5bb3", "\u9006\u6a21\u56e0"]}, {"created_at": "1615363971", "created_by_id": "6217438", "name": "scp-2217", "rating_vote": "4", "rating": "4", "tags": ["en", "k\u7d1a\u60c5\u666f", "robert-bumaro", "scp", "thaumiel", "\u5730\u4e0b", "\u5730\u8cea", "\u5730\u9ede", "\u6a5f\u5668\u4eba", "\u6c23\u8c61", "\u7834\u788e\u4e4b\u795e\u6559\u6703", "\u7ffb\u8b6f"]}, {"created_at": "1615384308", "created_by_id": "5013754", "name": "hafune", "rating_vote": "14", "rating": "14", "tags": ["goi\u683c\u5f0f", "\u539f\u5275", "\u53f0\u7063\u539f\u4f4f\u6c11", "\u5c55\u51fa", "\u6276\u6851\u7d00", "\u8490\u96c6\u9662", "\u86c7\u4e4b\u624b"]}, {"created_at": "1615386510", "created_by_id": "6952002", "name": "thunderstorm", "rating_vote": "13", "rating": "13", "tags": ["kris\u535a\u58eb", "site-zh-02", "\u539f\u5275", "\u6545\u4e8b"]}, {"created_at": "1615389021", "created_by_id": "5565302", "name": "creepy-tunnel", "rating_vote": "24", "rating": "24", "tags": ["\u539f\u5275", "\u85dd\u8853\u4f5c\u54c1"]}, {"created_at": "1615396005", "created_by_id": "4357011", "name": "bad-end", "rating_vote": "6", "rating": "6", "tags": ["en", "\u6545\u4e8b", "\u7ffb\u8b6f"]}, {"created_at": "1615396132", "created_by_id": "4357011", "name": "scp-1393-ru", "rating_vote": "8", "rating": "8", "tags": ["euclid", "ru", "scp", "\u4e8c\u6b21\u7ffb\u8b6f", "\u6c34\u68f2", "\u7ffb\u8b6f", "\u9006\u6a21\u56e0", "\u901a\u8a0a"]}, {"created_at": "1615444658", "created_by_id": "5435485", "name": "scp-zh-593", "rating_vote": "15", "rating": "15", "tags": ["keter", "scp", "\u539f\u5275", "\u5730\u9ede", "\u6027", "\u7cbe\u795e\u5f71\u97ff", "\u8d85\u7dad\u5ea6", "\u9060\u5df1"]}, {"created_at": "1615452935", "created_by_id": "6348157", "name": "scp-2881", "rating_vote": "6", "rating": "6", "tags": ["en", "en-\u77ed\u6587\u7af6\u8cfd2015", "safe", "scp", "\u6642\u9593\u5f71\u97ff", "\u690d\u7269", "\u6a39\u6728", "\u6d3b\u7269", "\u7cbe\u795e\u5f71\u97ff", "\u7ffb\u8b6f"]}, {"created_at": "1615456908", "created_by_id": "6217438", "name": "interviews-with-prospective-groups-of-interest", "rating_vote": "12", "rating": "12", "tags": ["1976\u5e74\u73ed", "asci", "clef\u535a\u58eb", "en", "ijamea", "nobody", "wondertainment\u535a\u58eb", "\u53cd\u5e38\u90e8", "\u5408\u4f5c", "\u5927\u8853\u58eb\u4f0a\u4ef0", "\u6545\u4e8b", "\u672a\u660e\u8ecd\u5718", "\u6b32\u8089\u6559", "\u6b61\u6a02\u57fa\u91d1\u6703", "\u6b86\u74e6", "\u6bc6\u6253\u9bca\u9b5a\u4e2d\u5fc3", "\u7121\u540d", "\u7329\u7d05\u4e4b\u738b", "\u76f8\u562f\u9b54", "\u7dad\u574e\u5fb7-\u5c3c\u5f97", "\u7ffb\u8b6f", "\u8d6b\u66fc-\u5bcc\u52d2", "\u91d1\u5e33\u8ecd", "\u9ed1\u7687\u540e"]}, {"created_at": "1615461668", "created_by_id": "5454699", "name": "minamata-disease", "rating_vote": "6", "rating": "6", "tags": ["\u539f\u5275", "\u6545\u4e8b", "\u6c34\u9280"]}, {"created_at": "1615539819", "created_by_id": "6348157", "name": "scp-2597", "rating_vote": "6", "rating": "6", "tags": ["en", "safe", "scp", "\u4eba\u9020\u7269\u54c1", "\u53cd\u7269\u7406\u5b9a\u5f8b", "\u6d3b\u52d5\u5c55\u51fa", "\u7ffb\u8b6f", "\u91cd\u529b\u5f71\u97ff", "\u91d1\u5c6c"]}, {"created_at": "1615615717", "created_by_id": "6381244", "name": "scp-1752", "rating_vote": "4", "rating": "4", "tags": ["en", "euclid", "scp", "\u50b3\u9001", "\u571f\u661f\u7261\u9e7f", "\u5730\u9ede", "\u611f\u77e5\u529b", "\u667a\u80fd", "\u7121\u5f62", "\u7ffb\u8b6f", "\u8072\u97f3", "\u807d\u89ba\u5f71\u97ff"]}, {"created_at": "1615732270", "created_by_id": "5565302", "name": "escape-chess", "rating_vote": "15", "rating": "15", "tags": ["\u539f\u5275", "\u85dd\u8853\u4f5c\u54c1"]}, {"created_at": "1615770578", "created_by_id": "6348157", "name": "scp-999-j", "rating_vote": "5", "rating": "5", "tags": ["en", "keter", "scp", "\u4eba\u5f62", "\u5408\u8457", "\u641e\u7b11", "\u672a\u6536\u5bb9", "\u7ffb\u8b6f", "\u97f3\u983b"]}, {"created_at": "1615818514", "created_by_id": "6091157", "name": "milk-puzzle", "rating_vote": "18", "rating": "18", "tags": ["ad\u535a\u58eb", "owen", "site-zh-12", "\u539f\u5275", "\u6545\u4e8b", "\u7814\u7a76\u54e1lucifelle"]}, {"created_at": "1615851871", "created_by_id": "6217438", "name": "clef-excerpts", "rating_vote": "12", "rating": "12", "tags": ["clef\u535a\u58eb", "en", "\u6545\u4e8b", "\u7ffb\u8b6f", "\u8a72\u96b1"]}, {"created_at": "1615913138", "created_by_id": "5334590", "name": "what-are-you-waiting-for-just-join-goc-dude", "rating_vote": "34", "rating": "34", "tags": ["\u5168\u7403\u8d85\u81ea\u7136\u806f\u76df", "\u539f\u5275", "\u5c55\u51fa", "\u6545\u4e8b", "\u6e3e\u6c8c\u53cd\u53db\u8ecd"]}, {"created_at": "1615980834", "created_by_id": "5435485", "name": "scp-zh-496", "rating_vote": "29", "rating": "29", "tags": ["scp", "\u4e0d\u53ef\u6467\u6bc0", "\u539f\u5275", "\u6575\u610f", "\u672a\u6536\u5bb9", "\u6982\u5ff5", "\u6a5f\u5bc6\u5206\u7d1a", "\u7d50\u69cb\u7269", "\u8d85\u7dad\u5ea6", "\u9580\u5f91"]}, {"created_at": "1615985449", "created_by_id": "5344757", "name": "scp-zh-146", "rating_vote": "9", "rating": "9", "tags": ["safe", "scp", "site-zh-16", "\u539f\u5275", "\u5f37\u8feb\u6027", "\u73bb\u7483", "\u7cbe\u795e\u5f71\u97ff", "\u81ea\u6211\u8907\u88fd"]}]