[{"created_at": "1563369028", "created_by_id": "5230135", "name": "familiar-strangers", "rating_vote": "12", "rating": "12", "tags": ["2019\u6691\u671f\u6bd4\u8cfd", "\u539f\u5275", "\u6545\u4e8b"]}, {"created_at": "1563373942", "created_by_id": "5344757", "name": "orange-2147", "rating_vote": "11", "rating": "11", "tags": ["bales\u535a\u58eb", "site-zh-16", "\u539f\u5275", "\u6545\u4e8b", "\u6d17\u8863\u90e8\u9580"]}, {"created_at": "1563378648", "created_by_id": "4357011", "name": "scp-371-j", "rating_vote": "9", "rating": "9", "tags": ["d-11424&nbsp;en", "everwood\u535a\u58eb", "gears\u535a\u58eb", "meta", "scp", "\u641e\u7b11", "\u7121\u6548\u5316", "\u7ffb\u8b6f", "\u8a8d\u77e5\u5371\u5bb3", "\u98df\u7269"]}, {"created_at": "1563418065", "created_by_id": "5230135", "name": "kz-containment-breach", "rating_vote": "9", "rating": "7", "tags": ["\u539f\u5275", "\u6545\u4e8b"]}, {"created_at": "1563499354", "created_by_id": "4239775", "name": "blue-9102", "rating_vote": "11", "rating": "11", "tags": ["semibreve\u535a\u58eb", "site-zh-02", "\u539f\u5275", "\u6545\u4e8b", "\u6d17\u8863\u90e8\u9580"]}, {"created_at": "1563532682", "created_by_id": "4055881", "name": "usertools", "rating_vote": "5", "rating": "5", "tags": ["\u7ba1\u7406", "\u7ffb\u8b6f"]}, {"created_at": "1563533879", "created_by_id": "3979351", "name": "scp-zh-257", "rating_vote": "9", "rating": "9", "tags": ["safe", "scp", "site-zh-25", "\u4eba\u5f62", "\u539f\u5275", "\u683c\u9b6f\u70cf-p\u90e8\u9580", "\u96f6\u865f\u5c08\u968a"]}, {"created_at": "1563629566", "created_by_id": "5415046", "name": "scp-zh-194", "rating_vote": "13", "rating": "13", "tags": ["euclid", "scp", "site-zh-22", "\u4eba\u5f62", "\u502b\u7406\u59d4\u54e1\u6703", "\u539f\u5275", "\u5fae\u89c0", "\u6d3b\u7269", "\u7d30\u83cc", "\u81ea\u6211\u4fee\u5fa9", "\u9060\u5df1"]}, {"created_at": "1563632639", "created_by_id": "4239775", "name": "nsb8-01728", "rating_vote": "8", "rating": "8", "tags": ["goi\u683c\u5f0f", "\u539f\u5275", "\u7b2c\u516b\u8655", "\u96d9\u57ce\u4f5c\u6230"]}, {"created_at": "1563700047", "created_by_id": "5334590", "name": "chinese-ixora", "rating_vote": "20", "rating": "20", "tags": ["site-zh-16", "\u539f\u5275", "\u6545\u4e8b", "\u7814\u7a76\u54e1l.what"]}, {"created_at": "1563705797", "created_by_id": "5428286", "name": "scp-zh-080", "rating_vote": "11", "rating": "11", "tags": ["euclid", "scp", "\u539f\u5275", "\u5bc4\u751f\u6027", "\u5c55\u51fa", "\u6d3b\u7269", "\u7fa4\u9ad4\u6027"]}, {"created_at": "1563792971", "created_by_id": "5402841", "name": "scp-zh-719-j", "rating_vote": "21", "rating": "17", "tags": ["euclid", "scp", "\u5171\u611f", "\u539f\u5275", "\u5bb9\u5668", "\u641e\u7b11", "\u7570\u5e38\u79fb\u52d5"]}, {"created_at": "1563802701", "created_by_id": "3979351", "name": "e-0249", "rating_vote": "10", "rating": "10", "tags": ["goi\u683c\u5f0f", "site-zh-25", "\u539f\u5275", "\u548c\u671d\u7fa9", "\u5de5\u5ee0", "\u7b2c\u516b\u8655", "\u82f1\u570b\u795e\u79d8\u60c5\u5831\u5c40", "\u96f6\u865f\u5c08\u968a"]}, {"created_at": "1563802898", "created_by_id": "5435485", "name": "scp-4106", "rating_vote": "8", "rating": "8", "tags": ["en", "keter", "scp", "\u52d5\u7269", "\u611f\u77e5\u529b", "\u6575\u610f", "\u7121\u6548\u5316", "\u7ffb\u8b6f", "\u9ce5\u985e"]}, {"created_at": "1563861109", "created_by_id": "5415046", "name": "yourjouney-part-3", "rating_vote": "8", "rating": "8", "tags": ["en", "\u5fc3\u5f97", "\u7ffb\u8b6f"]}, {"created_at": "1563891711", "created_by_id": "USER_DELETED", "name": "laundry-of-miya", "rating_vote": "13", "rating": "13", "tags": ["\u4e2d\u5fc3", "\u539f\u5275", "\u6d17\u8863\u90e8\u9580"]}, {"created_at": "1563902739", "created_by_id": "5415046", "name": "kiryu-labs-hub", "rating_vote": "6", "rating": "6", "tags": ["en", "\u4e2d\u5fc3", "\u6850\u751f\u5be6\u9a57\u5ba4", "\u745e\u6587\u00b7\u6469\u745f", "\u7941\u6bb7\u00b7\u6850\u751f", "\u7ffb\u8b6f", "\u99ac\u514b\u00b7\u6850\u751f"]}, {"created_at": "1564122154", "created_by_id": "5435485", "name": "scp-zh-610", "rating_vote": "22", "rating": "22", "tags": ["keter", "scp", "site-zh-44", "\u4eba\u5f62", "\u502b\u7406\u59d4\u54e1\u6703", "\u539f\u5275", "\u57fa\u56e0", "\u6709\u6a5f", "\u6b32\u8089\u6559", "\u751f\u7269\u6027", "\u80a2\u9ad4", "\u9060\u5df1", "\u91ab\u5b78\u6027"]}, {"created_at": "1564128040", "created_by_id": "5415046", "name": "scp-zh-201", "rating_vote": "11", "rating": "11", "tags": ["safe", "scp", "\u539f\u5275", "\u5f37\u8feb\u6027", "\u751f\u7269\u6027", "\u7cbe\u795e\u5f71\u97ff", "\u96dc\u98df\u6027"]}, {"created_at": "1564145188", "created_by_id": "4357011", "name": "goi-1995-de-das-wunderkabinett", "rating_vote": "3", "rating": "3", "tags": ["de", "\u4e2d\u5fc3", "\u4e8c\u6b21\u7ffb\u8b6f", "\u5947\u7269\u5ba4", "\u7ffb\u8b6f"]}]