[{"created_at": "1620693365", "created_by_id": "5415046", "name": "scp-113", "rating_vote": "6", "rating": "6", "tags": ["en", "safe", "scp", "\u751f\u6b96\u6027", "\u77f3\u982d", "\u7ffb\u8b6f", "\u89f8\u89ba\u5f71\u97ff", "\u8b8a\u5f62", "\u91cd\u5beb"]}, {"created_at": "1620703017", "created_by_id": "5415046", "name": "scp-051", "rating_vote": "3", "rating": "3", "tags": ["en", "safe", "scp", "\u4eba\u5f62", "\u5f37\u8feb\u6027", "\u751f\u6b96\u6027", "\u7ffb\u8b6f", "\u8b8a\u5f62"]}, {"created_at": "1620704480", "created_by_id": "6787405", "name": "unusual-cargo-hub", "rating_vote": "10", "rating": "10", "tags": ["en", "\u4e2d\u5fc3", "\u7279\u6b8a\u8ca8\u7269\u4e8b\u52d9\u59d4\u54e1\u6703", "\u7ffb\u8b6f"]}, {"created_at": "1620722524", "created_by_id": "5255954", "name": "scp-1094-ru", "rating_vote": "3", "rating": "3", "tags": ["euclid", "ru", "scp", "\u5bc4\u751f\u6027", "\u7cbe\u795e\u5f71\u97ff", "\u7ffb\u8b6f", "\u81ea\u6211\u4fee\u5fa9"]}, {"created_at": "1620725072", "created_by_id": "3314318", "name": "flexibility", "rating_vote": "1", "rating": "1", "tags": ["awcy", "en", "\u6545\u4e8b", "\u7ffb\u8b6f", "\u8aaa\u660e"]}, {"created_at": "1620736609", "created_by_id": "3314318", "name": "novel-cultivars", "rating_vote": "3", "rating": "3", "tags": ["awcy", "en", "\u6545\u4e8b", "\u7ffb\u8b6f"]}, {"created_at": "1620816704", "created_by_id": "5325850", "name": "i-hub", "rating_vote": "5", "rating": "5", "tags": ["en", "\u5408\u8457", "\u6545\u4e8b", "\u7ffb\u8b6f"]}, {"created_at": "1620829730", "created_by_id": "5344757", "name": "scp-zh-416", "rating_vote": "17", "rating": "7", "tags": ["2020\u6500\u722c\u91d1\u5b57\u5854", "safe", "scp", "site-zh-16", "\u539f\u5275", "\u6587\u737b", "\u6a21\u56e0\u6548\u61c9", "\u7cbe\u795e\u5f71\u97ff"]}, {"created_at": "1620914765", "created_by_id": "3314318", "name": "shady-meetings", "rating_vote": "2", "rating": "2", "tags": ["awcy", "en", "ruiz-duchamp", "\u6545\u4e8b", "\u7ffb\u8b6f"]}, {"created_at": "1620955471", "created_by_id": "6217438", "name": "departments-complete-list", "rating_vote": "8", "rating": "8", "tags": ["en", "\u5408\u4f5c", "\u5408\u8457", "\u5f85\u66f4\u65b0", "\u7ffb\u8b6f", "\u8cc7\u6e90"]}, {"created_at": "1620999252", "created_by_id": "5435485", "name": "sigurros-and-taiwanese-unicorn", "rating_vote": "13", "rating": "13", "tags": ["\u4e09\u57a3", "\u539f\u5275", "\u6545\u4e8b", "\u8a69\u683c\u863f\u7d72"]}, {"created_at": "1621001935", "created_by_id": "3314318", "name": "the-toyman-and-the-doctor", "rating_vote": "1", "rating": "1", "tags": ["en", "ruiz-duchamp", "wondertainment\u535a\u58eb", "\u5c0f\u5c0f\u5148\u751f", "\u6545\u4e8b", "\u7ffb\u8b6f"]}, {"created_at": "1621004066", "created_by_id": "4990678", "name": "cr-0802-artwork-5000", "rating_vote": "4", "rating": "4", "tags": ["bright\u535a\u58eb", "jp", "\u7ffb\u8b6f", "\u85dd\u8853\u4f5c\u54c1"]}, {"created_at": "1621006655", "created_by_id": "4990678", "name": "cr-0802-artwork-5000-2", "rating_vote": "3", "rating": "3", "tags": ["jp", "\u7ffb\u8b6f", "\u85dd\u8853\u4f5c\u54c1"]}, {"created_at": "1621014269", "created_by_id": "4990678", "name": "cr-0802-artwork-5000-3", "rating_vote": "2", "rating": "2", "tags": ["jp", "\u7ffb\u8b6f", "\u85dd\u8853\u4f5c\u54c1"]}, {"created_at": "1621016187", "created_by_id": "4990678", "name": "cr-0802-artwork-5000-4", "rating_vote": "3", "rating": "3", "tags": ["bright\u535a\u58eb", "jp", "\u7ffb\u8b6f", "\u85dd\u8853\u4f5c\u54c1"]}, {"created_at": "1621039429", "created_by_id": "4239775", "name": "true-real", "rating_vote": "8", "rating": "8", "tags": ["site-zh-50", "\u4e09\u57a3", "\u539f\u5275", "\u6545\u4e8b"]}, {"created_at": "1621139075", "created_by_id": "5415046", "name": "church-of-the-broken-god-hub", "rating_vote": "10", "rating": "10", "tags": ["en", "en-goi2014", "\u4e2d\u5fc3", "\u7834\u788e\u4e4b\u795e\u6559\u6703", "\u7ffb\u8b6f"]}, {"created_at": "1621160511", "created_by_id": "3314318", "name": "quintessence-of-dust", "rating_vote": "2", "rating": "2", "tags": ["awcy", "en", "green\u7279\u5de5", "ruiz-duchamp", "\u53d7\u7d5e\u4e4b\u738b", "\u6545\u4e8b", "\u7ffb\u8b6f"]}, {"created_at": "1621164241", "created_by_id": "6952002", "name": "the-very-hungry-dr-kris", "rating_vote": "15", "rating": "15", "tags": ["ctrl-z\u535a\u58eb", "kris\u535a\u58eb", "\u539f\u5275", "\u6545\u4e8b", "\u6b61\u6a02\u57fa\u91d1\u6703"]}]