[{"created_at": "1583152872", "created_by_id": "5454699", "name": "scp-zh-153", "rating_vote": "13", "rating": "7", "tags": ["safe", "scp", "site-zh-02", "\u539f\u5275", "\u6b66\u5668", "\u6c34\u9280", "\u8a8d\u77e5\u5371\u5bb3"]}, {"created_at": "1583157880", "created_by_id": "5334590", "name": "scp-zh-055", "rating_vote": "18", "rating": "18", "tags": ["euclid", "scp", "site-zh-16", "\u4eba\u9020\u7269\u54c1", "\u539f\u5275", "\u5b89\u5e03\u7f85\u65af\u9910\u5ef3", "\u5f37\u8feb\u6027", "\u611f\u77e5\u5f71\u97ff", "\u6587\u737b", "\u6b32\u8089\u6559", "\u77f3\u69b4\u4ff1\u6a02\u90e8", "\u8a8d\u77e5\u5371\u5bb3", "\u98df\u7269"]}, {"created_at": "1583163573", "created_by_id": "3979351", "name": "scp-381", "rating_vote": "2", "rating": "2", "tags": ["en", "safe", "scp", "\u5ff5\u529b", "\u6587\u737b", "\u706b", "\u7ffb\u8b6f", "\u97f3\u6a02\u6027"]}, {"created_at": "1583204025", "created_by_id": "3979351", "name": "scp-326", "rating_vote": "1", "rating": "1", "tags": ["en", "euclid", "scp", "\u4eba\u5f62", "\u611f\u77e5\u529b", "\u667a\u80fd", "\u6a5f\u68b0", "\u6d3b\u7269", "\u7ffb\u8b6f", "\u91cd\u5beb", "\u9aa8\u9abc"]}, {"created_at": "1583231567", "created_by_id": "5334590", "name": "scp-999", "rating_vote": "12", "rating": "10", "tags": ["en", "safe", "scp", "\u4e0d\u6ec5\u5b7d\u8725", "\u55c5\u89ba\u5f71\u97ff", "\u611f\u77e5\u529b", "\u6709\u6a5f", "\u7121\u5b9a\u5f62", "\u7ffb\u8b6f", "\u89f8\u89ba\u5f71\u97ff"]}, {"created_at": "1583245622", "created_by_id": "5684299", "name": "another-possibility", "rating_vote": "9", "rating": "9", "tags": ["aiad", "chrome", "koschei.aic", "reverberate\u535a\u58eb", "\u539f\u5275", "\u6545\u4e8b", "\u6c99\u7687\u5148\u77e5\u5354\u6703", "\u8490\u96c6\u9662"]}, {"created_at": "1583279879", "created_by_id": "5334590", "name": "scp-409", "rating_vote": "2", "rating": "2", "tags": ["en", "keter", "scp", "\u6676\u9ad4", "\u7ffb\u8b6f", "\u81ea\u6211\u8907\u88fd", "\u8b8a\u5f62"]}, {"created_at": "1583289789", "created_by_id": "5334590", "name": "scp-689", "rating_vote": "4", "rating": "2", "tags": ["en", "keter", "scp", "\u50b3\u9001", "\u7ffb\u8b6f", "\u8996\u89ba\u6027", "\u89c0\u5bdf\u5f71\u97ff", "\u8a8d\u77e5\u5371\u5bb3", "\u96d5\u50cf"]}, {"created_at": "1583291454", "created_by_id": "3979351", "name": "scp-727", "rating_vote": "1", "rating": "1", "tags": ["en", "safe", "scp", "\u4eba\u9020\u7269\u54c1", "\u53cd\u71b5", "\u5de5\u5177", "\u5efa\u7bc9\u7269", "\u7cbe\u795e\u5f71\u97ff", "\u7ffb\u8b6f", "\u81ea\u4e3b"]}, {"created_at": "1583294003", "created_by_id": "3979351", "name": "scp-1612", "rating_vote": "3", "rating": "3", "tags": ["en", "safe", "scp", "\u53cd\u71b5", "\u690d\u7269", "\u6d3b\u7269", "\u6db2\u9ad4", "\u6f58\u6d1b\u65af", "\u706b", "\u7ffb\u8b6f"]}, {"created_at": "1583467508", "created_by_id": "3979351", "name": "scp-389", "rating_vote": "2", "rating": "2", "tags": ["en", "safe", "scp", "\u4e0d\u53ef\u6467\u6bc0", "\u5bb9\u5668", "\u6587\u737b", "\u667a\u80fd", "\u7ffb\u8b6f", "\u8d85\u7dad\u5ea6"]}, {"created_at": "1583503890", "created_by_id": "5435485", "name": "scp-076-2", "rating_vote": "6", "rating": "6", "tags": ["bowe\u4e0a\u5c07", "en", "maria-jones", "\u4e8b\u6545", "\u7ffb\u8b6f", "\u9644\u52a0\u8cc7\u6599"]}, {"created_at": "1583570697", "created_by_id": "3979351", "name": "scp-072", "rating_vote": "4", "rating": "4", "tags": ["en", "safe", "scp", "\u7121\u5f62", "\u7761\u7720", "\u7cbe\u795e\u5f71\u97ff", "\u7ffb\u8b6f", "\u80a2\u9ad4", "\u81ea\u4e3b", "\u81ea\u6211\u8907\u88fd", "\u8b8a\u5f62"]}, {"created_at": "1583579419", "created_by_id": "3981670", "name": "listpages-magic-and-you", "rating_vote": "4", "rating": "4", "tags": ["en", "\u5408\u8457", "\u5fc3\u5f97", "\u7ffb\u8b6f"]}, {"created_at": "1583580064", "created_by_id": "3979351", "name": "scp-065", "rating_vote": "2", "rating": "2", "tags": ["en", "euclid", "scp", "\u5168\u7403\u8d85\u81ea\u7136\u806f\u76df", "\u5730\u9ede", "\u5fa9\u6d3b", "\u611f\u77e5\u5f71\u97ff", "\u7ffb\u8b6f", "\u807d\u89ba\u5f71\u97ff", "\u8996\u89ba\u6027", "\u8b8a\u5f62"]}, {"created_at": "1583653134", "created_by_id": "3979351", "name": "scp-067", "rating_vote": "2", "rating": "2", "tags": ["en", "safe", "scp", "\u5100\u5668", "\u5de5\u5177", "\u7ffb\u8b6f", "\u81ea\u4e3b", "\u85dd\u8853\u6027"]}, {"created_at": "1583654245", "created_by_id": "3979351", "name": "scp-485", "rating_vote": "2", "rating": "2", "tags": ["bright\u535a\u58eb", "en", "safe", "scp", "\u5100\u5668", "\u5fc3\u9748\u611f\u61c9", "\u5ff5\u529b", "\u7ffb\u8b6f", "\u984c\u5beb"]}, {"created_at": "1583819406", "created_by_id": "3979351", "name": "scp-019", "rating_vote": "3", "rating": "3", "tags": ["en", "keter", "scp", "\u53cd\u71b5", "\u5bb9\u5668", "\u611f\u77e5\u529b", "\u6d3b\u7269", "\u7ffb\u8b6f", "\u9069\u61c9\u6027"]}, {"created_at": "1583894326", "created_by_id": "3981670", "name": "scp-610", "rating_vote": "7", "rating": "7", "tags": ["en", "keter", "scp", "\u50b3\u67d3\u6027", "\u5730\u9ede", "\u6d3b\u7269", "\u7cbe\u795e\u5f71\u97ff", "\u7ffb\u8b6f", "\u8b8a\u5f62"]}, {"created_at": "1583897960", "created_by_id": "5334590", "name": "scp-1057", "rating_vote": "4", "rating": "4", "tags": ["awcy", "en", "safe", "scp", "\u52d5\u7269", "\u6c34\u68f2", "\u7121\u5f62", "\u7ffb\u8b6f", "\u8089\u98df\u6027", "\u91cd\u5beb", "\u9b5a\u985e", "\u9bca\u985e"]}]