[{"created_at": "1638077341", "created_by_id": "5325850", "name": "project-proposal-2017-47-zh", "rating_vote": "23", "rating": "23", "tags": ["awcy", "goi\u683c\u5f0f", "\u539f\u5275", "\u5c55\u51fa"]}, {"created_at": "1638084946", "created_by_id": "5415046", "name": "scp-zh-701", "rating_vote": "11", "rating": "11", "tags": ["2020\u6500\u722c\u91d1\u5b57\u5854", "keter", "scp", "\u50b3\u9001", "\u52d5\u7269", "\u539f\u5275", "\u5fae\u89c0", "\u63a0\u98df\u6027", "\u6c23\u8c61", "\u7269\u7a2e", "\u751f\u7269\u5371\u5bb3", "\u7a7a\u4e2d"]}, {"created_at": "1638268537", "created_by_id": "6217438", "name": "goi-complete-list", "rating_vote": "4", "rating": "4", "tags": ["en", "\u5408\u4f5c", "\u5408\u8457", "\u7ffb\u8b6f", "\u8cc7\u6e90"]}, {"created_at": "1638285006", "created_by_id": "4990678", "name": "christmas-event3", "rating_vote": "8", "rating": "8", "tags": ["2021\u8056\u591c\u76f8\u5b88", "\u4e2d\u5fc3", "\u539f\u5275", "\u6311\u6230\u6d3b\u52d5"]}, {"created_at": "1638347103", "created_by_id": "5415046", "name": "scp-200", "rating_vote": "3", "rating": "3", "tags": ["en", "euclid", "scp", "\u4eba\u5f62", "\u6d3b\u7269", "\u7ffb\u8b6f"]}, {"created_at": "1638370780", "created_by_id": "6952002", "name": "apotheosis-fashion-prototype-of-elizabeth-victor-evans", "rating_vote": "7", "rating": "7", "tags": ["\u539f\u5275", "\u85dd\u8853\u4f5c\u54c1", "\u8f49\u4e16\u8a08\u5283"]}, {"created_at": "1638535384", "created_by_id": "5415046", "name": "scp-201", "rating_vote": "4", "rating": "4", "tags": ["en", "euclid", "scp", "\u5de5\u5177", "\u6642\u7a7a", "\u7ffb\u8b6f", "\u8d85\u7dad\u5ea6", "\u91ab\u5b78\u6027"]}, {"created_at": "1638537963", "created_by_id": "4990678", "name": "nekodesu-dot", "rating_vote": "1", "rating": "1", "tags": ["jp", "jp-2016\u63d2\u5716\u5927\u8cfda", "\u7ffb\u8b6f", "\u85dd\u8853\u4f5c\u54c1"]}, {"created_at": "1638546346", "created_by_id": "4990678", "name": "we-re-little-misters", "rating_vote": "3", "rating": "3", "tags": ["jp", "\u7ffb\u8b6f", "\u85dd\u8853\u4f5c\u54c1"]}, {"created_at": "1638547264", "created_by_id": "4990678", "name": "edharaaa-11", "rating_vote": "4", "rating": "2", "tags": ["jp", "\u7ffb\u8b6f", "\u85dd\u8853\u4f5c\u54c1"]}, {"created_at": "1638580750", "created_by_id": "5415046", "name": "scp-202", "rating_vote": "2", "rating": "2", "tags": ["en", "safe", "scp", "\u4eba\u5f62", "\u611f\u77e5\u529b", "\u6642\u9593\u5f71\u97ff", "\u667a\u80fd", "\u6d3b\u7269", "\u7ffb\u8b6f"]}, {"created_at": "1638793609", "created_by_id": "5334590", "name": "scp-4012", "rating_vote": "6", "rating": "6", "tags": ["en", "en-4000", "euclid", "scp", "\u53cd\u7269\u7406\u5b9a\u5f8b", "\u5730\u9ede", "\u5f71\u7247", "\u661f\u969b", "\u6a21\u56e0\u6548\u61c9", "\u6b86\u74e6", "\u7ffb\u8b6f", "\u8d85\u7dad\u5ea6", "\u97f3\u983b"]}, {"created_at": "1638877755", "created_by_id": "6217438", "name": "no-return-hub", "rating_vote": "5", "rating": "5", "tags": ["en", "\u4e0d\u5fa9\u8fd4", "\u4e2d\u5fc3", "\u5408\u4f5c", "\u7ffb\u8b6f"]}, {"created_at": "1638880480", "created_by_id": "5334590", "name": "scp-2419", "rating_vote": "11", "rating": "11", "tags": ["en", "euclid", "scp", "\u4eba\u5f62", "\u5730\u9ede", "\u57fa\u91d1\u6703\u88fd\u9020", "\u5c4d\u9ad4", "\u5efa\u7bc9\u7269", "\u5fa9\u6d3b", "\u611f\u77e5\u529b", "\u6575\u610f", "\u667a\u80fd", "\u6d3b\u7269", "\u7ffb\u8b6f", "\u81ea\u6211\u4fee\u5fa9"]}, {"created_at": "1639155115", "created_by_id": "6369875", "name": "scp-112-cs", "rating_vote": "1", "rating": "1", "tags": ["cs", "safe", "scp", "\u6578\u5b78\u6027", "\u7ffb\u8b6f"]}, {"created_at": "1639155485", "created_by_id": "6369875", "name": "scp-500-th", "rating_vote": "2", "rating": "2", "tags": ["safe", "scp", "th", "\u7ffb\u8b6f"]}, {"created_at": "1639155783", "created_by_id": "6369875", "name": "scp-2234-jp", "rating_vote": "1", "rating": "1", "tags": ["euclid", "jp", "scp", "\u5730\u9ede", "\u611f\u77e5\u529b", "\u7121\u5f62", "\u7ffb\u8b6f"]}, {"created_at": "1639284559", "created_by_id": "5415046", "name": "scp-6369", "rating_vote": "10", "rating": "10", "tags": ["en", "safe", "scp", "\u4ea4\u63db", "\u52d5\u7269", "\u5408\u8457", "\u611f\u77e5\u529b", "\u667a\u80fd", "\u6d3b\u7269", "\u7ffb\u8b6f", "\u96dc\u98df\u6027", "\u96fb\u5b50", "\u9f20\u985e"]}, {"created_at": "1639295644", "created_by_id": "5435485", "name": "daevite-hub", "rating_vote": "7", "rating": "7", "tags": ["en", "\u4e2d\u5fc3", "\u6b86\u74e6", "\u7ffb\u8b6f"]}, {"created_at": "1639321328", "created_by_id": "5415046", "name": "scp-2682", "rating_vote": "3", "rating": "3", "tags": ["en", "en-2000", "scp", "\u5fc3\u9748\u611f\u61c9", "\u611f\u77e5\u529b", "\u6642\u7a7a", "\u667a\u80fd", "\u690d\u7269", "\u7121\u6548\u5316", "\u76f8\u562f\u9b54", "\u7ffb\u8b6f", "\u8d85\u7dad\u5ea6"]}]