[{"created_at": "1591955730", "created_by_id": "5013973", "name": "the-weight-on-his-hands", "rating_vote": "8", "rating": "8", "tags": ["kondraki\u535a\u58eb", "\u539f\u5275", "\u85dd\u8853\u4f5c\u54c1"]}, {"created_at": "1591969813", "created_by_id": "5013754", "name": "complain-first-work-second", "rating_vote": "6", "rating": "6", "tags": ["ad\u535a\u58eb", "site-zh-12", "\u539f\u5275", "\u5c11\u5fae-12", "\u6545\u4e8b"]}, {"created_at": "1592022135", "created_by_id": "5344757", "name": "scp-zh-862", "rating_vote": "11", "rating": "5", "tags": ["2020\u6500\u722c\u91d1\u5b57\u5854", "euclid", "scp", "site-zh-16", "\u4eba\u5f62", "\u52d5\u7269", "\u539f\u5275", "\u8996\u89ba\u6027"]}, {"created_at": "1592022543", "created_by_id": "5344757", "name": "scp-zh-324", "rating_vote": "11", "rating": "5", "tags": ["bales\u535a\u58eb", "keter", "scp", "\u4eba\u5f62", "\u50b3\u9001", "\u539f\u5275", "\u672a\u6536\u5bb9", "\u672c\u8cea\u4fc3\u52d5"]}, {"created_at": "1592046065", "created_by_id": "5344757", "name": "scp-zh-137", "rating_vote": "6", "rating": "6", "tags": ["bales\u535a\u58eb", "keter", "scp", "site-zh-16", "\u539f\u5275", "\u6575\u610f", "\u6bd2\u6027", "\u6c23\u9ad4", "\u7fa4\u9ad4\u6027", "\u96d5\u523b", "\u9ce5\u985e"]}, {"created_at": "1592209529", "created_by_id": "3979351", "name": "the-song-of-mckao", "rating_vote": "10", "rating": "10", "tags": ["2020\u6500\u722c\u91d1\u5b57\u5854", "\u539f\u5275", "\u6276\u6851\u7d00", "\u6545\u4e8b", "\u8ca0\u865f\u90e8\u968a", "\u97f3\u983b"]}, {"created_at": "1592398255", "created_by_id": "5013754", "name": "scp-zh-407", "rating_vote": "5", "rating": "3", "tags": ["euclid", "scp", "site-zh-26", "\u539f\u5275", "\u6db2\u9ad4", "\u7121\u5b9a\u5f62", "\u71b1\u529b\u5b78", "\u81ea\u6211\u8907\u88fd"]}, {"created_at": "1592398520", "created_by_id": "5013754", "name": "scp-zh-405", "rating_vote": "5", "rating": "5", "tags": ["lofia", "safe", "scp", "\u4eba\u9020\u7269\u54c1", "\u539f\u5275", "\u5fc3\u9748\u611f\u61c9", "\u6587\u737b", "\u7761\u7720"]}, {"created_at": "1592487527", "created_by_id": "6300422", "name": "fungi-foundation", "rating_vote": "20", "rating": "20", "tags": ["bright\u535a\u58eb", "clef\u535a\u58eb", "gears\u535a\u58eb", "iceberg\u535a\u58eb", "kondraki\u535a\u58eb", "reverberate\u535a\u58eb", "\u539f\u5275", "\u85dd\u8853\u4f5c\u54c1"]}, {"created_at": "1592496113", "created_by_id": "3979351", "name": "scp-4752", "rating_vote": "3", "rating": "3", "tags": ["en", "safe", "scp", "\u5730\u8cea", "\u5730\u9ede", "\u6b77\u53f2\u6027", "\u7ffb\u8b6f"]}, {"created_at": "1592498933", "created_by_id": "3979351", "name": "scp-1290", "rating_vote": "2", "rating": "2", "tags": ["en", "safe", "scp", "\u4eba\u9020\u7269\u54c1", "\u50b3\u9001", "\u666e\u7f85\u7c73\u4fee\u65af\u5be6\u9a57\u5ba4", "\u7ffb\u8b6f", "\u96fb\u5b50"]}, {"created_at": "1592544935", "created_by_id": "5206218", "name": "serrasbadday", "rating_vote": "5", "rating": "5", "tags": ["bright\u535a\u58eb", "en", "yoric\u7279\u5de5", "\u6545\u4e8b", "\u7ffb\u8b6f"]}, {"created_at": "1592551716", "created_by_id": "3979351", "name": "scp-2308", "rating_vote": "2", "rating": "2", "tags": ["en", "scp", "\u666e\u7f85\u7c73\u4fee\u65af\u5be6\u9a57\u5ba4", "\u672a\u4f86", "\u7121\u6548\u5316", "\u7b2c\u4e09\u5b9a\u5f8b", "\u7ffb\u8b6f", "\u8f09\u5177"]}, {"created_at": "1592598093", "created_by_id": "5013973", "name": "the-hero-in-the-cage", "rating_vote": "6", "rating": "6", "tags": ["kondraki\u535a\u58eb", "\u5353\u6587\u5eb7\u5353\u5947", "\u539f\u5275", "\u6545\u4e8b"]}, {"created_at": "1592649523", "created_by_id": "3979351", "name": "scp-5430", "rating_vote": "4", "rating": "4", "tags": ["en", "safe", "scp", "\u52d5\u7269", "\u63a0\u98df\u6027", "\u6d3b\u7269", "\u722c\u884c\u985e\u52d5\u7269", "\u7ffb\u8b6f", "\u8089\u98df\u6027", "\u80a2\u9ad4", "\u86c7\u985e"]}, {"created_at": "1592672245", "created_by_id": "5237516", "name": "summersnow", "rating_vote": "8", "rating": "8", "tags": ["\u539f\u5275", "\u6545\u4e8b", "\u7814\u7a76\u54e1k"]}, {"created_at": "1592735731", "created_by_id": "4357011", "name": "scp-pl-057", "rating_vote": "3", "rating": "3", "tags": ["pl", "safe", "scp", "\u4e8c\u6b21\u7ffb\u8b6f", "\u50b3\u9001", "\u6ce2\u862d\u7570\u5e38\u8548\u985e\u63a1\u6458\u5354\u6703", "\u71b1\u91cf\u5f71\u97ff", "\u7269\u7a2e", "\u771f\u83cc", "\u7ffb\u8b6f", "\u81ea\u4e3b"]}, {"created_at": "1592747650", "created_by_id": "5325850", "name": "abyssdream-pic-v", "rating_vote": "12", "rating": "12", "tags": ["\u539f\u5275", "\u85dd\u8853\u4f5c\u54c1"]}, {"created_at": "1592753875", "created_by_id": "3979351", "name": "scp-2214", "rating_vote": "1", "rating": "1", "tags": ["en", "safe", "scp", "\u5efa\u7bc9\u7269", "\u5ff5\u529b", "\u683c\u9b6f\u70cf-p\u90e8\u9580", "\u7ffb\u8b6f", "\u9810\u6e2c\u6027"]}, {"created_at": "1592757403", "created_by_id": "3981670", "name": "scp-zh-195", "rating_vote": "9", "rating": "9", "tags": ["]euclid", "scp", "\u539f\u5275", "\u661f\u7403", "\u661f\u969b", "\u6a21\u56e0\u6548\u61c9", "\u7b2c\u4e94\u6559\u6703", "\u7cbe\u795e\u5f71\u97ff", "\u8996\u89ba\u6027", "\u8a8d\u77e5\u5371\u5bb3"]}]