[{"created_at": "1603287693", "created_by_id": "6952002", "name": "scp-109", "rating_vote": "3", "rating": "3", "tags": ["en", "euclid", "scp", "\u53cd\u71b5", "\u5bb9\u5668", "\u6db2\u9ad4", "\u7ffb\u8b6f"]}, {"created_at": "1603295712", "created_by_id": "5334590", "name": "metafiction", "rating_vote": "9", "rating": "9", "tags": ["clef\u535a\u58eb", "en", "gears\u535a\u58eb", "gerald\u535a\u58eb", "kain-pathos-crow", "kondraki\u535a\u58eb", "rights\u535a\u58eb", "\u6545\u4e8b", "\u7ffb\u8b6f"]}, {"created_at": "1603389835", "created_by_id": "5415046", "name": "who-is-the-asian-orphan", "rating_vote": "15", "rating": "13", "tags": ["\u539f\u5275", "\u6545\u4e8b", "\u65e5\u5949\u4e00\u65cf", "\u795e\u7570\u535a\u89bd\u6703"]}, {"created_at": "1603455088", "created_by_id": "3981670", "name": "scp-2828", "rating_vote": "4", "rating": "4", "tags": ["en", "scp", "\u611f\u77e5\u5f71\u97ff", "\u6a21\u56e0\u6548\u61c9", "\u6a5f\u5bc6\u5206\u7d1a", "\u7ffb\u8b6f", "\u89c0\u5bdf\u5f71\u97ff", "\u8a8d\u77e5\u5371\u5bb3", "\u9006\u6a21\u56e0"]}, {"created_at": "1603460606", "created_by_id": "6503482", "name": "scp-1364", "rating_vote": "2", "rating": "2", "tags": ["en", "safe", "scp", "\u52d5\u7269", "\u751f\u7269\u6027", "\u7ffb\u8b6f", "\u9069\u61c9\u6027"]}, {"created_at": "1603503151", "created_by_id": "5415046", "name": "and-this-one-explains-humes", "rating_vote": "7", "rating": "7", "tags": ["en", "\u6545\u4e8b", "\u7ffb\u8b6f"]}, {"created_at": "1603513688", "created_by_id": "5653267", "name": "scp-zh-426", "rating_vote": "28", "rating": "10", "tags": ["safe", "scp", "site-zh-02", "\u4e09\u57a3", "\u5316\u5b78\u6027", "\u539f\u5275", "\u53cd\u71b5", "\u570b\u5b89\u5341\u4e5d\u5c40", "\u578b\u614b\u8b8a\u5316", "\u5a92\u9ad4", "\u5efa\u7bc9", "\u672a\u660e\u8ecd\u5718", "\u6b77\u53f2\u6027", "\u6bd2\u6027", "\u6c23\u9ad4", "\u7121\u6548\u5316", "\u751f\u6b96\u6027", "\u86c7\u4e4b\u624b", "\u8d85\u7dad\u5ea6", "\u9580\u5f91", "\u96fb\u5b50"]}, {"created_at": "1603524126", "created_by_id": "6952002", "name": "scp-1740", "rating_vote": "4", "rating": "4", "tags": ["en", "safe", "scp", "\u53cd\u71b5", "\u73a9\u5177", "\u7cbe\u795e\u5f71\u97ff", "\u7d50\u69cb\u7269", "\u7ffb\u8b6f", "\u81ea\u4e3b"]}, {"created_at": "1603571300", "created_by_id": "5415046", "name": "1998-hub", "rating_vote": "7", "rating": "7", "tags": ["1998\u5e74", "jp", "\u5408\u4f5c", "\u6545\u4e8b", "\u7ffb\u8b6f"]}, {"created_at": "1603605027", "created_by_id": "6788064", "name": "goi", "rating_vote": "16", "rating": "16", "tags": ["uiu", "\u539f\u5275", "\u5b89\u5e03\u7f85\u65af\u9910\u5ef3", "\u85dd\u8853\u4f5c\u54c1", "\u86c7\u4e4b\u624b", "\u8d6b\u66fc-\u5bcc\u52d2"]}, {"created_at": "1603632419", "created_by_id": "5415046", "name": "asp-650-jp", "rating_vote": "6", "rating": "6", "tags": ["asp", "goi\u683c\u5f0f", "jp", "machina", "\u5408\u8457", "\u7ffb\u8b6f"]}, {"created_at": "1603635447", "created_by_id": "5415046", "name": "scp-1184-jp", "rating_vote": "4", "rating": "4", "tags": ["jp", "keter", "scp", "\u5bc4\u751f\u6027", "\u64ec\u614b", "\u7121\u810a\u690e\u52d5\u7269", "\u7269\u7a2e", "\u7ffb\u8b6f", "\u8a8d\u77e5\u5371\u5bb3"]}, {"created_at": "1603649890", "created_by_id": "5415046", "name": "safe-dimension", "rating_vote": "4", "rating": "4", "tags": ["goi\u683c\u5f0f", "jp", "mc&amp;d", "\u7ffb\u8b6f"]}, {"created_at": "1603650206", "created_by_id": "5415046", "name": "nue-artwork", "rating_vote": "9", "rating": "9", "tags": ["jp", "\u6276\u6851\u7d00", "\u7ffb\u8b6f", "\u85dd\u8853\u4f5c\u54c1", "\u9d7a-\u9f4b\u5bae"]}, {"created_at": "1603688049", "created_by_id": "6787405", "name": "neko-sagashi", "rating_vote": "16", "rating": "16", "tags": ["jp", "\u7ffb\u8b6f", "\u85dd\u8853\u4f5c\u54c1", "\u8c93\u54aa"]}, {"created_at": "1603715198", "created_by_id": "5013754", "name": "taiwan-miracle-exposition", "rating_vote": "27", "rating": "23", "tags": ["\u4e2d\u5fc3", "\u539f\u5275", "\u795e\u7570\u535a\u89bd\u6703"]}, {"created_at": "1603715558", "created_by_id": "5415046", "name": "meretrix-mimicking-cyrenidae", "rating_vote": "14", "rating": "14", "tags": ["\u539f\u5275", "\u6545\u4e8b", "\u795e\u7570\u535a\u89bd\u6703"]}, {"created_at": "1603736965", "created_by_id": "5663596", "name": "artwork-ageantaa1", "rating_vote": "14", "rating": "14", "tags": ["\u4e9e\u4f2f", "\u539f\u5275", "\u85dd\u8853\u4f5c\u54c1", "\u8a72\u96b1"]}, {"created_at": "1603785141", "created_by_id": "5684299", "name": "greetings-from-guningtou", "rating_vote": "11", "rating": "5", "tags": ["\u539f\u5275", "\u6545\u4e8b", "\u7121\u76e1\u6708\u5c0e\u773e"]}, {"created_at": "1603788514", "created_by_id": "5653267", "name": "sh-cannibalism-in-taiwan", "rating_vote": "14", "rating": "12", "tags": ["goi\u683c\u5f0f", "ijamea", "\u539f\u5275", "\u53f0\u7063\u539f\u4f4f\u6c11", "\u5c55\u51fa", "\u6b32\u8089\u6559", "\u795e\u7570\u535a\u89bd\u6703", "\u86c7\u4e4b\u624b"]}]