[{"created_at": "1585996285", "created_by_id": "5206218", "name": "stand-off", "rating_vote": "5", "rating": "5", "tags": ["bright\u535a\u58eb", "en", "\u6545\u4e8b", "\u7ffb\u8b6f"]}, {"created_at": "1586007375", "created_by_id": "5604919", "name": "the-original", "rating_vote": "4", "rating": "4", "tags": ["en", "en-173\u6176", "\u5851\u50cf173", "\u6545\u4e8b", "\u7ffb\u8b6f"]}, {"created_at": "1586012712", "created_by_id": "5334590", "name": "alone", "rating_vote": "3", "rating": "3", "tags": ["en", "\u6545\u4e8b", "\u7ffb\u8b6f"]}, {"created_at": "1586015041", "created_by_id": "5334590", "name": "are-we-christmas-yet", "rating_vote": "7", "rating": "7", "tags": ["awcy", "en", "\u6545\u4e8b", "\u7ffb\u8b6f"]}, {"created_at": "1586015354", "created_by_id": "3979351", "name": "scp-1070", "rating_vote": "4", "rating": "4", "tags": ["en", "meta", "safe", "scp", "\u5a92\u9ad4", "\u73a9\u5177", "\u7ffb\u8b6f", "\u807d\u89ba\u5f71\u97ff", "\u8996\u89ba\u6027", "\u8a8d\u77e5\u5371\u5bb3", "\u904a\u6232", "\u91cd\u5beb", "\u963f\u5361\u8fea\u4e9e", "\u96fb\u5b50"]}, {"created_at": "1586018211", "created_by_id": "4357011", "name": "project-proposal-2018-019", "rating_vote": "5", "rating": "5", "tags": ["awcy", "en", "en-\u6025\u8feb\u7af6\u8cfd2020", "goi\u683c\u5f0f", "\u7ffb\u8b6f"]}, {"created_at": "1586055934", "created_by_id": "6300422", "name": "qmario-artwork-1", "rating_vote": "16", "rating": "16", "tags": ["bright\u535a\u58eb", "clef\u535a\u58eb", "gears\u535a\u58eb", "iceberg\u535a\u58eb", "kondraki\u535a\u58eb", "\u5353\u6587\u5eb7\u5353\u5947", "\u539f\u5275", "\u85dd\u8853\u4f5c\u54c1"]}, {"created_at": "1586094689", "created_by_id": "3979351", "name": "scp-zh-016", "rating_vote": "7", "rating": "7", "tags": ["scp", "site-zh-31", "\u4eba\u9020\u7269\u54c1", "\u539f\u5275", "\u5de5\u5ee0", "\u751f\u7269\u6027", "\u86db\u7db2\u570b\u969b", "\u98df\u7269"]}, {"created_at": "1586097839", "created_by_id": "3981670", "name": "introductory-antimemetics", "rating_vote": "5", "rating": "5", "tags": ["en", "marion-wheeler", "\u6545\u4e8b", "\u7ffb\u8b6f"]}, {"created_at": "1586101409", "created_by_id": "5604919", "name": "scp-2690", "rating_vote": "3", "rating": "1", "tags": ["en", "en-\u77ed\u6587\u7af6\u8cfd2015", "keter", "k\u7d1a\u60c5\u666f", "scp", "\u7ffb\u8b6f", "\u8b8a\u5f62"]}, {"created_at": "1586148182", "created_by_id": "5334590", "name": "scp-049", "rating_vote": "17", "rating": "17", "tags": ["en", "euclid", "scp", "\u4eba\u5f62", "\u50b3\u67d3\u6027", "\u5316\u5b78\u6027", "\u5fa9\u6d3b", "\u611f\u77e5\u529b", "\u667a\u80fd", "\u751f\u7269\u6027", "\u761f\u75ab\u91ab\u751f", "\u7ffb\u8b6f", "\u89f8\u89ba\u5f71\u97ff", "\u91cd\u5beb", "\u97f3\u983b"]}, {"created_at": "1586178856", "created_by_id": "3981670", "name": "scp-579", "rating_vote": "6", "rating": "6", "tags": ["en", "keter", "scp", "\u7ffb\u8b6f", "\u8cc7\u8a0a\u5371\u5bb3", "\u91cd\u5beb"]}, {"created_at": "1586188160", "created_by_id": "5334590", "name": "scp-895", "rating_vote": "3", "rating": "3", "tags": ["en", "euclid", "scp", "\u5bb9\u5668", "\u5e7b\u89ba", "\u6728\u8cea", "\u7ffb\u8b6f", "\u8996\u89ba\u6027", "\u8a8d\u77e5\u5371\u5bb3", "\u96d5\u523b"]}, {"created_at": "1586189688", "created_by_id": "5604919", "name": "scp-2416", "rating_vote": "3", "rating": "3", "tags": ["en", "en-mtf2016", "euclid", "scp", "\u4eba\u5f62", "\u611f\u77e5\u529b", "\u667a\u80fd", "\u6a5f\u7387\u6027", "\u7ffb\u8b6f", "\u81ea\u6211\u8907\u88fd"]}, {"created_at": "1586254383", "created_by_id": "3979351", "name": "arcadia-hub", "rating_vote": "7", "rating": "7", "tags": ["en", "\u4e2d\u5fc3", "\u7ffb\u8b6f", "\u963f\u5361\u8fea\u4e9e"]}, {"created_at": "1586260852", "created_by_id": "5653267", "name": "1993-cobweb-international", "rating_vote": "14", "rating": "14", "tags": ["\u5168\u7403\u8d85\u81ea\u7136\u806f\u76df", "\u539f\u5275", "\u6545\u4e8b", "\u6e3e\u6c8c\u53cd\u53db\u8ecd", "\u86c7\u4e4b\u624b", "\u86db\u7db2\u570b\u969b"]}, {"created_at": "1586280454", "created_by_id": "3979351", "name": "scp-613", "rating_vote": "1", "rating": "1", "tags": ["en", "euclid", "scp", "\u611f\u77e5\u529b", "\u667a\u80fd", "\u7570\u5e38\u79fb\u52d5", "\u7ffb\u8b6f", "\u81ea\u4e3b", "\u98df\u7269"]}, {"created_at": "1586311457", "created_by_id": "5842934", "name": "scp-1000", "rating_vote": "10", "rating": "8", "tags": ["en", "en-1000", "keter", "k\u7d1a\u60c5\u666f", "scp", "\u4eba\u5f62", "\u591c\u4e4b\u5b50", "\u611f\u77e5\u529b", "\u667a\u80fd", "\u672a\u6536\u5bb9", "\u6b77\u53f2\u6027", "\u6d3b\u7269", "\u7269\u7a2e", "\u7ffb\u8b6f", "\u86c7\u4e4b\u624b"]}, {"created_at": "1586329254", "created_by_id": "5604919", "name": "scp-2365", "rating_vote": "3", "rating": "3", "tags": ["en", "euclid", "scp", "\u53cd\u71b5", "\u7761\u7720", "\u7ffb\u8b6f"]}, {"created_at": "1586377928", "created_by_id": "5415046", "name": "scp-5553", "rating_vote": "5", "rating": "5", "tags": ["en", "keter", "scp", "\u7dda\u4e0a", "\u7ffb\u8b6f", "\u8a18\u61b6\u5f71\u97ff", "\u8a8d\u77e5\u5371\u5bb3", "\u8cc7\u8a0a\u5371\u5bb3"]}]