[{"created_at": "1586429993", "created_by_id": "5604919", "name": "scp-2395", "rating_vote": "6", "rating": "6", "tags": ["en", "euclid", "scp", "\u4eba\u9020\u7269\u54c1", "\u5efa\u7bc9\u7269", "\u5ff5\u529b", "\u7ffb\u8b6f", "\u984c\u5beb"]}, {"created_at": "1586439727", "created_by_id": "5325850", "name": "remembrance", "rating_vote": "4", "rating": "4", "tags": ["1976\u5e74\u73ed", "en", "\u4e2d\u5fc3", "\u7ffb\u8b6f"]}, {"created_at": "1586441502", "created_by_id": "5325850", "name": "days-gone-by", "rating_vote": "7", "rating": "7", "tags": ["1976\u5e74\u73ed", "en", "\u6545\u4e8b", "\u7ffb\u8b6f", "\u91cd\u5beb"]}, {"created_at": "1586449345", "created_by_id": "4990678", "name": "darkroom-2020", "rating_vote": "3", "rating": "3", "tags": ["2020\u8679\u5149\u4e4b\u9593", "\u4e2d\u5fc3", "\u539f\u5275", "\u6311\u6230\u6d3b\u52d5"]}, {"created_at": "1586533055", "created_by_id": "3981670", "name": "scp-zh-774", "rating_vote": "32", "rating": "32", "tags": ["meta", "scp", "\u4eba\u5f62", "\u5171\u611f", "\u539f\u5275", "\u611f\u77e5\u529b", "\u667a\u80fd", "\u6a5f\u5bc6\u5206\u7d1a", "\u6d3b\u7269", "\u7cbe\u795e\u5f71\u97ff"]}, {"created_at": "1586533262", "created_by_id": "3979351", "name": "scp-zh-076", "rating_vote": "4", "rating": "4", "tags": ["1976\u5e74\u73ed", "safe", "scp", "site-zh-25", "\u539f\u5275", "\u5f35\u9053\u58eb", "\u6587\u737b", "\u8a8d\u77e5\u5f71\u97ff"]}, {"created_at": "1586534118", "created_by_id": "5334590", "name": "scp-zh-150", "rating_vote": "12", "rating": "12", "tags": ["safe", "scp", "site-zh-16", "\u539f\u5275", "\u6096\u8ad6", "\u6982\u5ff5", "\u98df\u7269"]}, {"created_at": "1586534125", "created_by_id": "4107284", "name": "scp-zh-236", "rating_vote": "11", "rating": "11", "tags": ["safe", "scp", "site-zh-25", "\u502b\u7406\u59d4\u54e1\u6703", "\u539f\u5275", "\u6709\u6a5f", "\u672a\u6536\u5bb9", "\u690d\u7269", "\u6a39\u6728", "\u6a5f\u5bc6\u5206\u7d1a", "\u7cbe\u795e\u5f71\u97ff"]}, {"created_at": "1586540886", "created_by_id": "3979351", "name": "scp-1317", "rating_vote": "2", "rating": "2", "tags": ["en", "safe", "scp", "\u5316\u5b78\u6027", "\u5de5\u5ee0", "\u6210\u766e\u6027", "\u7ffb\u8b6f"]}, {"created_at": "1586576305", "created_by_id": "5653267", "name": "ci-re-004", "rating_vote": "6", "rating": "6", "tags": ["\u5168\u7403\u8d85\u81ea\u7136\u806f\u76df", "\u539f\u5275", "\u6545\u4e8b", "\u6c99\u7687\u5148\u77e5\u5354\u6703", "\u86db\u7db2\u570b\u969b"]}, {"created_at": "1586588575", "created_by_id": "5325850", "name": "part0-in-the-end", "rating_vote": "12", "rating": "12", "tags": ["\u539f\u5275", "\u6545\u4e8b"]}, {"created_at": "1586597381", "created_by_id": "5604919", "name": "scp-3183", "rating_vote": "4", "rating": "4", "tags": ["en", "meta", "safe", "scp", "\u7ffb\u8b6f"]}, {"created_at": "1586607224", "created_by_id": "5325850", "name": "i-hate-myself", "rating_vote": "11", "rating": "11", "tags": ["ad\u535a\u58eb", "apoyn\u535a\u58eb", "owen", "\u539f\u5275", "\u6545\u4e8b"]}, {"created_at": "1586630731", "created_by_id": "3979351", "name": "scp-834", "rating_vote": "4", "rating": "4", "tags": ["en", "euclid", "scp", "\u5100\u5668", "\u5de5\u5ee0", "\u7ffb\u8b6f", "\u8b8a\u5f62"]}, {"created_at": "1586654369", "created_by_id": "3981670", "name": "i-don-t-know-the-body-in-the-swim-pool", "rating_vote": "11", "rating": "11", "tags": ["apoyn\u535a\u58eb", "\u539f\u5275", "\u6545\u4e8b"]}, {"created_at": "1586689014", "created_by_id": "5325850", "name": "scp-zh-012", "rating_vote": "19", "rating": "19", "tags": ["euclid", "scp", "\u539f\u5275", "\u5730\u9ede", "\u5c11\u5fae-12", "\u8a18\u61b6\u5f71\u97ff", "\u8d85\u7dad\u5ea6"]}, {"created_at": "1586690649", "created_by_id": "5334590", "name": "scp-079", "rating_vote": "3", "rating": "3", "tags": ["en", "euclid", "scp", "\u4e0d\u6ec5\u5b7d\u8725", "\u5a92\u9ad4", "\u611f\u77e5\u529b", "\u667a\u80fd", "\u7ffb\u8b6f", "\u96fb\u5b50", "\u96fb\u8166"]}, {"created_at": "1586694473", "created_by_id": "4474355", "name": "scp-600-ko", "rating_vote": "4", "rating": "4", "tags": ["euclid", "ko", "ko-2020-04\u7af6\u8cfd", "meta", "scp", "\u4e8c\u6b21\u7ffb\u8b6f", "\u611f\u77e5\u529b", "\u6558\u8ff0\u6027", "\u667a\u80fd", "\u6982\u5ff5", "\u7ffb\u8b6f"]}, {"created_at": "1586698284", "created_by_id": "5604919", "name": "scp-4080", "rating_vote": "5", "rating": "5", "tags": ["en", "safe", "scp", "\u5a92\u9ad4", "\u7ffb\u8b6f", "\u8a18\u9304", "\u8a9e\u8a00", "\u9810\u6e2c\u6027"]}, {"created_at": "1586704239", "created_by_id": "5663596", "name": "arkwork-3999", "rating_vote": "36", "rating": "36", "tags": ["\u539f\u5275", "\u85dd\u8853\u4f5c\u54c1"]}]