[{"created_at": "1558166822", "created_by_id": "4357011", "name": "sounds-of-silver", "rating_vote": "3", "rating": "3", "tags": ["en", "goi\u683c\u5f0f", "\u5168\u7403\u8d85\u81ea\u7136\u806f\u76df", "\u7ffb\u8b6f", "\u9ed1\u7687\u540e"]}, {"created_at": "1558172228", "created_by_id": "4055881", "name": "zetetic-bulletin-wu-xing-iris", "rating_vote": "5", "rating": "3", "tags": ["blackwood", "en", "int-goi2019", "saphir", "\u6703\u610f\u51fa\u7248", "\u706b\u70ac\u4e4b\u5b50", "\u7ffb\u8b6f", "\u85cd\u5bf6\u77f3"]}, {"created_at": "1558177291", "created_by_id": "3979351", "name": "scp-zh-256", "rating_vote": "15", "rating": "15", "tags": ["safe", "scp", "site-zh-25", "\u539f\u5275", "\u5730\u9ede", "\u5b89\u5e03\u7f85\u65af\u9910\u5ef3", "\u6728\u6613", "\u6db2\u9ad4", "\u96d9\u57ce\u4f5c\u6230", "\u96f6\u865f\u5c08\u968a"]}, {"created_at": "1558183605", "created_by_id": "4239775", "name": "scp-zh-889", "rating_vote": "15", "rating": "13", "tags": ["safe", "scp", "site-zh-02", "\u539f\u5275", "\u7b2c\u516b\u8655"]}, {"created_at": "1558190194", "created_by_id": "4055881", "name": "non-prophet-organization-hub", "rating_vote": "3", "rating": "3", "tags": ["en", "int-goi2019", "saphir", "\u4e2d\u5fc3", "\u5408\u8457", "\u706b\u70ac\u4e4b\u5b50", "\u7ffb\u8b6f", "\u85cd\u5bf6\u77f3"]}, {"created_at": "1558262137", "created_by_id": "5344757", "name": "scp-zh-720", "rating_vote": "17", "rating": "9", "tags": ["safe", "scp", "site-zh-16", "\u4eba\u5f62", "\u539f\u5275", "\u6c34\u68f2"]}, {"created_at": "1558268571", "created_by_id": "4055881", "name": "oh-i-feel-it-i-feel-the-cosmos", "rating_vote": "6", "rating": "6", "tags": ["aiad", "en", "int-goi2019", "\u6545\u4e8b", "\u7ffb\u8b6f", "\u9280\u6cb3\u806f\u90a6"]}, {"created_at": "1558271121", "created_by_id": "5230135", "name": "end-of-death-hub", "rating_vote": "8", "rating": "8", "tags": ["en", "en-\u672b\u65e52018", "\u4e2d\u5fc3", "\u5408\u8457", "\u6b7b\u4ea1\u7d42\u4e86", "\u7ffb\u8b6f"]}, {"created_at": "1558278720", "created_by_id": "4239775", "name": "no-moon-night", "rating_vote": "10", "rating": "10", "tags": ["site-zh-02", "\u539f\u5275", "\u6545\u4e8b", "\u7b2c\u516b\u8655", "\u96d9\u57ce\u4f5c\u6230"]}, {"created_at": "1558284944", "created_by_id": "5013754", "name": "thinking-and-write", "rating_vote": "15", "rating": "11", "tags": ["ijamea", "\u539f\u5275", "\u6545\u4e8b", "\u8490\u96c6\u9662"]}, {"created_at": "1558354772", "created_by_id": "4055881", "name": "world-went-beautiful", "rating_vote": "8", "rating": "8", "tags": ["clef\u535a\u58eb", "en", "gears\u535a\u58eb", "kondraki\u535a\u58eb", "mc&amp;d", "the-administrator", "wondertainment\u535a\u58eb", "\u5168\u7403\u8d85\u81ea\u7136\u806f\u76df", "\u5a01\u723e\u905c\u91ce\u751f\u52d5\u7269", "\u5b89\u5fb7\u68ee\u6a5f\u5668\u4eba", "\u5de5\u5ee0", "\u6545\u4e8b", "\u666e\u7f85\u7c73\u4fee\u65af\u5be6\u9a57\u5ba4", "\u7ffb\u8b6f", "\u97f3\u983b", "\u9e7f\u5b78\u9662"]}, {"created_at": "1558355647", "created_by_id": "5010943", "name": "dr-gears-s-personnel-file", "rating_vote": "4", "rating": "4", "tags": ["en", "\u4f5c\u8005\u9801\u9762", "\u7ffb\u8b6f"]}, {"created_at": "1558374447", "created_by_id": "5230135", "name": "impossible-to-destroy-reptile", "rating_vote": "8", "rating": "8", "tags": ["en", "\u4e0d\u6ec5\u5b7d\u8725", "\u6545\u4e8b", "\u6b7b\u4ea1\u7d42\u4e86", "\u7ffb\u8b6f"]}, {"created_at": "1558422727", "created_by_id": "5010943", "name": "doctors-of-the-church-hub", "rating_vote": "7", "rating": "7", "tags": ["en", "\u4e2d\u5fc3", "\u5408\u4f5c", "\u6559\u6703\u8056\u5e2b", "\u7ffb\u8b6f"]}, {"created_at": "1558440207", "created_by_id": "4357011", "name": "scp-3855", "rating_vote": "8", "rating": "8", "tags": ["en", "euclid", "scp", "\u5efa\u7bc9\u7269", "\u7ffb\u8b6f", "\u829d\u52a0\u54e5\u9b3c\u9748", "\u8a18\u61b6\u5f71\u97ff", "\u8a8d\u77e5\u5371\u5bb3", "\u9006\u6a21\u56e0"]}, {"created_at": "1558526136", "created_by_id": "4357011", "name": "16th-wondertainment-donation", "rating_vote": "5", "rating": "5", "tags": ["en", "en-goi2014", "goi\u683c\u5f0f", "wondertainment\u535a\u58eb", "\u746a\u7d0d\u6148\u5584\u57fa\u91d1\u6703", "\u7ffb\u8b6f"]}, {"created_at": "1558526411", "created_by_id": "4357011", "name": "first-ivady-donation", "rating_vote": "7", "rating": "7", "tags": ["en", "goi\u683c\u5f0f", "\u6b32\u8089\u6559", "\u746a\u7d0d\u6148\u5584\u57fa\u91d1\u6703", "\u7ffb\u8b6f"]}, {"created_at": "1558571621", "created_by_id": "5230135", "name": "scp-682", "rating_vote": "25", "rating": "23", "tags": ["en", "keter", "scp", "\u4e0d\u6ec5\u5b7d\u8725", "\u5408\u8457", "\u611f\u77e5\u529b", "\u722c\u884c\u985e\u52d5\u7269", "\u7ffb\u8b6f", "\u81ea\u6211\u4fee\u5fa9", "\u9069\u61c9\u6027", "\u97f3\u983b"]}, {"created_at": "1558573402", "created_by_id": "5010943", "name": "scp-1312", "rating_vote": "3", "rating": "3", "tags": ["en", "safe", "scp", "\u4eba\u5f62", "\u5730\u9ede", "\u57fa\u91d1\u6703\u88fd\u9020", "\u5efa\u7bc9\u7269", "\u611f\u77e5\u529b", "\u667a\u80fd", "\u7ffb\u8b6f"]}, {"created_at": "1558581145", "created_by_id": "4055881", "name": "2018-survey-results", "rating_vote": "0", "rating": "0", "tags": ["en", "\u7ba1\u7406", "\u7ffb\u8b6f"]}]