[{"created_at": "1553064752", "created_by_id": "5230135", "name": "scp-zh-372", "rating_vote": "19", "rating": "15", "tags": ["scp", "\u539f\u5275", "\u5c55\u51fa", "\u6a5f\u5bc6\u5206\u7d1a", "\u751f\u7269\u6027"]}, {"created_at": "1553073517", "created_by_id": "3979351", "name": "project-koza", "rating_vote": "6", "rating": "6", "tags": ["en", "goi\u683c\u5f0f", "ijamea", "\u7ffb\u8b6f"]}, {"created_at": "1553094252", "created_by_id": "4239775", "name": "spc-hub", "rating_vote": "3", "rating": "3", "tags": ["en", "\u4e2d\u5fc3", "\u5f85\u66f4\u65b0", "\u6bc6\u6253\u9bca\u9b5a\u4e2d\u5fc3", "\u7ffb\u8b6f"]}, {"created_at": "1553134599", "created_by_id": "4128767", "name": "scp-240-jp", "rating_vote": "7", "rating": "7", "tags": ["euclid", "jp", "scp", "\u4eba\u9020\u7269\u54c1", "\u50b3\u627f\u689d\u76ee-jp", "\u65e5\u672c\u751f\u985e\u5275\u7814", "\u6606\u87f2", "\u672c\u8cea\u4fc3\u52d5", "\u7ffb\u8b6f"]}, {"created_at": "1553159006", "created_by_id": "3979351", "name": "scp-int-translation-hub", "rating_vote": "2", "rating": "2", "tags": ["\u4e2d\u5fc3", "\u7ffb\u8b6f", "\u8a6e\u91cb\u8cc7\u6599"]}, {"created_at": "1553170853", "created_by_id": "4239775", "name": "scp-008", "rating_vote": "10", "rating": "6", "tags": ["en", "eucild", "scp", "\u50b3\u67d3\u6027", "\u5fa9\u6d3b", "\u6d3b\u7269", "\u751f\u7269\u5371\u5bb3", "\u7ffb\u8b6f", "\u8b8a\u5f62"]}, {"created_at": "1553178956", "created_by_id": "3775116", "name": "scp-zh-004", "rating_vote": "18", "rating": "10", "tags": ["euclid", "scp", "\u539f\u5275"]}, {"created_at": "1553182499", "created_by_id": "4990678", "name": "image-use-policy", "rating_vote": "0", "rating": "0", "tags": ["\u6307\u5c0e", "\u7ffb\u8b6f"]}, {"created_at": "1553331116", "created_by_id": "4076342", "name": "scp-zh-748", "rating_vote": "13", "rating": "5", "tags": ["euclid", "scp", "\u4eba\u5f62", "\u539f\u5275"]}, {"created_at": "1553399980", "created_by_id": "4990678", "name": "scp-zh-089", "rating_vote": "15", "rating": "15", "tags": ["euclid", "scp", "\u539f\u5275"]}, {"created_at": "1553404006", "created_by_id": "4239775", "name": "scp-zh-587-j", "rating_vote": "23", "rating": "23", "tags": ["keter", "scp", "\u539f\u5275", "\u641e\u7b11", "\u6a21\u56e0\u6548\u61c9"]}, {"created_at": "1553417070", "created_by_id": "4990678", "name": "scp-zh-472-j", "rating_vote": "14", "rating": "4", "tags": ["euclid", "scp", "\u539f\u5275", "\u641e\u7b11"]}, {"created_at": "1553423899", "created_by_id": "3979351", "name": "lego-minithinkers-8y9d5-2x4h7-s89m2", "rating_vote": "4", "rating": "4", "tags": ["en", "goi\u683c\u5f0f", "mc&amp;d", "\u7ffb\u8b6f"]}, {"created_at": "1553425654", "created_by_id": "4990678", "name": "scp-zh-419", "rating_vote": "10", "rating": "10", "tags": ["keter", "scp", "\u50b3\u67d3\u6027", "\u539f\u5275", "\u7761\u7720"]}, {"created_at": "1553427492", "created_by_id": "4990678", "name": "scp-zh-724", "rating_vote": "5", "rating": "5", "tags": ["safe", "scp", "\u52d5\u7269", "\u539f\u5275", "\u53f0\u7063\u539f\u4f4f\u6c11", "\u751f\u7269\u6027"]}, {"created_at": "1553432308", "created_by_id": "5230135", "name": "scp-zh-064", "rating_vote": "5", "rating": "5", "tags": ["euclid", "scp", "\u539f\u5275", "\u751f\u7269\u6027"]}, {"created_at": "1553503038", "created_by_id": "3979351", "name": "scp-043", "rating_vote": "2", "rating": "2", "tags": ["en", "safe", "scp", "\u5a92\u9ad4", "\u611f\u77e5\u529b", "\u667a\u80fd", "\u77e5\u8b58", "\u7ffb\u8b6f", "\u8a18\u9304"]}, {"created_at": "1553506008", "created_by_id": "4990678", "name": "another-goddamn-magic-system", "rating_vote": "10", "rating": "10", "tags": ["en", "en-mtf2016", "\u5168\u7403\u8d85\u81ea\u7136\u806f\u76df", "\u6545\u4e8b", "\u6d41\u6d6a\u8005\u5716\u66f8\u9928", "\u7ffb\u8b6f", "\u86c7\u4e4b\u624b", "\u8aaa\u660e"]}, {"created_at": "1553560615", "created_by_id": "4990678", "name": "site-rules", "rating_vote": "1", "rating": "1", "tags": ["\u5fc5\u8b80", "\u6307\u5c0e", "\u7ffb\u8b6f"]}, {"created_at": "1553648811", "created_by_id": "4990678", "name": "rewrite-guide", "rating_vote": "0", "rating": "0", "tags": ["\u6307\u5c0e", "\u7ffb\u8b6f"]}]