[{"created_at": "1646699397", "created_by_id": "6217438", "name": "scp-5145-declassification", "rating_vote": "5", "rating": "5", "tags": ["en", "\u7528\u6236\u89e3\u5bc6", "\u7ffb\u8b6f"]}, {"created_at": "1646742223", "created_by_id": "5415046", "name": "scp-086", "rating_vote": "5", "rating": "5", "tags": ["en", "safe", "scp", "\u5bb6\u5177", "\u5bb6\u96fb\u7528\u54c1", "\u5de5\u5177", "\u611f\u77e5\u529b", "\u667a\u80fd", "\u6709\u6a5f", "\u751f\u7269\u6027", "\u7ffb\u8b6f", "\u91cd\u5beb"]}, {"created_at": "1646748964", "created_by_id": "3981670", "name": "a-thin-dangerous-line", "rating_vote": "4", "rating": "4", "tags": ["en", "marion-wheeler", "tau-5\u8f2a\u8ff4", "\u6545\u4e8b", "\u7b2c\u4e94\u6559\u6703", "\u7ffb\u8b6f"]}, {"created_at": "1646758186", "created_by_id": "5454699", "name": "creator-part-zero", "rating_vote": "6", "rating": "6", "tags": ["\u539f\u5275", "\u6545\u4e8b", "\u6c34\u9280"]}, {"created_at": "1646784678", "created_by_id": "6217438", "name": "scp-514", "rating_vote": "3", "rating": "3", "tags": ["en", "euclid", "scp", "\u52d5\u7269", "\u6d3b\u7269", "\u7269\u7a2e", "\u746a\u7d0d\u6148\u5584\u57fa\u91d1\u6703", "\u7ffb\u8b6f", "\u9ce5\u985e"]}, {"created_at": "1646824352", "created_by_id": "5415046", "name": "scp-297", "rating_vote": "5", "rating": "3", "tags": ["en", "safe", "scp", "\u5bb6\u96fb\u7528\u54c1", "\u73a9\u5177", "\u7ffb\u8b6f", "\u96fb\u5b50", "\u9707\u52d5"]}, {"created_at": "1646874045", "created_by_id": "6217438", "name": "scp-823", "rating_vote": "4", "rating": "4", "tags": ["en", "euclid", "scp", "\u5730\u9ede", "\u7ffb\u8b6f", "\u807d\u89ba\u5f71\u97ff", "\u8a8d\u77e5\u5371\u5bb3"]}, {"created_at": "1646883476", "created_by_id": "5415046", "name": "scp-144", "rating_vote": "6", "rating": "6", "tags": ["en", "safe", "scp", "\u5730\u9ede", "\u661f\u969b", "\u7d50\u69cb\u7269", "\u7ffb\u8b6f"]}, {"created_at": "1646898897", "created_by_id": "5435485", "name": "scp-078", "rating_vote": "3", "rating": "3", "tags": ["en", "euclid", "scp", "\u7cbe\u795e\u5f71\u97ff", "\u7ffb\u8b6f", "\u8996\u89ba\u6027", "\u8a8d\u77e5\u5371\u5bb3", "\u8a9e\u8a00", "\u96fb\u529b"]}, {"created_at": "1646900239", "created_by_id": "3981670", "name": "scp-976", "rating_vote": "4", "rating": "2", "tags": ["en", "safe", "scp", "\u5a92\u9ad4", "\u77e5\u8b58", "\u7ffb\u8b6f", "\u8d85\u7dad\u5ea6", "\u96fb\u8166"]}, {"created_at": "1646908339", "created_by_id": "5415046", "name": "scp-361", "rating_vote": "3", "rating": "3", "tags": ["en", "safe", "scp", "\u4eba\u9020\u7269\u54c1", "\u5100\u5f0f\u6027", "\u5b97\u6559", "\u7ffb\u8b6f", "\u8072\u97f3", "\u8a9e\u8a00", "\u91d1\u5c6c", "\u96d5\u523b"]}, {"created_at": "1646917873", "created_by_id": "6503482", "name": "scp-523", "rating_vote": "4", "rating": "4", "tags": ["en", "euclid", "scp", "\u578b\u614b\u8b8a\u5316", "\u5fc3\u9748\u611f\u61c9", "\u7ffb\u8b6f", "\u89c0\u5bdf\u5f71\u97ff"]}, {"created_at": "1646920492", "created_by_id": "6503482", "name": "scp-094", "rating_vote": "4", "rating": "4", "tags": ["en", "keter", "scp", "\u6642\u7a7a", "\u7403\u9ad4", "\u7ffb\u8b6f", "\u8072\u97f3", "\u91cd\u5beb"]}, {"created_at": "1646965050", "created_by_id": "6217438", "name": "scp-599", "rating_vote": "5", "rating": "3", "tags": ["en", "euclid", "scp", "\u57ce\u5e02", "\u7ffb\u8b6f"]}, {"created_at": "1646977695", "created_by_id": "7407433", "name": "025o-s-painting", "rating_vote": "18", "rating": "18", "tags": ["\u539f\u5275", "\u85dd\u8853\u4f5c\u54c1"]}, {"created_at": "1646983656", "created_by_id": "5435485", "name": "scp-089", "rating_vote": "5", "rating": "5", "tags": ["en", "euclid", "scp", "\u4eba\u5f62", "\u5100\u5f0f", "\u5b97\u6559\u6027", "\u706b", "\u7ffb\u8b6f", "\u96d5\u50cf", "\u9810\u6e2c\u6027"]}, {"created_at": "1647003269", "created_by_id": "6217438", "name": "scp-5310", "rating_vote": "6", "rating": "6", "tags": ["en", "meta", "scp", "\u4eba\u5f62", "\u611f\u77e5\u5f71\u97ff", "\u6982\u5ff5", "\u6a5f\u5bc6\u5206\u7d1a", "\u7ffb\u8b6f", "\u8d85\u73fe\u5be6\u90e8"]}, {"created_at": "1647010638", "created_by_id": "5415046", "name": "scp-364", "rating_vote": "3", "rating": "3", "tags": ["en", "safe", "scp", "\u50b3\u9001", "\u661f\u7403", "\u661f\u969b", "\u7ffb\u8b6f", "\u885b\u661f", "\u8a9e\u8a00"]}, {"created_at": "1647013061", "created_by_id": "5334590", "name": "kamen-rider-theseus-alone-in-the-dark", "rating_vote": "12", "rating": "12", "tags": ["site-zh-16", "sugoi\u535a\u58eb", "\u539f\u5275", "\u5c55\u51fa", "\u6545\u4e8b", "\u7814\u7a76\u54e1l.what", "\u90fd\u7570\u90e8\u9580"]}, {"created_at": "1647058518", "created_by_id": "5435485", "name": "scp-336", "rating_vote": "4", "rating": "4", "tags": ["en", "euclid", "scp", "\u4eba\u5f62", "\u5408\u8457", "\u5b97\u6559\u6027", "\u7ffb\u8b6f", "\u91cd\u5beb"]}]