[{"created_at": "1558972381", "created_by_id": "4357011", "name": "misconduct-on-the-magnificent-mile", "rating_vote": "4", "rating": "4", "tags": ["en", "\u6545\u4e8b", "\u7ffb\u8b6f", "\u829d\u52a0\u54e5\u9b3c\u9748"]}, {"created_at": "1558972619", "created_by_id": "4357011", "name": "nobody-likes-having-enemies", "rating_vote": "3", "rating": "3", "tags": ["en", "mc&amp;d", "nobody", "\u6545\u4e8b", "\u7ffb\u8b6f", "\u829d\u52a0\u54e5\u9b3c\u9748"]}, {"created_at": "1558972957", "created_by_id": "4357011", "name": "hare-023-the-cheshire-cat", "rating_vote": "3", "rating": "3", "tags": ["en", "goi\u683c\u5f0f", "mc&amp;d", "nobody", "\u5408\u8457", "\u7ffb\u8b6f", "\u829d\u52a0\u54e5\u9b3c\u9748"]}, {"created_at": "1558977040", "created_by_id": "4055881", "name": "nobody-in-trouble", "rating_vote": "5", "rating": "5", "tags": ["en", "jam-con2019", "nobody", "\u6545\u4e8b", "\u7ffb\u8b6f"]}, {"created_at": "1559056221", "created_by_id": "3979351", "name": "grupos-de-interes-hispanoparlantes", "rating_vote": "4", "rating": "4", "tags": ["es", "\u4e8c\u6b21\u7ffb\u8b6f", "\u5f85\u66f4\u65b0", "\u7ffb\u8b6f"]}, {"created_at": "1559058753", "created_by_id": "3979351", "name": "scp-es-112", "rating_vote": "2", "rating": "2", "tags": ["es", "safe", "scp", "\u4e0d\u53ef\u6467\u6bc0", "\u4e8c\u6b21\u7ffb\u8b6f", "\u6b66\u5668", "\u7ffb\u8b6f"]}, {"created_at": "1559135430", "created_by_id": "3981670", "name": "scp-zh-501", "rating_vote": "4", "rating": "4", "tags": ["euclid", "scp", "\u539f\u5275", "\u96fb\u8166"]}, {"created_at": "1559138437", "created_by_id": "4545047", "name": "prtp14", "rating_vote": "2", "rating": "2", "tags": ["site-zh-31", "\u539f\u5275", "\u6545\u4e8b"]}, {"created_at": "1559147916", "created_by_id": "3979351", "name": "siti-italiani", "rating_vote": "3", "rating": "3", "tags": ["it", "\u4e8c\u6b21\u7ffb\u8b6f", "\u6307\u5c0e", "\u7ffb\u8b6f"]}, {"created_at": "1559219776", "created_by_id": "4357011", "name": "coming-out-to-the-woods", "rating_vote": "4", "rating": "4", "tags": ["en", "faeowynn-wilson", "\u5a01\u723e\u905c\u751f\u7269\u61c9\u5c0d\u7d44", "\u6545\u4e8b", "\u7f8e\u5999\u4e16\u754c", "\u7ffb\u8b6f"]}, {"created_at": "1559220047", "created_by_id": "4357011", "name": "scp-4449", "rating_vote": "3", "rating": "3", "tags": ["en", "euclid", "scp", "\u4eba\u5f62", "\u53cd\u71b5", "\u611f\u77e5\u529b", "\u667a\u80fd", "\u7570\u5e38\u79fb\u52d5", "\u7ffb\u8b6f", "\u81ea\u4e3b", "\u81ea\u6211\u4fee\u5fa9"]}, {"created_at": "1559221162", "created_by_id": "4357011", "name": "restless-dreams", "rating_vote": "5", "rating": "5", "tags": ["en", "\u5168\u7dda\u6230\u722d", "\u5922\u795e", "\u6545\u4e8b", "\u7ffb\u8b6f"]}, {"created_at": "1559297975", "created_by_id": "3979351", "name": "th-canon-hub", "rating_vote": "5", "rating": "5", "tags": ["th", "\u4e2d\u5fc3", "\u4e8c\u6b21\u7ffb\u8b6f", "\u7ffb\u8b6f"]}, {"created_at": "1559298039", "created_by_id": "3979351", "name": "horror-foundation", "rating_vote": "1", "rating": "1", "tags": ["th", "\u4e2d\u5fc3", "\u4e8c\u6b21\u7ffb\u8b6f", "\u7ffb\u8b6f"]}, {"created_at": "1559316835", "created_by_id": "4055881", "name": "css-policy", "rating_vote": "3", "rating": "3", "tags": ["\u5f85\u66f4\u65b0", "\u6307\u5c0e", "\u7ffb\u8b6f"]}, {"created_at": "1559320970", "created_by_id": "4357011", "name": "critter-profile-bakugo", "rating_vote": "5", "rating": "5", "tags": ["en", "en-\u6025\u8feb\u7af6\u8cfd2019", "faeowynn-wilson", "goi\u683c\u5f0f", "\u5922\u795e", "\u5a01\u723e\u905c\u751f\u7269\u61c9\u5c0d\u7d44", "\u7ffb\u8b6f"]}, {"created_at": "1559383002", "created_by_id": "3979351", "name": "scp-1890", "rating_vote": "4", "rating": "4", "tags": ["en", "safe", "scp", "\u578b\u614b\u8b8a\u5316", "\u651d\u50cf", "\u6587\u737b", "\u7cbe\u795e\u5f71\u97ff", "\u7ffb\u8b6f", "\u8996\u89ba\u6027", "\u8a8d\u77e5\u5371\u5bb3"]}, {"created_at": "1559408592", "created_by_id": "5344757", "name": "scp-zh-323", "rating_vote": "21", "rating": "11", "tags": ["bales\u535a\u58eb", "keter", "scp", "site-zh-16", "\u4eba\u9020\u7269\u54c1", "\u539f\u5275", "\u7403\u9ad4", "\u904a\u6232"]}, {"created_at": "1559463824", "created_by_id": "4357011", "name": "carnifex-carl", "rating_vote": "8", "rating": "8", "tags": ["en", "en-\u6025\u8feb\u7af6\u8cfd2019", "goi\u683c\u5f0f", "\u5b89\u5e03\u7f85\u65af\u9910\u5ef3", "\u6b32\u8089\u6559", "\u7ffb\u8b6f", "\u9ed1\u7687\u540e"]}, {"created_at": "1559464164", "created_by_id": "4357011", "name": "scp-4494", "rating_vote": "10", "rating": "10", "tags": ["archon", "en", "en-\u6025\u8feb\u7af6\u8cfd2019", "scp", "\u4eba\u5f62", "\u5e7d\u97484494", "\u611f\u77e5\u529b", "\u667a\u80fd", "\u672c\u8cea\u4fc3\u52d5", "\u6982\u5ff5", "\u7ffb\u8b6f", "\u8cc7\u8a0a\u5371\u5bb3"]}]