[{"created_at": "1582803306", "created_by_id": "3979351", "name": "scp-zh-028", "rating_vote": "8", "rating": "6", "tags": ["euclid", "scp", "site-zh-31", "\u539f\u5275", "\u5c4d\u9ad4", "\u6606\u87f2", "\u6d3b\u7269", "\u7269\u7a2e", "\u751f\u7269\u5371\u5bb3", "\u8089\u98df\u6027", "\u9069\u61c9\u6027"]}, {"created_at": "1582809307", "created_by_id": "6156281", "name": "scp-zh-445", "rating_vote": "10", "rating": "10", "tags": ["safe", "scp", "site-zh-02", "\u539f\u5275", "\u5de5\u5177", "\u5f37\u8feb\u6027", "\u6db2\u9ad4", "\u7cbe\u795e\u5f71\u97ff", "\u8a8d\u77e5\u5371\u5bb3"]}, {"created_at": "1582812337", "created_by_id": "5956873", "name": "scp-zh-167", "rating_vote": "12", "rating": "12", "tags": ["scp", "site-zh-22", "site-zh-88", "\u539f\u5275", "\u5efa\u7bc9\u7269", "\u6578\u5b78\u6027", "\u7121\u6548\u5316", "\u904a\u6232"]}, {"created_at": "1582967152", "created_by_id": "3981670", "name": "incident-239-b-clef-kondraki", "rating_vote": "10", "rating": "10", "tags": ["bright\u535a\u58eb", "clef\u535a\u58eb", "en", "gears\u535a\u58eb", "kain-pathos-crow", "kondraki\u535a\u58eb", "\u5408\u8457", "\u6545\u4e8b", "\u7ffb\u8b6f", "\u8a69\u683c\u863f\u7d72"]}, {"created_at": "1582982741", "created_by_id": "3981670", "name": "scp-732", "rating_vote": "5", "rating": "5", "tags": ["en", "keter", "meta", "scp", "\u50b3\u67d3\u6027", "\u611f\u77e5\u529b", "\u6558\u8ff0\u6027", "\u672a\u6536\u5bb9", "\u7ffb\u8b6f"]}, {"created_at": "1583046166", "created_by_id": "4442284", "name": "tina-uni1", "rating_vote": "9", "rating": "9", "tags": ["\u539f\u5275", "\u5408\u8457", "\u6545\u4e8b", "\u6b7b\u4ea1\u6c38\u751f"]}, {"created_at": "1583046169", "created_by_id": "4442284", "name": "tina-uni3", "rating_vote": "11", "rating": "11", "tags": ["\u539f\u5275", "\u5408\u8457", "\u6545\u4e8b", "\u6b7b\u4ea1\u6c38\u751f"]}, {"created_at": "1583046172", "created_by_id": "4442284", "name": "tina-uni2", "rating_vote": "7", "rating": "7", "tags": ["\u539f\u5275", "\u5408\u8457", "\u6545\u4e8b", "\u6b7b\u4ea1\u6c38\u751f"]}, {"created_at": "1583060413", "created_by_id": "5338547", "name": "scp-zh-030", "rating_vote": "13", "rating": "7", "tags": ["safe", "scp", "site-zh-16", "\u539f\u5275", "\u5e7b\u89ba", "\u5f37\u8feb\u6027", "\u6b7b\u4ea1\u6c38\u751f", "\u7cbe\u795e\u5f71\u97ff", "\u807d\u89ba\u5f71\u97ff", "\u8a8d\u77e5\u5371\u5bb3", "\u98fe\u54c1"]}, {"created_at": "1583065123", "created_by_id": "5255954", "name": "she-lives-in-my-heart", "rating_vote": "22", "rating": "22", "tags": ["koschei.aic", "reverberate\u535a\u58eb", "site-zh-81", "\u539f\u5275", "\u6545\u4e8b", "\u6b7b\u4ea1\u6c38\u751f"]}, {"created_at": "1583068115", "created_by_id": "3979351", "name": "scp-zh-262", "rating_vote": "12", "rating": "12", "tags": ["euclid", "scp", "site-zh-31", "\u539f\u5275", "\u5fa9\u6d3b", "\u65e5\u672c\u751f\u985e\u5275\u7814", "\u6606\u87f2", "\u6b7b\u4ea1\u6c38\u751f", "\u7269\u7a2e", "\u771f\u83cc", "\u77f3\u69b4\u4ff1\u6a02\u90e8"]}, {"created_at": "1583068514", "created_by_id": "5817419", "name": "scp-zh-095", "rating_vote": "11", "rating": "11", "tags": ["safe", "scp", "x\u535a\u58eb", "\u4e0d\u53ef\u6467\u6bc0", "\u5171\u611f", "\u539f\u5275", "\u6b7b\u4ea1\u6c38\u751f", "\u7cbe\u795e\u5f71\u97ff", "\u8072\u97f3", "\u8a8d\u77e5\u5371\u5bb3", "\u98fe\u54c1"]}, {"created_at": "1583068632", "created_by_id": "3981670", "name": "scp-zh-747", "rating_vote": "15", "rating": "15", "tags": ["euclid", "scp", "site-zh-01", "\u539f\u5275", "\u666e\u7f85\u7c73\u4fee\u65af\u5be6\u9a57\u5ba4", "\u667a\u80fd", "\u672c\u8cea\u4fc3\u52d5", "\u6b7b\u4ea1\u6c38\u751f", "\u7cbe\u795e\u5f71\u97ff", "\u8996\u89ba\u6027", "\u8a8d\u77e5\u5371\u5bb3", "\u91d1\u5c6c", "\u98fe\u54c1"]}, {"created_at": "1583068873", "created_by_id": "3981670", "name": "communication-log-zh-747-331", "rating_vote": "9", "rating": "9", "tags": ["\u539f\u5275", "\u6b7b\u4ea1\u6c38\u751f", "\u9644\u52a0\u8cc7\u6599"]}, {"created_at": "1583074511", "created_by_id": "5428435", "name": "orangetea-and-plum", "rating_vote": "12", "rating": "12", "tags": ["\u539f\u5275", "\u6545\u4e8b", "\u6b7b\u4ea1\u6c38\u751f"]}, {"created_at": "1583075844", "created_by_id": "5252281", "name": "scp-zh-109", "rating_vote": "16", "rating": "16", "tags": ["euclid", "scp", "site-zh-16", "\u539f\u5275", "\u6728\u6613", "\u6b7b\u4ea1\u6c38\u751f", "\u81ea\u4e3b", "\u8863\u7269", "\u8ecd\u4e8b", "\u96d5\u523b"]}, {"created_at": "1583077965", "created_by_id": "5435485", "name": "before-starsight", "rating_vote": "13", "rating": "13", "tags": ["site-zh-44", "\u539f\u5275", "\u5408\u8457", "\u5c55\u51fa", "\u6545\u4e8b", "\u6b7b\u4ea1\u6c38\u751f"]}, {"created_at": "1583078326", "created_by_id": "5956873", "name": "scp-zh-166", "rating_vote": "21", "rating": "21", "tags": ["euclid", "scp", "site-zh-88", "\u4e0d\u53ef\u79fb\u52d5", "\u4eba\u5f62", "\u539f\u5275", "\u5c55\u51fa", "\u672c\u8cea\u4fc3\u52d5", "\u6b7b\u4ea1\u6c38\u751f", "\u904a\u6232"]}, {"created_at": "1583085468", "created_by_id": "5013973", "name": "she-s-always-here", "rating_vote": "14", "rating": "14", "tags": ["koschei.aic", "\u539f\u5275", "\u85dd\u8853\u4f5c\u54c1"]}, {"created_at": "1583145804", "created_by_id": "3979351", "name": "scp-729", "rating_vote": "3", "rating": "3", "tags": ["en", "safe", "scp", "\u5bb6\u5177", "\u7ffb\u8b6f"]}]