[{"created_at": "1590364366", "created_by_id": "4351112", "name": "scp-zh-291", "rating_vote": "15", "rating": "3", "tags": ["2020\u6500\u722c\u91d1\u5b57\u5854", "keter", "scp", "site-zh-44", "\u52d5\u7269", "\u539f\u5275", "\u63a0\u98df\u6027", "\u751f\u7269\u5371\u5bb3", "\u751f\u7269\u6027", "\u7bc0\u80a2\u52d5\u7269", "\u7fa4\u9ad4\u6027"]}, {"created_at": "1590391117", "created_by_id": "6217438", "name": "dr-manns-proposal", "rating_vote": "2", "rating": "2", "tags": ["001\u63d0\u6848", "en", "scp", "\u5730\u9ede", "\u6642\u7a7a", "\u6a5f\u5bc6\u5206\u7d1a", "\u7ffb\u8b6f"]}, {"created_at": "1590391367", "created_by_id": "6217438", "name": "document-001-o5", "rating_vote": "4", "rating": "4", "tags": ["aaron-siegel", "en", "the-administrator", "\u7ffb\u8b6f", "\u88dc\u5145\u6750\u6599"]}, {"created_at": "1590402352", "created_by_id": "5013754", "name": "mu-yi-621", "rating_vote": "7", "rating": "7", "tags": ["2020\u6500\u722c\u91d1\u5b57\u5854", "goi\u683c\u5f0f", "lofia", "\u539f\u5275", "\u53f0\u7063\u539f\u4f4f\u6c11", "\u6728\u6613"]}, {"created_at": "1590404951", "created_by_id": "5604919", "name": "scp-zh-133", "rating_vote": "20", "rating": "20", "tags": ["ad\u535a\u58eb", "dado", "kris\u535a\u58eb", "safe", "scp", "site-zh-12", "\u4eba\u9020\u7269\u54c1", "\u5316\u5b78\u6027", "\u539f\u5275", "\u5bb9\u5668", "\u91ab\u5b78\u6027"]}, {"created_at": "1590417081", "created_by_id": "6300422", "name": "unfinished-business", "rating_vote": "4", "rating": "4", "tags": ["bright\u535a\u58eb", "clef\u535a\u58eb", "en", "gears\u535a\u58eb", "kondraki\u535a\u58eb", "\u300c\u4e0a\u5e1d\u300d", "\u5168\u7403\u8d85\u81ea\u7136\u806f\u76df", "\u6545\u4e8b", "\u7ffb\u8b6f", "\u8a69\u683c\u863f\u7d72"]}, {"created_at": "1590436069", "created_by_id": "5415046", "name": "jet-black", "rating_vote": "7", "rating": "7", "tags": ["jp", "\u5ee3\u672b\u5b5d\u884c", "\u6200\u660f\u5d0e\u65b0\u805e\u793e", "\u6545\u4e8b", "\u7206\u65cb\u58fd\u53f8", "\u7ffb\u8b6f", "\u95c7\u58fd\u53f8"]}, {"created_at": "1590457499", "created_by_id": "6480242", "name": "zh-art-035", "rating_vote": "6", "rating": "6", "tags": ["\u539f\u5275", "\u85dd\u8853\u4f5c\u54c1"]}, {"created_at": "1590494235", "created_by_id": "3979351", "name": "kacha", "rating_vote": "13", "rating": "11", "tags": ["\u539f\u5275", "\u5c55\u51fa", "\u6545\u4e8b"]}, {"created_at": "1590498763", "created_by_id": "5325850", "name": "scp-zh-289", "rating_vote": "14", "rating": "14", "tags": ["2020\u6500\u722c\u91d1\u5b57\u5854", "keter", "scp", "\u539f\u5275", "\u5433\u6615\u535a\u58eb", "\u5c11\u5fae-12"]}, {"created_at": "1590502697", "created_by_id": "5206218", "name": "784incident1", "rating_vote": "3", "rating": "3", "tags": ["en", "\u6545\u4e8b", "\u7ffb\u8b6f"]}, {"created_at": "1590504747", "created_by_id": "5684299", "name": "new-takayama-plan", "rating_vote": "12", "rating": "12", "tags": ["goi\u683c\u5f0f", "ijamea", "\u539f\u5275", "\u6276\u6851\u7d00"]}, {"created_at": "1590520565", "created_by_id": "5255954", "name": "scp-zh-102", "rating_vote": "11", "rating": "7", "tags": ["2020\u6500\u722c\u91d1\u5b57\u5854", "safe", "scp", "site-zh-44", "site-zh-81", "\u539f\u5275", "\u53f0\u7063\u539f\u4f4f\u6c11", "\u7cbe\u795e\u5f71\u97ff", "\u91d1\u5c6c", "\u97f3\u6a02\u6027"]}, {"created_at": "1590539613", "created_by_id": "5013754", "name": "spc-zh-795", "rating_vote": "13", "rating": "13", "tags": ["2020\u6500\u722c\u91d1\u5b57\u5854", "goi\u683c\u5f0f", "\u539f\u5275", "\u6bc6\u6253\u9bca\u9b5a\u4e2d\u5fc3"]}, {"created_at": "1590551788", "created_by_id": "5010943", "name": "scp-1922-j", "rating_vote": "8", "rating": "8", "tags": ["en", "scp", "\u4ea4\u63db", "\u641e\u7b11", "\u672a\u6536\u5bb9", "\u6a5f\u5bc6\u5206\u7d1a", "\u7ffb\u8b6f"]}, {"created_at": "1590570832", "created_by_id": "5653267", "name": "scp-zh-222", "rating_vote": "15", "rating": "13", "tags": ["2020\u6500\u722c\u91d1\u5b57\u5854", "keter", "k\u7d1a\u60c5\u666f", "scp", "\u4e09\u6ce2\u7279\u862d", "\u50b3\u9001", "\u52d5\u7269", "\u539f\u5275", "\u63a0\u98df\u6027", "\u667a\u80fd", "\u6708\u7403", "\u7121\u6548\u5316", "\u8c93\u985e", "\u8d85\u7dad\u5ea6"]}, {"created_at": "1590571268", "created_by_id": "5206218", "name": "784incident2", "rating_vote": "4", "rating": "4", "tags": ["clef\u535a\u58eb", "en", "\u6545\u4e8b", "\u7ffb\u8b6f"]}, {"created_at": "1590584232", "created_by_id": "5415046", "name": "yonedu-gensui", "rating_vote": "15", "rating": "15", "tags": ["ijamea", "jp", "jp-\u611a\u4eba\u7bc02020", "\u6200\u660f\u5d0e", "\u6545\u4e8b", "\u7ffb\u8b6f"]}, {"created_at": "1590687381", "created_by_id": "5206218", "name": "784incident3", "rating_vote": "2", "rating": "2", "tags": ["clef\u535a\u58eb", "en", "kondraki\u535a\u58eb", "\u6545\u4e8b", "\u7ffb\u8b6f"]}, {"created_at": "1590734831", "created_by_id": "5206218", "name": "784incident4", "rating_vote": "1", "rating": "1", "tags": ["clef\u535a\u58eb", "en", "\u6545\u4e8b", "\u7ffb\u8b6f"]}]