[{"created_at": "1552560300", "created_by_id": "3775116", "name": "scp-006", "rating_vote": "5", "rating": "5", "tags": ["en", "safe", "scp", "\u5730\u9ede", "\u6db2\u9ad4", "\u7ffb\u8b6f", "\u81ea\u6211\u4fee\u5fa9", "\u91ab\u5b78\u6027", "\u91cd\u5beb"]}, {"created_at": "1552560663", "created_by_id": "3775116", "name": "scp-007", "rating_vote": "6", "rating": "6", "tags": ["en", "euclid", "scp", "\u4eba\u5f62", "\u5fae\u578b", "\u661f\u7403", "\u6d3b\u7269", "\u7ffb\u8b6f"]}, {"created_at": "1552566396", "created_by_id": "3977603", "name": "sesame-mochi", "rating_vote": "5", "rating": "5", "tags": ["goi\u683c\u5f0f", "\u539f\u5275", "\u5a01\u723e\u905c\u751f\u7269\u61c9\u5c0d\u7d44"]}, {"created_at": "1552712833", "created_by_id": "3979351", "name": "scp-012", "rating_vote": "4", "rating": "4", "tags": ["en", "euclid", "scp", "\u6587\u737b", "\u7cbe\u795e\u5f71\u97ff", "\u7ffb\u8b6f", "\u8996\u89ba\u6027", "\u8a8d\u77e5\u5371\u5bb3", "\u97f3\u6a02\u6027"]}, {"created_at": "1552713742", "created_by_id": "3775116", "name": "scp-zh-003", "rating_vote": "27", "rating": "7", "tags": ["euclid", "scp", "\u539f\u5275", "\u751f\u7269\u6027", "\u7cbe\u795e\u5f71\u97ff"]}, {"created_at": "1552735620", "created_by_id": "3979351", "name": "uiu-1970-005", "rating_vote": "7", "rating": "7", "tags": ["goi\u683c\u5f0f", "ijamea", "uiu", "\u539f\u5275", "\u5a01\u723e\u905c\u751f\u7269\u61c9\u5c0d\u7d44", "\u65e5\u5949\u4e00\u65cf", "\u65e5\u672c\u751f\u985e\u5275\u7814"]}, {"created_at": "1552756112", "created_by_id": "3979351", "name": "2008", "rating_vote": "9", "rating": "9", "tags": ["goi\u683c\u5f0f", "ijamea", "\u539f\u5275", "\u65e5\u5949\u4e00\u65cf", "\u6728\u6613", "\u9169\u914a\u8857"]}, {"created_at": "1552764978", "created_by_id": "5225164", "name": "security-clearance-levels", "rating_vote": "3", "rating": "3", "tags": ["en", "\u7ffb\u8b6f", "\u8cc7\u6e90"]}, {"created_at": "1552811212", "created_by_id": "4239775", "name": "doris", "rating_vote": "6", "rating": "6", "tags": ["goi\u683c\u5f0f", "\u539f\u5275", "\u5a01\u723e\u905c\u751f\u7269\u61c9\u5c0d\u7d44"]}, {"created_at": "1552829347", "created_by_id": "4990678", "name": "scp-zh-213", "rating_vote": "12", "rating": "4", "tags": ["safe", "scp", "site-zh-26", "\u539f\u5275"]}, {"created_at": "1552833204", "created_by_id": "4990678", "name": "scp-zh-130", "rating_vote": "17", "rating": "7", "tags": ["safe", "scp", "\u539f\u5275"]}, {"created_at": "1552837081", "created_by_id": "4990678", "name": "scp-zh-439", "rating_vote": "11", "rating": "3", "tags": ["safe", "scp", "\u539f\u5275", "\u8f09\u5177"]}, {"created_at": "1552898281", "created_by_id": "3979351", "name": "potehi", "rating_vote": "8", "rating": "8", "tags": ["goi\u683c\u5f0f", "mc&amp;d", "wondertainment\u535a\u58eb", "\u539f\u5275"]}, {"created_at": "1552908829", "created_by_id": "3977603", "name": "chocolatecake", "rating_vote": "8", "rating": "8", "tags": ["goi\u683c\u5f0f", "mc&amp;d", "\u539f\u5275"]}, {"created_at": "1552914170", "created_by_id": "4076342", "name": "scp-zh-127", "rating_vote": "11", "rating": "11", "tags": ["safe", "scp", "site-zh-02", "\u539f\u5275"]}, {"created_at": "1552961588", "created_by_id": "4239775", "name": "zh-666", "rating_vote": "6", "rating": "6", "tags": ["\u539f\u5275", "\u5be6\u9a57\u8a18\u9304"]}, {"created_at": "1552976753", "created_by_id": "5223229", "name": "scp-zh-883", "rating_vote": "14", "rating": "8", "tags": ["keter", "scp", "\u539f\u5275"]}, {"created_at": "1552976942", "created_by_id": "5223229", "name": "scp-zh-882", "rating_vote": "17", "rating": "13", "tags": ["safe", "scp", "\u539f\u5275", "\u6587\u737b"]}, {"created_at": "1552989555", "created_by_id": "4239775", "name": "scp-173", "rating_vote": "63", "rating": "61", "tags": ["en", "euclid", "scp", "\u5851\u50cf173", "\u7ffb\u8b6f", "\u81ea\u4e3b", "\u89c0\u5bdf\u5f71\u97ff"]}, {"created_at": "1553001898", "created_by_id": "3979351", "name": "uiu-file-1952-003", "rating_vote": "1", "rating": "1", "tags": ["en", "en-goi2014", "goi\u683c\u5f0f", "uiu", "\u7ffb\u8b6f"]}]