[{"created_at": "1554405424", "created_by_id": "4990678", "name": "cdbeta05", "rating_vote": "7", "rating": "7", "tags": ["\u539f\u5275", "\u6545\u4e8b"]}, {"created_at": "1554441113", "created_by_id": "3979351", "name": "scp-149", "rating_vote": "3", "rating": "3", "tags": ["en", "safe", "scp", "\u6606\u87f2", "\u6d3b\u7269", "\u7121\u810a\u690e\u751f\u7269", "\u75c5\u6bd2", "\u7a7a\u4e2d", "\u7ffb\u8b6f"]}, {"created_at": "1554447022", "created_by_id": "3979351", "name": "scp-155", "rating_vote": "5", "rating": "5", "tags": ["en", "safe", "scp", "\u653e\u5c04\u6027", "\u666e\u7f85\u7c73\u4fee\u65af\u5be6\u9a57\u5ba4", "\u7ffb\u8b6f", "\u96fb\u5b50", "\u96fb\u8166"]}, {"created_at": "1554448329", "created_by_id": "4239775", "name": "spc-1057-j", "rating_vote": "7", "rating": "7", "tags": ["en", "scp", "\u52d5\u7269", "\u641e\u7b11", "\u6a5f\u5bc6\u5206\u7d1a", "\u6bc6\u6253\u9bca\u9b5a\u4e2d\u5fc3", "\u6c34\u68f2", "\u7121\u5f62", "\u7ffb\u8b6f", "\u8089\u98df\u6027", "\u9b5a\u985e", "\u9bca\u985e"]}, {"created_at": "1554451358", "created_by_id": "4239775", "name": "scp-001", "rating_vote": "0", "rating": "0", "tags": ["en", "\u4e2d\u5fc3", "\u7ffb\u8b6f"]}, {"created_at": "1554456886", "created_by_id": "5230135", "name": "scp-zh-825", "rating_vote": "13", "rating": "13", "tags": ["euclid", "scp", "\u4eba\u5f62", "\u539f\u5275"]}, {"created_at": "1554467274", "created_by_id": "3979351", "name": "lily-s-proposal", "rating_vote": "17", "rating": "17", "tags": ["001\u63d0\u6848", "en", "k\u7d1a\u60c5\u666f", "scp", "\u672a\u6536\u5bb9", "\u6a5f\u5bc6\u5206\u7d1a", "\u7ffb\u8b6f", "\u9810\u6e2c\u6027"]}, {"created_at": "1554536990", "created_by_id": "4239775", "name": "contain-zh", "rating_vote": "9", "rating": "7", "tags": ["\u539f\u5275", "\u6545\u4e8b"]}, {"created_at": "1554542617", "created_by_id": "4913214", "name": "scp-zh-029", "rating_vote": "18", "rating": "0", "tags": ["safe", "scp", "site-zh-25", "\u539f\u5275", "\u5bb6\u5177", "\u89f8\u89ba\u5f71\u97ff", "\u8b8a\u5f62"]}, {"created_at": "1554544637", "created_by_id": "3979351", "name": "scp-380", "rating_vote": "0", "rating": "0", "tags": ["en", "safe", "scp", "\u77e5\u8b58", "\u7ffb\u8b6f", "\u901a\u8a0a", "\u96fb\u5b50", "\u96fb\u8166"]}, {"created_at": "1554555064", "created_by_id": "3979351", "name": "scp-322", "rating_vote": "2", "rating": "2", "tags": ["en", "safe", "scp", "\u53cd\u71b5", "\u5efa\u7bc9\u7269", "\u73a9\u5177", "\u7ffb\u8b6f"]}, {"created_at": "1554555784", "created_by_id": "4239775", "name": "scp-2521", "rating_vote": "21", "rating": "21", "tags": ["en", "en-\u77ed\u6587\u7af6\u8cfd2015", "keter", "meta", "scp", "\u4eba\u5f62", "\u50b3\u9001", "\u611f\u77e5\u529b", "\u672a\u6536\u5bb9", "\u7ffb\u8b6f", "\u8cc7\u8a0a\u5371\u5bb3"]}, {"created_at": "1554558543", "created_by_id": "3979351", "name": "scp-3022", "rating_vote": "1", "rating": "1", "tags": ["en", "scp", "thaumiel", "\u7ffb\u8b6f", "\u85dd\u8853\u54c1", "\u8d85\u7dad\u5ea6", "\u91d1\u5c6c"]}, {"created_at": "1554560384", "created_by_id": "4239775", "name": "scp-181", "rating_vote": "5", "rating": "5", "tags": ["en", "safe", "scp", "\u4eba\u5f62", "\u611f\u77e5\u529b", "\u667a\u80fd", "\u6a5f\u7387\u6027", "\u6d3b\u7269", "\u7ffb\u8b6f", "\u91cd\u5beb"]}, {"created_at": "1554562268", "created_by_id": "3979351", "name": "scp-2851", "rating_vote": "5", "rating": "5", "tags": ["en", "meta", "safe", "scp", "\u5149\u7167\u5f71\u97ff", "\u5e7b\u89ba", "\u611f\u77e5\u529b", "\u6575\u610f", "\u7ffb\u8b6f"]}, {"created_at": "1554563873", "created_by_id": "3979351", "name": "scp-2165", "rating_vote": "2", "rating": "2", "tags": ["en", "en-\u77ed\u6587\u7af6\u8cfd2015", "meta", "scp", "\u672a\u6536\u5bb9", "\u6a5f\u5bc6\u5206\u7d1a", "\u7ffb\u8b6f"]}, {"created_at": "1554566691", "created_by_id": "3979351", "name": "scp-1021", "rating_vote": "3", "rating": "-1", "tags": ["en", "safe", "scp", "\u4eba\u9020\u7269\u54c1", "\u50b3\u9001\u9580", "\u6642\u7a7a", "\u7ffb\u8b6f", "\u85dd\u8853\u6027", "\u984c\u5beb"]}, {"created_at": "1554572689", "created_by_id": "3979351", "name": "scp-984", "rating_vote": "2", "rating": "2", "tags": ["en", "safe", "scp", "\u52d5\u7269", "\u53cd\u71b5", "\u5efa\u7bc9\u7269", "\u6575\u610f", "\u7ffb\u8b6f"]}, {"created_at": "1554600636", "created_by_id": "4913214", "name": "scp-2808", "rating_vote": "2", "rating": "2", "tags": ["en", "en-\u77ed\u6587\u7af6\u8cfd2015", "euclid", "scp", "\u5e7b\u89ba", "\u6982\u5ff5", "\u6a21\u56e0\u6548\u61c9", "\u7ffb\u8b6f"]}, {"created_at": "1554605141", "created_by_id": "5238833", "name": "scp-048", "rating_vote": "9", "rating": "9", "tags": ["en", "meta", "scp", "\u6578\u5b78\u6027", "\u6a5f\u5bc6\u5206\u7d1a", "\u6a5f\u7387\u6027", "\u7ffb\u8b6f"]}]