[{"created_at": "1581083043", "created_by_id": "4474355", "name": "sitezh50-icon", "rating_vote": "5", "rating": "5", "tags": ["\u539f\u5275", "\u85dd\u8853\u4f5c\u54c1"]}, {"created_at": "1581085628", "created_by_id": "3979351", "name": "dream-messages", "rating_vote": "7", "rating": "7", "tags": ["goi\u683c\u5f0f", "\u539f\u5275", "\u5922\u795e", "\u65b0\u8336\u5dba", "\u683c\u9b6f\u70cf-p\u90e8\u9580", "\u7b2c\u516b\u8655"]}, {"created_at": "1581138218", "created_by_id": "5415046", "name": "scp-zh-807", "rating_vote": "9", "rating": "9", "tags": ["2020\u51ac\u5b63\u7af6\u8cfd", "euclid", "scp", "\u539f\u5275", "\u672c\u8cea\u4fc3\u52d5"]}, {"created_at": "1581140879", "created_by_id": "3979351", "name": "new-year-lion", "rating_vote": "11", "rating": "11", "tags": ["2020\u51ac\u5b63\u7af6\u8cfd", "goi\u683c\u5f0f", "\u539f\u5275", "\u6b32\u8089\u6559", "\u8d6b\u66fc-\u5bcc\u52d2"]}, {"created_at": "1581143069", "created_by_id": "6091157", "name": "scp-zh-202", "rating_vote": "14", "rating": "12", "tags": ["safe", "scp", "site-zh-12", "\u539f\u5275", "\u5de5\u5177", "\u7814\u7a76\u54e1lucifelle"]}, {"created_at": "1581143274", "created_by_id": "6091157", "name": "scp-zh-202-a1", "rating_vote": "3", "rating": "3", "tags": ["\u539f\u5275", "\u5408\u4f5c", "\u5be6\u9a57", "\u9644\u52a0\u8cc7\u6599"]}, {"created_at": "1581148862", "created_by_id": "5956873", "name": "scp-zh-168", "rating_vote": "11", "rating": "11", "tags": ["2020\u51ac\u5b63\u7af6\u8cfd", "euclid", "scp", "\u539f\u5275"]}, {"created_at": "1581154280", "created_by_id": "5956873", "name": "blue-2020", "rating_vote": "13", "rating": "13", "tags": ["2020\u51ac\u5b63\u7af6\u8cfd", "\u539f\u5275", "\u6545\u4e8b", "\u6d17\u8863\u90e8\u9580"]}, {"created_at": "1581159002", "created_by_id": "4701365", "name": "the-flame-faced-man", "rating_vote": "1", "rating": "1", "tags": ["en", "en-goi2014", "goi\u683c\u5f0f", "\u7ffb\u8b6f", "\u8d6b\u66fc-\u5bcc\u52d2"]}, {"created_at": "1581163907", "created_by_id": "5255954", "name": "yesterday", "rating_vote": "7", "rating": "7", "tags": ["bjornsen\u6559\u6388", "clef\u535a\u58eb", "en", "gears\u535a\u58eb", "kondraki\u535a\u58eb", "lament\u7279\u5de5", "light\u535a\u58eb", "mctiriss\u4e3b\u4efb", "moose\u4e3b\u4efb", "\u5fa9\u751f", "\u6545\u4e8b", "\u7ffb\u8b6f"]}, {"created_at": "1581176170", "created_by_id": "5956873", "name": "scp-zh-169", "rating_vote": "5", "rating": "5", "tags": ["2020\u51ac\u5b63\u7af6\u8cfd", "chrome\u535a\u58eb", "keter", "scp", "\u4eba\u5f62", "\u52d5\u7269", "\u539f\u5275", "\u6982\u5ff5"]}, {"created_at": "1581179821", "created_by_id": "4990678", "name": "death-eternal-life", "rating_vote": "2", "rating": "2", "tags": ["\u4e2d\u5fc3", "\u539f\u5275", "\u6311\u6230\u6d3b\u52d5", "\u6b7b\u4ea1\u6c38\u751f"]}, {"created_at": "1581232513", "created_by_id": "6091157", "name": "hedgehog-note-a", "rating_vote": "15", "rating": "15", "tags": ["ad\u535a\u58eb", "\u539f\u5275", "\u85dd\u8853\u4f5c\u54c1"]}, {"created_at": "1581251797", "created_by_id": "6083676", "name": "scp-4083", "rating_vote": "2", "rating": "2", "tags": ["en", "euclid", "scp", "\u5efa\u7bc9\u7269", "\u5f37\u8feb\u6027", "\u6642\u9593\u5f71\u97ff", "\u7ffb\u8b6f", "\u8072\u97f3", "\u9aa8\u9abc"]}, {"created_at": "1581253668", "created_by_id": "4239775", "name": "nsb8-916", "rating_vote": "8", "rating": "8", "tags": ["goi\u683c\u5f0f", "\u5168\u7403\u8d85\u81ea\u7136\u806f\u76df", "\u539f\u5275", "\u5929\u7d00-17", "\u7b2c\u516b\u8655", "\u96d9\u57ce\u4f5c\u6230"]}, {"created_at": "1581308134", "created_by_id": "4442284", "name": "scp-zh-051", "rating_vote": "15", "rating": "15", "tags": ["keter", "scp", "x\u535a\u58eb", "\u539f\u5275", "\u62cb\u9234\u4eba", "\u7121\u5f62"]}, {"created_at": "1581350070", "created_by_id": "5415046", "name": "scp-017", "rating_vote": "7", "rating": "5", "tags": ["en", "keter", "scp", "\u4eba\u5f62", "\u5149\u7167\u5f71\u97ff", "\u6575\u610f", "\u7ffb\u8b6f", "\u9670\u5f71"]}, {"created_at": "1581503056", "created_by_id": "3979351", "name": "scp-4574", "rating_vote": "7", "rating": "7", "tags": ["en", "euclid", "scp", "\u611f\u77e5\u529b", "\u6b66\u5668", "\u6b77\u53f2\u6027", "\u7ffb\u8b6f", "\u81ea\u4e3b"]}, {"created_at": "1581512075", "created_by_id": "3981670", "name": "scp-3125", "rating_vote": "8", "rating": "8", "tags": ["en", "keter", "k\u7d1a\u60c5\u666f", "marion-wheeler", "scp", "\u6575\u610f", "\u672a\u6536\u5bb9", "\u6982\u5ff5", "\u6a21\u56e0\u6548\u61c9", "\u7ffb\u8b6f", "\u8a8d\u77e5\u5371\u5bb3", "\u9006\u6a21\u56e0"]}, {"created_at": "1581524773", "created_by_id": "5334590", "name": "last-one-cigarette", "rating_vote": "14", "rating": "14", "tags": ["\u539f\u5275", "\u6545\u4e8b", "\u6b7b\u4ea1\u7d42\u4e86"]}]