[{"created_at": "1565702135", "created_by_id": "5565302", "name": "babangyen", "rating_vote": "7", "rating": "7", "tags": ["\u539f\u5275", "\u85dd\u8853\u4f5c\u54c1"]}, {"created_at": "1565795505", "created_by_id": "5565302", "name": "bangyenawman", "rating_vote": "5", "rating": "5", "tags": ["\u539f\u5275", "\u85dd\u8853\u4f5c\u54c1"]}, {"created_at": "1565795828", "created_by_id": "5334590", "name": "scp-zh-045", "rating_vote": "19", "rating": "19", "tags": ["safe", "scp", "site-zh-16", "\u539f\u5275", "\u5473\u89ba\u5f71\u97ff", "\u611f\u77e5\u529b", "\u611f\u77e5\u5f71\u97ff", "\u672c\u8cea\u4fc3\u52d5", "\u7814\u7a76\u54e1l.what", "\u98df\u7269"]}, {"created_at": "1565839123", "created_by_id": "4990678", "name": "personnel-and-character-dossier-zh", "rating_vote": "20", "rating": "18", "tags": ["\u539f\u5275", "\u5408\u4f5c", "\u6307\u5c0e"]}, {"created_at": "1565857188", "created_by_id": "5295260", "name": "clef101", "rating_vote": "6", "rating": "6", "tags": ["clef\u535a\u58eb", "en", "\u6545\u4e8b", "\u7ffb\u8b6f", "\u8aaa\u660e"]}, {"created_at": "1565877688", "created_by_id": "5230135", "name": "zh-logo", "rating_vote": "15", "rating": "15", "tags": ["\u539f\u5275", "\u85dd\u8853\u4f5c\u54c1"]}, {"created_at": "1565879403", "created_by_id": "5230135", "name": "we-finally-contain-kz", "rating_vote": "6", "rating": "6", "tags": ["\u539f\u5275", "\u6545\u4e8b"]}, {"created_at": "1565879779", "created_by_id": "5565302", "name": "bangbang", "rating_vote": "7", "rating": "7", "tags": ["bright\u535a\u58eb", "\u539f\u5275", "\u85dd\u8853\u4f5c\u54c1"]}, {"created_at": "1565968600", "created_by_id": "5565302", "name": "yenyen", "rating_vote": "8", "rating": "8", "tags": ["\u539f\u5275", "\u85dd\u8853\u4f5c\u54c1"]}, {"created_at": "1566044444", "created_by_id": "5565302", "name": "bangyenbangyenyen", "rating_vote": "7", "rating": "7", "tags": ["\u539f\u5275", "\u85dd\u8853\u4f5c\u54c1"]}, {"created_at": "1566046832", "created_by_id": "3979351", "name": "sarkic-case-study-03-the-luo-ting-n-a-of-new-cha-ling", "rating_vote": "20", "rating": "20", "tags": ["ijamea", "site-zh-25", "\u5168\u7403\u8d85\u81ea\u7136\u806f\u76df", "\u539f\u5275", "\u5c55\u51fa", "\u5f35\u9053\u58eb", "\u6545\u4e8b", "\u65b0\u8336\u5dba", "\u6728\u6613", "\u6b32\u8089\u6559", "\u96f6\u865f\u5c08\u968a"]}, {"created_at": "1566127664", "created_by_id": "5565302", "name": "yenney", "rating_vote": "11", "rating": "11", "tags": ["\u539f\u5275", "\u85dd\u8853\u4f5c\u54c1"]}, {"created_at": "1566129527", "created_by_id": "3981670", "name": "scp-zh-925", "rating_vote": "12", "rating": "12", "tags": ["2019\u6691\u671f\u6bd4\u8cfd", "apoyn\u535a\u58eb", "scp", "site-zh-02", "\u50b3\u9001", "\u539f\u5275", "\u5bb6\u5177", "\u7121\u6548\u5316", "\u7cbe\u795e\u5f71\u97ff", "\u8c93\u985e", "\u8d85\u7dad\u5ea6", "\u9580\u5f91"]}, {"created_at": "1566141457", "created_by_id": "4357011", "name": "scp-4893", "rating_vote": "7", "rating": "7", "tags": ["en", "euclid", "meta", "scp", "\u4eba\u5f62", "\u611f\u77e5\u5f71\u97ff", "\u6587\u737b", "\u690d\u7269", "\u7ffb\u8b6f"]}, {"created_at": "1566224967", "created_by_id": "5565302", "name": "banban", "rating_vote": "6", "rating": "6", "tags": ["\u539f\u5275", "\u85dd\u8853\u4f5c\u54c1"]}, {"created_at": "1566264714", "created_by_id": "5495167", "name": "scp-4323", "rating_vote": "0", "rating": "0", "tags": ["en", "keter", "scp", "\u7121\u810a\u690e\u52d5\u7269", "\u751f\u7269\u5371\u5bb3", "\u7ffb\u8b6f", "\u81ea\u6211\u8907\u88fd", "\u8b8a\u5f62"]}, {"created_at": "1566265695", "created_by_id": "5495167", "name": "scp-4035", "rating_vote": "2", "rating": "2", "tags": ["en", "safe", "scp", "\u4eba\u5f62", "\u5bb6\u96fb\u7528\u54c1", "\u611f\u77e5\u529b", "\u667a\u80fd", "\u672c\u8cea\u4fc3\u52d5", "\u6c23\u9ad4", "\u7ffb\u8b6f"]}, {"created_at": "1566267306", "created_by_id": "5495167", "name": "scp-4270", "rating_vote": "2", "rating": "2", "tags": ["en", "scp", "\u4eba\u5f62", "\u5c4d\u9ad4", "\u5efa\u7bc9\u7269", "\u6096\u8ad6", "\u6a5f\u5bc6\u5206\u7d1a", "\u6b77\u53f2\u6027", "\u718a\u985e", "\u751f\u7269\u6027", "\u7cbe\u795e\u5f71\u97ff", "\u7ffb\u8b6f", "\u8cc7\u8a0a\u5371\u5bb3", "\u9006\u6a21\u56e0"]}, {"created_at": "1566284972", "created_by_id": "5601790", "name": "scp-3087", "rating_vote": "1", "rating": "1", "tags": ["en", "keter", "scp", "\u5730\u9ede", "\u672a\u6536\u5bb9", "\u7761\u7720", "\u7ffb\u8b6f", "\u8d85\u7dad\u5ea6"]}, {"created_at": "1566307632", "created_by_id": "5230135", "name": "scp-zh-139", "rating_vote": "10", "rating": "2", "tags": ["euclid", "scp", "\u4eba\u5f62", "\u539f\u5275", "\u578b\u614b\u8b8a\u5316", "\u6db2\u9ad4", "\u807d\u89ba\u5f71\u97ff", "\u8996\u89ba\u6027", "\u8a8d\u77e5\u5371\u5bb3"]}]