[{"created_at": "1606275285", "created_by_id": "5334590", "name": "ranunculus", "rating_vote": "17", "rating": "17", "tags": ["site-zh-02", "site-zh-16", "\u539f\u5275", "\u6545\u4e8b", "\u7814\u7a76\u54e1l.what"]}, {"created_at": "1606302846", "created_by_id": "5255954", "name": "color-of-sea-black", "rating_vote": "10", "rating": "10", "tags": ["gears\u535a\u58eb", "iceberg\u535a\u58eb", "\u539f\u5275", "\u5c55\u51fa", "\u6545\u4e8b"]}, {"created_at": "1606317947", "created_by_id": "4357011", "name": "dream", "rating_vote": "4", "rating": "4", "tags": ["ko", "\u4e8c\u6b21\u7ffb\u8b6f", "\u6545\u4e8b", "\u7ffb\u8b6f"]}, {"created_at": "1606352905", "created_by_id": "6787405", "name": "uksvg-jp", "rating_vote": "8", "rating": "8", "tags": ["jp", "\u7ffb\u8b6f", "\u85dd\u8853\u4f5c\u54c1"]}, {"created_at": "1606369985", "created_by_id": "5325850", "name": "it-was-not-my-fault", "rating_vote": "22", "rating": "22", "tags": ["\u539f\u5275", "\u5433\u6615\u535a\u58eb", "\u85dd\u8853\u4f5c\u54c1"]}, {"created_at": "1606508374", "created_by_id": "5206218", "name": "we-re-off-to-be-the-lizard", "rating_vote": "5", "rating": "5", "tags": ["bright\u535a\u58eb", "en", "\u6545\u4e8b", "\u7ffb\u8b6f"]}, {"created_at": "1606528037", "created_by_id": "5415046", "name": "scp-2788-jp", "rating_vote": "8", "rating": "8", "tags": ["jp", "safe", "scp", "\u4e0d\u53ef\u79fb\u52d5", "\u4eba\u9020\u7269\u54c1", "\u53cd\u71b5", "\u5730\u4e0b", "\u5c4d\u9ad4", "\u6db2\u9ad4", "\u7d50\u69cb\u7269", "\u7ffb\u8b6f", "\u8150\u8755\u6027", "\u9006\u6a21\u56e0", "\u96d5\u523b"]}, {"created_at": "1606553790", "created_by_id": "6104968", "name": "meeting", "rating_vote": "11", "rating": "11", "tags": ["ad\u535a\u58eb", "cc", "kris\u535a\u58eb", "\u539f\u5275", "\u7814\u7a76\u54e1l.what", "\u85dd\u8853\u4f5c\u54c1"]}, {"created_at": "1606573144", "created_by_id": "6952002", "name": "k1s10r0d-dr-kris-s-sketchbook", "rating_vote": "12", "rating": "12", "tags": ["kris\u535a\u58eb", "\u539f\u5275", "\u85dd\u8853\u4f5c\u54c1"]}, {"created_at": "1606650949", "created_by_id": "5415046", "name": "scp-5702", "rating_vote": "7", "rating": "7", "tags": ["en", "euclid", "scp", "\u4ea4\u63db", "\u7dda\u4e0a", "\u7ffb\u8b6f", "\u85dd\u8853\u6027", "\u8a18\u9304", "\u8a8d\u77e5\u5371\u5bb3", "\u8ca8\u5e63"]}, {"created_at": "1606695272", "created_by_id": "4442284", "name": "mtf15-14-td1", "rating_vote": "13", "rating": "13", "tags": ["\u539f\u5275", "\u6545\u4e8b"]}, {"created_at": "1606725099", "created_by_id": "6348157", "name": "scp-178", "rating_vote": "5", "rating": "5", "tags": ["en", "euclid", "scp", "\u4eba\u5f62", "\u7121\u5f62", "\u7ffb\u8b6f", "\u8863\u7269", "\u8996\u89ba\u6027"]}, {"created_at": "1606738410", "created_by_id": "5415046", "name": "scp-4576", "rating_vote": "5", "rating": "5", "tags": ["en", "euclid", "scp", "\u53cd\u71b5", "\u5fc3\u9748\u611f\u61c9", "\u5ff5\u529b", "\u611f\u77e5\u529b", "\u667a\u80fd", "\u6709\u6a5f", "\u690d\u7269", "\u6b66\u5668", "\u6d3b\u7269", "\u7570\u5e38\u79fb\u52d5", "\u7ffb\u8b6f"]}, {"created_at": "1606804158", "created_by_id": "5415046", "name": "scp-003", "rating_vote": "5", "rating": "5", "tags": ["en", "euclid", "k\u7d1a\u60c5\u666f", "moose\u4e3b\u4efb", "scp", "\u5fc3\u9748\u611f\u61c9", "\u653e\u5c04\u6027", "\u6709\u6a5f", "\u6d3b\u7269", "\u71b1\u91cf\u5f71\u97ff", "\u751f\u7269\u6027", "\u7cbe\u795e\u5f71\u97ff", "\u7ffb\u8b6f", "\u81ea\u6211\u8907\u88fd", "\u8b8a\u5f62", "\u91cd\u5beb", "\u96fb\u8166"]}, {"created_at": "1606827173", "created_by_id": "5415046", "name": "scp-5233", "rating_vote": "5", "rating": "5", "tags": ["en", "euclid", "scp", "\u4eba\u5f62", "\u611f\u77e5\u529b", "\u6606\u87f2", "\u667a\u80fd", "\u6d3b\u7269", "\u7ffb\u8b6f", "\u86c7\u4e4b\u624b"]}, {"created_at": "1606833048", "created_by_id": "5415046", "name": "scp-5618", "rating_vote": "12", "rating": "12", "tags": ["en", "k\u7d1a\u60c5\u666f", "scp", "\u4fdd\u885b43", "\u6642\u9593\u5f71\u97ff", "\u6a5f\u5bc6\u5206\u7d1a", "\u7ffb\u8b6f"]}, {"created_at": "1606918828", "created_by_id": "5013754", "name": "scp-zh-500", "rating_vote": "8", "rating": "8", "tags": ["ijamea", "meta", "scp", "\u5340\u57df\u6027", "\u539f\u5275", "\u5efa\u7bc9\u7269", "\u6a5f\u5bc6\u5206\u7d1a", "\u96fb\u8166"]}, {"created_at": "1606970595", "created_by_id": "6104968", "name": "xmas-gift-but-have-no-signature-02", "rating_vote": "8", "rating": "8", "tags": ["apoyn\u535a\u58eb", "site-zh-02", "\u539f\u5275", "\u85dd\u8853\u4f5c\u54c1"]}, {"created_at": "1606990845", "created_by_id": "6348157", "name": "scpaaaaaaaaaaaaaaaaaa-jp-j", "rating_vote": "24", "rating": "24", "tags": ["jp", "keter", "meta", "scp", "\u4e0d\u53ef\u6467\u6bc0", "\u641e\u7b11", "\u6575\u610f", "\u7cbe\u795e\u5f71\u97ff", "\u7ffb\u8b6f", "\u8cc7\u8a0a\u5371\u5bb3"]}, {"created_at": "1606999565", "created_by_id": "5255954", "name": "raisa-lee-teng-hui", "rating_vote": "26", "rating": "16", "tags": ["site-zh-50", "site-zh-81", "site-zh-88", "\u539f\u5275", "\u6545\u4e8b"]}]