[{"created_at": "1626417291", "created_by_id": "5237516", "name": "scp-zh-409", "rating_vote": "14", "rating": "12", "tags": ["2021\u590f\u5b63\u7af6\u8cfd", "euclid", "scp", "site-zh-13", "\u4eba\u9020\u7269\u54c1", "\u539f\u5275", "\u690d\u7269", "\u6d3b\u7269", "\u751f\u7269", "\u7834\u788e\u4e4b\u795e\u6559\u6703", "\u9069\u61c9\u6027"]}, {"created_at": "1626427607", "created_by_id": "6369875", "name": "scp-1995-ru", "rating_vote": "3", "rating": "3", "tags": ["euclid", "ru", "scp", "\u6b66\u5668", "\u7ffb\u8b6f"]}, {"created_at": "1626427786", "created_by_id": "6369875", "name": "scp-050-cs", "rating_vote": "5", "rating": "5", "tags": ["cs", "keter", "scp", "\u4e0d\u53ef\u6467\u6bc0", "\u4eba\u9020\u7269\u54c1", "\u77f3\u982d", "\u7ffb\u8b6f"]}, {"created_at": "1626440475", "created_by_id": "4990678", "name": "artwork-of-rose-and-bronze", "rating_vote": "7", "rating": "7", "tags": ["jp", "\u6c42\u53d6\u8056\u676f\u7684\u9670\u5f71", "\u7ffb\u8b6f", "\u85dd\u8853\u4f5c\u54c1"]}, {"created_at": "1626520191", "created_by_id": "7318709", "name": "scp-4393", "rating_vote": "6", "rating": "6", "tags": ["en", "scp", "\u53cd\u71b5", "\u611f\u77e5\u529b", "\u6587\u737b", "\u6b77\u53f2\u6027", "\u7121\u6548\u5316", "\u7a7a\u4e2d", "\u7fa4\u9ad4\u6027", "\u7ffb\u8b6f", "\u81ea\u4e3b", "\u81ea\u6211\u8907\u88fd", "\u96d5\u5851", "\u9ce5\u985e"]}, {"created_at": "1626520438", "created_by_id": "5325850", "name": "scp-2072-jp", "rating_vote": "10", "rating": "10", "tags": ["euclid", "jp", "scp", "\u4e0d\u53ef\u6467\u6bc0", "\u4eba\u5f62", "\u5c4d\u9ad4", "\u7ffb\u8b6f"]}, {"created_at": "1626521315", "created_by_id": "7318709", "name": "scp-5193", "rating_vote": "6", "rating": "6", "tags": ["en", "en-\u6025\u8feb\u7af6\u8cfd2021", "scp", "\u4eba\u5f62", "\u611f\u77e5\u529b", "\u6b77\u53f2\u6027", "\u7121\u5f62", "\u7121\u6548\u5316", "\u7ffb\u8b6f", "\u8ecd\u4e8b"]}, {"created_at": "1626560928", "created_by_id": "7469850", "name": "scp-zh-635", "rating_vote": "9", "rating": "7", "tags": ["2021\u590f\u5b63\u7af6\u8cfd", "scp", "site-zh-16", "\u50b3\u67d3\u6027", "\u539f\u5275", "\u5a92\u9ad4", "\u5bb6\u96fb\u7528\u54c1", "\u6a5f\u5bc6\u5206\u7d1a", "\u6e3e\u6c8c\u53cd\u53db\u8ecd", "\u8072\u97f3"]}, {"created_at": "1626589712", "created_by_id": "5348516", "name": "scp-zh-299", "rating_vote": "12", "rating": "12", "tags": ["2021\u590f\u5b63\u7af6\u8cfd", "eucild", "scp", "site-zh-44", "\u52d5\u7269", "\u539f\u5275", "\u578b\u614b\u8b8a\u5316", "\u6728\u6613", "\u7121\u810a\u690e\u52d5\u7269", "\u7269\u7a2e", "\u9be8\u985e"]}, {"created_at": "1626606827", "created_by_id": "6258289", "name": "scp-zh-205", "rating_vote": "8", "rating": "6", "tags": ["2021\u590f\u5b63\u7af6\u8cfd", "safe", "scp", "\u539f\u5275", "\u6b66\u5668", "\u8a18\u61b6\u5f71\u97ff"]}, {"created_at": "1626610529", "created_by_id": "4442284", "name": "scp-zh-114", "rating_vote": "12", "rating": "12", "tags": ["2021\u590f\u5b63\u7af6\u8cfd", "keter", "scp", "site-zh-50", "\u5149\u7167\u5f71\u97ff", "\u52d5\u7269", "\u539f\u5275", "\u6c34\u68f2", "\u6d3b\u7269", "\u9b5a\u985e"]}, {"created_at": "1626685444", "created_by_id": "7499032", "name": "scp-5043", "rating_vote": "5", "rating": "5", "tags": ["dado", "en", "en-\u6025\u8feb\u7af6\u8cfd2020", "safe", "scp", "\u53cd\u71b5", "\u7cbe\u795e\u5f71\u97ff", "\u7ffb\u8b6f", "\u8cc7\u8a0a\u5371\u5bb3"]}, {"created_at": "1626757876", "created_by_id": "5415046", "name": "anomalous-item-hk-police-helmet", "rating_vote": "44", "rating": "32", "tags": ["2021\u590f\u5b63\u7af6\u8cfd", "site-zh-25", "\u539f\u5275", "\u570b\u5b89\u5341\u4e5d\u5c40", "\u6545\u4e8b"]}, {"created_at": "1626781425", "created_by_id": "5435485", "name": "scp-zh-067", "rating_vote": "12", "rating": "10", "tags": ["2021\u590f\u5b63\u7af6\u8cfd", "safe", "scp", "\u539f\u5275", "\u5730\u4e0b", "\u591c\u4e4b\u5b50", "\u672c\u8cea\u4fc3\u52d5", "\u6b32\u8089\u6559", "\u6b86\u74e6", "\u795e\u7d93\u6027", "\u7d50\u69cb\u7269"]}, {"created_at": "1626837460", "created_by_id": "7499032", "name": "scp-231-j", "rating_vote": "5", "rating": "5", "tags": ["en", "keter", "scp", "the-administrator", "\u641e\u7b11", "\u6e3e\u6c8c\u53cd\u53db\u8ecd", "\u7329\u7d05\u4e4b\u738b", "\u7ffb\u8b6f", "\u8ca8\u5e63"]}, {"created_at": "1626845520", "created_by_id": "7320283", "name": "goc-hub-page", "rating_vote": "7", "rating": "3", "tags": ["en", "\u4e2d\u5fc3", "\u5168\u7403\u8d85\u81ea\u7136\u806f\u76df", "\u5408\u4f5c", "\u7ffb\u8b6f"]}, {"created_at": "1626966870", "created_by_id": "5013754", "name": "scp-zh-128", "rating_vote": "19", "rating": "19", "tags": ["2021\u590f\u5b63\u7af6\u8cfd", "safe", "scp", "\u5316\u5b78\u6027", "\u539f\u5275", "\u5473\u89ba\u5f71\u97ff", "\u55c5\u89ba\u5f71\u97ff", "\u690d\u7269", "\u7121\u76e1\u6708\u5c0e\u773e", "\u95c7\u58fd\u53f8"]}, {"created_at": "1627041798", "created_by_id": "4990678", "name": "dr-mackenzie-s-sketchbook", "rating_vote": "4", "rating": "4", "tags": ["en", "\u7ffb\u8b6f", "\u85dd\u8853\u4f5c\u54c1"]}, {"created_at": "1627047585", "created_by_id": "3423434", "name": "scp-058", "rating_vote": "2", "rating": "2", "tags": ["en", "keter", "scp", "\u611f\u77e5\u529b", "\u6575\u610f", "\u6d3b\u7269", "\u725b\u985e", "\u7ffb\u8b6f", "\u807d\u89ba\u5f71\u97ff"]}, {"created_at": "1627047875", "created_by_id": "7469850", "name": "story-of-mirror", "rating_vote": "9", "rating": "7", "tags": ["2021\u590f\u5b63\u7af6\u8cfd", "bales\u535a\u58eb", "site-zh-16", "\u539f\u5275", "\u6545\u4e8b"]}]