[{"created_at": "1586758695", "created_by_id": "4128767", "name": "takoashi-haisen-artworks", "rating_vote": "8", "rating": "8", "tags": ["jp", "\u7ffb\u8b6f", "\u85dd\u8853\u4f5c\u54c1", "\u86f8\u8466\u5ee2\u8239"]}, {"created_at": "1586765215", "created_by_id": "5334590", "name": "scp-023", "rating_vote": "3", "rating": "3", "tags": ["en", "euclid", "scp", "\u50b3\u9001", "\u52d5\u7269", "\u6046\u661f", "\u6d3b\u7269", "\u706b", "\u7121\u5f62", "\u72ac\u985e", "\u7ffb\u8b6f", "\u8a8d\u77e5\u5371\u5bb3"]}, {"created_at": "1586786340", "created_by_id": "5604919", "name": "scp-4474", "rating_vote": "5", "rating": "5", "tags": ["en", "euclid", "scp", "\u53cd\u71b5", "\u5bb6\u96fb\u7528\u54c1", "\u611f\u77e5\u529b", "\u6575\u610f", "\u667a\u80fd", "\u7cbe\u795e\u5f71\u97ff", "\u7ffb\u8b6f"]}, {"created_at": "1586789522", "created_by_id": "5684299", "name": "my-grandpa", "rating_vote": "10", "rating": "10", "tags": ["creepypasta", "\u539f\u5275", "\u5c55\u51fa", "\u6545\u4e8b", "\u7570\u8996\u7dad\u57fa"]}, {"created_at": "1586795503", "created_by_id": "3979351", "name": "scp-585", "rating_vote": "3", "rating": "3", "tags": ["en", "safe", "scp", "\u5de5\u5177", "\u5de5\u5ee0", "\u7ffb\u8b6f"]}, {"created_at": "1586795955", "created_by_id": "4055881", "name": "ballad-for-a-faraway-disaster", "rating_vote": "4", "rating": "4", "tags": ["en", "\u6545\u4e8b", "\u7ffb\u8b6f", "\u8a69\u6b4c"]}, {"created_at": "1586846670", "created_by_id": "5255954", "name": "scp-zh-101", "rating_vote": "16", "rating": "16", "tags": ["keter", "scp", "site-zh-81", "\u539f\u5275", "\u672c\u8cea\u4fc3\u52d5", "\u690d\u7269"]}, {"created_at": "1586849844", "created_by_id": "5334590", "name": "scp-024", "rating_vote": "3", "rating": "3", "tags": ["en", "euclid", "scp", "\u53cd\u71b5", "\u5a92\u9ad4", "\u7d50\u69cb\u7269", "\u7ffb\u8b6f", "\u8a18\u9304", "\u904a\u6232"]}, {"created_at": "1586863082", "created_by_id": "5334590", "name": "scp-025", "rating_vote": "3", "rating": "3", "tags": ["en", "safe", "scp", "\u5bb6\u5177", "\u7ffb\u8b6f", "\u8863\u7269", "\u9810\u6e2c\u6027"]}, {"created_at": "1586872705", "created_by_id": "5334590", "name": "scp-026", "rating_vote": "2", "rating": "2", "tags": ["en", "euclid", "scp", "\u4eba\u5f62", "\u5efa\u7bc9\u7269", "\u7761\u7720", "\u7cbe\u795e\u5f71\u97ff", "\u7ffb\u8b6f"]}, {"created_at": "1586879977", "created_by_id": "5604919", "name": "scp-4756", "rating_vote": "3", "rating": "3", "tags": ["en", "safe", "scp", "\u4eba\u5f62", "\u5100\u5f0f\u6027", "\u578b\u614b\u8b8a\u5316", "\u5bb9\u5668", "\u610f\u8b58", "\u6575\u610f", "\u6b32\u8089\u6559", "\u7ffb\u8b6f"]}, {"created_at": "1586912011", "created_by_id": "5334590", "name": "scp-027", "rating_vote": "1", "rating": "1", "tags": ["en", "euclid", "scp", "\u4eba\u5f62", "\u50b3\u67d3\u6027", "\u52d5\u7269", "\u5f37\u8feb\u6027", "\u6606\u87f2", "\u6d3b\u7269", "\u7ffb\u8b6f", "\u9f20\u985e"]}, {"created_at": "1586915487", "created_by_id": "5325850", "name": "i-should-been-killed", "rating_vote": "7", "rating": "7", "tags": ["\u539f\u5275", "\u6545\u4e8b", "\u85dd\u8853\u4f5c\u54c1"]}, {"created_at": "1586967699", "created_by_id": "5604919", "name": "scp-4026", "rating_vote": "8", "rating": "8", "tags": ["en", "scp", "\u4eba\u5f62", "\u611f\u77e5\u529b", "\u7121\u6548\u5316", "\u7ffb\u8b6f", "\u807d\u89ba\u5f71\u97ff", "\u8a18\u61b6\u5f71\u97ff", "\u8a8d\u77e5\u5371\u5bb3"]}, {"created_at": "1586968509", "created_by_id": "5653267", "name": "scp-zh-857", "rating_vote": "14", "rating": "12", "tags": ["dado", "euclid", "scp", "\u4eba\u9020\u7269\u54c1", "\u539f\u5275", "\u53cd\u71b5", "\u5473\u89ba\u5f71\u97ff", "\u5bb9\u5668", "\u6d3b\u7269", "\u98df\u7269"]}, {"created_at": "1587017723", "created_by_id": "5334590", "name": "scp-028", "rating_vote": "3", "rating": "3", "tags": ["en", "safe", "scp", "\u5730\u9ede", "\u77e5\u8b58", "\u7cbe\u795e\u5f71\u97ff", "\u7ffb\u8b6f"]}, {"created_at": "1587033045", "created_by_id": "5325850", "name": "abyssdream-pic-01", "rating_vote": "14", "rating": "14", "tags": ["ad\u535a\u58eb", "apoyn\u535a\u58eb", "\u539f\u5275", "\u85dd\u8853\u4f5c\u54c1"]}, {"created_at": "1587048066", "created_by_id": "5334590", "name": "scp-zh-200", "rating_vote": "34", "rating": "34", "tags": ["keter", "scp", "\u4e0d\u53ef\u6467\u6bc0", "\u4eba\u5f62", "\u50b3\u67d3\u6027", "\u539f\u5275", "\u5c55\u51fa", "\u7121\u5f62", "\u81ea\u6211\u8907\u88fd"]}, {"created_at": "1587048926", "created_by_id": "5604919", "name": "scp-2351", "rating_vote": "3", "rating": "3", "tags": ["awcy", "en", "en-\u77ed\u6587\u7af6\u8cfd2015", "safe", "scp", "\u6a21\u56e0\u6548\u61c9", "\u7ffb\u8b6f", "\u8996\u89ba\u6027", "\u9ce5\u985e"]}, {"created_at": "1587128589", "created_by_id": "4442284", "name": "scp-zh-247", "rating_vote": "10", "rating": "10", "tags": ["euclid", "scp", "\u4eba\u5f62", "\u5171\u611f", "\u52d5\u7269", "\u539f\u5275", "\u5433\u6615\u535a\u58eb", "\u5c11\u5fae-12", "\u62cb\u9234\u4eba", "\u77e5\u8b58", "\u7814\u7a76\u54e1k", "\u9006\u6a21\u56e0", "\u9ce5\u985e"]}]