[{"created_at": "1609424721", "created_by_id": "6788064", "name": "merry-xmas-onhg", "rating_vote": "13", "rating": "13", "tags": ["2020\u8056\u591c\u76f8\u5b88", "\u539f\u5275", "\u6d17\u8863\u90e8\u9580", "\u85dd\u8853\u4f5c\u54c1", "\u86db\u7db2\u570b\u969b"]}, {"created_at": "1609433182", "created_by_id": "5454699", "name": "scp-zh-085-svg-art", "rating_vote": "9", "rating": "9", "tags": ["2020\u8056\u591c\u76f8\u5b88", "\u539f\u5275", "\u85dd\u8853\u4f5c\u54c1"]}, {"created_at": "1609445252", "created_by_id": "4990678", "name": "riariaria", "rating_vote": "10", "rating": "10", "tags": ["2020\u8056\u591c\u76f8\u5b88", "\u539f\u5275", "\u85dd\u8853\u4f5c\u54c1"]}, {"created_at": "1609481181", "created_by_id": "5684299", "name": "taiwan-newspaper", "rating_vote": "17", "rating": "17", "tags": ["2020\u8056\u591c\u76f8\u5b88", "ijamea", "\u539f\u5275", "\u6276\u6851\u7d00", "\u6545\u4e8b", "\u683c\u9b6f\u70cf-p\u90e8\u9580", "\u6c99\u7687\u5148\u77e5\u5354\u6703", "\u795e\u7570\u535a\u89bd\u6703", "\u829d\u52a0\u54e5\u9b3c\u9748", "\u8d64\u93c8\u86c7\u4e4b\u624b", "\u96f6\u865f\u5c08\u968a"]}, {"created_at": "1609484040", "created_by_id": "5956873", "name": "in-the-maze-of-2020", "rating_vote": "9", "rating": "9", "tags": ["2020\u8056\u591c\u76f8\u5b88", "\u539f\u5275", "\u6545\u4e8b"]}, {"created_at": "1609484225", "created_by_id": "5251681", "name": "handcraft-doll", "rating_vote": "13", "rating": "13", "tags": ["2020\u8056\u591c\u76f8\u5b88", "x\u535a\u58eb", "\u539f\u5275", "\u85dd\u8853\u4f5c\u54c1"]}, {"created_at": "1609503544", "created_by_id": "6980791", "name": "lifelove", "rating_vote": "3", "rating": "3", "tags": ["\u539f\u5275", "\u6545\u4e8b"]}, {"created_at": "1609572062", "created_by_id": "4357011", "name": "ambrose-transylvania", "rating_vote": "10", "rating": "10", "tags": ["chaz-ambrose", "en", "goi\u683c\u5f0f", "\u5b89\u5e03\u7f85\u65af\u9910\u5ef3", "\u7ffb\u8b6f"]}, {"created_at": "1609653638", "created_by_id": "5415046", "name": "scp-2747", "rating_vote": "12", "rating": "12", "tags": ["en", "keter", "meta", "scp", "\u5a92\u9ad4", "\u6558\u8ff0\u6027", "\u672a\u6536\u5bb9", "\u7dda\u4e0a", "\u7ffb\u8b6f", "\u8cc7\u8a0a\u5371\u5bb3"]}, {"created_at": "1609850672", "created_by_id": "5415046", "name": "tohei-automata", "rating_vote": "10", "rating": "8", "tags": ["jp", "pamwac", "\u5927\u6b63150\u5e74", "\u6545\u4e8b", "\u6771\u5f0a\u91cd\u5de5", "\u7ffb\u8b6f", "\u85dd\u8853\u4f5c\u54c1"]}, {"created_at": "1609864757", "created_by_id": "5415046", "name": "scp-3063", "rating_vote": "5", "rating": "5", "tags": ["en", "en-3000", "keter", "scp", "\u53cd\u71b5", "\u5bc4\u751f\u6027", "\u5fc3\u9748\u611f\u61c9", "\u611f\u77e5\u529b", "\u6606\u87f2", "\u667a\u80fd", "\u7ffb\u8b6f"]}, {"created_at": "1609943146", "created_by_id": "5415046", "name": "scp-2061-jp", "rating_vote": "9", "rating": "9", "tags": ["euclid", "jp", "scp", "\u5927\u6b63150\u5e74", "\u6771\u5f0a\u91cd\u5de5", "\u7d50\u69cb\u7269", "\u7ffb\u8b6f", "\u8d85\u7dad\u5ea6", "\u9580\u5f91"]}, {"created_at": "1610076431", "created_by_id": "5255954", "name": "afterimage", "rating_vote": "14", "rating": "14", "tags": ["clef\u535a\u58eb", "kondraki\u535a\u58eb", "\u539f\u5275", "\u5c55\u51fa", "\u6545\u4e8b"]}, {"created_at": "1610104744", "created_by_id": "4990678", "name": "help-me", "rating_vote": "10", "rating": "10", "tags": ["jp", "\u6545\u4e8b", "\u7ffb\u8b6f", "\u85dd\u8853\u4f5c\u54c1"]}, {"created_at": "1610112441", "created_by_id": "4990678", "name": "bangja-art", "rating_vote": "6", "rating": "6", "tags": ["ko", "\u7ffb\u8b6f", "\u85dd\u8853\u4f5c\u54c1"]}, {"created_at": "1610171770", "created_by_id": "4357011", "name": "scp-137-ko", "rating_vote": "4", "rating": "4", "tags": ["ko", "ko-\u77ed\u6587\u7af6\u8cfd2018", "scp", "\u4e8c\u6b21\u7ffb\u8b6f", "\u5730\u4e0b", "\u7ffb\u8b6f", "\u8b8a\u5f62", "\u9727\u6d25"]}, {"created_at": "1610197606", "created_by_id": "6091157", "name": "site-zh-12-made-with-wood", "rating_vote": "17", "rating": "17", "tags": ["site-zh-12", "\u539f\u5275", "\u7814\u7a76\u54e1lucifelle", "\u85dd\u8853\u4f5c\u54c1"]}, {"created_at": "1610434097", "created_by_id": "5415046", "name": "scp-es-125", "rating_vote": "7", "rating": "7", "tags": ["es", "keter", "scp", "\u4e8c\u6b21\u7ffb\u8b6f", "\u683c\u9b6f\u70cf-p\u90e8\u9580", "\u6b66\u5668", "\u6b77\u53f2\u6027", "\u7ffb\u8b6f", "\u8ecd\u4e8b", "\u91d1\u5c6c", "\u97f3\u6a02\u6027"]}, {"created_at": "1610604846", "created_by_id": "4990678", "name": "give-it-shape", "rating_vote": "19", "rating": "19", "tags": ["creepypasta", "\u539f\u5275", "\u5c55\u51fa", "\u6545\u4e8b"]}, {"created_at": "1610622909", "created_by_id": "5334590", "name": "scp-5699", "rating_vote": "9", "rating": "9", "tags": ["en", "kindness", "scp", "\u4eba\u5f62", "\u50b3\u9001", "\u5171\u611f", "\u672a\u6536\u5bb9", "\u6a5f\u5bc6\u5206\u7d1a", "\u77e5\u8b58", "\u7ffb\u8b6f", "\u8a55\u8ad6\u54e1\u7126\u9ede", "\u9298\u6587"]}]