[{"created_at": "1657345179", "created_by_id": "8033564", "name": "scp-4514", "rating_vote": "5", "rating": "5", "tags": ["d-11424&nbsp;en", "safe", "scp", "\u502b\u7406\u59d4\u54e1\u6703", "\u6b66\u5668", "\u6b7b\u4ea1\u7d42\u4e86", "\u7ffb\u8b6f", "\u91d1\u5c6c"]}, {"created_at": "1657419760", "created_by_id": "6217438", "name": "scp-3333", "rating_vote": "14", "rating": "14", "tags": ["en", "en-3000", "keter", "scp", "\u5efa\u7bc9\u7269", "\u7ffb\u8b6f", "\u8d85\u7dad\u5ea6"]}, {"created_at": "1657457058", "created_by_id": "6217438", "name": "scp-6377", "rating_vote": "4", "rating": "4", "tags": ["en", "scp", "\u5100\u5f0f\u6027", "\u672a\u6536\u5bb9", "\u6a5f\u5bc6\u5206\u7d1a", "\u6c11\u4fd7\u90e8", "\u7121\u6548\u5316", "\u7761\u7720", "\u7ffb\u8b6f", "\u8a8d\u77e5\u5371\u5bb3", "\u8d85\u73fe\u5be6\u90e8"]}, {"created_at": "1657511305", "created_by_id": "6217438", "name": "scp-6342", "rating_vote": "2", "rating": "2", "tags": ["en", "euclid", "scp", "\u4eba\u5f62", "\u611f\u77e5\u529b", "\u667a\u80fd", "\u6d3b\u7269", "\u7ffb\u8b6f"]}, {"created_at": "1657527185", "created_by_id": "6217438", "name": "life-insurance-policy", "rating_vote": "6", "rating": "6", "tags": ["en", "en-\u90e8\u9580\u7af6\u8cfd2022", "\u6545\u4e8b", "\u7ffb\u8b6f"]}, {"created_at": "1657587036", "created_by_id": "6217438", "name": "disgusting", "rating_vote": "6", "rating": "6", "tags": ["en", "\u4e0d\u6ec5\u5b7d\u8725", "\u6545\u4e8b", "\u7ffb\u8b6f"]}, {"created_at": "1657624805", "created_by_id": "3981670", "name": "scp-425", "rating_vote": "4", "rating": "4", "tags": ["en", "euclid", "scp", "\u5730\u5716", "\u5bb6\u96fb\u7528\u54c1", "\u7cbe\u795e\u5f71\u97ff", "\u7ffb\u8b6f", "\u8996\u89ba\u6027", "\u8a8d\u77e5\u5371\u5bb3", "\u901a\u8a0a", "\u96fb\u5b50"]}, {"created_at": "1657683548", "created_by_id": "6217438", "name": "scp-6643", "rating_vote": "5", "rating": "5", "tags": ["en", "scp", "\u4fdd\u885b43", "\u611f\u77e5\u529b", "\u672a\u6536\u5bb9", "\u6a5f\u5bc6\u5206\u7d1a", "\u7121\u5b9a\u5f62", "\u7121\u5f62", "\u7ffb\u8b6f"]}, {"created_at": "1657700987", "created_by_id": "6981058", "name": "scp-6612", "rating_vote": "4", "rating": "4", "tags": ["en", "scp", "\u52d5\u7269", "\u611f\u77e5\u529b", "\u667a\u80fd", "\u6d3b\u7269", "\u7121\u6548\u5316", "\u7ffb\u8b6f", "\u99ac\u985e"]}, {"created_at": "1657709845", "created_by_id": "6217438", "name": "acroamatic-abatement", "rating_vote": "7", "rating": "7", "tags": ["en", "\u4fdd\u885b43", "\u6545\u4e8b", "\u7ffb\u8b6f"]}, {"created_at": "1657790323", "created_by_id": "4990678", "name": "summer-contest-2022", "rating_vote": "9", "rating": "9", "tags": ["2022\u590f\u5b63\u7af6\u8cfd", "\u4e2d\u5fc3", "\u539f\u5275", "\u7af6\u8cfd"]}, {"created_at": "1657792528", "created_by_id": "7073060", "name": "scp-7k-j", "rating_vote": "22", "rating": "2", "tags": ["en", "euclid", "meta", "scp", "\u5408\u8457", "\u641e\u7b11", "\u6578\u5b78\u6027", "\u6587\u737b", "\u7ffb\u8b6f"]}, {"created_at": "1657804056", "created_by_id": "6503482", "name": "scp7000contesthub", "rating_vote": "4", "rating": "4", "tags": ["en", "en-7000", "\u4e2d\u5fc3", "\u7af6\u8cfd", "\u7ffb\u8b6f"]}, {"created_at": "1657805186", "created_by_id": "5334590", "name": "scp-zh-895", "rating_vote": "10", "rating": "8", "tags": ["awcy", "euclid", "scp", "\u539f\u5275", "\u9ce5\u985e"]}, {"created_at": "1657846691", "created_by_id": "3981670", "name": "scp-440", "rating_vote": "3", "rating": "3", "tags": ["en", "euclid", "scp", "\u53cd\u7269\u7406\u5b9a\u5f8b", "\u7ffb\u8b6f"]}, {"created_at": "1657868539", "created_by_id": "6503482", "name": "scp-333", "rating_vote": "2", "rating": "2", "tags": ["en", "euclid", "scp", "\u578b\u614b\u8b8a\u5316", "\u57ce\u5e02", "\u6575\u610f", "\u7ffb\u8b6f", "\u9580\u5f91", "\u97f3\u6a02\u6027"]}, {"created_at": "1658041192", "created_by_id": "6503482", "name": "scp-396", "rating_vote": "3", "rating": "3", "tags": ["en", "keter", "rewritable", "scp", "\u50b3\u9001", "\u5bb6\u5177", "\u672a\u6536\u5bb9", "\u7ffb\u8b6f", "\u91cd\u5beb"]}, {"created_at": "1658145061", "created_by_id": "6217438", "name": "the-bathrooms-wiki", "rating_vote": "6", "rating": "6", "tags": ["en", "\u5408\u8457", "\u5c55\u51fa", "\u6545\u4e8b", "\u7570\u8996\u7dad\u57fa", "\u7ffb\u8b6f"]}, {"created_at": "1658193891", "created_by_id": "6217438", "name": "scp-570", "rating_vote": "8", "rating": "8", "tags": ["archon", "en", "scp", "\u5100\u5f0f\u6027", "\u5168\u7403\u8d85\u81ea\u7136\u806f\u76df", "\u516c\u53f8", "\u672c\u8cea\u4fc3\u52d5", "\u6982\u5ff5", "\u6b77\u53f2\u6027", "\u6b86\u74e6", "\u7329\u7d05\u4e4b\u738b", "\u7ffb\u8b6f"]}, {"created_at": "1658198250", "created_by_id": "6217438", "name": "scp-377", "rating_vote": "3", "rating": "3", "tags": ["en", "safe", "scp", "\u6a5f\u7387\u6027", "\u7ffb\u8b6f", "\u81ea\u6211\u4fee\u5fa9", "\u9810\u6e2c\u6027", "\u98df\u7269"]}]