[{"created_at": "1636638021", "created_by_id": "6503482", "name": "scp-6008", "rating_vote": "4", "rating": "4", "tags": ["dc-al-fine", "en", "en-6000", "scp", "thaumiel", "\u5168\u7403\u8d85\u81ea\u7136\u806f\u76df", "\u5408\u8457", "\u57fa\u91d1\u6703\u88fd\u9020", "\u5bb9\u5668", "\u611f\u77e5\u529b", "\u661f\u969b", "\u667a\u80fd", "\u7ffb\u8b6f", "\u8a18\u9304", "\u8f09\u5177", "\u96fb\u5b50", "\u96fb\u8166"]}, {"created_at": "1636716492", "created_by_id": "4990678", "name": "scp-2295-teddybear", "rating_vote": "4", "rating": "4", "tags": ["jp", "\u7ffb\u8b6f", "\u85dd\u8853\u4f5c\u54c1"]}, {"created_at": "1636716989", "created_by_id": "4990678", "name": "cherubim-and-sword", "rating_vote": "2", "rating": "2", "tags": ["jp", "\u7ffb\u8b6f", "\u85dd\u8853\u4f5c\u54c1"]}, {"created_at": "1636717484", "created_by_id": "4990678", "name": "flowering-scp-logo", "rating_vote": "3", "rating": "3", "tags": ["jp", "\u7ffb\u8b6f", "\u85dd\u8853\u4f5c\u54c1"]}, {"created_at": "1636718619", "created_by_id": "6369875", "name": "scp-tr-063", "rating_vote": "1", "rating": "1", "tags": ["euclid", "scp", "tr", "\u7ffb\u8b6f"]}, {"created_at": "1636718948", "created_by_id": "6369875", "name": "scp-043-el", "rating_vote": "2", "rating": "2", "tags": ["el", "euclid", "scp", "\u7ffb\u8b6f"]}, {"created_at": "1636813717", "created_by_id": "7469850", "name": "shopping", "rating_vote": "5", "rating": "5", "tags": ["bales\u535a\u58eb", "site-zh-16", "\u539f\u5275", "\u5730\u4e0b\u8857", "\u6545\u4e8b", "\u6d17\u8863\u90e8\u9580", "\u7814\u7a76\u54e1l.what"]}, {"created_at": "1636883706", "created_by_id": "7513990", "name": "scp-zh-226", "rating_vote": "14", "rating": "14", "tags": ["euclid", "scp", "\u4eba\u5f62", "\u539f\u5275", "\u71b1\u91cf\u5f71\u97ff"]}, {"created_at": "1636962344", "created_by_id": "4239775", "name": "red-cloud-strike", "rating_vote": "7", "rating": "7", "tags": ["\u539f\u5275", "\u6545\u4e8b", "\u7b2c\u516b\u8655", "\u96d9\u57ce\u4f5c\u6230"]}, {"created_at": "1636986335", "created_by_id": "4990678", "name": "610-infected", "rating_vote": "3", "rating": "3", "tags": ["jp", "\u7ffb\u8b6f", "\u85dd\u8853\u4f5c\u54c1"]}, {"created_at": "1636987045", "created_by_id": "4990678", "name": "the-world-quietness", "rating_vote": "1", "rating": "1", "tags": ["jp", "\u7ffb\u8b6f", "\u85dd\u8853\u4f5c\u54c1"]}, {"created_at": "1636991426", "created_by_id": "4990678", "name": "light-of-daybreak", "rating_vote": "1", "rating": "1", "tags": ["jp", "\u6975\u591c\u71c8", "\u7ffb\u8b6f", "\u85dd\u8853\u4f5c\u54c1"]}, {"created_at": "1637073367", "created_by_id": "7605593", "name": "scp-3380", "rating_vote": "4", "rating": "4", "tags": ["en", "keter", "scp", "\u5408\u8457", "\u5b97\u6559", "\u6027", "\u6210\u4eba\u5167\u5bb9", "\u6578\u5b78\u6027", "\u7cbe\u795e\u5f71\u97ff", "\u7ffb\u8b6f", "\u85cd\u5bf6\u77f3", "\u91cd\u65b0\u5c0e\u5411"]}, {"created_at": "1637073634", "created_by_id": "7605593", "name": "scp-207-jp", "rating_vote": "3", "rating": "3", "tags": ["jp", "safe", "scp", "\u5bb6\u5177", "\u6587\u737b", "\u6728\u8cea", "\u77e5\u8b58", "\u7ffb\u8b6f", "\u8a9e\u8a00"]}, {"created_at": "1637073638", "created_by_id": "7605593", "name": "youkazu-01", "rating_vote": "3", "rating": "3", "tags": ["jp", "jp-1200\u5b5719a", "\u6545\u4e8b", "\u7ffb\u8b6f"]}, {"created_at": "1637073644", "created_by_id": "7605593", "name": "207", "rating_vote": "2", "rating": "2", "tags": ["jp", "\u5408\u4f5c", "\u5be6\u9a57", "\u7ffb\u8b6f", "\u9644\u52a0\u8cc7\u6599"]}, {"created_at": "1637164365", "created_by_id": "5415046", "name": "scp-610-l1", "rating_vote": "5", "rating": "5", "tags": ["en", "\u63a2\u7d22", "\u7ffb\u8b6f", "\u9644\u52a0\u8cc7\u6599"]}, {"created_at": "1637330319", "created_by_id": "5435485", "name": "scp-100-vn-j", "rating_vote": "5", "rating": "5", "tags": ["scp", "vn", "vn-100\u7af6\u8cfd", "\u641e\u7b11", "\u6a5f\u5bc6\u5206\u7d1a", "\u7ffb\u8b6f"]}, {"created_at": "1637368543", "created_by_id": "6369875", "name": "scp-069-vn", "rating_vote": "5", "rating": "5", "tags": ["scp", "vn", "vn-100\u7af6\u8cfd", "\u4eba\u5f62", "\u5408\u4f5c", "\u611f\u77e5\u529b", "\u667a\u80fd", "\u7121\u6548\u5316", "\u7ffb\u8b6f"]}, {"created_at": "1637375037", "created_by_id": "7073060", "name": "scp-wiki-discussion-page-simulator", "rating_vote": "12", "rating": "-4", "tags": ["en", "\u5408\u8457", "\u641e\u7b11", "\u6545\u4e8b", "\u7ffb\u8b6f"]}]