[{"created_at": "1645465304", "created_by_id": "4990678", "name": "scp-173-redesign-collab-hub-subpage-4", "rating_vote": "0", "rating": "0", "tags": ["en", "\u5408\u8457", "\u5851\u50cf173", "\u7ffb\u8b6f", "\u85dd\u8853\u4f5c\u54c1"]}, {"created_at": "1645465490", "created_by_id": "4990678", "name": "scp-173-redesign-collab-hub-subpage-5", "rating_vote": "0", "rating": "0", "tags": ["en", "\u5408\u8457", "\u5851\u50cf173", "\u7ffb\u8b6f", "\u85dd\u8853\u4f5c\u54c1"]}, {"created_at": "1645465670", "created_by_id": "4990678", "name": "scp-173-redesign-collab-hub-subpage-6", "rating_vote": "0", "rating": "0", "tags": ["en", "\u5408\u8457", "\u5851\u50cf173", "\u7ffb\u8b6f", "\u85dd\u8853\u4f5c\u54c1"]}, {"created_at": "1645465864", "created_by_id": "4990678", "name": "scp-173-redesign-collab-hub-subpage-7", "rating_vote": "0", "rating": "0", "tags": ["en", "\u5408\u8457", "\u5851\u50cf173", "\u7ffb\u8b6f", "\u85dd\u8853\u4f5c\u54c1"]}, {"created_at": "1645487717", "created_by_id": "6348157", "name": "scp-4680", "rating_vote": "8", "rating": "8", "tags": ["en", "euclid", "scp", "\u4eba\u5f62", "\u502b\u7406\u59d4\u54e1\u6703", "\u6575\u610f", "\u6b77\u53f2\u6027", "\u7ffb\u8b6f", "\u81ea\u6211\u4fee\u5fa9"]}, {"created_at": "1645524738", "created_by_id": "6952002", "name": "immolari-of-the-apocalypse", "rating_vote": "7", "rating": "7", "tags": ["\u539f\u5275", "\u85dd\u8853\u4f5c\u54c1", "\u8f49\u4e16\u8a08\u5283"]}, {"created_at": "1645536329", "created_by_id": "5415046", "name": "scp-358", "rating_vote": "3", "rating": "3", "tags": ["en", "euclid", "scp", "\u5efa\u7bc9\u7269", "\u71b1\u91cf\u5f71\u97ff", "\u7cbe\u795e\u5f71\u97ff", "\u7ffb\u8b6f"]}, {"created_at": "1645571919", "created_by_id": "5415046", "name": "scp-826", "rating_vote": "3", "rating": "3", "tags": ["en", "safe", "scp", "\u4eba\u9020\u7269\u54c1", "\u6558\u8ff0\u6027", "\u6587\u737b", "\u6642\u7a7a", "\u7ffb\u8b6f", "\u91d1\u5c6c"]}, {"created_at": "1645672919", "created_by_id": "6348157", "name": "scp-538", "rating_vote": "3", "rating": "3", "tags": ["en", "euclid", "scp", "\u5149\u7167\u5f71\u97ff", "\u53cd\u71b5", "\u7121\u5f62", "\u7269\u7a2e", "\u7cbe\u795e\u5f71\u97ff", "\u7ffb\u8b6f", "\u8718\u86db", "\u9670\u5f71"]}, {"created_at": "1645708716", "created_by_id": "6217438", "name": "a-bitch", "rating_vote": "5", "rating": "5", "tags": ["en", "\u4fdd\u885b43", "\u6545\u4e8b", "\u7ffb\u8b6f"]}, {"created_at": "1645780864", "created_by_id": "5415046", "name": "scp-219", "rating_vote": "3", "rating": "3", "tags": ["en", "safe", "scp", "\u5730\u8cea", "\u6a5f\u68b0", "\u7ffb\u8b6f", "\u96fb\u529b", "\u9707\u52d5"]}, {"created_at": "1645794005", "created_by_id": "5435485", "name": "jamcon-zh-2022", "rating_vote": "9", "rating": "9", "tags": ["zh\u6025\u8feb\u7af6\u8cfd2022", "\u4e2d\u5fc3", "\u539f\u5275", "\u7af6\u8cfd"]}, {"created_at": "1645804482", "created_by_id": "5415046", "name": "scp-221", "rating_vote": "4", "rating": "2", "tags": ["en", "safe", "scp", "\u5de5\u5177", "\u5f37\u8feb\u6027", "\u7ffb\u8b6f", "\u91d1\u5c6c"]}, {"created_at": "1645832644", "created_by_id": "5415046", "name": "scp-228", "rating_vote": "4", "rating": "2", "tags": ["en", "safe", "scp", "\u5fc3\u9748\u611f\u61c9", "\u651d\u50cf", "\u7ffb\u8b6f", "\u8996\u89ba\u6027", "\u89c0\u5bdf\u5f71\u97ff"]}, {"created_at": "1645847366", "created_by_id": "5435485", "name": "scp-250", "rating_vote": "3", "rating": "1", "tags": ["en", "euclid", "scp", "\u5fa9\u6d3b", "\u6050\u9f8d", "\u611f\u77e5\u529b", "\u63a0\u98df\u6027", "\u7ffb\u8b6f", "\u81ea\u4e3b", "\u91cd\u5beb", "\u9aa8\u9abc"]}, {"created_at": "1645854107", "created_by_id": "5334590", "name": "scp-057", "rating_vote": "4", "rating": "4", "tags": ["en", "safe", "scp", "\u5408\u8457", "\u5730\u4e0b", "\u77f3\u982d", "\u7d50\u69cb\u7269", "\u7ffb\u8b6f", "\u81ea\u4e3b"]}, {"created_at": "1645860411", "created_by_id": "6503482", "name": "scp-303", "rating_vote": "5", "rating": "3", "tags": ["en", "euclid", "scp", "\u4eba\u5f62", "\u50b3\u9001", "\u611f\u77e5\u529b", "\u7cbe\u795e\u5f71\u97ff", "\u7ffb\u8b6f", "\u89c0\u5bdf\u5f71\u97ff"]}, {"created_at": "1645865794", "created_by_id": "5435485", "name": "scp-074", "rating_vote": "6", "rating": "4", "tags": ["en", "euclid", "meta", "scp", "\u50b3\u9001", "\u53cd\u7269\u7406\u5b9a\u5f8b", "\u5bc4\u751f\u6027", "\u653e\u5c04\u6027", "\u6d3b\u7269", "\u7bc0\u80a2\u52d5\u7269", "\u7ffb\u8b6f", "\u8cc7\u8a0a\u5371\u5bb3"]}, {"created_at": "1645876468", "created_by_id": "6217438", "name": "secure-facility-dossier-site-418", "rating_vote": "6", "rating": "6", "tags": ["en", "en-\u90e8\u9580\u7af6\u8cfd2022", "\u4e2d\u5fc3", "\u7ad9\u9ede", "\u7ffb\u8b6f"]}, {"created_at": "1645944768", "created_by_id": "5415046", "name": "scp-233", "rating_vote": "6", "rating": "6", "tags": ["en", "keter", "scp", "\u591a\u9762\u9ad4", "\u6578\u5b78\u6027", "\u7ffb\u8b6f"]}]