[{"created_at": "1557681386", "created_by_id": "3979351", "name": "site-zh-25", "rating_vote": "17", "rating": "17", "tags": ["site-zh-25", "\u4e2d\u5fc3", "\u539f\u5275", "\u6728\u6613", "\u7ad9\u9ede"]}, {"created_at": "1557745610", "created_by_id": "4357011", "name": "raisa-6147", "rating_vote": "5", "rating": "5", "tags": ["en", "hmfscp", "\u6545\u4e8b", "\u672a\u660e\u8ecd\u5718", "\u6e3e\u6c8c\u53cd\u53db\u8ecd", "\u7ffb\u8b6f"]}, {"created_at": "1557750557", "created_by_id": "4357011", "name": "nobody-s-business", "rating_vote": "3", "rating": "3", "tags": ["en", "goi\u683c\u5f0f", "mc&amp;d", "nobody", "wondertainment\u535a\u58eb", "\u5168\u7403\u8d85\u81ea\u7136\u806f\u76df", "\u6e3e\u6c8c\u53cd\u53db\u8ecd", "\u7ffb\u8b6f"]}, {"created_at": "1557750863", "created_by_id": "4357011", "name": "close-encounter-with-nobody", "rating_vote": "4", "rating": "4", "tags": ["en", "goi\u683c\u5f0f", "nobody", "uiu", "\u7834\u788e\u4e4b\u795e\u6559\u6703", "\u7ffb\u8b6f"]}, {"created_at": "1557751866", "created_by_id": "3997192", "name": "scp-zh-087-j", "rating_vote": "14", "rating": "12", "tags": ["scp", "site-zh-02", "\u539f\u5275", "\u5df2\u89e3\u660e", "\u5f35\u9053\u58eb", "\u641e\u7b11"]}, {"created_at": "1557758125", "created_by_id": "4055881", "name": "chapter-1-verse-1", "rating_vote": "7", "rating": "7", "tags": ["en", "\u6545\u4e8b", "\u6b7b\u6ec5\u5f1f\u5144", "\u7ffb\u8b6f"]}, {"created_at": "1557833934", "created_by_id": "4357011", "name": "fifthbobpentapants", "rating_vote": "9", "rating": "9", "tags": ["en", "\u6545\u4e8b", "\u7b2c\u4e94\u6559\u6703", "\u7ffb\u8b6f", "\u8de8\u754c\u8a08\u756b"]}, {"created_at": "1557841227", "created_by_id": "4055881", "name": "the-moons-stellar-companion", "rating_vote": "6", "rating": "6", "tags": ["en", "int-goi2019", "\u6545\u4e8b", "\u7ffb\u8b6f", "\u9280\u6cb3\u806f\u90a6"]}, {"created_at": "1557886042", "created_by_id": "5039979", "name": "ruins-of-your-memories-1", "rating_vote": "10", "rating": "10", "tags": ["site-zh-02", "\u539f\u5275", "\u6545\u4e8b"]}, {"created_at": "1557922370", "created_by_id": "4055881", "name": "to-swear-an-oath", "rating_vote": "5", "rating": "5", "tags": ["en", "\u6545\u4e8b", "\u7ffb\u8b6f", "\u8a69\u6b4c"]}, {"created_at": "1557924173", "created_by_id": "4357011", "name": "snitchdungeons", "rating_vote": "3", "rating": "3", "tags": ["en", "goi\u683c\u5f0f", "\u7ffb\u8b6f", "\u829d\u52a0\u54e5\u9b3c\u9748"]}, {"created_at": "1557924776", "created_by_id": "4357011", "name": "scp-3465", "rating_vote": "4", "rating": "4", "tags": ["en", "mc&amp;d", "scp", "thaumiel", "\u52d5\u7269", "\u57fa\u56e0", "\u5a01\u723e\u905c\u751f\u7269\u61c9\u5c0d\u7d44", "\u6c34\u68f2", "\u6d3b\u7269", "\u722c\u87f2\u985e\u52d5\u7269", "\u751f\u6b96\u6027", "\u7ffb\u8b6f", "\u96dc\u98df\u6027"]}, {"created_at": "1557986987", "created_by_id": "4055881", "name": "secure", "rating_vote": "2", "rating": "2", "tags": ["en", "\u6545\u4e8b", "\u7ffb\u8b6f", "\u8a69\u6b4c"]}, {"created_at": "1557993953", "created_by_id": "4055881", "name": "contain", "rating_vote": "2", "rating": "2", "tags": ["en", "\u6545\u4e8b", "\u7ffb\u8b6f", "\u8a69\u6b4c"]}, {"created_at": "1557994979", "created_by_id": "4055881", "name": "protect2", "rating_vote": "2", "rating": "2", "tags": ["en", "\u6545\u4e8b", "\u7ffb\u8b6f", "\u8a69\u6b4c"]}, {"created_at": "1558014419", "created_by_id": "4239775", "name": "scp-zh-888", "rating_vote": "21", "rating": "21", "tags": ["keter", "scp", "site-zh-02", "site-zh-25", "\u5168\u7403\u8d85\u81ea\u7136\u806f\u76df", "\u539f\u5275", "\u672a\u6536\u5bb9", "\u6c23\u8c61", "\u7b2c\u516b\u8655", "\u82f1\u570b\u795e\u79d8\u60c5\u5831\u5c40", "\u96d9\u57ce\u4f5c\u6230", "\u96f6\u865f\u5c08\u968a"]}, {"created_at": "1558061869", "created_by_id": "4990678", "name": "niveaux-de-menace-des-objets-scp", "rating_vote": "6", "rating": "6", "tags": ["fr", "\u6307\u5c0e", "\u7ffb\u8b6f"]}, {"created_at": "1558104039", "created_by_id": "4055881", "name": "theology-of-a-snake", "rating_vote": "3", "rating": "3", "tags": ["alagadda", "en", "\u53d7\u7d5e\u4e4b\u738b", "\u590f\u7570\u5e38", "\u7ffb\u8b6f"]}, {"created_at": "1558145712", "created_by_id": "4255421", "name": "css-theme-preparation-tool", "rating_vote": "4", "rating": "4", "tags": ["en", "\u5fc3\u5f97", "\u7ffb\u8b6f"]}, {"created_at": "1558166643", "created_by_id": "4357011", "name": "paris-massacre", "rating_vote": "3", "rating": "3", "tags": ["en", "en-goi2014", "goi\u683c\u5f0f", "\u7ffb\u8b6f", "\u9ed1\u7687\u540e"]}]