[{"created_at": "1615999956", "created_by_id": "3981670", "name": "scp-2256", "rating_vote": "5", "rating": "5", "tags": ["en", "euclid", "meta", "scp", "\u52d5\u7269", "\u6a21\u56e0\u6548\u61c9", "\u6c34\u68f2", "\u7269\u7a2e", "\u7ffb\u8b6f", "\u8a18\u61b6\u5f71\u97ff", "\u9006\u6a21\u56e0"]}, {"created_at": "1616026391", "created_by_id": "6217438", "name": "scp-3002", "rating_vote": "12", "rating": "12", "tags": ["en", "en-3000", "keter", "k\u7d1a\u60c5\u666f", "meta", "scp", "\u57fa\u91d1\u6703\u88fd\u9020", "\u611f\u77e5\u529b", "\u667a\u80fd", "\u672a\u6536\u5bb9", "\u6982\u5ff5", "\u6a21\u56e0\u6548\u61c9", "\u7cbe\u795e\u5f71\u97ff", "\u7ffb\u8b6f", "\u8a18\u61b6\u5f71\u97ff", "\u8cc7\u8a0a\u5371\u5bb3", "\u9069\u61c9\u6027"]}, {"created_at": "1616077266", "created_by_id": "5334590", "name": "rat-s-nest-hub", "rating_vote": "8", "rating": "8", "tags": ["en", "\u4e2d\u5fc3", "\u5408\u4f5c", "\u7ffb\u8b6f", "\u9f20\u5de2"]}, {"created_at": "1616080561", "created_by_id": "4535955", "name": "scp-zh-322", "rating_vote": "12", "rating": "12", "tags": ["euclid", "scp", "\u50b3\u9001", "\u539f\u5275", "\u5bb9\u5668", "\u6c23\u8c61", "\u7cbe\u795e\u5f71\u97ff"]}, {"created_at": "1616166690", "created_by_id": "4990678", "name": "silverbullet", "rating_vote": "4", "rating": "4", "tags": ["jp", "\u7ffb\u8b6f", "\u85dd\u8853\u4f5c\u54c1"]}, {"created_at": "1616179909", "created_by_id": "5348516", "name": "scp-zh-207", "rating_vote": "11", "rating": "11", "tags": ["euclid", "safe", "scp", "\u4ea4\u63db", "\u4eba\u9020\u7269\u54c1", "\u539f\u5275", "\u6982\u5ff5", "\u6a5f\u7387\u6027", "\u80a2\u9ad4", "\u8ca8\u5e63", "\u96fb\u5b50"]}, {"created_at": "1616203163", "created_by_id": "5325850", "name": "scp-5190", "rating_vote": "10", "rating": "10", "tags": ["en", "keter", "scp", "\u4eba\u5f62", "\u611f\u77e5\u529b", "\u667a\u80fd", "\u6d3b\u7269", "\u7ffb\u8b6f", "\u8996\u89ba\u6027", "\u8a18\u61b6\u5f71\u97ff", "\u9006\u6a21\u56e0"]}, {"created_at": "1616234434", "created_by_id": "7226401", "name": "zoelin-scp", "rating_vote": "4", "rating": "4", "tags": ["\u539f\u5275", "\u85dd\u8853\u4f5c\u54c1"]}, {"created_at": "1616259618", "created_by_id": "5435485", "name": "scp-zh-835", "rating_vote": "22", "rating": "22", "tags": ["k\u7d1a\u60c5\u666f", "scp", "\u539f\u5275", "\u53f0\u7063\u539f\u4f4f\u6c11", "\u591c\u4e4b\u5b50", "\u62cb\u9234\u4eba", "\u672a\u6536\u5bb9", "\u6a5f\u5bc6\u5206\u7d1a", "\u6b32\u8089\u6559", "\u6b86\u74e6", "\u751f\u7269\u6027", "\u7b2c\u4e8c\u6d77\u6258\u4e16\u6559\u6703"]}, {"created_at": "1616294765", "created_by_id": "6503482", "name": "user-curated-lists", "rating_vote": "5", "rating": "5", "tags": ["en", "\u4e2d\u5fc3", "\u7ffb\u8b6f"]}, {"created_at": "1616305730", "created_by_id": "6348157", "name": "scp-3790", "rating_vote": "6", "rating": "6", "tags": ["en", "safe", "scp", "\u53cd\u5e38\u90e8", "\u5408\u8457", "\u5730\u4e0b", "\u57fa\u91d1\u6703\u88fd\u9020", "\u5bb9\u5668", "\u5efa\u7bc9\u7269", "\u7ffb\u8b6f"]}, {"created_at": "1616418688", "created_by_id": "5435485", "name": "scp-zh-022-j", "rating_vote": "36", "rating": "36", "tags": ["ad\u535a\u58eb", "apoyn\u535a\u58eb", "k\u7d1a\u60c5\u666f", "meta", "scp", "\u4e09\u57a3", "\u539f\u5275", "\u57fa\u91d1\u6703\u88fd\u9020", "\u641e\u7b11", "\u672a\u6536\u5bb9", "\u6982\u5ff5", "\u6a5f\u5bc6\u5206\u7d1a", "\u7814\u7a76\u54e1l.what"]}, {"created_at": "1616510995", "created_by_id": "5344757", "name": "scp-zh-022", "rating_vote": "8", "rating": "6", "tags": ["euclid", "scp", "site-zh-16", "\u539f\u5275", "\u5f37\u8feb\u6027", "\u77f3\u982d", "\u8cc7\u8a0a\u5371\u5bb3", "\u96d5\u50cf"]}, {"created_at": "1616514274", "created_by_id": "4357011", "name": "scp-5609", "rating_vote": "5", "rating": "5", "tags": ["en", "en-\u6025\u8feb\u7af6\u8cfd2021", "keter", "scp", "\u52d5\u7269", "\u6606\u87f2", "\u661f\u969b", "\u6708\u7403", "\u7403\u9ad4", "\u751f\u7269\u6027", "\u7ffb\u8b6f", "\u885b\u661f"]}, {"created_at": "1616566432", "created_by_id": "6381244", "name": "scp-045", "rating_vote": "3", "rating": "3", "tags": ["en", "safe", "scp", "\u5316\u5b78\u6027", "\u53cd\u71b5", "\u5730\u8cea", "\u591a\u9762\u9ad4", "\u6db2\u9ad4", "\u7ffb\u8b6f", "\u8d85\u7dad\u5ea6", "\u91cd\u5beb"]}, {"created_at": "1616653086", "created_by_id": "5435485", "name": "scp-3396", "rating_vote": "6", "rating": "6", "tags": ["en", "en-\u672b\u65e52018", "k\u7d1a\u60c5\u666f", "scp", "\u4e0d\u53ef\u6467\u6bc0", "\u4e0d\u53ef\u79fb\u52d5", "\u50b3\u67d3\u6027", "\u53cd\u71b5", "\u5bc4\u751f\u6027", "\u6709\u6a5f", "\u6a39\u6728", "\u6a5f\u5bc6\u5206\u7d1a", "\u6db2\u9ad4", "\u7121\u5f62", "\u751f\u7269\u5371\u5bb3", "\u795e\u5316", "\u7bc0\u80a2\u52d5\u7269", "\u7ffb\u8b6f", "\u8b8a\u5f62"]}, {"created_at": "1616775415", "created_by_id": "4990678", "name": "mu-contest-fan-art", "rating_vote": "3", "rating": "3", "tags": ["jp", "\u7ffb\u8b6f", "\u85dd\u8853\u4f5c\u54c1"]}, {"created_at": "1616779247", "created_by_id": "4990678", "name": "vice-contest-fan-art", "rating_vote": "3", "rating": "3", "tags": ["jp", "\u7ffb\u8b6f", "\u85dd\u8853\u4f5c\u54c1"]}, {"created_at": "1616810668", "created_by_id": "6348157", "name": "classification-committee-memo", "rating_vote": "10", "rating": "10", "tags": ["aktus\u4e3b\u4efb", "en", "\u5fc3\u5f97", "\u7ffb\u8b6f"]}, {"created_at": "1616832515", "created_by_id": "5435485", "name": "the-shape-of-a-gun", "rating_vote": "7", "rating": "7", "tags": ["en", "en-\u672b\u65e52018", "\u6545\u4e8b", "\u795e\u5316", "\u7ffb\u8b6f"]}]