[{"created_at": "1599297473", "created_by_id": "6503482", "name": "scp-795", "rating_vote": "4", "rating": "2", "tags": ["en", "euclid", "scp", "\u52d5\u7269", "\u5fc3\u9748\u611f\u61c9", "\u6d3b\u7269", "\u7cbe\u795e\u5f71\u97ff", "\u7ffb\u8b6f", "\u8b8a\u5f62", "\u8c93\u985e"]}, {"created_at": "1599392199", "created_by_id": "4357011", "name": "star-bound", "rating_vote": "7", "rating": "7", "tags": ["en", "\u6545\u4e8b", "\u7ffb\u8b6f"]}, {"created_at": "1599397263", "created_by_id": "3979351", "name": "scp-1199", "rating_vote": "2", "rating": "2", "tags": ["en", "safe", "scp", "\u5316\u5b78\u6027", "\u53cd\u71b5", "\u5bb9\u5668", "\u751f\u7269\u6027", "\u7ffb\u8b6f"]}, {"created_at": "1599398200", "created_by_id": "5334590", "name": "stormsite19", "rating_vote": "13", "rating": "13", "tags": ["accelerate-the-future", "en", "jude-kriyot", "uiu", "\u53cd\u5927\u9ebb\u73a9\u5bb6", "\u6545\u4e8b", "\u6bc0\u58de\u5047\u9762", "\u7570\u8996\u7dad\u57fa", "\u7ffb\u8b6f", "\u86c7\u4e4b\u624b", "\u9e7f\u5b78\u9662"]}, {"created_at": "1599416110", "created_by_id": "5334590", "name": "joseon", "rating_vote": "8", "rating": "8", "tags": ["en", "en-\u65b0\u5e74\u7af6\u8cfd2013", "\u6545\u4e8b", "\u6bc0\u58de\u5047\u9762", "\u7ffb\u8b6f"]}, {"created_at": "1599461562", "created_by_id": "5334590", "name": "ripped-from-the-headlines", "rating_vote": "7", "rating": "7", "tags": ["en", "en-\u65b0\u5e74\u7af6\u8cfd2013", "\u6545\u4e8b", "\u6bc0\u58de\u5047\u9762", "\u7ffb\u8b6f"]}, {"created_at": "1599546675", "created_by_id": "5013754", "name": "ambrose-taiwan-railway-hotel", "rating_vote": "17", "rating": "17", "tags": ["goi\u683c\u5f0f", "\u539f\u5275", "\u5b89\u5e03\u7f85\u65af\u9910\u5ef3", "\u5c55\u51fa"]}, {"created_at": "1599556622", "created_by_id": "3979351", "name": "scp-1476", "rating_vote": "3", "rating": "3", "tags": ["en", "euclid", "scp", "\u52d5\u7269", "\u6d3b\u7269", "\u7a7a\u4e2d", "\u7ffb\u8b6f", "\u81ea\u6211\u8907\u88fd", "\u9ce5\u985e"]}, {"created_at": "1599635300", "created_by_id": "5344757", "name": "backlit-maldives", "rating_vote": "8", "rating": "8", "tags": ["\u5168\u7403\u8d85\u81ea\u7136\u806f\u76df", "\u539f\u5275", "\u5929\u5df2\u5802", "\u6545\u4e8b", "\u6e3e\u6c8c\u53cd\u53db\u8ecd", "\u86db\u7db2\u570b\u969b"]}, {"created_at": "1599649395", "created_by_id": "5325850", "name": "scp-zh-111", "rating_vote": "36", "rating": "34", "tags": ["keter", "meta", "scp", "\u4eba\u5f62", "\u50b3\u67d3\u6027", "\u539f\u5275", "\u5433\u6615\u535a\u58eb", "\u578b\u614b\u8b8a\u5316", "\u5c55\u51fa", "\u64ec\u614b", "\u6575\u610f", "\u667a\u80fd", "\u7cbe\u795e\u5f71\u97ff", "\u81ea\u4e3b", "\u8cc7\u8a0a\u5371\u5bb3"]}, {"created_at": "1599654620", "created_by_id": "5653267", "name": "cobweb-international-hub", "rating_vote": "14", "rating": "14", "tags": ["\u4e2d\u5fc3", "\u539f\u5275", "\u86db\u7db2\u570b\u969b"]}, {"created_at": "1599809344", "created_by_id": "3979351", "name": "scp-1365", "rating_vote": "2", "rating": "2", "tags": ["en", "safe", "scp", "\u7ffb\u8b6f", "\u81ea\u6211\u4fee\u5fa9", "\u8f09\u5177"]}, {"created_at": "1599919115", "created_by_id": "5255954", "name": "navigation", "rating_vote": "21", "rating": "21", "tags": ["site-zh-81", "\u4e2d\u5fc3", "\u539f\u5275", "\u822a\u6d77\u5b78"]}, {"created_at": "1599920741", "created_by_id": "5956873", "name": "her-avatar", "rating_vote": "12", "rating": "12", "tags": ["\u539f\u5275", "\u6545\u4e8b", "\u6d17\u8863\u90e8\u9580"]}, {"created_at": "1599973626", "created_by_id": "3981670", "name": "immemorial", "rating_vote": "6", "rating": "6", "tags": ["en", "marion-wheeler", "\u6545\u4e8b", "\u7ffb\u8b6f"]}, {"created_at": "1599990314", "created_by_id": "4357011", "name": "przyczajone-leczenie-hub", "rating_vote": "7", "rating": "7", "tags": ["pl", "\u4e2d\u5fc3", "\u4e8c\u6b21\u7ffb\u8b6f", "\u5730\u4e0b\u7642\u6cd5", "\u7ffb\u8b6f"]}, {"created_at": "1599999452", "created_by_id": "5415046", "name": "wadatsumi-no-naku-koroni", "rating_vote": "16", "rating": "16", "tags": ["1998\u5e74", "site-zh-22", "site-zh-81", "\u5168\u7403\u8d85\u81ea\u7136\u806f\u76df", "\u539f\u5275", "\u6545\u4e8b"]}, {"created_at": "1600025262", "created_by_id": "5334590", "name": "scp-3000", "rating_vote": "18", "rating": "16", "tags": ["en", "en-3000", "scp", "thaumiel", "\u5171\u611f", "\u52d5\u7269", "\u5408\u8457", "\u5b97\u6559", "\u6c34\u68f2", "\u6d3b\u7269", "\u751f\u7269\u6027", "\u7ffb\u8b6f", "\u86c7\u985e", "\u8996\u89ba\u6027", "\u8a18\u61b6\u5f71\u97ff", "\u8a8d\u77e5\u5371\u5bb3"]}, {"created_at": "1600061254", "created_by_id": "5565302", "name": "sticker", "rating_vote": "12", "rating": "12", "tags": ["kondraki\u535a\u58eb", "\u539f\u5275", "\u85dd\u8853\u4f5c\u54c1"]}, {"created_at": "1600061461", "created_by_id": "5565302", "name": "sticker2", "rating_vote": "11", "rating": "11", "tags": ["bright\u535a\u58eb", "\u539f\u5275", "\u85dd\u8853\u4f5c\u54c1", "\u8a72\u96b1"]}]