[{"created_at": "1625060613", "created_by_id": "3981670", "name": "scp-1245", "rating_vote": "4", "rating": "4", "tags": ["en", "euclid", "scp", "\u611f\u77e5\u529b", "\u667a\u80fd", "\u6c34\u68f2", "\u7ffb\u8b6f", "\u81ea\u4e3b", "\u81ea\u6211\u4fee\u5fa9", "\u8f09\u5177", "\u9be8\u985e"]}, {"created_at": "1625061526", "created_by_id": "4990678", "name": "broken-god", "rating_vote": "3", "rating": "3", "tags": ["jp", "\u7834\u788e\u4e4b\u795e\u6559\u6703", "\u7ffb\u8b6f", "\u85dd\u8853\u4f5c\u54c1"]}, {"created_at": "1625063784", "created_by_id": "4990678", "name": "kakanntosu-001", "rating_vote": "2", "rating": "2", "tags": ["jp", "\u7ffb\u8b6f", "\u85dd\u8853\u4f5c\u54c1"]}, {"created_at": "1625105271", "created_by_id": "3981670", "name": "incident-log-1245-043", "rating_vote": "3", "rating": "3", "tags": ["en", "\u4e8b\u6545", "\u7ffb\u8b6f", "\u9644\u52a0\u8cc7\u6599"]}, {"created_at": "1625231500", "created_by_id": "4442284", "name": "dr-willow", "rating_vote": "7", "rating": "7", "tags": ["willow\u7279\u5de5", "\u539f\u5275", "\u6545\u4e8b"]}, {"created_at": "1625254604", "created_by_id": "5565302", "name": "scp-zh-032", "rating_vote": "26", "rating": "22", "tags": ["2020\u6500\u722c\u91d1\u5b57\u5854", "2021\u590f\u5b63\u7af6\u8cfd", "awcy", "ctrl-z\u535a\u58eb", "safe", "scp", "\u4eba\u9020\u7269\u54c1", "\u5171\u611f", "\u539f\u5275", "\u55c5\u89ba\u5f71\u97ff", "\u5e7b\u89ba", "\u5f37\u8feb\u6027", "\u611f\u77e5\u5f71\u97ff", "\u6c11\u7570\u7f72", "\u8a18\u61b6\u5f71\u97ff", "\u8a8d\u77e5\u5371\u5bb3"]}, {"created_at": "1625336850", "created_by_id": "7469850", "name": "flower-language-canna-indica", "rating_vote": "7", "rating": "7", "tags": ["2021\u590f\u5b63\u7af6\u8cfd", "bales\u535a\u58eb", "site-zh-16", "sugoi\u535a\u58eb", "\u539f\u5275", "\u5730\u4e0b\u8857", "\u6545\u4e8b", "\u6d17\u8863\u90e8\u9580", "\u7814\u7a76\u54e1l.what", "\u822a\u6d77\u5b78"]}, {"created_at": "1625366104", "created_by_id": "5415046", "name": "scp-zh-571", "rating_vote": "15", "rating": "13", "tags": ["2020\u6500\u722c\u91d1\u5b57\u5854", "2021\u590f\u5b63\u7af6\u8cfd", "reverberate\u535a\u58eb", "safe", "scp", "\u539f\u5275", "\u661f\u969b", "\u6c34\u9280", "\u8072\u97f3", "\u8a8d\u77e5\u5371\u5bb3", "\u9707\u52d5", "\u97f3\u6a02\u6027"]}, {"created_at": "1625371828", "created_by_id": "1370009", "name": "scp-4911", "rating_vote": "6", "rating": "6", "tags": ["en", "safe", "scp", "\u77f3\u982d", "\u7d50\u69cb\u7269", "\u7ffb\u8b6f", "\u89c0\u5bdf\u5f71\u97ff", "\u8a18\u61b6\u5f71\u97ff", "\u984c\u5beb"]}, {"created_at": "1625402935", "created_by_id": "4357011", "name": "scp-229-ko", "rating_vote": "5", "rating": "5", "tags": ["ko", "ko-\u77ed\u6587\u7af6\u8cfd2018", "safe", "scp", "\u4e8c\u6b21\u7ffb\u8b6f", "\u4eba\u9020\u7269\u54c1", "\u6642\u9593\u5f71\u97ff", "\u6db2\u9ad4", "\u7ffb\u8b6f", "\u8a18\u61b6\u5f71\u97ff", "\u9707\u52d5"]}, {"created_at": "1625458369", "created_by_id": "6369875", "name": "scp-1004-ru", "rating_vote": "3", "rating": "3", "tags": ["euclid", "ru", "scp", "\u661f\u969b", "\u6d3b\u7269", "\u7ffb\u8b6f"]}, {"created_at": "1625459004", "created_by_id": "6369875", "name": "scp-045-fr", "rating_vote": "4", "rating": "4", "tags": ["fr", "safe", "scp", "\u52d5\u7269", "\u6d3b\u7269", "\u6db2\u9ad4", "\u7121\u810a\u690e\u52d5\u7269", "\u751f\u7269\u6027", "\u7ffb\u8b6f"]}, {"created_at": "1625465419", "created_by_id": "6369875", "name": "scp-ar-001", "rating_vote": "8", "rating": "-8", "tags": ["ar", "scp", "thaumiel", "\u7ffb\u8b6f"]}, {"created_at": "1625478522", "created_by_id": "6348925", "name": "scp-zh-198", "rating_vote": "17", "rating": "5", "tags": ["scp", "\u539f\u5275", "\u6606\u87f2", "\u7121\u6548\u5316", "\u7cbe\u795e\u5f71\u97ff", "\u7fa4\u9ad4\u6027", "\u89c0\u5bdf\u5f71\u97ff"]}, {"created_at": "1625580159", "created_by_id": "4442284", "name": "bt-fly", "rating_vote": "13", "rating": "13", "tags": ["2021\u590f\u5b63\u7af6\u8cfd", "site-zh-44", "willow\u7279\u5de5", "\u539f\u5275", "\u62cb\u9234\u4eba", "\u6545\u4e8b", "\u8449\u51e1\u535a\u58eb"]}, {"created_at": "1625582122", "created_by_id": "5565302", "name": "scp-zh-034", "rating_vote": "24", "rating": "24", "tags": ["2021\u590f\u5b63\u7af6\u8cfd", "keter", "scp", "\u4eba\u5f62", "\u539f\u5275", "\u661f\u969b", "\u80a2\u9ad4"]}, {"created_at": "1625628581", "created_by_id": "5413616", "name": "mild-people", "rating_vote": "8", "rating": "6", "tags": ["2021\u590f\u5b63\u7af6\u8cfd", "ad\u535a\u58eb", "ctrl-z\u535a\u58eb", "kris\u535a\u58eb", "owen", "site-zh-12", "\u539f\u5275", "\u6545\u4e8b", "\u7814\u7a76\u54e1lucifelle"]}, {"created_at": "1625630817", "created_by_id": "7320283", "name": "patient0226", "rating_vote": "8", "rating": "8", "tags": ["2021\u590f\u5b63\u7af6\u8cfd", "\u5168\u7403\u8d85\u81ea\u7136\u806f\u76df", "\u539f\u5275", "\u6545\u4e8b"]}, {"created_at": "1625666716", "created_by_id": "6091157", "name": "scp-zh-037", "rating_vote": "20", "rating": "20", "tags": ["2021\u590f\u5b63\u7af6\u8cfd", "safe", "scp", "site-zh-13", "\u52d5\u7269", "\u539f\u5275", "\u6c34\u68f2"]}, {"created_at": "1625745147", "created_by_id": "6503482", "name": "scp-zh-112", "rating_vote": "19", "rating": "19", "tags": ["2020\u6500\u722c\u91d1\u5b57\u5854", "2021\u590f\u5b63\u7af6\u8cfd", "euclid", "scp", "\u5100\u5f0f\u6027", "\u539f\u5275", "\u672c\u8cea\u4fc3\u52d5", "\u6c11\u7570\u7f72", "\u97f3\u6a02\u6027"]}]