[{"created_at": "1591271248", "created_by_id": "5415046", "name": "scp-zh-603", "rating_vote": "34", "rating": "30", "tags": ["euclid", "scp", "site-zh-22", "\u4eba\u5f62", "\u539f\u5275", "\u578b\u614b\u8b8a\u5316", "\u5c55\u51fa", "\u706b", "\u81ea\u4e3b", "\u96d5\u50cf"]}, {"created_at": "1591276402", "created_by_id": "3979351", "name": "the-foreman", "rating_vote": "9", "rating": "9", "tags": ["site-zh-25", "\u539f\u5275", "\u5de5\u5ee0", "\u6545\u4e8b", "\u9e7f\u5b78\u9662"]}, {"created_at": "1591286616", "created_by_id": "5653267", "name": "scp-zh-175", "rating_vote": "12", "rating": "12", "tags": ["euclid", "meta", "scp", "\u539f\u5275", "\u5fc3\u9748\u611f\u61c9", "\u6027", "\u611f\u77e5\u529b", "\u7121\u5f62", "\u7cbe\u795e\u5f71\u97ff", "\u904a\u6232"]}, {"created_at": "1591342127", "created_by_id": "4128767", "name": "my-dream-amadai-001", "rating_vote": "5", "rating": "5", "tags": ["jp", "\u5922\u898b\u79d1\u6280", "\u6545\u4e8b", "\u7ffb\u8b6f"]}, {"created_at": "1591364013", "created_by_id": "4357011", "name": "old-family-recipe", "rating_vote": "6", "rating": "6", "tags": ["en", "en-\u6025\u8feb\u7af6\u8cfd2020", "goi\u683c\u5f0f", "\u7ffb\u8b6f", "\u829d\u52a0\u54e5\u9b3c\u9748"]}, {"created_at": "1591426622", "created_by_id": "5325850", "name": "scp-3041", "rating_vote": "10", "rating": "10", "tags": ["en", "safe", "scp", "\u5de5\u5177", "\u6b66\u5668", "\u7761\u7720", "\u7cbe\u795e\u5f71\u97ff", "\u7ffb\u8b6f", "\u89f8\u89ba\u5f71\u97ff", "\u8a8d\u77e5\u5371\u5bb3", "\u9006\u6a21\u56e0"]}, {"created_at": "1591432097", "created_by_id": "5206218", "name": "scp-zh-103-experiment-log", "rating_vote": "16", "rating": "16", "tags": ["\u539f\u5275", "\u5408\u4f5c", "\u5be6\u9a57", "\u9644\u52a0\u8cc7\u6599"]}, {"created_at": "1591432741", "created_by_id": "3699277", "name": "fusouki", "rating_vote": "6", "rating": "6", "tags": ["ijamea", "jp", "\u4e2d\u5fc3", "\u4e5d\u5341\u4e5d\u6a5f\u95dc", "\u4e94\u884c\u7d50\u793e", "\u5224\u5b98\u6703", "\u5408\u4f5c", "\u5f85\u66f4\u65b0", "\u6276\u6851\u7d00", "\u6545\u4e8b", "\u65e5\u5949\u4e00\u65cf", "\u6674\u660e\u9662", "\u7406\u5916\u7814", "\u7ffb\u8b6f", "\u8266\u653f\u672c\u90e8\u5c0d\u8d85\u5e38\u8ab2", "\u8266\u968a", "\u8490\u96c6\u9662", "\u8ca0\u865f\u90e8\u968a", "\u9060\u91ce\u5996\u602a\u4fdd\u8b77\u5340", "\u9670\u967d\u5bee"]}, {"created_at": "1591433920", "created_by_id": "3699277", "name": "toyoho-202004", "rating_vote": "5", "rating": "5", "tags": ["goi\u683c\u5f0f", "jp", "ttt\u793e", "\u516c\u5b89\u90e8\u7279\u4e8b\u8ab2", "\u5982\u6708\u5de5\u52d9\u5e97", "\u5ee3\u672b\u5b5d\u884c", "\u6200\u660f\u5d0e\u65b0\u805e\u793e", "\u65e5\u5949\u4e00\u65cf", "\u7ffb\u8b6f", "\u9060\u91ce\u5996\u602a\u4fdd\u8b77\u5340"]}, {"created_at": "1591450009", "created_by_id": "3981670", "name": "the-thing-you-can-see-is-not-always-authentic", "rating_vote": "13", "rating": "11", "tags": ["\u539f\u5275", "\u6545\u4e8b"]}, {"created_at": "1591453243", "created_by_id": "5013754", "name": "scp-zh-007", "rating_vote": "15", "rating": "15", "tags": ["2020\u6500\u722c\u91d1\u5b57\u5854", "keter", "scp", "site-zh-26", "\u52d5\u7269", "\u539f\u5275", "\u6bc6\u6253\u9bca\u9b5a\u4e2d\u5fc3", "\u6c34\u68f2", "\u8d85\u7dad\u5ea6", "\u9b5a\u985e", "\u9bca\u985e"]}, {"created_at": "1591540750", "created_by_id": "5663596", "name": "arkwork-chowderclef", "rating_vote": "24", "rating": "24", "tags": ["\u539f\u5275", "\u85dd\u8853\u4f5c\u54c1"]}, {"created_at": "1591589945", "created_by_id": "5013973", "name": "stream-of-memory", "rating_vote": "11", "rating": "11", "tags": ["clef\u535a\u58eb", "kondraki\u535a\u58eb", "\u5353\u6587\u5eb7\u5353\u5947", "\u539f\u5275", "\u6545\u4e8b"]}, {"created_at": "1591602294", "created_by_id": "5255954", "name": "personal-diary-of-iceberg-and-gears", "rating_vote": "11", "rating": "11", "tags": ["gears\u535a\u58eb", "iceberg\u535a\u58eb", "\u539f\u5275", "\u6545\u4e8b"]}, {"created_at": "1591605118", "created_by_id": "5334590", "name": "uiu-orientation", "rating_vote": "9", "rating": "9", "tags": ["en", "uiu", "\u6545\u4e8b", "\u7ffb\u8b6f", "\u8aaa\u660e"]}, {"created_at": "1591679504", "created_by_id": "5334590", "name": "47", "rating_vote": "14", "rating": "14", "tags": ["ad\u535a\u58eb", "kris\u535a\u58eb", "site-zh-12", "\u539f\u5275", "\u6545\u4e8b"]}, {"created_at": "1591683148", "created_by_id": "5604919", "name": "drizzle", "rating_vote": "10", "rating": "10", "tags": ["ad\u535a\u58eb", "kris\u535a\u58eb", "site-zh-12", "\u539f\u5275", "\u6545\u4e8b"]}, {"created_at": "1591710820", "created_by_id": "5604919", "name": "my-47-th", "rating_vote": "13", "rating": "13", "tags": ["ad\u535a\u58eb", "kris\u535a\u58eb", "site-zh-12", "\u539f\u5275", "\u85dd\u8853\u4f5c\u54c1"]}, {"created_at": "1591810117", "created_by_id": "3423434", "name": "scp-212-upgrade-log", "rating_vote": "3", "rating": "3", "tags": ["en", "\u5408\u4f5c", "\u5be6\u9a57", "\u7ffb\u8b6f", "\u9644\u52a0\u8cc7\u6599"]}, {"created_at": "1591856378", "created_by_id": "5334590", "name": "scp-040", "rating_vote": "5", "rating": "5", "tags": ["en", "euclid", "scp", "\u4eba\u5f62", "\u53cd\u71b5", "\u611f\u77e5\u529b", "\u667a\u80fd", "\u6d3b\u7269", "\u7ffb\u8b6f", "\u8b8a\u5f62", "\u91cd\u5beb"]}]