[{"created_at": "1651722632", "created_by_id": "3981670", "name": "scp-150", "rating_vote": "4", "rating": "4", "tags": ["en", "keter", "scp", "\u52d5\u7269", "\u5408\u8457", "\u5bc4\u751f\u6027", "\u6606\u87f2", "\u795e\u7d93\u6027", "\u7ffb\u8b6f", "\u91cd\u5beb"]}, {"created_at": "1651755220", "created_by_id": "5415046", "name": "scp-783", "rating_vote": "5", "rating": "5", "tags": ["en", "keter", "meta", "scp", "\u50b3\u67d3\u6027", "\u5100\u5f0f\u6027", "\u53cd\u7269\u7406\u5b9a\u5f8b", "\u591c\u9593\u6d3b\u52d5", "\u5efa\u7bc9\u7269", "\u63a0\u98df\u6027", "\u6575\u610f", "\u672a\u6536\u5bb9", "\u7ffb\u8b6f", "\u8d85\u7dad\u5ea6"]}, {"created_at": "1651805147", "created_by_id": "5415046", "name": "scp-931", "rating_vote": "6", "rating": "6", "tags": ["en", "meta", "safe", "scp", "\u4eba\u9020\u7269\u54c1", "\u7ffb\u8b6f", "\u8996\u89ba\u6027", "\u89f8\u89ba\u5f71\u97ff", "\u8a8d\u77e5\u5371\u5bb3", "\u8cc7\u8a0a\u5371\u5bb3"]}, {"created_at": "1651894199", "created_by_id": "3981670", "name": "scp-982", "rating_vote": "3", "rating": "3", "tags": ["en", "mc&amp;d", "safe", "scp", "\u57ce\u5e02", "\u5faa\u74b0", "\u6642\u9593\u5f71\u97ff", "\u7ffb\u8b6f", "\u9580\u5f91"]}, {"created_at": "1652001037", "created_by_id": "6217438", "name": "scp-437", "rating_vote": "6", "rating": "6", "tags": ["en", "euclid", "scp", "\u690d\u7269", "\u6a39\u6728", "\u751f\u7269\u6027", "\u7ffb\u8b6f", "\u9aa8\u9abc"]}, {"created_at": "1652104142", "created_by_id": "7504530", "name": "scp-738", "rating_vote": "2", "rating": "2", "tags": ["en", "keter", "scp", "\u4ea4\u63db", "\u5bb6\u5177", "\u611f\u77e5\u5f71\u97ff", "\u6728\u8cea", "\u6a5f\u7387\u6027", "\u7ffb\u8b6f", "\u8072\u97f3", "\u859b\u723e\u767b-\u5361\u8332", "\u8996\u89ba\u6027"]}, {"created_at": "1652153490", "created_by_id": "7605593", "name": "scp-372-jp", "rating_vote": "6", "rating": "6", "tags": ["jp", "scp", "\u53cd\u71b5", "\u5408\u8457", "\u5bb9\u5668", "\u7121\u6548\u5316", "\u7cbe\u795e\u5f71\u97ff", "\u7ffb\u8b6f", "\u98df\u7269"]}, {"created_at": "1652177020", "created_by_id": "6217438", "name": "welcome-to-delta-t", "rating_vote": "6", "rating": "6", "tags": ["en", "glass\u535a\u58eb", "thad-xyank", "\u4e2d\u5fc3", "\u7ffb\u8b6f"]}, {"created_at": "1652242145", "created_by_id": "6217438", "name": "departments", "rating_vote": "3", "rating": "3", "tags": ["en", "\u4e2d\u5fc3", "\u5408\u4f5c", "\u5408\u8457", "\u7ffb\u8b6f"]}, {"created_at": "1652249354", "created_by_id": "6217438", "name": "unreality-hub", "rating_vote": "7", "rating": "7", "tags": ["en", "\u4e2d\u5fc3", "\u7ffb\u8b6f"]}, {"created_at": "1652256652", "created_by_id": "6217438", "name": "scp-147", "rating_vote": "2", "rating": "2", "tags": ["en", "euclid", "scp", "\u5bb6\u96fb\u7528\u54c1", "\u7cbe\u795e\u5f71\u97ff", "\u7ffb\u8b6f", "\u807d\u89ba\u5f71\u97ff", "\u81ea\u4e3b", "\u8996\u89ba\u6027", "\u8a8d\u77e5\u5371\u5bb3"]}, {"created_at": "1652284860", "created_by_id": "5334590", "name": "myosotis", "rating_vote": "17", "rating": "17", "tags": ["ad\u535a\u58eb", "owen", "site-zh-12", "\u4e92\u52d5\u6027", "\u539f\u5275", "\u6545\u4e8b", "\u7814\u7a76\u54e1lucifelle"]}, {"created_at": "1652330765", "created_by_id": "7073060", "name": "scp-zh-132", "rating_vote": "13", "rating": "13", "tags": ["scp", "site-zh-44", "\u539f\u5275", "\u5c4d\u9ad4", "\u5f85\u5206\u7d1a", "\u672c\u8cea\u4fc3\u52d5"]}, {"created_at": "1652352712", "created_by_id": "6217438", "name": "scp-526", "rating_vote": "3", "rating": "3", "tags": ["en", "euclid", "scp", "\u4eba\u5f62", "\u53cd\u71b5", "\u5730\u9ede", "\u6575\u610f", "\u6642\u9593\u5f71\u97ff", "\u77f3\u982d", "\u7d50\u69cb\u7269", "\u7ffb\u8b6f", "\u81ea\u4e3b", "\u8ecd\u4e8b"]}, {"created_at": "1652402370", "created_by_id": "8033564", "name": "scp-618", "rating_vote": "5", "rating": "5", "tags": ["en", "euclid", "scp", "\u5473\u89ba\u5f71\u97ff", "\u55c5\u89ba\u5f71\u97ff", "\u5e7b\u89ba", "\u611f\u77e5\u5f71\u97ff", "\u7121\u5f62", "\u7cbe\u795e\u5f71\u97ff", "\u7ffb\u8b6f", "\u8996\u89ba\u6027", "\u8a8d\u77e5\u5371\u5bb3", "\u98df\u7269"]}, {"created_at": "1652448979", "created_by_id": "7073060", "name": "scp-zh-002-j", "rating_vote": "16", "rating": "14", "tags": ["scp", "wettle\u535a\u58eb", "\u4e0d\u53ef\u79fb\u52d5", "\u539f\u5275", "\u5730\u9ede", "\u5c55\u51fa", "\u611f\u77e5\u529b", "\u641e\u7b11", "\u667a\u80fd", "\u6a21\u56e0\u6548\u61c9", "\u6a5f\u5bc6\u5206\u7d1a", "\u7cbe\u795e\u5f71\u97ff", "\u89c0\u5bdf\u5f71\u97ff", "\u8a18\u9304", "\u8a8d\u77e5\u5371\u5bb3", "\u91d1\u5c6c"]}, {"created_at": "1652524606", "created_by_id": "6217438", "name": "crosslinks-guide", "rating_vote": "5", "rating": "5", "tags": ["en", "\u5408\u8457", "\u6307\u5c0e", "\u7ffb\u8b6f"]}, {"created_at": "1652558507", "created_by_id": "3423434", "name": "scp-134", "rating_vote": "3", "rating": "3", "tags": ["en", "safe", "scp", "\u4eba\u5f62", "\u611f\u77e5\u529b", "\u667a\u80fd", "\u6d3b\u7269", "\u773c\u775b", "\u7ffb\u8b6f", "\u91cd\u5beb", "\u9580\u5f91"]}, {"created_at": "1652589610", "created_by_id": "8033564", "name": "scp-082", "rating_vote": "2", "rating": "2", "tags": ["en", "euclid", "scp", "\u4eba\u5f62", "\u611f\u77e5\u529b", "\u667a\u80fd", "\u6d3b\u7269", "\u7ffb\u8b6f", "\u8089\u98df\u6027"]}, {"created_at": "1652665751", "created_by_id": "6217438", "name": "scp-3373", "rating_vote": "4", "rating": "2", "tags": ["en", "euclid", "scp", "\u5408\u8457", "\u7ffb\u8b6f", "\u8868\u6f14", "\u8a18\u9304"]}]