[{"created_at": "1658201191", "created_by_id": "6503482", "name": "scp-138", "rating_vote": "1", "rating": "1", "tags": ["en", "safe", "scp", "\u4e0d\u53ef\u6467\u6bc0", "\u4eba\u5f62", "\u611f\u77e5\u529b", "\u667a\u80fd", "\u6d3b\u7269", "\u7ffb\u8b6f"]}, {"created_at": "1658202636", "created_by_id": "6217438", "name": "scp-513", "rating_vote": "7", "rating": "7", "tags": ["en", "euclid", "scp", "\u5100\u5668", "\u7cbe\u795e\u5f71\u97ff", "\u7ffb\u8b6f", "\u807d\u89ba\u5f71\u97ff", "\u8a8d\u77e5\u5371\u5bb3"]}, {"created_at": "1658205842", "created_by_id": "6503482", "name": "scp-709", "rating_vote": "2", "rating": "2", "tags": ["en", "safe", "scp", "\u611f\u77e5\u5f71\u97ff", "\u7d50\u69cb\u7269", "\u7ffb\u8b6f", "\u8996\u89ba\u6027"]}, {"created_at": "1658215070", "created_by_id": "8033564", "name": "scp-5031", "rating_vote": "3", "rating": "3", "tags": ["en", "en-\u6025\u8feb\u7af6\u8cfd2020", "keter", "scp", "\u4eba\u5f62", "\u611f\u77e5\u529b", "\u63a0\u98df\u6027", "\u6d3b\u7269", "\u7570\u5e38\u79fb\u52d5", "\u7ffb\u8b6f", "\u89c0\u5bdf\u5f71\u97ff", "\u96dc\u98df\u6027"]}, {"created_at": "1658231472", "created_by_id": "6217438", "name": "scp-787", "rating_vote": "1", "rating": "1", "tags": ["en", "safe", "scp", "\u4eba\u5f62", "\u7a7a\u4e2d", "\u7ffb\u8b6f", "\u8072\u97f3", "\u8f09\u5177", "\u91cd\u5beb"]}, {"created_at": "1658235220", "created_by_id": "3981670", "name": "scp-122", "rating_vote": "3", "rating": "3", "tags": ["en", "keter", "scp", "\u4eba\u5f62", "\u5149\u7167\u5f71\u97ff", "\u611f\u77e5\u529b", "\u6575\u610f", "\u667a\u80fd", "\u7761\u7720", "\u7ffb\u8b6f", "\u81ea\u4e3b", "\u91cd\u5beb", "\u9670\u5f71"]}, {"created_at": "1658277119", "created_by_id": "6217438", "name": "scp-708", "rating_vote": "4", "rating": "4", "tags": ["en", "euclid", "scp", "\u5f37\u8feb\u6027", "\u6a5f\u68b0", "\u7ffb\u8b6f", "\u8996\u89ba\u6027", "\u8a8d\u77e5\u5371\u5bb3", "\u8f09\u5177"]}, {"created_at": "1658311282", "created_by_id": "6217438", "name": "scp-638", "rating_vote": "3", "rating": "3", "tags": ["en", "richard-chappell", "scp", "\u4eba\u5f62", "\u50b3\u9001", "\u611f\u77e5\u529b", "\u667a\u80fd", "\u6d3b\u7269", "\u7121\u6548\u5316", "\u7ffb\u8b6f", "\u829d\u52a0\u54e5\u9b3c\u9748"]}, {"created_at": "1658316109", "created_by_id": "6217438", "name": "scp-677", "rating_vote": "1", "rating": "1", "tags": ["en", "safe", "scp", "\u4e0d\u53ef\u6467\u6bc0", "\u53cd\u7269\u7406\u5b9a\u5f8b", "\u672a\u6536\u5bb9", "\u73a9\u5177", "\u7ffb\u8b6f", "\u91d1\u5c6c"]}, {"created_at": "1658321627", "created_by_id": "6217438", "name": "scp-636", "rating_vote": "2", "rating": "2", "tags": ["en", "euclid", "scp", "\u5efa\u7bc9\u7269", "\u7ffb\u8b6f", "\u81ea\u4e3b", "\u8d85\u7dad\u5ea6", "\u8f09\u5177"]}, {"created_at": "1658400400", "created_by_id": "6217438", "name": "i-don-t-know-my-name", "rating_vote": "2", "rating": "2", "tags": ["en", "\u6545\u4e8b", "\u7121\u540d", "\u7ffb\u8b6f"]}, {"created_at": "1658404275", "created_by_id": "6217438", "name": "scp-6433", "rating_vote": "6", "rating": "6", "tags": ["en", "safe", "scp", "\u4eba\u9020\u7269\u54c1", "\u5fae\u578b", "\u611f\u77e5\u5f71\u97ff", "\u6642\u9593\u5f71\u97ff", "\u7403\u9ad4", "\u7ffb\u8b6f", "\u89f8\u89ba\u5f71\u97ff"]}, {"created_at": "1658461092", "created_by_id": "7499032", "name": "scp-6599", "rating_vote": "3", "rating": "3", "tags": ["en", "en-\u975e\u6b63\u5f0f\u8ff7\u56e0\u7af6\u8cfd2021", "keter", "scp", "\u4eba\u5f62", "\u50b3\u9001", "\u5408\u8457", "\u611f\u77e5\u529b", "\u6575\u610f", "\u667a\u80fd", "\u6d3b\u7269", "\u7570\u8996\u7dad\u57fa", "\u7dda\u4e0a", "\u7ffb\u8b6f"]}, {"created_at": "1658482047", "created_by_id": "6503482", "name": "scp-671", "rating_vote": "2", "rating": "2", "tags": ["en", "euclid", "scp", "\u6d3b\u7269", "\u7121\u810a\u690e\u52d5\u7269", "\u7269\u7a2e", "\u7ffb\u8b6f", "\u81ea\u6211\u8907\u88fd"]}, {"created_at": "1658630553", "created_by_id": "6217438", "name": "scp-720", "rating_vote": "1", "rating": "1", "tags": ["en", "euclid", "scp", "\u5f71\u7247", "\u667a\u80fd", "\u7ffb\u8b6f", "\u904a\u6232", "\u963f\u5361\u8fea\u4e9e", "\u96fb\u5b50", "\u97f3\u983b"]}]