[{"created_at": "1620135694", "created_by_id": "3314318", "name": "littlegreatwar2", "rating_vote": "5", "rating": "5", "tags": ["wondertainment\u535a\u58eb", "\u4e2d\u5fc3", "\u539f\u5275", "\u53cd\u5927\u9ebb\u73a9\u5bb6", "\u5c0f\u5c0f\u5148\u751f", "\u6545\u4e8b"]}, {"created_at": "1620137208", "created_by_id": "3314318", "name": "black-sheep-rite", "rating_vote": "3", "rating": "3", "tags": ["wondertainment\u535a\u58eb", "\u539f\u5275", "\u5c0f\u5c0f\u5148\u751f", "\u6545\u4e8b"]}, {"created_at": "1620137637", "created_by_id": "3314318", "name": "shakepinballmachine", "rating_vote": "4", "rating": "4", "tags": ["\u539f\u5275", "\u53cd\u5927\u9ebb\u5148\u751f", "\u5c0f\u5c0f\u5148\u751f", "\u6545\u4e8b"]}, {"created_at": "1620138057", "created_by_id": "3314318", "name": "leavingcomet", "rating_vote": "6", "rating": "6", "tags": ["wondertainment\u535a\u58eb", "\u539f\u5275", "\u5c0f\u5c0f\u5148\u751f", "\u6545\u4e8b"]}, {"created_at": "1620281482", "created_by_id": "6381244", "name": "scp-046", "rating_vote": "1", "rating": "1", "tags": ["en", "euclid", "scp", "\u5e7b\u89ba", "\u5f37\u8feb\u6027", "\u63a0\u98df\u6027", "\u690d\u7269", "\u751f\u7269\u6027", "\u7ffb\u8b6f", "\u8089\u98df\u6027", "\u8cc7\u8a0a\u5371\u5bb3"]}, {"created_at": "1620355888", "created_by_id": "6217438", "name": "scp-3318", "rating_vote": "5", "rating": "5", "tags": ["en", "euclid", "scp", "\u4eba\u5f62", "\u52d5\u7269", "\u5c4d\u9ad4", "\u5ff5\u529b", "\u611f\u77e5\u529b", "\u611f\u77e5\u5f71\u97ff", "\u751f\u7269\u6027", "\u7ffb\u8b6f", "\u8996\u89ba\u6027", "\u8c93\u985e"]}, {"created_at": "1620400114", "created_by_id": "5334590", "name": "all-the-bridges-were-burned", "rating_vote": "13", "rating": "13", "tags": ["koschei.aic", "reverberate\u535a\u58eb", "site-zh-81", "\u539f\u5275", "\u5c55\u51fa", "\u6545\u4e8b", "\u6c99\u7687\u5148\u77e5\u5354\u6703", "\u822a\u6d77\u5b78"]}, {"created_at": "1620405174", "created_by_id": "4990678", "name": "artwork-3001", "rating_vote": "4", "rating": "4", "tags": ["jp", "\u7ffb\u8b6f", "\u85dd\u8853\u4f5c\u54c1"]}, {"created_at": "1620406300", "created_by_id": "4990678", "name": "come-dream", "rating_vote": "2", "rating": "2", "tags": ["jp", "jp-2016\u63d2\u5716\u5927\u8cfda", "\u7ffb\u8b6f", "\u85dd\u8853\u4f5c\u54c1"]}, {"created_at": "1620423788", "created_by_id": "4239775", "name": "operation-nucleon-bank-semibreve", "rating_vote": "8", "rating": "8", "tags": ["semibreve\u535a\u58eb", "site-zh-02", "site-zh-50", "\u539f\u5275", "\u6545\u4e8b", "\u6838\u88c2\u64e0\u514c", "\u9577\u57a3-4"]}, {"created_at": "1620442795", "created_by_id": "3314318", "name": "scp-zh-903", "rating_vote": "19", "rating": "19", "tags": ["safe", "scp", "\u5100\u5f0f\u6027", "\u539f\u5275", "\u6587\u737b", "\u672c\u8cea\u4fc3\u52d5", "\u98df\u7269"]}, {"created_at": "1620457553", "created_by_id": "5344757", "name": "scp-zh-129", "rating_vote": "15", "rating": "11", "tags": ["safe", "scp", "site-zh-16", "\u539f\u5275", "\u53cd\u71b5", "\u5bb6\u96fb\u7528\u54c1", "\u81ea\u4e3b"]}, {"created_at": "1620468919", "created_by_id": "5435485", "name": "ea-the-daughter", "rating_vote": "8", "rating": "8", "tags": ["\u4e09\u57a3", "\u539f\u5275", "\u6545\u4e8b"]}, {"created_at": "1620472491", "created_by_id": "6217438", "name": "scp-3935", "rating_vote": "4", "rating": "4", "tags": ["1976\u5e74\u73ed", "en", "euclid", "scp", "uiu", "\u5730\u4e0b", "\u5e7b\u89ba", "\u5efa\u7bc9\u7269", "\u6642\u7a7a", "\u6642\u9593\u5f71\u97ff", "\u7ffb\u8b6f", "\u8d85\u7dad\u5ea6", "\u9580\u5f91", "\u97f3\u983b"]}, {"created_at": "1620485136", "created_by_id": "5415046", "name": "scp-054", "rating_vote": "4", "rating": "4", "tags": ["en", "safe", "scp", "\u4eba\u5f62", "\u611f\u77e5\u529b", "\u667a\u80fd", "\u6db2\u9ad4", "\u7121\u5b9a\u5f62", "\u7ffb\u8b6f", "\u91cd\u5beb"]}, {"created_at": "1620514889", "created_by_id": "5348516", "name": "scp-zh-509", "rating_vote": "10", "rating": "8", "tags": ["safe", "scp", "\u539f\u5275", "\u6d3b\u7269", "\u7121\u6548\u5316", "\u751f\u7269\u6027"]}, {"created_at": "1620551866", "created_by_id": "5435485", "name": "scp-3731", "rating_vote": "4", "rating": "4", "tags": ["en", "en-\u672b\u65e52018", "keter", "k\u7d1a\u60c5\u666f", "moose\u4e3b\u4efb", "scp", "\u4eba\u5f62", "\u502b\u7406\u59d4\u54e1\u6703", "\u50b3\u67d3\u6027", "\u5168\u7403\u8d85\u81ea\u7136\u806f\u76df", "\u53cd\u71b5", "\u5408\u8457", "\u578b\u614b\u8b8a\u5316", "\u611f\u77e5\u529b", "\u667a\u80fd", "\u6709\u6a5f", "\u6d3b\u7269", "\u7269\u7a2e", "\u751f\u7269\u5371\u5bb3", "\u795e\u5316", "\u7ffb\u8b6f", "\u86c7\u4e4b\u624b", "\u8b8a\u5f62"]}, {"created_at": "1620552163", "created_by_id": "5435485", "name": "apotheosis-hub", "rating_vote": "7", "rating": "7", "tags": ["en", "en-\u672b\u65e52018", "\u4e2d\u5fc3", "\u795e\u5316", "\u7ffb\u8b6f"]}, {"created_at": "1620555968", "created_by_id": "6217438", "name": "scp-3935-declassification", "rating_vote": "1", "rating": "1", "tags": ["en", "\u7528\u6236\u89e3\u5bc6", "\u7ffb\u8b6f"]}, {"created_at": "1620654255", "created_by_id": "5415046", "name": "scp-1045-jp", "rating_vote": "13", "rating": "13", "tags": ["euclid", "jp", "meta", "scp", "\u300c\u7530\u4e2d\u8001\u5e2b\u300d", "\u5de5\u5177", "\u6587\u4ef6", "\u7ffb\u8b6f"]}]