[{"created_at": "1621741442", "created_by_id": "7469850", "name": "scp-zh-206", "rating_vote": "5", "rating": "3", "tags": ["2020\u6500\u722c\u91d1\u5b57\u5854", "safe", "scp", "site-zh-16", "\u539f\u5275", "\u6a5f\u7387\u6027", "\u91ab\u5b78\u6027", "\u9298\u6587"]}, {"created_at": "1621762880", "created_by_id": "5255954", "name": "scp-zh-231", "rating_vote": "10", "rating": "8", "tags": ["keter", "scp", "site-zh-50", "site-zh-81", "\u4eba\u5f62", "\u539f\u5275", "\u63a0\u98df\u6027", "\u6575\u610f", "\u667a\u80fd", "\u8089\u98df\u6027", "\u8996\u89ba\u6027"]}, {"created_at": "1621771329", "created_by_id": "6369875", "name": "scp-069-ua", "rating_vote": "2", "rating": "2", "tags": ["euclid", "scp", "ua", "\u706b", "\u7a7a\u4e2d", "\u7ffb\u8b6f", "\u8072\u97f3", "\u81ea\u4e3b"]}, {"created_at": "1621776039", "created_by_id": "5338547", "name": "finger-test-warrior", "rating_vote": "5", "rating": "5", "tags": ["2020\u6500\u722c\u91d1\u5b57\u5854", "site-zh-16", "\u539f\u5275", "\u6545\u4e8b"]}, {"created_at": "1621815826", "created_by_id": "6217438", "name": "scp-5242-declassification", "rating_vote": "6", "rating": "6", "tags": ["en", "\u7528\u6236\u89e3\u5bc6", "\u7ffb\u8b6f"]}, {"created_at": "1621843044", "created_by_id": "6217438", "name": "scp6969contesthubgottemlmao", "rating_vote": "13", "rating": "13", "tags": ["en", "\u641e\u7b11", "\u6545\u4e8b", "\u7ffb\u8b6f"]}, {"created_at": "1621843403", "created_by_id": "6217438", "name": "scp-4923-declassification", "rating_vote": "2", "rating": "2", "tags": ["en", "\u7528\u6236\u89e3\u5bc6", "\u7ffb\u8b6f"]}, {"created_at": "1621911227", "created_by_id": "6217438", "name": "scp-2565-flash-briefing", "rating_vote": "3", "rating": "3", "tags": ["en", "\u7528\u6236\u89e3\u5bc6", "\u7ffb\u8b6f"]}, {"created_at": "1621913772", "created_by_id": "6217438", "name": "scp-2565", "rating_vote": "4", "rating": "4", "tags": ["en", "keter", "k\u7d1a\u60c5\u666f", "meta", "scp", "\u5168\u7403\u8d85\u81ea\u7136\u806f\u76df", "\u6982\u5ff5", "\u7ffb\u8b6f", "\u8cc7\u8a0a\u5371\u5bb3"]}, {"created_at": "1622031291", "created_by_id": "5415046", "name": "scp-1461-jp", "rating_vote": "7", "rating": "7", "tags": ["jp", "safe", "scp", "\u52d5\u7269", "\u71b1\u91cf\u5f71\u97ff", "\u751f\u7269\u5371\u5bb3", "\u7ffb\u8b6f", "\u807d\u89ba\u5f71\u97ff", "\u8490\u96c6\u9662", "\u86d9\u985e", "\u8a8d\u77e5\u5371\u5bb3"]}, {"created_at": "1622039620", "created_by_id": "5435485", "name": "scp-cc-by-sa-3-0-co", "rating_vote": "11", "rating": "11", "tags": ["en", "meta", "scp", "\u641e\u7b11", "\u672a\u6536\u5bb9", "\u690d\u7269", "\u6a5f\u5bc6\u5206\u7d1a", "\u6d3b\u7269", "\u7ffb\u8b6f", "\u8cc7\u8a0a\u5371\u5bb3"]}, {"created_at": "1622091111", "created_by_id": "6217438", "name": "scp-3005", "rating_vote": "5", "rating": "5", "tags": ["en", "en-3000", "meta", "scp", "\u5149\u7167\u5f71\u97ff", "\u672a\u6536\u5bb9", "\u6a5f\u5bc6\u5206\u7d1a", "\u7b2c\u4e94\u6559\u6703", "\u7cbe\u795e\u5f71\u97ff", "\u7ffb\u8b6f"]}, {"created_at": "1622102302", "created_by_id": "5415046", "name": "takeabathathalfpasteight", "rating_vote": "15", "rating": "15", "tags": ["creepypasta", "jp", "\u6545\u4e8b", "\u7570\u8996\u7dad\u57fa", "\u7ffb\u8b6f"]}, {"created_at": "1622118539", "created_by_id": "4239775", "name": "scp-zh-800", "rating_vote": "8", "rating": "8", "tags": ["keter", "scp", "site-zh-50", "\u539f\u5275", "\u6c23\u8c61", "\u7121\u5b9a\u5f62", "\u7a7a\u4e2d", "\u96fb\u78c1"]}, {"created_at": "1622120500", "created_by_id": "6217438", "name": "scp-3005-declassification", "rating_vote": "2", "rating": "2", "tags": ["en", "\u7528\u6236\u89e3\u5bc6", "\u7ffb\u8b6f"]}, {"created_at": "1622122163", "created_by_id": "5454699", "name": "the-plan-of-pacifist-route", "rating_vote": "4", "rating": "4", "tags": ["\u539f\u5275", "\u6545\u4e8b", "\u6c34\u9280", "\u86db\u7db2\u570b\u969b"]}, {"created_at": "1622191501", "created_by_id": "4990678", "name": "moku-moco-illust01", "rating_vote": "4", "rating": "4", "tags": ["jp", "\u7ffb\u8b6f", "\u85dd\u8853\u4f5c\u54c1"]}, {"created_at": "1622195779", "created_by_id": "4990678", "name": "artwork-jp-nika-3", "rating_vote": "7", "rating": "7", "tags": ["jp", "\u7ffb\u8b6f", "\u85dd\u8853\u4f5c\u54c1"]}, {"created_at": "1622212074", "created_by_id": "6787405", "name": "scp-6400", "rating_vote": "10", "rating": "10", "tags": ["en", "en-6000", "safe", "scp", "\u50b3\u9001", "\u5149\u7167\u5f71\u97ff", "\u5efa\u7bc9\u7269", "\u5f37\u8feb\u6027", "\u7ffb\u8b6f"]}, {"created_at": "1622215250", "created_by_id": "4990678", "name": "a-story-of-the-end", "rating_vote": "5", "rating": "5", "tags": ["jp", "\u7ffb\u8b6f", "\u85dd\u8853\u4f5c\u54c1"]}]