[{"created_at": "1631758914", "created_by_id": "6217438", "name": "scp-6500", "rating_vote": "26", "rating": "26", "tags": ["alagadda", "blackwood", "d-11424&nbsp;en", "en-6000", "faeowynn-wilson", "hy-brasil", "light\u535a\u58eb", "mcdoctorate\u535a\u58eb", "meta", "s&amp;c\u5851\u81a0", "scp", "\u4e09\u6ce2\u7279\u862d", "\u4e0d\u5fa9\u8fd4", "\u4e92\u52d5\u6027", "\u4eba\u9020\u7269\u54c1", "\u4fdd\u885b43", "\u502b\u7406\u59d4\u54e1\u6703", "\u5100\u5f0f\u6027", "\u5168\u7403\u8d85\u81ea\u7136\u806f\u76df", "\u53c1\u6708\u5354\u6703", "\u53d7\u7d5e\u4e4b\u738b", "\u5408\u8457", "\u5927\u8853\u58eb\u4f0a\u4ef0", "\u5a01\u723e\u905c\u751f\u7269\u61c9\u5c0d\u7d44", "\u5b97\u6559", "\u5bb9\u5668", "\u6558\u8ff0\u6027", "\u6642\u7a7a", "\u6642\u9593\u5f71\u97ff", "\u6a5f\u5bc6\u5206\u7d1a", "\u6b66\u5668", "\u6b86\u74e6", "\u6d41\u6d6a\u8005\u5716\u66f8\u9928", "\u71b5", "\u751f\u7269\u6027", "\u7570\u4eba\u8857", "\u7ffb\u8b6f", "\u86c7\u4e4b\u624b", "\u91d1\u5c6c", "\u9580\u5f91", "\u97f3\u983b", "\u9e7f\u5b78\u9662"]}, {"created_at": "1631796250", "created_by_id": "4990678", "name": "cute-stareyeschild", "rating_vote": "3", "rating": "3", "tags": ["jp", "\u7ffb\u8b6f", "\u85dd\u8853\u4f5c\u54c1"]}, {"created_at": "1631796896", "created_by_id": "5413616", "name": "site-zh-13", "rating_vote": "9", "rating": "9", "tags": ["site-zh-13", "\u4e2d\u5fc3", "\u539f\u5275", "\u7ad9\u9ede"]}, {"created_at": "1631799913", "created_by_id": "4990678", "name": "yukasama", "rating_vote": "1", "rating": "1", "tags": ["jp", "jp-2016\u63d2\u5716\u5927\u8cfda", "\u7ffb\u8b6f", "\u85dd\u8853\u4f5c\u54c1"]}, {"created_at": "1631800558", "created_by_id": "4990678", "name": "artwork-unnamed-file", "rating_vote": "4", "rating": "4", "tags": ["jp", "\u7ffb\u8b6f", "\u85dd\u8853\u4f5c\u54c1"]}, {"created_at": "1631984632", "created_by_id": "5415046", "name": "kitei-disease", "rating_vote": "4", "rating": "4", "tags": ["1998\u5e74", "jagpato", "jp", "jp-\u5718\u5b502021", "\u5168\u7403\u8d85\u81ea\u7136\u806f\u76df", "\u516c\u5b89\u90e8\u7279\u4e8b\u8ab2", "\u6545\u4e8b", "\u65e5\u672c\u751f\u985e\u5275\u7814", "\u7ffb\u8b6f"]}, {"created_at": "1632017585", "created_by_id": "6976830", "name": "scp-2539", "rating_vote": "2", "rating": "2", "tags": ["en", "euclid", "scp", "\u5c4d\u9ad4", "\u7d50\u69cb\u7269", "\u7ffb\u8b6f", "\u8d85\u7dad\u5ea6", "\u9580\u5f91"]}, {"created_at": "1632020367", "created_by_id": "5415046", "name": "scp-zh-427", "rating_vote": "9", "rating": "9", "tags": ["safe", "scp", "site-zh-02", "\u4e0d\u53ef\u6467\u6bc0", "\u4eba\u5f62", "\u539f\u5275", "\u5c4d\u9ad4", "\u5fa9\u6d3b", "\u91d1\u5c6c", "\u9aa8\u9abc"]}, {"created_at": "1632026759", "created_by_id": "6369875", "name": "scp-009-th", "rating_vote": "2", "rating": "2", "tags": ["euclid", "scp", "th", "\u4ea4\u63db", "\u4eba\u5f62", "\u5ff5\u529b", "\u611f\u77e5\u529b", "\u667a\u80fd", "\u7ffb\u8b6f", "\u8b8a\u5f62", "\u96d5\u5851"]}, {"created_at": "1632113161", "created_by_id": "4474355", "name": "scp-zh-829", "rating_vote": "11", "rating": "11", "tags": ["awcy", "safe", "scp", "\u539f\u5275", "\u578b\u614b\u8b8a\u5316", "\u5e7b\u89ba", "\u64ec\u614b", "\u6b66\u5668", "\u8996\u89ba\u6027", "\u8b8a\u5f62"]}, {"created_at": "1632158992", "created_by_id": "5415046", "name": "scp-3737", "rating_vote": "3", "rating": "3", "tags": ["en", "safe", "scp", "\u52d5\u7269", "\u5730\u9ede", "\u5c55\u51fa", "\u6d3b\u7269", "\u7ffb\u8b6f", "\u8d85\u7dad\u5ea6"]}, {"created_at": "1632194482", "created_by_id": "6942049", "name": "the-hunter-and-the-hunted", "rating_vote": "2", "rating": "2", "tags": ["en", "\u6545\u4e8b", "\u7ffb\u8b6f"]}, {"created_at": "1632232829", "created_by_id": "7605593", "name": "scp-1207", "rating_vote": "2", "rating": "2", "tags": ["awcy", "en", "safe", "scp", "\u4eba\u9020\u7269\u54c1", "\u7cbe\u795e\u5f71\u97ff", "\u7ffb\u8b6f", "\u8996\u89ba\u6027", "\u8a8d\u77e5\u5371\u5bb3", "\u91cd\u5beb"]}, {"created_at": "1632232844", "created_by_id": "7605593", "name": "scp-4135", "rating_vote": "2", "rating": "2", "tags": ["en", "keter", "scp", "\u4e0d\u53ef\u6467\u6bc0", "\u4eba\u5f62", "\u6575\u610f", "\u7ffb\u8b6f", "\u9ce5\u985e"]}, {"created_at": "1632232856", "created_by_id": "7605593", "name": "scp-2200-jp", "rating_vote": "8", "rating": "8", "tags": ["jp", "safe", "scp", "\u6027", "\u73a9\u5177", "\u7ffb\u8b6f", "\u8996\u89ba\u6027", "\u8a8d\u77e5\u5371\u5bb3"]}, {"created_at": "1632273648", "created_by_id": "6217438", "name": "scp-4911-declassification", "rating_vote": "6", "rating": "6", "tags": ["en", "\u7528\u6236\u89e3\u5bc6", "\u7ffb\u8b6f"]}, {"created_at": "1632318900", "created_by_id": "6952002", "name": "project-reincarnation", "rating_vote": "15", "rating": "15", "tags": ["\u539f\u5275", "\u5c55\u51fa", "\u6545\u4e8b", "\u8f49\u4e16\u8a08\u5283"]}, {"created_at": "1632336386", "created_by_id": "5334590", "name": "perdu-by-the-daylight", "rating_vote": "8", "rating": "8", "tags": ["\u4e09\u57a3", "\u539f\u5275", "\u6545\u4e8b"]}, {"created_at": "1632377930", "created_by_id": "6369875", "name": "scp-111-th", "rating_vote": "2", "rating": "2", "tags": ["keter", "scp", "th", "\u4e0d\u53ef\u79fb\u52d5", "\u5730\u8cea", "\u7ffb\u8b6f", "\u97f3\u983b"]}, {"created_at": "1632378140", "created_by_id": "6369875", "name": "scp-110-th", "rating_vote": "2", "rating": "2", "tags": ["safe", "scp", "th", "\u4e0d\u53ef\u79fb\u52d5", "\u57ce\u5e02", "\u5efa\u7bc9\u7269", "\u7a7a\u4e2d", "\u7ffb\u8b6f"]}]