[{"created_at": "1652669008", "created_by_id": "6217438", "name": "scp-6208", "rating_vote": "5", "rating": "5", "tags": ["en", "en-\u90e8\u9580\u7af6\u8cfd2022", "scp", "thaumiel", "\u5408\u8457", "\u57fa\u91d1\u6703\u88fd\u9020", "\u5efa\u7bc9\u7269", "\u7ffb\u8b6f", "\u81ea\u4e3b"]}, {"created_at": "1652699551", "created_by_id": "8025703", "name": "scp-6337", "rating_vote": "6", "rating": "6", "tags": ["en", "safe", "scp", "\u4eba\u5f62", "\u5c4d\u9ad4", "\u7ffb\u8b6f"]}, {"created_at": "1652703918", "created_by_id": "8025703", "name": "scp-5021", "rating_vote": "2", "rating": "2", "tags": ["en", "scp", "\u5b89\u5168", "\u79fb\u52d5\u6027", "\u7ffb\u8b6f", "\u8b8a\u5f62", "\u98df\u7269"]}, {"created_at": "1652773922", "created_by_id": "6217438", "name": "scp-5763", "rating_vote": "7", "rating": "7", "tags": ["en", "en-\u90e8\u9580\u7af6\u8cfd2022", "meta", "scp", "thaumiel", "\u5316\u5b78\u6027", "\u57fa\u91d1\u6703\u88fd\u9020", "\u5e7b\u89ba", "\u7761\u7720", "\u7cbe\u795e\u5f71\u97ff", "\u7ffb\u8b6f", "\u807d\u89ba\u5f71\u97ff", "\u8996\u89ba\u6027", "\u8d85\u73fe\u5be6\u90e8"]}, {"created_at": "1652790798", "created_by_id": "8033564", "name": "scp-387", "rating_vote": "3", "rating": "3", "tags": ["en", "safe", "scp", "\u591a\u9762\u9ad4", "\u5bb9\u5668", "\u611f\u77e5\u529b", "\u667a\u80fd", "\u73a9\u5177", "\u7ffb\u8b6f", "\u81ea\u4e3b", "\u81ea\u6211\u8907\u88fd", "\u9069\u61c9\u6027"]}, {"created_at": "1652791431", "created_by_id": "5348516", "name": "critter-profile-perillos", "rating_vote": "11", "rating": "11", "tags": ["goi\u683c\u5f0f", "\u539f\u5275", "\u5a01\u723e\u905c\u751f\u7269\u61c9\u5c0d\u7d44"]}, {"created_at": "1652838300", "created_by_id": "6217438", "name": "scp-5883", "rating_vote": "10", "rating": "10", "tags": ["cimmerian\u535a\u58eb", "clef\u535a\u58eb", "dan\u535a\u58eb", "en", "en-\u975e\u6b63\u5f0f\u8ff7\u56e0\u7af6\u8cfd2021", "gears\u535a\u58eb", "k\u7d1a\u60c5\u666f", "light\u535a\u58eb", "lillihammer\u535a\u58eb", "meta", "moose\u4e3b\u4efb", "scp", "sinclair\u535a\u58eb", "\u4fdd\u885b43", "\u5a92\u9ad4", "\u6587\u737b", "\u672c\u8cea\u4fc3\u52d5", "\u6a21\u56e0\u6548\u61c9", "\u6a5f\u5bc6\u5206\u7d1a", "\u7cbe\u795e\u5f71\u97ff", "\u7ffb\u8b6f", "\u8b8a\u5f62"]}, {"created_at": "1652945275", "created_by_id": "6217438", "name": "scp-5863", "rating_vote": "4", "rating": "4", "tags": ["en", "scp", "\u5171\u611f", "\u52d5\u7269", "\u5730\u9ede", "\u5f85\u5206\u7d1a", "\u6982\u5ff5", "\u795e\u7d93\u6027", "\u7ffb\u8b6f", "\u9ce5\u985e"]}, {"created_at": "1652948104", "created_by_id": "8025703", "name": "scp-914-experiment-log-guidelines", "rating_vote": "3", "rating": "3", "tags": ["en", "\u6307\u5c0e", "\u7ffb\u8b6f"]}, {"created_at": "1652957063", "created_by_id": "8033564", "name": "scp-2797", "rating_vote": "5", "rating": "5", "tags": ["en", "en-\u77ed\u6587\u7af6\u8cfd2015", "euclid", "scp", "\u52d5\u7269", "\u666e\u7f85\u7c73\u4fee\u65af\u5be6\u9a57\u5ba4", "\u677e\u9f20", "\u751f\u7269\u6027", "\u7ffb\u8b6f"]}, {"created_at": "1653449657", "created_by_id": "5413616", "name": "wolf125again", "rating_vote": "6", "rating": "6", "tags": ["\u539f\u5275", "\u6545\u4e8b"]}, {"created_at": "1653518700", "created_by_id": "8025703", "name": "scp-083", "rating_vote": "1", "rating": "1", "tags": ["en", "euclid", "scp", "\u5efa\u7bc9\u7269", "\u6642\u7a7a", "\u7ffb\u8b6f", "\u8d85\u7dad\u5ea6", "\u9580\u5f91"]}, {"created_at": "1653529529", "created_by_id": "3981670", "name": "scp-zh-382", "rating_vote": "12", "rating": "12", "tags": ["safe", "scp", "\u539f\u5275", "\u5c4d\u9ad4", "\u8072\u97f3", "\u9006\u6a21\u56e0"]}, {"created_at": "1653534552", "created_by_id": "8033564", "name": "scp-791", "rating_vote": "1", "rating": "1", "tags": ["en", "safe", "scp", "\u6db2\u9ad4", "\u7403\u9ad4", "\u7ffb\u8b6f", "\u8d85\u7dad\u5ea6", "\u9580\u5f91"]}, {"created_at": "1653690540", "created_by_id": "8025703", "name": "scp-6802", "rating_vote": "4", "rating": "4", "tags": ["en", "scp", "\u52d5\u7269", "\u5f37\u8feb\u6027", "\u611f\u77e5\u529b", "\u6a21\u56e0\u6548\u61c9", "\u6d3b\u7269", "\u72ac\u985e", "\u7ffb\u8b6f", "\u8996\u89ba\u6027"]}, {"created_at": "1653776607", "created_by_id": "8025703", "name": "scp-6383", "rating_vote": "2", "rating": "2", "tags": ["en", "scp", "\u4eba\u9020\u7269\u54c1", "\u6a5f\u5bc6\u5206\u7d1a", "\u7ffb\u8b6f", "\u91d1\u5c6c"]}, {"created_at": "1653809588", "created_by_id": "8033564", "name": "scp-407", "rating_vote": "1", "rating": "1", "tags": ["en", "euclid", "scp", "\u690d\u7269", "\u7121\u6548\u5316", "\u751f\u7269\u6027", "\u771f\u83cc", "\u7ffb\u8b6f", "\u8072\u97f3", "\u86c7\u4e4b\u624b", "\u8b8a\u5f62", "\u97f3\u6a02\u6027"]}, {"created_at": "1653830195", "created_by_id": "6503482", "name": "the-time-foundation-disappeared", "rating_vote": "23", "rating": "23", "tags": ["\u539f\u5275", "\u5c55\u51fa", "\u6545\u4e8b"]}, {"created_at": "1653840636", "created_by_id": "7073060", "name": "transparent", "rating_vote": "7", "rating": "7", "tags": ["en", "wondertainment\u535a\u58eb", "\u5c0f\u5c0f\u5148\u751f", "\u6545\u4e8b", "\u7ffb\u8b6f"]}, {"created_at": "1653911216", "created_by_id": "6217438", "name": "pride-of-place", "rating_vote": "4", "rating": "4", "tags": ["blank\u535a\u58eb", "en", "lillihammer\u535a\u58eb", "mcdoctorate\u535a\u58eb", "mcinnis\u4e3b\u4efb", "wettle\u535a\u58eb", "\u4fdd\u885b43", "\u6545\u4e8b", "\u7ffb\u8b6f"]}]