[{"created_at": "1607054458", "created_by_id": "4990678", "name": "christmas-event2", "rating_vote": "3", "rating": "3", "tags": ["2020\u8056\u591c\u76f8\u5b88", "\u4e2d\u5fc3", "\u539f\u5275", "\u6311\u6230\u6d3b\u52d5"]}, {"created_at": "1607087373", "created_by_id": "6503482", "name": "scp-003-j", "rating_vote": "8", "rating": "8", "tags": ["en", "keter", "scp", "\u578b\u614b\u8b8a\u5316", "\u641e\u7b11", "\u6a21\u56e0\u6548\u61c9", "\u7cbe\u795e\u5f71\u97ff", "\u7ffb\u8b6f", "\u8a9e\u8a00"]}, {"created_at": "1607140191", "created_by_id": "4357011", "name": "scp-828-ko", "rating_vote": "3", "rating": "3", "tags": ["ko", "safe", "scp", "\u4e8c\u6b21\u7ffb\u8b6f", "\u4eba\u5f62", "\u57fa\u91d1\u6703\u88fd\u9020", "\u7d50\u69cb\u7269", "\u7ffb\u8b6f", "\u81ea\u6211\u4fee\u5fa9", "\u9006\u6a21\u56e0"]}, {"created_at": "1607172350", "created_by_id": "6503482", "name": "scp-1370", "rating_vote": "2", "rating": "2", "tags": ["en", "safe", "scp", "\u611f\u77e5\u529b", "\u6575\u610f", "\u667a\u80fd", "\u6a5f\u5668\u4eba", "\u7ffb\u8b6f"]}, {"created_at": "1607177346", "created_by_id": "3981670", "name": "scp-zh-446", "rating_vote": "27", "rating": "27", "tags": ["safe", "scp", "\u50b3\u67d3\u6027", "\u539f\u5275", "\u5c4d\u9ad4", "\u6606\u87f2", "\u751f\u7269\u5371\u5bb3"]}, {"created_at": "1607199592", "created_by_id": "6348157", "name": "scp-226", "rating_vote": "2", "rating": "2", "tags": ["en", "safe", "scp", "\u578b\u614b\u8b8a\u5316", "\u5fc3\u9748\u611f\u61c9", "\u73a9\u5177", "\u7ffb\u8b6f", "\u81ea\u4e3b"]}, {"created_at": "1607361364", "created_by_id": "6348157", "name": "scp-184", "rating_vote": "4", "rating": "4", "tags": ["en", "euclid", "meta", "scp", "\u591a\u9762\u9ad4", "\u6642\u7a7a", "\u7ffb\u8b6f", "\u91d1\u5c6c"]}, {"created_at": "1607426273", "created_by_id": "4442284", "name": "mtf15-21-manifesto", "rating_vote": "12", "rating": "12", "tags": ["\u539f\u5275", "\u6545\u4e8b"]}, {"created_at": "1607426896", "created_by_id": "4357011", "name": "informe-sobre-la-sociedad-antares", "rating_vote": "6", "rating": "6", "tags": ["es", "\u4e2d\u5fc3", "\u4e8c\u6b21\u7ffb\u8b6f", "\u5fc3\u5bbf\u4e8c\u5354\u6703", "\u7ffb\u8b6f"]}, {"created_at": "1607441592", "created_by_id": "4990678", "name": "81q5-sadness-pink", "rating_vote": "18", "rating": "18", "tags": ["1998\u5e74", "2020\u8056\u591c\u76f8\u5b88", "\u539f\u5275", "\u767d\u8272\u5bb6\u7cfb\u76ee\u9304", "\u85dd\u8853\u4f5c\u54c1"]}, {"created_at": "1607666167", "created_by_id": "5653267", "name": "plz-fuck-off-mary-sue", "rating_vote": "13", "rating": "13", "tags": ["\u539f\u5275", "\u5fc3\u5f97"]}, {"created_at": "1607674420", "created_by_id": "5956873", "name": "in-the-mirror", "rating_vote": "11", "rating": "11", "tags": ["\u539f\u5275", "\u6545\u4e8b"]}, {"created_at": "1607688842", "created_by_id": "4990678", "name": "littlewitch", "rating_vote": "11", "rating": "11", "tags": ["jp", "jp-2016\u63d2\u5716\u5927\u8cfdb", "\u7ffb\u8b6f", "\u85dd\u8853\u4f5c\u54c1"]}, {"created_at": "1607691290", "created_by_id": "4990678", "name": "dotdesu", "rating_vote": "5", "rating": "5", "tags": ["jp", "\u7ffb\u8b6f", "\u85dd\u8853\u4f5c\u54c1"]}, {"created_at": "1607759344", "created_by_id": "5344757", "name": "cloud-well", "rating_vote": "13", "rating": "13", "tags": ["bales\u535a\u58eb", "site-zh-16", "sugoi\u535a\u58eb", "willow\u7279\u5de5", "\u539f\u5275", "\u6545\u4e8b", "\u7814\u7a76\u54e1l.what"]}, {"created_at": "1607786985", "created_by_id": "6503482", "name": "mackenzie-pitfalls", "rating_vote": "4", "rating": "4", "tags": ["en", "\u5fc3\u5f97", "\u7ffb\u8b6f"]}, {"created_at": "1607837410", "created_by_id": "6952002", "name": "wish-you-safe-and-sound", "rating_vote": "23", "rating": "23", "tags": ["2020\u8056\u591c\u76f8\u5b88", "kris\u535a\u58eb", "site-zh-12", "willow\u7279\u5de5", "\u539f\u5275", "\u6545\u4e8b"]}, {"created_at": "1607954343", "created_by_id": "5415046", "name": "scp-1581-jp", "rating_vote": "6", "rating": "6", "tags": ["jp", "jp-2019\u6025\u8feb\u7af6\u8cfda", "jp-2019\u6025\u8feb\u7af6\u8cfdc", "keter", "scp", "\u5c4d\u9ad4", "\u7ffb\u8b6f", "\u807d\u89ba\u5f71\u97ff"]}, {"created_at": "1607964706", "created_by_id": "3981670", "name": "case-hate-red", "rating_vote": "8", "rating": "8", "tags": ["en", "\u6545\u4e8b", "\u7ffb\u8b6f"]}, {"created_at": "1608050998", "created_by_id": "5415046", "name": "scp-zh-791", "rating_vote": "9", "rating": "9", "tags": ["euclid", "scp", "site-zh-22", "\u539f\u5275", "\u64ec\u614b", "\u6b32\u8089\u6559", "\u75c5\u6bd2", "\u8ca8\u5e63"]}]