[{"created_at": "1560956493", "created_by_id": "5344757", "name": "scp-zh-886", "rating_vote": "13", "rating": "13", "tags": ["awcy", "safe", "scp", "site-zh-16", "\u539f\u5275", "\u7e41\u5ee3", "\u85dd\u8853\u6027"]}, {"created_at": "1560957664", "created_by_id": "4357011", "name": "this-is-the-real-life", "rating_vote": "7", "rating": "7", "tags": ["bright\u535a\u58eb", "en", "en-\u611a\u4eba\u7bc02016", "\u5fa9\u751f", "\u6545\u4e8b", "\u7814\u7a76\u54e1labelle", "\u7ffb\u8b6f"]}, {"created_at": "1560958254", "created_by_id": "4357011", "name": "zamadenbora", "rating_vote": "3", "rating": "3", "tags": ["en", "goi\u683c\u5f0f", "\u5922\u795e", "\u7ffb\u8b6f"]}, {"created_at": "1560958750", "created_by_id": "4357011", "name": "nobody-s-observations-on-temporal-displacement-family-and-wa", "rating_vote": "3", "rating": "3", "tags": ["en", "goi\u683c\u5f0f", "nobody", "\u5408\u8457", "\u5a01\u723e\u905c\u751f\u7269\u61c9\u5c0d\u7d44", "\u6e3e\u6c8c\u53cd\u53db\u8ecd", "\u7f8e\u5999\u4e16\u754c", "\u7ffb\u8b6f"]}, {"created_at": "1560961979", "created_by_id": "3979351", "name": "scp-814", "rating_vote": "4", "rating": "4", "tags": ["1976\u5e74\u73ed", "en", "euclid", "scp", "\u5bb6\u5177", "\u5f37\u8feb\u6027", "\u6642\u7a7a\u5f71\u97ff", "\u6a5f\u68b0", "\u7ffb\u8b6f", "\u8072\u97f3", "\u807d\u89ba\u5f71\u97ff", "\u91cd\u5beb"]}, {"created_at": "1560966485", "created_by_id": "3979351", "name": "scp-1833", "rating_vote": "3", "rating": "3", "tags": ["1976\u5e74\u73ed", "en", "safe", "scp", "\u5fc3\u9748\u611f\u61c9", "\u611f\u77e5\u5f71\u97ff", "\u651d\u50cf", "\u6587\u737b", "\u7ffb\u8b6f"]}, {"created_at": "1561037759", "created_by_id": "4357011", "name": "class-d-recruiting", "rating_vote": "14", "rating": "14", "tags": ["ru", "\u4e8c\u6b21\u7ffb\u8b6f", "\u6545\u4e8b", "\u7ffb\u8b6f"]}, {"created_at": "1561038833", "created_by_id": "4357011", "name": "mon-amour-et-ma-aide-circa-1518", "rating_vote": "3", "rating": "3", "tags": ["en", "goi\u683c\u5f0f", "int-goi2019", "\u5408\u8457", "\u7ffb\u8b6f", "\u9ea5\u5730\u5947\u85dd\u8853\u5b78\u9662"]}, {"created_at": "1561041815", "created_by_id": "5255954", "name": "russian-branch-sub-copyright-law", "rating_vote": "10", "rating": "10", "tags": ["\u65b0\u805e", "\u7ba1\u7406", "\u7ffb\u8b6f"]}, {"created_at": "1561117143", "created_by_id": "5324572", "name": "scp-zh-972", "rating_vote": "8", "rating": "8", "tags": ["safe", "scp", "\u539f\u5275", "\u6027"]}, {"created_at": "1561137179", "created_by_id": "4357011", "name": "tim-wilson-s-close-shave", "rating_vote": "5", "rating": "5", "tags": ["en", "\u591c\u4e4b\u5b50", "\u5a01\u723e\u905c\u751f\u7269\u61c9\u5c0d\u7d44", "\u6545\u4e8b", "\u7ffb\u8b6f"]}, {"created_at": "1561137381", "created_by_id": "4357011", "name": "my-head-is-on-fire-and-im-not-ok", "rating_vote": "8", "rating": "8", "tags": ["en", "goi\u683c\u5f0f", "jam-con2019", "\u5922\u795e", "\u7ffb\u8b6f"]}, {"created_at": "1561137801", "created_by_id": "4357011", "name": "iteration-f", "rating_vote": "9", "rating": "9", "tags": ["en", "\u6210\u4eba\u5167\u5bb9", "\u6545\u4e8b", "\u7ffb\u8b6f", "\u91cd\u65b0\u5c0e\u5411"]}, {"created_at": "1561197425", "created_by_id": "3979351", "name": "scp-1423", "rating_vote": "2", "rating": "2", "tags": ["1976\u5e74\u73ed", "en", "safe", "scp", "\u5a92\u9ad4", "\u6210\u766e\u6027", "\u6587\u737b", "\u7ffb\u8b6f", "\u8996\u89ba\u6027", "\u89c0\u5bdf\u5f71\u97ff", "\u8a18\u61b6\u5f71\u97ff"]}, {"created_at": "1561204129", "created_by_id": "4357011", "name": "big-dick-chappell", "rating_vote": "9", "rating": "9", "tags": ["en", "\u6545\u4e8b", "\u7ffb\u8b6f", "\u829d\u52a0\u54e5\u9b3c\u9748"]}, {"created_at": "1561204287", "created_by_id": "4357011", "name": "scp-2242", "rating_vote": "3", "rating": "3", "tags": ["en", "euclid", "meta", "scp", "\u5a92\u9ad4", "\u7f85\u68ee\u7814\u7a76\u54e1", "\u7ffb\u8b6f", "\u8d85\u7dad\u5ea6", "\u96fb\u8166"]}, {"created_at": "1561204761", "created_by_id": "4357011", "name": "peligro-igniciervos", "rating_vote": "7", "rating": "7", "tags": ["es", "goi\u683c\u5f0f", "i-57", "\u4e8c\u6b21\u7ffb\u8b6f", "\u5a01\u723e\u905c\u751f\u7269\u61c9\u5c0d\u7d44", "\u7ffb\u8b6f"]}, {"created_at": "1561219768", "created_by_id": "4357011", "name": "critter-profile-vizzie", "rating_vote": "3", "rating": "3", "tags": ["en", "goi\u683c\u5f0f", "nobody", "\u5a01\u723e\u905c\u751f\u7269\u61c9\u5c0d\u7d44", "\u7ffb\u8b6f"]}, {"created_at": "1561219931", "created_by_id": "4357011", "name": "scp-4311", "rating_vote": "8", "rating": "8", "tags": ["en", "meta", "scp", "\u5408\u8457", "\u611f\u77e5\u529b", "\u667a\u80fd", "\u6a5f\u5bc6\u5206\u7d1a", "\u6d3b\u7269", "\u7121\u5f62", "\u7ffb\u8b6f"]}, {"created_at": "1561220580", "created_by_id": "4357011", "name": "guia-licencias-de-archivos", "rating_vote": "3", "rating": "3", "tags": ["\u6307\u5c0e", "\u7ffb\u8b6f"]}]