[{"created_at": "1634048420", "created_by_id": "4990678", "name": "aw-5", "rating_vote": "3", "rating": "3", "tags": ["jp", "\u5ee3\u57df\u6536\u5bb9\u6848\u4f8b", "\u7ffb\u8b6f", "\u85dd\u8853\u4f5c\u54c1"]}, {"created_at": "1634082335", "created_by_id": "6217438", "name": "scp-5056", "rating_vote": "5", "rating": "5", "tags": ["en", "euclid", "scp", "\u4eba\u5f62", "\u4fdd\u885b43", "\u50b3\u9001", "\u5149\u7167\u5f71\u97ff", "\u611f\u77e5\u529b", "\u7121\u5f62", "\u7570\u5e38\u79fb\u52d5", "\u773c\u775b", "\u7ffb\u8b6f", "\u8996\u89ba\u6027", "\u8a55\u8ad6\u54e1\u7126\u9ede"]}, {"created_at": "1634204906", "created_by_id": "7073060", "name": "scp-zh-049", "rating_vote": "8", "rating": "8", "tags": ["2020\u6500\u722c\u91d1\u5b57\u5854", "scp", "\u539f\u5275", "\u57fa\u91d1\u6703\u88fd\u9020", "\u5efa\u7bc9\u7269", "\u5faa\u74b0", "\u6642\u9593\u5f71\u97ff", "\u672a\u4f86", "\u6a5f\u5bc6\u5206\u7d1a", "\u81ea\u4e3b", "\u9810\u6e2c\u6027"]}, {"created_at": "1634278821", "created_by_id": "4442284", "name": "scp-zh-068", "rating_vote": "4", "rating": "2", "tags": ["safe", "scp", "\u539f\u5275", "\u8996\u89ba\u6027", "\u8a18\u61b6\u5f71\u97ff", "\u8a8d\u77e5\u5371\u5bb3", "\u8a9e\u8a00", "\u9006\u6a21\u56e0"]}, {"created_at": "1634384244", "created_by_id": "6217438", "name": "scp-6402", "rating_vote": "8", "rating": "8", "tags": ["dado", "en", "euclid", "scp", "\u52d5\u7269", "\u5efa\u7bc9\u7269", "\u611f\u77e5\u529b", "\u667a\u80fd", "\u6d3b\u7269", "\u718a\u985e", "\u7ffb\u8b6f", "\u8b8a\u5f62", "\u98df\u7269"]}, {"created_at": "1634474145", "created_by_id": "5334590", "name": "the-martinet-effect", "rating_vote": "5", "rating": "5", "tags": ["en", "\u4fdd\u885b43", "\u6545\u4e8b", "\u7ffb\u8b6f"]}, {"created_at": "1634478450", "created_by_id": "7073060", "name": "sell-clickbait-profit", "rating_vote": "10", "rating": "10", "tags": ["en", "\u6545\u4e8b", "\u6bc0\u58de\u5047\u9762", "\u7ffb\u8b6f"]}, {"created_at": "1634542002", "created_by_id": "5348516", "name": "dark-room", "rating_vote": "9", "rating": "9", "tags": ["maddy", "semibreve\u535a\u58eb", "sugoi\u535a\u58eb", "surge\u535a\u58eb", "willow\u7279\u5de5", "\u539f\u5275", "\u85dd\u8853\u4f5c\u54c1"]}, {"created_at": "1634565426", "created_by_id": "4990678", "name": "fushimi3", "rating_vote": "5", "rating": "5", "tags": ["jp", "\u7ffb\u8b6f", "\u85dd\u8853\u4f5c\u54c1", "\u8c93\u54aa"]}, {"created_at": "1634610649", "created_by_id": "6952002", "name": "you", "rating_vote": "6", "rating": "6", "tags": ["\u539f\u5275", "\u6545\u4e8b", "\u8f49\u4e16\u8a08\u5283"]}, {"created_at": "1634634720", "created_by_id": "6952002", "name": "17-th-october-a-letter-to-a-friend", "rating_vote": "9", "rating": "9", "tags": ["\u539f\u5275", "\u6545\u4e8b", "\u8f49\u4e16\u8a08\u5283"]}, {"created_at": "1634640825", "created_by_id": "6952002", "name": "capitalism-attack", "rating_vote": "11", "rating": "11", "tags": ["\u539f\u5275", "\u85dd\u8853\u4f5c\u54c1", "\u8f49\u4e16\u8a08\u5283"]}, {"created_at": "1634651047", "created_by_id": "5334590", "name": "scp-4560", "rating_vote": "6", "rating": "6", "tags": ["en", "keter", "scp", "\u5171\u611f", "\u6a21\u56e0\u6548\u61c9", "\u7cbe\u795e\u5f71\u97ff", "\u7ffb\u8b6f", "\u807d\u89ba\u5f71\u97ff", "\u8996\u89ba\u6027"]}, {"created_at": "1634720232", "created_by_id": "6217438", "name": "scp-5056-tests", "rating_vote": "4", "rating": "4", "tags": ["en", "\u4e8b\u6545", "\u4fdd\u885b43", "\u5be6\u9a57", "\u7ffb\u8b6f", "\u9644\u52a0\u8cc7\u6599"]}, {"created_at": "1634731943", "created_by_id": "5435485", "name": "scp-zh-298", "rating_vote": "7", "rating": "7", "tags": ["keter", "scp", "\u539f\u5275", "\u672a\u6536\u5bb9", "\u6c23\u9ad4", "\u7121\u5b9a\u5f62", "\u7a7a\u4e2d", "\u9be8\u985e"]}, {"created_at": "1634740907", "created_by_id": "7073060", "name": "fishish-s-proposal-j", "rating_vote": "3", "rating": "3", "tags": ["001\u63d0\u6848", "en", "scp", "\u4eba\u5f62", "\u611f\u77e5\u529b", "\u641e\u7b11", "\u667a\u80fd", "\u672a\u6536\u5bb9", "\u6a5f\u5bc6\u5206\u7d1a", "\u6d3b\u7269", "\u7269\u7a2e", "\u7ffb\u8b6f"]}, {"created_at": "1634741850", "created_by_id": "5334590", "name": "scp-zh-052", "rating_vote": "18", "rating": "18", "tags": ["euclid", "scp", "\u539f\u5275", "\u5c4d\u9ad4", "\u5efa\u7bc9\u7269", "\u5f37\u8feb\u6027", "\u7cbe\u795e\u5f71\u97ff"]}, {"created_at": "1634796987", "created_by_id": "7073060", "name": "scp-zh-280", "rating_vote": "10", "rating": "10", "tags": ["keter", "scp", "\u50b3\u9001", "\u539f\u5275", "\u89c0\u5bdf\u5f71\u97ff", "\u8ca8\u5e63", "\u8d85\u7dad\u5ea6", "\u9580\u5f91"]}, {"created_at": "1634842176", "created_by_id": "5415046", "name": "scp-6668", "rating_vote": "12", "rating": "12", "tags": ["en", "scp", "\u52d5\u7269", "\u5efa\u7bc9\u7269", "\u63a0\u98df\u6027", "\u672a\u6536\u5bb9", "\u6a5f\u5bc6\u5206\u7d1a", "\u7fa4\u9ad4\u6027", "\u7ffb\u8b6f", "\u81ea\u6211\u8907\u88fd", "\u9f20\u985e"]}, {"created_at": "1634881743", "created_by_id": "7521095", "name": "scp-zh-769", "rating_vote": "10", "rating": "10", "tags": ["euclid", "scp", "\u539f\u5275", "\u578b\u614b\u8b8a\u5316", "\u6210\u766e\u6027", "\u6db2\u9ad4", "\u7cbe\u795e\u5f71\u97ff", "\u98df\u7269"]}]