[{"created_at": "1552094147", "created_by_id": "3979351", "name": "mu-yi-596", "rating_vote": "6", "rating": "6", "tags": ["goi\u683c\u5f0f", "\u539f\u5275", "\u6728\u6613", "\u91d1\u5e33\u8ecd", "\u9644\u52a0\u8cc7\u6599"]}, {"created_at": "1552095643", "created_by_id": "3979351", "name": "critter-profile-mor", "rating_vote": "5", "rating": "5", "tags": ["goi\u683c\u5f0f", "\u539f\u5275", "\u5a01\u723e\u905c\u751f\u7269\u61c9\u5c0d\u7d44", "\u6728\u6613", "\u91d1\u5e33\u8ecd", "\u9644\u52a0\u8cc7\u6599"]}, {"created_at": "1552099638", "created_by_id": "3979351", "name": "scp-zh-255", "rating_vote": "24", "rating": "24", "tags": ["aw\u6559\u6388", "keter", "scp", "uiu", "\u4e09\u6ce2\u7279\u862d", "\u5168\u7403\u8d85\u81ea\u7136\u806f\u76df", "\u539f\u5275", "\u5a01\u723e\u905c\u751f\u7269\u61c9\u5c0d\u7d44", "\u5c55\u51fa", "\u5efa\u7bc9\u7269", "\u6728\u6613", "\u6b66\u5668", "\u7570\u5e38\u79fb\u52d5", "\u82f1\u570b\u795e\u79d8\u60c5\u5831\u5c40", "\u91d1\u5e33\u8ecd"]}, {"created_at": "1552112115", "created_by_id": "3979351", "name": "groups-of-interest-zh", "rating_vote": "3", "rating": "3", "tags": ["\u4e2d\u5fc3", "\u539f\u5275", "\u6307\u5c0e"]}, {"created_at": "1552112842", "created_by_id": "5010943", "name": "scp-zh-655", "rating_vote": "12", "rating": "8", "tags": ["awcy", "euclid", "scp", "site-zh-02", "\u539f\u5275", "\u6642\u9418", "\u85dd\u8853\u6027"]}, {"created_at": "1552114841", "created_by_id": "4128767", "name": "scp-zh-940", "rating_vote": "13", "rating": "7", "tags": ["safe", "scp", "site-zh-16", "\u539f\u5275", "\u5f35\u9053\u58eb", "\u7e41\u5ee3", "\u85dd\u8853\u6027", "\u98fe\u54c1"]}, {"created_at": "1552122030", "created_by_id": "3979351", "name": "mu-yi-hub", "rating_vote": "13", "rating": "13", "tags": ["\u4e2d\u5fc3", "\u539f\u5275", "\u6728\u6613"]}, {"created_at": "1552134531", "created_by_id": "3979351", "name": "scp-zh-251", "rating_vote": "12", "rating": "10", "tags": ["safe", "scp", "site-zh-02", "site-zh-26", "\u539f\u5275", "\u5730\u9ede", "\u6728\u6613", "\u6c38\u8861\u6559\u6703", "\u7e41\u5ee3"]}, {"created_at": "1552134941", "created_by_id": "3979351", "name": "scp-zh-252", "rating_vote": "18", "rating": "16", "tags": ["euclid", "scp", "site-zh-16", "\u4eba\u5f62", "\u539f\u5275", "\u53cd\u5927\u9ebb\u73a9\u5bb6", "\u5c0f\u5c0f\u5148\u751f", "\u5f35\u9053\u58eb", "\u6c38\u8861\u6559\u6703", "\u7e41\u5ee3"]}, {"created_at": "1552135451", "created_by_id": "3979351", "name": "scp-zh-253", "rating_vote": "12", "rating": "12", "tags": ["safe", "scp", "site-zh-25", "\u539f\u5275", "\u6728\u6613"]}, {"created_at": "1552135828", "created_by_id": "3979351", "name": "scp-zh-017", "rating_vote": "19", "rating": "19", "tags": ["safe", "scp", "site-zh-25", "\u539f\u5275", "\u6728\u6613", "\u6c38\u8861\u6559\u6703", "\u7121\u6548\u5316"]}, {"created_at": "1552139969", "created_by_id": "4990678", "name": "scp-zh-919", "rating_vote": "21", "rating": "1", "tags": ["euclid", "scp", "\u4eba\u5f62", "\u539f\u5275"]}, {"created_at": "1552180924", "created_by_id": "5223229", "name": "scp-zh-811", "rating_vote": "10", "rating": "10", "tags": ["euclid", "scp", "site-zh-31", "\u50b3\u9001", "\u539f\u5275", "\u7570\u5e38\u7a7a\u9593"]}, {"created_at": "1552188302", "created_by_id": "4545047", "name": "scp-zh-551", "rating_vote": "7", "rating": "7", "tags": ["euclid", "scp", "site-zh-31", "\u539f\u5275"]}, {"created_at": "1552188482", "created_by_id": "4545047", "name": "scp-zh-431", "rating_vote": "8", "rating": "4", "tags": ["awcy", "safe", "scp", "site-zh-31", "\u539f\u5275"]}, {"created_at": "1552188586", "created_by_id": "4545047", "name": "scp-zh-408", "rating_vote": "6", "rating": "6", "tags": ["euclid", "scp", "site-zh-31", "\u539f\u5275", "\u690d\u7269"]}, {"created_at": "1552190150", "created_by_id": "5223229", "name": "scp-zh-229", "rating_vote": "14", "rating": "14", "tags": ["euclid", "scp", "\u539f\u5275"]}, {"created_at": "1552207854", "created_by_id": "5223229", "name": "scp-zh-346", "rating_vote": "5", "rating": "5", "tags": ["safe", "scp", "site-zh-02", "\u539f\u5275", "\u6c38\u8861\u6559\u6703"]}, {"created_at": "1552208487", "created_by_id": "5223229", "name": "scp-zh-666", "rating_vote": "15", "rating": "15", "tags": ["keter", "scp", "\u4eba\u5f62", "\u539f\u5275", "\u7cbe\u795e\u5f71\u97ff"]}, {"created_at": "1552209198", "created_by_id": "5230135", "name": "scp-zh-953", "rating_vote": "8", "rating": "8", "tags": ["safe", "scp", "\u539f\u5275", "\u53f0\u7063\u539f\u4f4f\u6c11", "\u6642\u7a7a"]}]