[{"created_at": "1596556982", "created_by_id": "5013973", "name": "a-family-of-two", "rating_vote": "9", "rating": "9", "tags": ["kondraki\u535a\u58eb", "\u5353\u6587\u5eb7\u5353\u5947", "\u539f\u5275", "\u85dd\u8853\u4f5c\u54c1"]}, {"created_at": "1596557619", "created_by_id": "5255954", "name": "vehicle-list", "rating_vote": "8", "rating": "8", "tags": ["ru", "\u6307\u5c0e", "\u7ffb\u8b6f"]}, {"created_at": "1596561612", "created_by_id": "5255954", "name": "human-sorrows-and-joys", "rating_vote": "13", "rating": "13", "tags": ["2020\u590f\u5b63\u7af6\u8cfd", "bright\u535a\u58eb", "glass\u535a\u58eb", "\u539f\u5275", "\u6545\u4e8b"]}, {"created_at": "1596586186", "created_by_id": "6300422", "name": "bright-family", "rating_vote": "10", "rating": "10", "tags": ["bright\u535a\u58eb", "\u539f\u5275", "\u85dd\u8853\u4f5c\u54c1"]}, {"created_at": "1596603503", "created_by_id": "3981670", "name": "history-of-the-universe-hub", "rating_vote": "1", "rating": "1", "tags": ["en", "\u4e2d\u5fc3", "\u5fc3\u5f97", "\u7ffb\u8b6f"]}, {"created_at": "1596626001", "created_by_id": "5415046", "name": "scp-zh-461", "rating_vote": "11", "rating": "9", "tags": ["2020\u590f\u5b63\u7af6\u8cfd", "safe", "scp", "site-zh-02", "\u4eba\u9020\u7269\u54c1", "\u539f\u5275", "\u611f\u77e5\u5f71\u97ff", "\u6676\u9ad4", "\u7cbe\u795e\u5f71\u97ff", "\u8a8d\u77e5\u5371\u5bb3"]}, {"created_at": "1596641656", "created_by_id": "5206218", "name": "clef-and-dimitri-hit-the-road", "rating_vote": "10", "rating": "10", "tags": ["clef\u535a\u58eb", "en", "glass\u535a\u58eb", "strelnikov\u7279\u5de5", "yoric\u7279\u5de5", "\u5168\u7403\u8d85\u81ea\u7136\u806f\u76df", "\u5408\u8457", "\u6545\u4e8b", "\u7ffb\u8b6f"]}, {"created_at": "1596697596", "created_by_id": "5435485", "name": "scp-zh-717", "rating_vote": "15", "rating": "15", "tags": ["2020\u590f\u5b63\u7af6\u8cfd", "euclid", "scp", "\u539f\u5275", "\u5a92\u9ad4", "\u6a21\u56e0\u6548\u61c9", "\u77e5\u8b58", "\u7dda\u4e0a", "\u8996\u89ba\u6027", "\u89c0\u5bdf\u5f71\u97ff", "\u8a9e\u8a00", "\u8cc7\u8a0a", "\u9060\u5df1", "\u91ab\u5b78\u6027", "\u96fb\u8166"]}, {"created_at": "1596700290", "created_by_id": "3979351", "name": "anti-dark", "rating_vote": "7", "rating": "7", "tags": ["kris\u535a\u58eb", "site-zh-25", "site-zh-81", "\u539f\u5275", "\u548c\u671d\u7fa9", "\u5929\u5df2\u5802", "\u5de6\u6487\u5b50", "\u5f35\u9053\u58eb", "\u6545\u4e8b", "\u65b0\u8336\u5dba", "\u6b32\u8089\u6559", "\u96f6\u865f\u5c08\u968a"]}, {"created_at": "1596784466", "created_by_id": "5370805", "name": "toothbrush-as-xmas-gift", "rating_vote": "6", "rating": "6", "tags": ["\u539f\u5275", "\u85dd\u8853\u4f5c\u54c1"]}, {"created_at": "1596899301", "created_by_id": "3699277", "name": "scp-2616-jp", "rating_vote": "11", "rating": "11", "tags": ["jp", "jp-\u8b0a\u8a00\u7af6\u8cfd2020", "safe", "scp", "\u53cd\u71b5", "\u5c4d\u9ad4", "\u5efa\u7bc9\u7269", "\u7ffb\u8b6f"]}, {"created_at": "1596960197", "created_by_id": "3980953", "name": "scp-5409", "rating_vote": "8", "rating": "8", "tags": ["en", "safe", "scp", "\u690d\u7269", "\u6a39\u6728", "\u6d3b\u7269", "\u73a9\u5177", "\u7ffb\u8b6f"]}, {"created_at": "1596965257", "created_by_id": "5334590", "name": "scp-zh-014", "rating_vote": "22", "rating": "20", "tags": ["2020\u590f\u5b63\u7af6\u8cfd", "k\u7d1a\u60c5\u666f", "safe", "scp", "\u4e09\u57a3", "\u50b3\u67d3\u6027", "\u539f\u5275", "\u5408\u8457", "\u5730\u9ede", "\u5c4d\u9ad4", "\u6587\u737b", "\u7cbe\u795e\u5f71\u97ff", "\u8072\u97f3"]}, {"created_at": "1596967395", "created_by_id": "5013754", "name": "scp-527", "rating_vote": "2", "rating": "2", "tags": ["en", "euclid", "scp", "wondertainment\u535a\u58eb", "\u4eba\u5f62", "\u52d5\u7269", "\u5c0f\u5c0f\u5148\u751f", "\u611f\u77e5\u529b", "\u667a\u80fd", "\u6d3b\u7269", "\u7ffb\u8b6f", "\u9b5a\u985e"]}, {"created_at": "1596982643", "created_by_id": "5415046", "name": "scp-zh-451", "rating_vote": "36", "rating": "2", "tags": ["2020\u590f\u5b63\u7af6\u8cfd", "2020\u6500\u722c\u91d1\u5b57\u5854", "keter", "scp", "site-zh-02", "\u50b3\u67d3\u6027", "\u52d5\u7269", "\u539f\u5275", "\u570b\u5b89\u5341\u4e5d\u5c40", "\u5bc4\u751f\u6027", "\u6a21\u56e0\u6548\u61c9"]}, {"created_at": "1596982830", "created_by_id": "3980953", "name": "scp-2642", "rating_vote": "2", "rating": "2", "tags": ["en", "en-\u77ed\u6587\u7af6\u8cfd2015", "euclid", "scp", "\u5fc3\u9748\u611f\u61c9", "\u6a21\u56e0\u6548\u61c9", "\u7ffb\u8b6f", "\u8cc7\u8a0a\u5371\u5bb3"]}, {"created_at": "1597028615", "created_by_id": "3699277", "name": "scp-2144-jp", "rating_vote": "14", "rating": "14", "tags": ["euclid", "jp", "jp-\u8b0a\u8a00\u7af6\u8cfd2020", "meta", "scp", "\u57fa\u91d1\u6703\u88fd\u9020", "\u611f\u77e5\u529b", "\u6558\u8ff0\u6027", "\u6575\u610f", "\u7ffb\u8b6f", "\u96fb\u8166"]}, {"created_at": "1597039724", "created_by_id": "3979351", "name": "nobody-s-home", "rating_vote": "8", "rating": "6", "tags": ["2020\u590f\u5b63\u7af6\u8cfd", "goi\u683c\u5f0f", "ijamea", "mc&amp;d", "nobody", "\u539f\u5275", "\u65b0\u8336\u5dba", "\u683c\u9b6f\u70cf-p\u90e8\u9580"]}, {"created_at": "1597049394", "created_by_id": "6633993", "name": "the-art-work-collection-of-wright-wilson-3", "rating_vote": "9", "rating": "9", "tags": ["\u539f\u5275", "\u85dd\u8853\u4f5c\u54c1"]}, {"created_at": "1597049525", "created_by_id": "3690227", "name": "in-the-clutches-of-life", "rating_vote": "7", "rating": "7", "tags": ["en", "en-\u672b\u65e52018", "mc&amp;d", "\u6545\u4e8b", "\u6b7b\u4ea1\u7d42\u4e86", "\u7ffb\u8b6f"]}]