[{"created_at": "1639424348", "created_by_id": "5415046", "name": "memebodies", "rating_vote": "3", "rating": "3", "tags": ["awcy", "en", "nobody", "\u4e0d\u5728\u5834\u8005", "\u6545\u4e8b", "\u7ffb\u8b6f", "\u9ed1\u5154\u516c\u53f8"]}, {"created_at": "1639441043", "created_by_id": "7073060", "name": "admonition-hub", "rating_vote": "7", "rating": "7", "tags": ["en", "\u4e2d\u5fc3\u9801", "\u6df1\u4e95\u76ee\u9304", "\u7ffb\u8b6f"]}, {"created_at": "1639473765", "created_by_id": "5325850", "name": "scp-4107", "rating_vote": "5", "rating": "5", "tags": ["en", "euclid", "meta", "scp", "\u4eba\u5f62", "\u5c4d\u9ad4", "\u5faa\u74b0", "\u7ffb\u8b6f", "\u9006\u6a21\u56e0"]}, {"created_at": "1639487982", "created_by_id": "6217438", "name": "nobody-likes-a-sneak", "rating_vote": "4", "rating": "4", "tags": ["en", "nobody", "\u4e0d\u5728\u5834\u8005", "\u4e0d\u5fa9\u8fd4", "\u6545\u4e8b", "\u7ffb\u8b6f"]}, {"created_at": "1639501296", "created_by_id": "5415046", "name": "scp-2241-jp", "rating_vote": "8", "rating": "8", "tags": ["euclid", "jp", "scp", "\u5c4d\u9ad4", "\u7cbe\u795e\u5f71\u97ff", "\u7dda\u4e0a", "\u7ffb\u8b6f"]}, {"created_at": "1639755648", "created_by_id": "4990678", "name": "left-of-harbinger-2", "rating_vote": "1", "rating": "1", "tags": ["jp", "\u7ffb\u8b6f", "\u85dd\u8853\u4f5c\u54c1"]}, {"created_at": "1639756253", "created_by_id": "4990678", "name": "agent-senba", "rating_vote": "1", "rating": "1", "tags": ["jp", "\u7ffb\u8b6f", "\u85dd\u8853\u4f5c\u54c1"]}, {"created_at": "1639771846", "created_by_id": "7469850", "name": "lies-we-believe", "rating_vote": "10", "rating": "10", "tags": ["2021\u8056\u591c\u76f8\u5b88", "\u4f69\u68ee\u5c3c\u723e", "\u539f\u5275", "\u6545\u4e8b", "\u8f49\u4e16\u8a08\u5283"]}, {"created_at": "1639837417", "created_by_id": "5415046", "name": "scp-zh-398", "rating_vote": "14", "rating": "14", "tags": ["keter", "scp", "\u50b3\u9001", "\u539f\u5275", "\u5f37\u8feb\u6027", "\u5faa\u74b0", "\u6575\u610f", "\u7cbe\u795e\u5f71\u97ff", "\u96d5\u50cf"]}, {"created_at": "1639896792", "created_by_id": "5415046", "name": "scp-1451", "rating_vote": "4", "rating": "4", "tags": ["en", "euclid", "scp", "\u4eba\u5f62", "\u5730\u9ede", "\u6587\u737b", "\u6c34\u68f2", "\u7ffb\u8b6f", "\u81ea\u4e3b", "\u91d1\u5c6c", "\u96d5\u50cf"]}, {"created_at": "1639898185", "created_by_id": "5334590", "name": "turths-we-believe", "rating_vote": "11", "rating": "11", "tags": ["2021\u8056\u591c\u76f8\u5b88", "bales\u535a\u58eb", "site-zh-16", "\u539f\u5275", "\u6545\u4e8b", "\u7814\u7a76\u54e1l.what", "\u90fd\u7570\u90e8\u9580"]}, {"created_at": "1639904733", "created_by_id": "6787405", "name": "in-his-own-image", "rating_vote": "1", "rating": "1", "tags": ["en", "\u4e2d\u5fc3", "\u7ffb\u8b6f"]}, {"created_at": "1639925754", "created_by_id": "4990678", "name": "riariaria2", "rating_vote": "15", "rating": "15", "tags": ["2021\u8056\u591c\u76f8\u5b88", "\u539f\u5275", "\u85dd\u8853\u4f5c\u54c1"]}, {"created_at": "1639939421", "created_by_id": "3423434", "name": "the-drooling-path-part-1", "rating_vote": "3", "rating": "3", "tags": ["en", "glass\u535a\u58eb", "\u6545\u4e8b", "\u7ffb\u8b6f"]}, {"created_at": "1639965515", "created_by_id": "5987568", "name": "what-the-fuck-is-this-pizza", "rating_vote": "15", "rating": "15", "tags": ["2021\u8056\u591c\u76f8\u5b88", "\u4e09\u57a3", "\u539f\u5275", "\u5c55\u51fa", "\u6545\u4e8b"]}, {"created_at": "1640006450", "created_by_id": "5956873", "name": "pelia-start", "rating_vote": "12", "rating": "12", "tags": ["2021\u8056\u591c\u76f8\u5b88", "chrome", "site-zh-02", "\u539f\u5275", "\u6545\u4e8b"]}, {"created_at": "1640043379", "created_by_id": "7073060", "name": "scp-blank-j", "rating_vote": "6", "rating": "6", "tags": ["en", "marion-wheeler", "meta", "scp", "\u641e\u7b11", "\u6a5f\u5bc6\u5206\u7d1a", "\u7ffb\u8b6f"]}, {"created_at": "1640190198", "created_by_id": "5334590", "name": "scp-zh-399", "rating_vote": "29", "rating": "29", "tags": ["2021\u8056\u591c\u76f8\u5b88", "euclid", "scp", "\u539f\u5275", "\u672c\u8cea\u4fc3\u52d5", "\u7cbe\u795e\u5f71\u97ff", "\u8a8d\u77e5\u5371\u5bb3", "\u90fd\u7570\u90e8\u9580"]}, {"created_at": "1640272952", "created_by_id": "4239775", "name": "xmas-eve-art", "rating_vote": "13", "rating": "13", "tags": ["2021\u8056\u591c\u76f8\u5b88", "\u539f\u5275", "\u85dd\u8853\u4f5c\u54c1", "\u8f49\u4e16\u8a08\u5283"]}, {"created_at": "1640361896", "created_by_id": "4990678", "name": "zh999-contest", "rating_vote": "12", "rating": "12", "tags": ["zh999", "\u4e2d\u5fc3", "\u539f\u5275", "\u7af6\u8cfd"]}]