[{"created_at": "1555221581", "created_by_id": "4213515", "name": "dado-hub", "rating_vote": "12", "rating": "12", "tags": ["dado", "en", "\u4e2d\u5fc3", "\u7ffb\u8b6f"]}, {"created_at": "1555227401", "created_by_id": "4213515", "name": "eco-09", "rating_vote": "8", "rating": "8", "tags": ["goi\u683c\u5f0f", "site-zh-02", "\u539f\u5275", "\u9644\u52a0\u8cc7\u6599"]}, {"created_at": "1555247246", "created_by_id": "5062193", "name": "scp-343", "rating_vote": "8", "rating": "4", "tags": ["en", "safe", "scp", "\u300c\u4e0a\u5e1d\u300d", "\u4eba\u5f62", "\u50b3\u9001", "\u5fc3\u9748\u611f\u61c9", "\u5ff5\u529b", "\u672c\u8cea\u4fc3\u52d5", "\u6d3b\u7269", "\u7cbe\u795e\u5f71\u97ff", "\u7ffb\u8b6f"]}, {"created_at": "1555288647", "created_by_id": "5039979", "name": "scp-276", "rating_vote": "5", "rating": "5", "tags": ["en", "euclid", "scp", "\u6642\u9593\u5f71\u97ff", "\u7ffb\u8b6f", "\u8f09\u5177"]}, {"created_at": "1555300780", "created_by_id": "5010943", "name": "scp-073", "rating_vote": "10", "rating": "10", "tags": ["en", "euclid", "scp", "\u4e0d\u53ef\u6467\u6bc0", "\u4e9e\u4f2f", "\u4eba\u5f62", "\u611f\u77e5\u529b", "\u667a\u80fd", "\u6d3b\u7269", "\u7ffb\u8b6f", "\u8089\u98df\u6027", "\u8a72\u96b1", "\u91d1\u5c6c", "\u96d5\u523b"]}, {"created_at": "1555502708", "created_by_id": "5039979", "name": "scp-280", "rating_vote": "5", "rating": "5", "tags": ["en", "keter", "scp", "\u4eba\u5f62", "\u50b3\u9001", "\u5149\u7167\u5f71\u97ff", "\u63a0\u596a\u6027", "\u7121\u5f62", "\u7ffb\u8b6f"]}, {"created_at": "1555556787", "created_by_id": "5039979", "name": "scp-2984", "rating_vote": "8", "rating": "6", "tags": ["en", "en-\u77ed\u6587\u7af6\u8cfd2015", "euclid", "scp", "\u52d5\u7269", "\u6d3b\u7269", "\u706b", "\u733f\u985e", "\u7ffb\u8b6f"]}, {"created_at": "1555590851", "created_by_id": "4990678", "name": "valentine-01", "rating_vote": "12", "rating": "12", "tags": ["\u539f\u5275", "\u85dd\u8853\u4f5c\u54c1"]}, {"created_at": "1555591695", "created_by_id": "3979351", "name": "scp-682-j-james-coloring-book", "rating_vote": "9", "rating": "9", "tags": ["en", "\u5408\u4f5c", "\u7814\u7a76\u54e1james", "\u7ffb\u8b6f", "\u85dd\u8853\u4f5c\u54c1", "\u9644\u52a0\u8cc7\u6599"]}, {"created_at": "1555752060", "created_by_id": "4701365", "name": "scp-4148", "rating_vote": "4", "rating": "4", "tags": ["en", "euclid", "scp", "\u52d5\u7269", "\u53cd\u71b5", "\u6606\u87f2", "\u661f\u969b", "\u7ffb\u8b6f"]}, {"created_at": "1555752697", "created_by_id": "4239775", "name": "wilson-s-wildlife-solutions-hub", "rating_vote": "6", "rating": "6", "tags": ["en", "\u4e2d\u5fc3", "\u5a01\u723e\u905c\u751f\u7269\u61c9\u5c0d\u7d44", "\u7ffb\u8b6f"]}, {"created_at": "1555752921", "created_by_id": "4990678", "name": "scp-zh-510", "rating_vote": "10", "rating": "10", "tags": ["lofia", "safe", "scp", "\u4eba\u9020\u7269\u54c1", "\u539f\u5275"]}, {"created_at": "1555753233", "created_by_id": "4990678", "name": "scp-zh-406", "rating_vote": "11", "rating": "11", "tags": ["keter", "scp", "site-zh-02", "\u539f\u5275", "\u9006\u6a21\u56e0"]}, {"created_at": "1555753814", "created_by_id": "4990678", "name": "site-zh-02-eater", "rating_vote": "10", "rating": "10", "tags": ["site-zh-02", "\u539f\u5275", "\u6545\u4e8b"]}, {"created_at": "1555754108", "created_by_id": "4990678", "name": "esther", "rating_vote": "8", "rating": "8", "tags": ["goi\u683c\u5f0f", "\u539f\u5275", "\u5a01\u723e\u905c\u751f\u7269\u61c9\u5c0d\u7d44", "\u65e5\u672c\u751f\u985e\u5275\u7814"]}, {"created_at": "1555754240", "created_by_id": "4990678", "name": "scp-zh-618", "rating_vote": "41", "rating": "41", "tags": ["safe", "scp", "site-zh-02", "\u539f\u5275", "\u5730\u4e0b\u8857", "\u751f\u7269\u6027", "\u7e41\u5ee3"]}, {"created_at": "1555760023", "created_by_id": "3979351", "name": "scp-404-jp", "rating_vote": "11", "rating": "11", "tags": ["jp", "meta", "safe", "scp", "\u4e8c\u6b21\u7ffb\u8b6f", "\u5a92\u9ad4", "\u6587\u737b", "\u7ffb\u8b6f", "\u8a18\u61b6\u5f71\u97ff"]}, {"created_at": "1555842683", "created_by_id": "4128767", "name": "counseling-room", "rating_vote": "10", "rating": "2", "tags": ["site-zh-02", "\u539f\u5275", "\u6545\u4e8b"]}, {"created_at": "1555849623", "created_by_id": "3979351", "name": "scp-901-th", "rating_vote": "4", "rating": "4", "tags": ["safe", "scp", "th", "\u4e8c\u6b21\u7ffb\u8b6f", "\u4eba\u5f62", "\u4eba\u9020\u7269\u54c1", "\u6575\u5c0d", "\u670d\u88dd", "\u795e\u7d93", "\u7cbe\u795e\u5f71\u97ff", "\u7ffb\u8b6f", "\u85dd\u8853\u6027"]}, {"created_at": "1555924941", "created_by_id": "3979351", "name": "scp-707", "rating_vote": "5", "rating": "3", "tags": ["en", "safe", "scp", "\u73a9\u5177", "\u7ffb\u8b6f", "\u8b8a\u5f62"]}]