[{"created_at": "1641275463", "created_by_id": "3981670", "name": "scp-6130", "rating_vote": "8", "rating": "8", "tags": ["en", "en-\u4ea4\u63db\u85dd\u8853", "safe", "scp", "\u5100\u5668", "\u57fa\u91d1\u6703\u88fd\u9020", "\u6230\u8853\u795e\u5b78\u90e8", "\u7ffb\u8b6f", "\u96fb\u5b50"]}, {"created_at": "1641305130", "created_by_id": "6127045", "name": "scp-zh-909", "rating_vote": "22", "rating": "6", "tags": ["scp", "thaumiel", "zh999", "\u539f\u5275", "\u611f\u77e5\u529b", "\u672a\u6536\u5bb9", "\u8d85\u7dad\u5ea6"]}, {"created_at": "1641305475", "created_by_id": "5415046", "name": "scp-143", "rating_vote": "7", "rating": "7", "tags": ["en", "euclid", "scp", "\u690d\u7269", "\u6a39\u6728", "\u6d3b\u52d5\u5c55\u51fa", "\u6d3b\u7269", "\u7269\u7a2e", "\u7ffb\u8b6f"]}, {"created_at": "1641578196", "created_by_id": "5415046", "name": "scp-217", "rating_vote": "4", "rating": "4", "tags": ["en", "keter", "scp", "\u75c5\u6bd2", "\u767c\u689d", "\u7834\u788e\u4e4b\u795e\u6559\u6703", "\u7ffb\u8b6f", "\u8b8a\u5f62"]}, {"created_at": "1641650094", "created_by_id": "5334590", "name": "scp-zh-560", "rating_vote": "15", "rating": "15", "tags": ["keter", "scp", "zh999", "\u539f\u5275", "\u5c4d\u9ad4", "\u5efa\u7bc9\u7269", "\u6709\u6a5f"]}, {"created_at": "1641700355", "created_by_id": "5415046", "name": "scp-229", "rating_vote": "7", "rating": "7", "tags": ["en", "euclid", "scp", "\u7ffb\u8b6f", "\u81ea\u4e3b", "\u81ea\u6211\u8907\u88fd", "\u91d1\u5c6c", "\u96fb\u529b"]}, {"created_at": "1641710201", "created_by_id": "5338547", "name": "hahacloth", "rating_vote": "7", "rating": "7", "tags": ["2021\u8056\u591c\u76f8\u5b88", "\u539f\u5275", "\u6545\u4e8b", "\u6d17\u8863\u90e8\u9580"]}, {"created_at": "1641718297", "created_by_id": "7469850", "name": "scp-zh-916", "rating_vote": "18", "rating": "18", "tags": ["scp", "site-zh-16", "thaumiel", "zh999", "\u539f\u5275", "\u53cd\u71b5", "\u53cd\u7269\u7406\u5b9a\u5f8b", "\u6642\u9593\u5f71\u97ff", "\u7834\u788e\u4e4b\u795e\u6559\u6703"]}, {"created_at": "1641729410", "created_by_id": "5325850", "name": "fan-made-zh12-fiction", "rating_vote": "11", "rating": "11", "tags": ["2021\u8056\u591c\u76f8\u5b88", "ad\u535a\u58eb", "apoyn\u535a\u58eb", "owen", "site-zh-12", "\u539f\u5275", "\u6545\u4e8b"]}, {"created_at": "1641729421", "created_by_id": "5956873", "name": "maimaimiamia", "rating_vote": "9", "rating": "9", "tags": ["2021\u8056\u591c\u76f8\u5b88", "chrome", "site-zh-12", "site-zh-81", "\u539f\u5275", "\u6545\u4e8b"]}, {"created_at": "1641740790", "created_by_id": "6788064", "name": "adiscoolyesss", "rating_vote": "8", "rating": "8", "tags": ["2021\u8056\u591c\u76f8\u5b88", "\u539f\u5275", "\u85dd\u8853\u4f5c\u54c1"]}, {"created_at": "1641741247", "created_by_id": "5684299", "name": "setu-plan", "rating_vote": "8", "rating": "8", "tags": ["2021\u8056\u591c\u76f8\u5b88", "ijamea", "\u539f\u5275", "\u6276\u6851\u7d00", "\u7b2c\u516b\u8655"]}, {"created_at": "1641743546", "created_by_id": "4990678", "name": "scp-zh-082", "rating_vote": "24", "rating": "24", "tags": ["2021\u8056\u591c\u76f8\u5b88", "safe", "scp", "site-zh-44", "\u5149\u7167\u5f71\u97ff", "\u539f\u5275", "\u591c\u9593\u6d3b\u52d5", "\u5e7b\u89ba", "\u5f37\u8feb\u6027", "\u6606\u87f2", "\u7cbe\u795e\u5f71\u97ff", "\u90fd\u7570\u90e8\u9580", "\u98df\u7269"]}, {"created_at": "1641743708", "created_by_id": "7605593", "name": "scp-zh-065", "rating_vote": "11", "rating": "9", "tags": ["2021\u8056\u591c\u76f8\u5b88", "safe", "scp", "site-zh-25", "\u539f\u5275", "\u53cd\u71b5", "\u5e7b\u89ba", "\u5f37\u8feb\u6027", "\u611f\u77e5\u5f71\u97ff", "\u7cbe\u795e\u5f71\u97ff", "\u807d\u89ba\u5f71\u97ff", "\u8a18\u61b6\u5f71\u97ff", "\u91ab\u5b78\u6027", "\u98df\u7269"]}, {"created_at": "1641743743", "created_by_id": "6104968", "name": "raincoat", "rating_vote": "8", "rating": "8", "tags": ["2021\u8056\u591c\u76f8\u5b88", "\u539f\u5275", "\u85dd\u8853\u4f5c\u54c1"]}, {"created_at": "1641820811", "created_by_id": "6952002", "name": "duality-of-man", "rating_vote": "11", "rating": "11", "tags": ["\u539f\u5275", "\u7814\u7a76\u54e1lucifelle", "\u85dd\u8853\u4f5c\u54c1", "\u8f49\u4e16\u8a08\u5283"]}, {"created_at": "1641824481", "created_by_id": "6952002", "name": "that-volutaar", "rating_vote": "12", "rating": "12", "tags": ["kris\u535a\u58eb", "\u539f\u5275", "\u85dd\u8853\u4f5c\u54c1"]}, {"created_at": "1641921424", "created_by_id": "7469850", "name": "pao-mian-s-retribution", "rating_vote": "11", "rating": "11", "tags": ["\u539f\u5275", "\u6545\u4e8b"]}, {"created_at": "1642078227", "created_by_id": "6369875", "name": "scp-pl-020", "rating_vote": "1", "rating": "1", "tags": ["pl", "safe", "scp", "\u4eba\u5f62", "\u4eba\u9020\u7269\u54c1", "\u5bb6\u96fb\u7528\u54c1", "\u7ffb\u8b6f", "\u8ecd\u4e8b"]}, {"created_at": "1642078551", "created_by_id": "6369875", "name": "scp-es-284", "rating_vote": "2", "rating": "2", "tags": ["es", "scp", "\u4eba\u5f62", "\u5171\u611f", "\u611f\u77e5\u529b", "\u7121\u5f62", "\u7121\u6548\u5316", "\u7ffb\u8b6f"]}]