[{"created_at": "1584555386", "created_by_id": "5255954", "name": "scp-2300", "rating_vote": "6", "rating": "6", "tags": ["en", "euclid", "scp", "\u4eba\u5f62", "\u611f\u77e5\u529b", "\u667a\u80fd", "\u7ffb\u8b6f", "\u81ea\u4e3b", "\u81ea\u6211\u4fee\u5fa9", "\u85dd\u8853\u6027"]}, {"created_at": "1584590255", "created_by_id": "6217438", "name": "scp-3936", "rating_vote": "15", "rating": "15", "tags": ["en", "k\u7d1a\u60c5\u666f", "scp", "thaumiel", "\u5efa\u7bc9\u7269", "\u672c\u8cea\u4fc3\u52d5", "\u7ffb\u8b6f"]}, {"created_at": "1584604929", "created_by_id": "5435485", "name": "scp-085", "rating_vote": "3", "rating": "3", "tags": ["en", "safe", "scp", "\u4eba\u5f62", "\u57fa\u91d1\u6703\u88fd\u9020", "\u611f\u77e5\u529b", "\u667a\u80fd", "\u7570\u5e38\u79fb\u52d5", "\u7ffb\u8b6f", "\u81ea\u4e3b", "\u85dd\u8853\u6027", "\u8996\u89ba\u6027", "\u9298\u6587"]}, {"created_at": "1584605249", "created_by_id": "3979351", "name": "scp-5983", "rating_vote": "4", "rating": "4", "tags": ["en", "en-\u6025\u8feb\u7af6\u8cfd2020", "scp", "thaumiel", "\u53cd\u7269\u7406\u5b9a\u5f8b", "\u6a5f\u7387\u6027", "\u7ffb\u8b6f"]}, {"created_at": "1584610686", "created_by_id": "5601790", "name": "scp-2178", "rating_vote": "0", "rating": "0", "tags": ["en", "euclid", "scp", "\u4eba\u5f62", "\u5168\u7403\u8d85\u81ea\u7136\u806f\u76df", "\u5730\u8cea", "\u5a92\u9ad4", "\u611f\u77e5\u529b", "\u667a\u80fd", "\u6c23\u8c61", "\u6d3b\u7269", "\u7ffb\u8b6f", "\u86c7\u4e4b\u624b", "\u8996\u89ba\u6027", "\u8a18\u61b6\u5f71\u97ff", "\u8a8d\u77e5\u5371\u5bb3"]}, {"created_at": "1584616092", "created_by_id": "5604919", "name": "scp-000", "rating_vote": "7", "rating": "7", "tags": ["en", "\u6545\u4e8b", "\u76f8\u562f\u9b54", "\u7f85\u68ee\u7814\u7a76\u54e1", "\u7ffb\u8b6f"]}, {"created_at": "1584624954", "created_by_id": "5230135", "name": "descendant-of-fire", "rating_vote": "8", "rating": "8", "tags": ["\u539f\u5275", "\u85dd\u8853\u4f5c\u54c1"]}, {"created_at": "1584625540", "created_by_id": "5230135", "name": "three-faced-servant", "rating_vote": "7", "rating": "7", "tags": ["\u539f\u5275", "\u85dd\u8853\u4f5c\u54c1"]}, {"created_at": "1584629888", "created_by_id": "5435485", "name": "scp-317", "rating_vote": "3", "rating": "3", "tags": ["en", "safe", "scp", "\u5c4d\u9ad4", "\u6050\u9f8d", "\u611f\u77e5\u529b", "\u6642\u9593\u5f71\u97ff", "\u667a\u80fd", "\u722c\u884c\u985e\u52d5\u7269", "\u7ffb\u8b6f", "\u8f09\u5177"]}, {"created_at": "1584634274", "created_by_id": "5255954", "name": "gengo", "rating_vote": "16", "rating": "16", "tags": ["jp", "\u7ffb\u8b6f", "\u85dd\u8853\u4f5c\u54c1"]}, {"created_at": "1584660774", "created_by_id": "6217438", "name": "scp-2874", "rating_vote": "4", "rating": "4", "tags": ["en", "meta", "safe", "scp", "\u4eba\u9020\u7269\u54c1", "\u5171\u611f", "\u5e7b\u89ba", "\u7ffb\u8b6f", "\u8996\u89ba\u6027", "\u8a8d\u77e5\u5371\u5bb3", "\u91d1\u5c6c"]}, {"created_at": "1584680917", "created_by_id": "6217438", "name": "scp-3203", "rating_vote": "4", "rating": "4", "tags": ["en", "meta", "scp", "thaumiel", "\u6982\u5ff5", "\u7ffb\u8b6f", "\u8ca8\u5e63"]}, {"created_at": "1584684369", "created_by_id": "5435485", "name": "scp-1867", "rating_vote": "5", "rating": "5", "tags": ["blackwood", "en", "safe", "scp", "\u52d5\u7269", "\u5fc3\u9748\u611f\u61c9", "\u667a\u80fd", "\u6c34\u68f2", "\u6d3b\u7269", "\u7121\u810a\u690e\u52d5\u7269", "\u77e5\u8b58", "\u7ffb\u8b6f"]}, {"created_at": "1584701680", "created_by_id": "5604919", "name": "scp-909", "rating_vote": "3", "rating": "3", "tags": ["en", "euclid", "scp", "wondertainment\u535a\u58eb", "\u4eba\u5f62", "\u5408\u8457", "\u5c0f\u5c0f\u5148\u751f", "\u6d3b\u7269", "\u7ffb\u8b6f", "\u8a18\u61b6\u5f71\u97ff"]}, {"created_at": "1584723584", "created_by_id": "4357011", "name": "scp-5253", "rating_vote": "4", "rating": "4", "tags": ["en", "en-\u6025\u8feb\u7af6\u8cfd2020", "keter", "scp", "\u53cd\u71b5", "\u6b77\u53f2\u6027", "\u795e\u7d93\u6027", "\u7ffb\u8b6f", "\u8cc7\u8a0a\u5371\u5bb3"]}, {"created_at": "1584778835", "created_by_id": "3979351", "name": "scp-568", "rating_vote": "2", "rating": "2", "tags": ["en", "safe", "scp", "\u4eba\u9020\u7269\u54c1", "\u6642\u7a7a", "\u7ffb\u8b6f", "\u8b8a\u5f62"]}, {"created_at": "1584779889", "created_by_id": "3979351", "name": "scp-ro-004", "rating_vote": "3", "rating": "3", "tags": ["euclid", "ro", "scp", "\u4e8c\u6b21\u7ffb\u8b6f", "\u7ffb\u8b6f"]}, {"created_at": "1584784990", "created_by_id": "3981670", "name": "scp-zh-2154-ex", "rating_vote": "10", "rating": "10", "tags": ["scp", "\u539f\u5275", "\u591c\u9593\u6d3b\u52d5", "\u5df2\u89e3\u660e", "\u5e7b\u89ba", "\u611f\u77e5\u5f71\u97ff", "\u7121\u5f62", "\u8996\u89ba\u6027"]}, {"created_at": "1584880445", "created_by_id": "3979351", "name": "scp-4046", "rating_vote": "4", "rating": "4", "tags": ["en", "eric", "safe", "scp", "wondertainment\u535a\u58eb", "\u73a9\u5177", "\u77e5\u8b58", "\u7cbe\u795e\u5f71\u97ff", "\u7f8e\u5999\u4e16\u754c", "\u7ffb\u8b6f", "\u8a18\u61b6\u5f71\u97ff", "\u96fb\u8166"]}, {"created_at": "1584882980", "created_by_id": "5604919", "name": "scp-902", "rating_vote": "3", "rating": "3", "tags": ["en", "keter", "scp", "\u5bb9\u5668", "\u7ffb\u8b6f", "\u8a8d\u77e5\u5371\u5bb3", "\u8cc7\u8a0a\u5371\u5bb3"]}]