[{"created_at": "1617467013", "created_by_id": "3981670", "name": "unthreaded", "rating_vote": "3", "rating": "3", "tags": ["en", "marion-wheeler", "\u6545\u4e8b", "\u7ffb\u8b6f"]}, {"created_at": "1617501018", "created_by_id": "2353778", "name": "scp-1420", "rating_vote": "2", "rating": "2", "tags": ["en", "euclid", "scp", "\u611f\u77e5\u529b", "\u6d3b\u7269", "\u722c\u884c\u985e\u52d5\u7269", "\u7ffb\u8b6f", "\u86c7\u985e", "\u9ce5\u985e"]}, {"created_at": "1617501174", "created_by_id": "2353778", "name": "additional-scp-1420-test-logs-can-be-found-here", "rating_vote": "1", "rating": "1", "tags": ["en", "\u5be6\u9a57", "\u7ffb\u8b6f", "\u9644\u52a0\u8cc7\u6599"]}, {"created_at": "1617501465", "created_by_id": "2353778", "name": "miss-heir", "rating_vote": "3", "rating": "3", "tags": ["en", "isabel\u4e94\u4e16", "wondertainment\u535a\u58eb", "\u6545\u4e8b", "\u7ffb\u8b6f"]}, {"created_at": "1617501698", "created_by_id": "2353778", "name": "museum-of-idiots", "rating_vote": "2", "rating": "2", "tags": ["en", "wondertainment\u535a\u58eb", "\u5c0f\u5c0f\u5148\u751f", "\u5fa9\u751f", "\u6545\u4e8b", "\u7ffb\u8b6f"]}, {"created_at": "1617502114", "created_by_id": "2353778", "name": "six-letters-addressed", "rating_vote": "2", "rating": "2", "tags": ["en", "mann\u535a\u58eb", "\u6545\u4e8b", "\u6bc0\u58de\u5047\u9762", "\u7ffb\u8b6f"]}, {"created_at": "1617528567", "created_by_id": "6217438", "name": "scp-5002", "rating_vote": "7", "rating": "7", "tags": ["en", "en-5000", "meta", "scp", "\u4eba\u5f62", "\u5c4d\u9ad4", "\u6558\u8ff0\u6027", "\u672c\u8cea\u4fc3\u52d5", "\u7121\u6548\u5316", "\u7ffb\u8b6f", "\u86c7\u4e4b\u624b"]}, {"created_at": "1617541659", "created_by_id": "6952002", "name": "valmua-compilation", "rating_vote": "12", "rating": "12", "tags": ["kris\u535a\u58eb", "\u539f\u5275", "\u85dd\u8853\u4f5c\u54c1"]}, {"created_at": "1617597160", "created_by_id": "5454699", "name": "the-plan-of-surprise-attack", "rating_vote": "3", "rating": "3", "tags": ["\u539f\u5275", "\u6545\u4e8b", "\u6c34\u9280"]}, {"created_at": "1617604248", "created_by_id": "2353778", "name": "scp-1421", "rating_vote": "1", "rating": "1", "tags": ["en", "euclid", "meta", "scp", "\u4eba\u5f62", "\u5e7b\u89ba", "\u5fc3\u9748\u611f\u61c9", "\u611f\u77e5\u529b", "\u667a\u80fd", "\u690d\u7269", "\u6a39\u6728", "\u6d3b\u7269", "\u7cbe\u795e\u5f71\u97ff", "\u7ffb\u8b6f", "\u807d\u89ba\u5f71\u97ff", "\u8996\u89ba\u6027", "\u8b8a\u5f62", "\u96fb\u529b"]}, {"created_at": "1617605205", "created_by_id": "2353778", "name": "scp-1825", "rating_vote": "2", "rating": "2", "tags": ["en", "safe", "scp", "\u53cd\u7269\u7406\u5b9a\u5f8b", "\u73a9\u5177", "\u7ffb\u8b6f", "\u904a\u6232", "\u9069\u61c9\u6027"]}, {"created_at": "1617605342", "created_by_id": "2353778", "name": "test-log-1825-01", "rating_vote": "1", "rating": "1", "tags": ["en", "\u5be6\u9a57", "\u7ffb\u8b6f", "\u9644\u52a0\u8cc7\u6599"]}, {"created_at": "1617708213", "created_by_id": "2353778", "name": "scp-2144", "rating_vote": "1", "rating": "1", "tags": ["en", "euclid", "scp", "\u52d5\u7269", "\u5316\u5b78\u6027", "\u611f\u77e5\u529b", "\u6d3b\u7269", "\u7ffb\u8b6f", "\u89c0\u5bdf\u5f71\u97ff", "\u8c93\u985e"]}, {"created_at": "1617708289", "created_by_id": "2353778", "name": "scp-2284", "rating_vote": "1", "rating": "1", "tags": ["en", "euclid", "mann\u535a\u58eb", "meta", "scp", "wondertainment\u535a\u58eb", "\u4eba\u5f62", "\u5c0f\u5c0f\u5148\u751f", "\u611f\u77e5\u529b", "\u667a\u80fd", "\u7cbe\u795e\u5f71\u97ff", "\u7ffb\u8b6f", "\u807d\u89ba\u5f71\u97ff", "\u8a8d\u77e5\u5371\u5bb3", "\u97f3\u983b"]}, {"created_at": "1617708509", "created_by_id": "2353778", "name": "scp-2284-a", "rating_vote": "1", "rating": "1", "tags": ["en", "\u7ffb\u8b6f", "\u9644\u52a0\u8cc7\u6599", "\u97f3\u983b"]}, {"created_at": "1617710660", "created_by_id": "5435485", "name": "scp-zh-873", "rating_vote": "7", "rating": "7", "tags": ["safe", "scp", "\u539f\u5275", "\u53cd\u5e38\u90e8", "\u5730\u4e0b", "\u57fa\u91d1\u6703\u88fd\u9020", "\u5c4d\u9ad4", "\u5efa\u7bc9\u7269"]}, {"created_at": "1617800401", "created_by_id": "5454699", "name": "scp-zh-833", "rating_vote": "11", "rating": "11", "tags": ["scp", "site-zh-13", "\u4eba\u5f62", "\u5100\u5f0f\u6027", "\u539f\u5275", "\u6642\u9418", "\u6642\u9593\u5f71\u97ff", "\u6c34\u9280", "\u6e3e\u6c8c\u53cd\u53db\u8ecd", "\u7121\u6548\u5316", "\u86db\u7db2\u570b\u969b"]}, {"created_at": "1617800428", "created_by_id": "5454699", "name": "the-plan-of-execution", "rating_vote": "7", "rating": "7", "tags": ["site-zh-13", "site-zh-81", "\u539f\u5275", "\u6545\u4e8b", "\u6c34\u9280", "\u6e3e\u6c8c\u53cd\u53db\u8ecd", "\u86db\u7db2\u570b\u969b"]}, {"created_at": "1617800607", "created_by_id": "2353778", "name": "scp-2430", "rating_vote": "1", "rating": "1", "tags": ["en", "euclid", "scp", "\u4eba\u5f62", "\u611f\u77e5\u529b", "\u667a\u80fd", "\u672a\u660e\u8ecd\u5718", "\u683c\u9b6f\u70cf-p\u90e8\u9580", "\u6b32\u8089\u6559", "\u751f\u7269\u6027", "\u7ffb\u8b6f", "\u81ea\u6211\u4fee\u5fa9"]}, {"created_at": "1617801751", "created_by_id": "2353778", "name": "scp-2600-cu", "rating_vote": "3", "rating": "3", "tags": ["en", "en-\u611a\u4eba\u7bc02014", "scp", "\u641e\u7b11", "\u6575\u610f", "\u667a\u80fd", "\u6a5f\u5bc6\u5206\u7d1a", "\u751f\u7269\u6027", "\u7ffb\u8b6f"]}]