[{"created_at": "1653966802", "created_by_id": "8033564", "name": "407", "rating_vote": "2", "rating": "2", "tags": ["en", "\u7ffb\u8b6f", "\u9644\u52a0\u8cc7\u6599"]}, {"created_at": "1654007268", "created_by_id": "6952002", "name": "pthahnil-s-social-media-user-icon", "rating_vote": "14", "rating": "14", "tags": ["\u4f69\u68ee\u5c3c\u723e", "\u539f\u5275", "\u85dd\u8853\u4f5c\u54c1", "\u8f49\u4e16\u8a08\u5283"]}, {"created_at": "1654072764", "created_by_id": "6217438", "name": "ddd-2034", "rating_vote": "10", "rating": "10", "tags": ["en", "scp", "\u641e\u7b11", "\u6a5f\u5bc6\u5206\u7d1a", "\u7ffb\u8b6f", "\u91d1\u5c6c"]}, {"created_at": "1654089862", "created_by_id": "4990678", "name": "amasora-aw-1", "rating_vote": "1", "rating": "1", "tags": ["jp", "\u7ffb\u8b6f", "\u85dd\u8853\u4f5c\u54c1", "\u89d2\u5b87\u91ce\u8a18\u9332\u5b98"]}, {"created_at": "1654090598", "created_by_id": "4990678", "name": "amasora-aw-2", "rating_vote": "2", "rating": "2", "tags": ["jp", "\u7ffb\u8b6f", "\u85dd\u8853\u4f5c\u54c1"]}, {"created_at": "1654128677", "created_by_id": "6217438", "name": "scp-6287", "rating_vote": "6", "rating": "6", "tags": ["en", "euclid", "scp", "\u57ce\u5e02", "\u5fae\u578b", "\u7ffb\u8b6f"]}, {"created_at": "1654158325", "created_by_id": "6217438", "name": "rounderhouse-critique-guide", "rating_vote": "18", "rating": "18", "tags": ["en", "\u5fc3\u5f97", "\u641e\u7b11", "\u7ffb\u8b6f"]}, {"created_at": "1654159414", "created_by_id": "7339523", "name": "scp-zh-182", "rating_vote": "12", "rating": "0", "tags": ["keter", "scp", "\u539f\u5275"]}, {"created_at": "1654305366", "created_by_id": "8033564", "name": "scp-557", "rating_vote": "3", "rating": "3", "tags": ["en", "euclid", "scp", "\u5730\u4e0b", "\u66f8\u5eab", "\u6b77\u53f2\u6027", "\u77f3\u982d", "\u7d50\u69cb\u7269", "\u7ffb\u8b6f", "\u91cd\u5beb", "\u96d5\u523b"]}, {"created_at": "1654324857", "created_by_id": "6788064", "name": "pthahnil-drees-relenaxd", "rating_vote": "11", "rating": "11", "tags": ["\u4f69\u68ee\u5c3c\u723e", "\u539f\u5275", "\u85dd\u8853\u4f5c\u54c1"]}, {"created_at": "1654330447", "created_by_id": "6091157", "name": "hedgehog-note-site-zh-12", "rating_vote": "12", "rating": "12", "tags": ["ad\u535a\u58eb", "apoyn\u535a\u58eb", "ctrl-z\u535a\u58eb", "kris\u535a\u58eb", "owen", "site-zh-12", "\u539f\u5275", "\u7814\u7a76\u54e1lucifelle", "\u85dd\u8853\u4f5c\u54c1"]}, {"created_at": "1654359369", "created_by_id": "7469850", "name": "do-you-know-i-love-you", "rating_vote": "15", "rating": "13", "tags": ["\u539f\u5275", "\u6545\u4e8b"]}, {"created_at": "1654363480", "created_by_id": "5334590", "name": "urban-legend-department", "rating_vote": "15", "rating": "15", "tags": ["\u4e2d\u5fc3", "\u539f\u5275", "\u90fd\u7570\u90e8\u9580"]}, {"created_at": "1654391179", "created_by_id": "5013754", "name": "unsolved-cases-mount-qilai-1970-1972", "rating_vote": "11", "rating": "11", "tags": ["\u539f\u5275", "\u6545\u4e8b", "\u90fd\u7570\u90e8\u9580"]}, {"created_at": "1654393723", "created_by_id": "6217438", "name": "scp-6513", "rating_vote": "7", "rating": "7", "tags": ["en", "keter", "scp", "\u52d5\u7269", "\u5bc4\u751f\u6027", "\u63a0\u98df\u6027", "\u6a21\u56e0\u6548\u61c9", "\u7403\u9ad4", "\u7cbe\u795e\u5f71\u97ff", "\u7ffb\u8b6f", "\u8868\u6f14", "\u9006\u6a21\u56e0"]}, {"created_at": "1654396071", "created_by_id": "7975483", "name": "glassautomaton-s-author-page", "rating_vote": "3", "rating": "3", "tags": ["en", "\u4f5c\u8005\u9801\u9762", "\u7ffb\u8b6f"]}, {"created_at": "1654397943", "created_by_id": "6952002", "name": "a-walk-in-the-fallout", "rating_vote": "12", "rating": "12", "tags": ["\u539f\u5275", "\u6545\u4e8b", "\u8f49\u4e16\u8a08\u5283"]}, {"created_at": "1654417401", "created_by_id": "6217438", "name": "scp-5861", "rating_vote": "6", "rating": "6", "tags": ["en", "keter", "scp", "\u53cd\u71b5", "\u5730\u9ede", "\u6982\u5ff5", "\u7ffb\u8b6f", "\u8a9e\u8a00", "\u8aa4\u50b3\u90e8"]}, {"created_at": "1654520550", "created_by_id": "8033564", "name": "scp-2711", "rating_vote": "2", "rating": "2", "tags": ["en", "safe", "scp", "\u4eba\u9020\u7269\u54c1", "\u5316\u5b78\u6027", "\u590f\u7570\u5e38", "\u6db2\u9ad4", "\u7834\u788e\u4e4b\u795e\u6559\u6703", "\u7ffb\u8b6f", "\u91d1\u5c6c", "\u96d5\u523b"]}, {"created_at": "1654575648", "created_by_id": "6217438", "name": "standard-form-for-downvotes", "rating_vote": "10", "rating": "10", "tags": ["en", "\u5fc3\u5f97", "\u641e\u7b11", "\u7ffb\u8b6f"]}]