[{"created_at": "1619699210", "created_by_id": "3314318", "name": "wowwee-go-kill-ursefl", "rating_vote": "3", "rating": "3", "tags": ["awcy", "en", "ruiz-duchamp", "\u6545\u4e8b", "\u7ffb\u8b6f"]}, {"created_at": "1619700911", "created_by_id": "3314318", "name": "it-just-shattered", "rating_vote": "1", "rating": "1", "tags": ["awcy", "en", "green\u7279\u5de5", "\u6545\u4e8b", "\u7ffb\u8b6f"]}, {"created_at": "1619712018", "created_by_id": "6083676", "name": "scp-5023", "rating_vote": "1", "rating": "1", "tags": ["2020\u9023\u5beb\u7af6\u8cfd", "en", "keter", "scp", "\u4eba\u5f62\u751f\u7269", "\u7cbe\u795e\u5f71\u97ff", "\u7ffb\u8b6f", "\u904a\u6232"]}, {"created_at": "1619755245", "created_by_id": "3314318", "name": "a-cooler-manifesto", "rating_vote": "2", "rating": "2", "tags": ["awcy", "en", "ruiz-duchamp", "\u5851\u50cf173", "\u6545\u4e8b", "\u7ffb\u8b6f"]}, {"created_at": "1619757767", "created_by_id": "3314318", "name": "snip-snip-snip", "rating_vote": "2", "rating": "2", "tags": ["awcy", "en", "\u6545\u4e8b", "\u7ffb\u8b6f"]}, {"created_at": "1619768823", "created_by_id": "6217438", "name": "scp-3309-declassification", "rating_vote": "3", "rating": "3", "tags": ["en", "\u7528\u6236\u89e3\u5bc6", "\u7ffb\u8b6f"]}, {"created_at": "1619785045", "created_by_id": "7320283", "name": "scp-4967", "rating_vote": "4", "rating": "4", "tags": ["en", "scp", "thaumiel", "\u4eba\u5f62", "\u5b97\u6559", "\u5c4d\u9ad4", "\u6230\u8853\u795e\u5b78\u90e8", "\u7ffb\u8b6f"]}, {"created_at": "1619792327", "created_by_id": "4990678", "name": "dandelion", "rating_vote": "2", "rating": "2", "tags": ["jp", "jp-2016\u63d2\u5716\u5927\u8cfda", "\u7ffb\u8b6f", "\u85dd\u8853\u4f5c\u54c1"]}, {"created_at": "1619794539", "created_by_id": "4990678", "name": "artnihonshorui", "rating_vote": "1", "rating": "1", "tags": ["jp", "\u7ffb\u8b6f", "\u85dd\u8853\u4f5c\u54c1"]}, {"created_at": "1619830418", "created_by_id": "6503482", "name": "scp5000contesthub", "rating_vote": "2", "rating": "2", "tags": ["en", "en-5000", "\u4e2d\u5fc3", "\u7af6\u8cfd", "\u7ffb\u8b6f"]}, {"created_at": "1619850438", "created_by_id": "4990678", "name": "ponkans-art", "rating_vote": "10", "rating": "10", "tags": ["jp", "\u7ffb\u8b6f", "\u85dd\u8853\u4f5c\u54c1"]}, {"created_at": "1619859774", "created_by_id": "5676764", "name": "anderson-robotics-hub", "rating_vote": "3", "rating": "3", "tags": ["en", "\u4e2d\u5fc3", "\u5b89\u5fb7\u68ee\u6a5f\u5668\u4eba", "\u7ffb\u8b6f"]}, {"created_at": "1619878038", "created_by_id": "6503482", "name": "scp6000contesthub", "rating_vote": "4", "rating": "4", "tags": ["en", "en-6000", "\u4e2d\u5fc3", "\u7af6\u8cfd", "\u7ffb\u8b6f"]}, {"created_at": "1619879671", "created_by_id": "5676764", "name": "dr-gears-s-proposal", "rating_vote": "3", "rating": "3", "tags": ["001\u63d0\u6848", "en", "scp", "\u4eba\u5f62", "\u50b3\u9001", "\u611f\u77e5\u529b", "\u63a0\u98df\u6027", "\u653e\u5c04\u6027", "\u6a5f\u5bc6\u5206\u7d1a", "\u751f\u7269\u6027", "\u7ffb\u8b6f", "\u91cd\u529b\u5f71\u97ff"]}, {"created_at": "1619954013", "created_by_id": "5701756", "name": "foxhunt", "rating_vote": "12", "rating": "12", "tags": ["\u539f\u5275", "\u6545\u4e8b", "\u7b2c\u516b\u8655"]}, {"created_at": "1619954214", "created_by_id": "5435485", "name": "scp-zh-736", "rating_vote": "33", "rating": "31", "tags": ["safe", "scp", "\u4eba\u9020\u7269\u54c1", "\u539f\u5275", "\u5c55\u51fa", "\u611f\u77e5\u529b", "\u8a18\u9304", "\u904a\u6232", "\u96fb\u5b50"]}, {"created_at": "1620015364", "created_by_id": "6217438", "name": "scp-3980", "rating_vote": "5", "rating": "5", "tags": ["en", "keter", "scp", "\u50b3\u67d3\u6027", "\u5c4d\u9ad4", "\u5e7b\u89ba", "\u611f\u77e5\u5f71\u97ff", "\u672a\u6536\u5bb9", "\u6982\u5ff5", "\u7cbe\u795e\u5f71\u97ff", "\u7ffb\u8b6f", "\u9006\u6a21\u56e0"]}, {"created_at": "1620038650", "created_by_id": "6217438", "name": "scp-3980-declassification", "rating_vote": "3", "rating": "3", "tags": ["en", "\u7528\u6236\u89e3\u5bc6", "\u7ffb\u8b6f"]}, {"created_at": "1620130918", "created_by_id": "5435485", "name": "the-ss-vs-ss", "rating_vote": "28", "rating": "28", "tags": ["semibreve\u535a\u58eb", "surge\u535a\u58eb", "willow\u7279\u5de5", "x\u535a\u58eb", "\u539f\u5275", "\u5730\u4e0b\u8857", "\u6545\u4e8b"]}, {"created_at": "1620132354", "created_by_id": "3314318", "name": "empty-unmarked-grave", "rating_vote": "4", "rating": "4", "tags": ["alexylva\u5927\u5b78", "awcy", "en", "isabel\u4e94\u4e16", "mc&amp;d", "nobody", "ruiz-duchamp", "the-administrator", "wondertainment\u535a\u58eb", "\u5168\u7403\u8d85\u81ea\u7136\u806f\u76df", "\u5730\u5e73\u7dda\u5021\u8b70", "\u6545\u4e8b", "\u6e3e\u6c8c\u53cd\u53db\u8ecd", "\u746a\u7d0d\u6148\u5584\u57fa\u91d1\u6703", "\u7ffb\u8b6f"]}]