[{"created_at": "1597940114", "created_by_id": "5956873", "name": "scp-zh-165", "rating_vote": "5", "rating": "5", "tags": ["2020\u590f\u5b63\u7af6\u8cfd", "keter", "scp", "site-zh-88", "\u539f\u5275"]}, {"created_at": "1597940153", "created_by_id": "4990678", "name": "self-service-laundry-zh", "rating_vote": "11", "rating": "11", "tags": ["2020\u590f\u5b63\u7af6\u8cfd", "\u539f\u5275", "\u5730\u4e0b\u8857", "\u6545\u4e8b", "\u6d17\u8863\u90e8\u9580"]}, {"created_at": "1597942805", "created_by_id": "4442284", "name": "ctf15-21-molly", "rating_vote": "12", "rating": "12", "tags": ["2020\u590f\u5b63\u7af6\u8cfd", "site-zh-16", "\u539f\u5275", "\u62cb\u9234\u4eba", "\u6545\u4e8b"]}, {"created_at": "1597951672", "created_by_id": "5338547", "name": "2zero2seven", "rating_vote": "4", "rating": "4", "tags": ["2020\u590f\u5b63\u7af6\u8cfd", "site-zh-16", "\u539f\u5275", "\u6545\u4e8b"]}, {"created_at": "1597972980", "created_by_id": "3981670", "name": "scp-zh-729", "rating_vote": "14", "rating": "14", "tags": ["2020\u590f\u5b63\u7af6\u8cfd", "scp", "\u52d5\u7269", "\u539f\u5275", "\u5fc3\u9748\u611f\u61c9", "\u6027", "\u667a\u80fd", "\u6a21\u56e0\u6548\u61c9", "\u7121\u6548\u5316", "\u722c\u87f2\u985e\u52d5\u7269", "\u7cbe\u795e\u5f71\u97ff", "\u8996\u89ba\u6027", "\u8a8d\u77e5\u5371\u5bb3"]}, {"created_at": "1598058552", "created_by_id": "4357011", "name": "scp-4219", "rating_vote": "2", "rating": "2", "tags": ["en", "scp", "thaumiel", "\u55c5\u89ba\u5f71\u97ff", "\u6a21\u56e0\u6548\u61c9", "\u7ffb\u8b6f", "\u807d\u89ba\u5f71\u97ff", "\u8996\u89ba\u6027", "\u8a8d\u77e5\u5371\u5bb3", "\u9006\u6a21\u56e0"]}, {"created_at": "1598065465", "created_by_id": "5013754", "name": "scp-629", "rating_vote": "2", "rating": "2", "tags": ["en", "safe", "scp", "wondertainment\u535a\u58eb", "\u4eba\u5f62", "\u5c0f\u5c0f\u5148\u751f", "\u5f85\u66f4\u65b0", "\u611f\u77e5\u529b", "\u667a\u80fd", "\u6a5f\u5668\u4eba", "\u767c\u689d", "\u7834\u788e\u4e4b\u795e\u6559\u6703", "\u7ffb\u8b6f", "\u91cd\u5beb", "\u91d1\u5c6c"]}, {"created_at": "1598114029", "created_by_id": "5415046", "name": "scp-2911-jp", "rating_vote": "22", "rating": "22", "tags": ["1998\u5e74", "awcy", "bright\u535a\u58eb", "clef\u535a\u58eb", "dc-al-fine", "everwood\u535a\u58eb", "ijamea", "jp", "k\u7d1a\u60c5\u666f", "moose\u4e3b\u4efb", "safe", "scp", "sheldon-katz", "uiu", "\u4e0d\u53ef\u79fb\u52d5", "\u4e94\u89d2\u661f", "\u4eba\u5f62", "\u5100\u5f0f\u6027", "\u5168\u7403\u8d85\u81ea\u7136\u806f\u76df", "\u570b\u5916\u6536\u5bb9", "\u5730\u5e73\u7dda\u5021\u8b70", "\u57ce\u5e02", "\u5b97\u6559", "\u5efa\u7bc9\u7269", "\u611f\u77e5\u529b", "\u666e\u7f85\u7c73\u4fee\u65af\u5be6\u9a57\u5ba4", "\u66fc\u54c8\u9813\u5371\u6a5f", "\u672c\u8cea\u4fc3\u52d5", "\u683c\u9b6f\u70cf-p\u90e8\u9580", "\u6b77\u53f2\u6027", "\u6c23\u9ad4", "\u6e3e\u6c8c\u53cd\u53db\u8ecd", "\u7406\u5916\u7814", "\u7fa4\u9ad4\u6027", "\u7ffb\u8b6f", "\u8607\u8377\u5f8c\u9580", "\u8d64\u7df4\u86c7\u4e4b\u624b", "\u8d85\u7dad\u5ea6", "\u9580\u5f91", "\u9e7f\u5b78\u9662", "\u9ed1\u7687\u540e"]}, {"created_at": "1598160967", "created_by_id": "5415046", "name": "the-f", "rating_vote": "6", "rating": "6", "tags": ["1998\u5e74", "jp", "\u590f\u9ce5\u601d\u60f3\u9023\u76df", "\u6545\u4e8b", "\u7ffb\u8b6f"]}, {"created_at": "1598163299", "created_by_id": "5255954", "name": "scp-hotline", "rating_vote": "8", "rating": "8", "tags": ["ru", "\u6545\u4e8b", "\u7ffb\u8b6f"]}, {"created_at": "1598189397", "created_by_id": "6503482", "name": "scp-006-j", "rating_vote": "7", "rating": "7", "tags": ["en", "keter", "scp", "\u641e\u7b11", "\u6606\u87f2", "\u751f\u7269\u6027", "\u7ffb\u8b6f"]}, {"created_at": "1598280626", "created_by_id": "5013754", "name": "scp-zh-061", "rating_vote": "12", "rating": "12", "tags": ["ijamea", "scp", "\u539f\u5275", "\u5c55\u51fa", "\u5faa\u74b0", "\u6a5f\u5bc6\u5206\u7d1a", "\u795e\u7570\u535a\u89bd\u6703", "\u81ea\u4e3b", "\u8490\u96c6\u9662", "\u8d85\u7dad\u5ea6", "\u8f09\u5177"]}, {"created_at": "1598315504", "created_by_id": "4128767", "name": "pic-isanagi-tatsuki", "rating_vote": "7", "rating": "7", "tags": ["jp", "\u65e5\u5949\u4e00\u65cf", "\u7ffb\u8b6f", "\u85dd\u8853\u4f5c\u54c1"]}, {"created_at": "1598426129", "created_by_id": "5013754", "name": "collected-item-no0665", "rating_vote": "7", "rating": "7", "tags": ["goi\u683c\u5f0f", "ijamea", "\u539f\u5275", "\u795e\u7570\u535a\u89bd\u6703", "\u8490\u96c6\u9662"]}, {"created_at": "1598445535", "created_by_id": "5415046", "name": "scp-1645-jp", "rating_vote": "12", "rating": "12", "tags": ["euclid", "jp", "jp-\u7121\u4e4b\u7af6\u8cfd2019", "scp", "\u6a21\u56e0\u6548\u61c9", "\u7cbe\u795e\u5f71\u97ff", "\u7ffb\u8b6f"]}, {"created_at": "1598458206", "created_by_id": "4128767", "name": "the-pantry-in-the-props-department", "rating_vote": "10", "rating": "0", "tags": ["site-zh-12", "\u539f\u5275", "\u6545\u4e8b"]}, {"created_at": "1598542577", "created_by_id": "5415046", "name": "scp-2041-jp", "rating_vote": "10", "rating": "10", "tags": ["1998\u5e74", "jp", "jp-2000", "keter", "scp", "yakushi", "\u50b3\u67d3\u6027", "\u5730\u9ede", "\u65e5\u5949\u4e00\u65cf", "\u672c\u8cea\u4fc3\u52d5", "\u6a21\u56e0\u6548\u61c9", "\u767d\u8272\u5bb6\u7cfb\u76ee\u9304", "\u7cbe\u795e\u5f71\u97ff", "\u7ffb\u8b6f", "\u8a8d\u77e5\u5371\u5bb3", "\u8a9e\u8a00", "\u8d85\u7dad\u5ea6", "\u91ab\u5b78\u6027"]}, {"created_at": "1598543292", "created_by_id": "5604919", "name": "scp-5251", "rating_vote": "12", "rating": "10", "tags": ["en", "meta", "safe", "scp", "\u50b3\u67d3\u6027", "\u5bb6\u96fb\u7528\u54c1", "\u76f8\u562f\u9b54", "\u77e5\u8b58", "\u7ffb\u8b6f", "\u8a18\u61b6\u5f71\u97ff", "\u96fb\u5b50"]}, {"created_at": "1598582410", "created_by_id": "5334590", "name": "scp-106", "rating_vote": "14", "rating": "14", "tags": ["en", "keter", "scp", "\u4eba\u5f62", "\u611f\u77e5\u529b", "\u63a0\u98df\u6027", "\u7ffb\u8b6f", "\u8150\u8755\u6027", "\u8a6d\u5384\u8001\u8005", "\u8d85\u7dad\u5ea6"]}, {"created_at": "1598605149", "created_by_id": "5956873", "name": "scp-zh-170", "rating_vote": "9", "rating": "5", "tags": ["keter", "scp", "\u4eba\u9020\u7269\u54c1", "\u50b3\u9001", "\u539f\u5275", "\u578b\u614b\u8b8a\u5316", "\u5efa\u7bc9\u7269", "\u8d85\u7dad\u5ea6", "\u9580\u5f91"]}]