[{"created_at": "1576602432", "created_by_id": "4357011", "name": "oneiroi", "rating_vote": "10", "rating": "10", "tags": ["en", "\u4e2d\u5fc3", "\u5922\u795e", "\u5f85\u66f4\u65b0", "\u7ffb\u8b6f", "\u91cd\u5beb"]}, {"created_at": "1576653375", "created_by_id": "5334590", "name": "article-number-065", "rating_vote": "10", "rating": "10", "tags": ["2019\u8056\u591c\u76f8\u5b88", "bales\u535a\u58eb", "goi\u683c\u5f0f", "reverberate\u535a\u58eb", "site-zh-16", "\u539f\u5275", "\u6c99\u7687\u5148\u77e5\u5354\u6703", "\u7814\u7a76\u54e1l.what"]}, {"created_at": "1576661977", "created_by_id": "5435485", "name": "scp-zh-002", "rating_vote": "37", "rating": "37", "tags": ["keter", "scp", "\u52d5\u7269", "\u539f\u5275", "\u53f0\u7063\u539f\u4f4f\u6c11", "\u672a\u6536\u5bb9", "\u751f\u7269\u6027", "\u91cd\u5beb"]}, {"created_at": "1576667584", "created_by_id": "4474355", "name": "ray-s-logo-apollyon", "rating_vote": "9", "rating": "9", "tags": ["\u539f\u5275", "\u85dd\u8853\u4f5c\u54c1"]}, {"created_at": "1576711874", "created_by_id": "5684299", "name": "aftermath-zh", "rating_vote": "12", "rating": "12", "tags": ["2019\u8056\u591c\u76f8\u5b88", "bales\u535a\u58eb", "reverberate\u535a\u58eb", "\u539f\u5275", "\u6545\u4e8b", "\u683c\u9b6f\u70cf-p\u90e8\u9580", "\u6c99\u7687\u5148\u77e5\u5354\u6703", "\u6e3e\u6c8c\u53cd\u53db\u8ecd", "\u7814\u7a76\u54e1l.what", "\u7b2c\u516b\u8655"]}, {"created_at": "1576741440", "created_by_id": "5255954", "name": "tsars-hub", "rating_vote": "20", "rating": "20", "tags": ["\u4e2d\u5fc3", "\u539f\u5275", "\u6c99\u7687\u5148\u77e5\u5354\u6703"]}, {"created_at": "1576771199", "created_by_id": "3981670", "name": "scp-zh-670", "rating_vote": "15", "rating": "15", "tags": ["safe", "scp", "site-zh-12", "\u4eba\u9020\u7269\u54c1", "\u539f\u5275", "\u53cd\u5927\u9ebb\u73a9\u5bb6"]}, {"created_at": "1576830158", "created_by_id": "3977603", "name": "scp-zh-300", "rating_vote": "19", "rating": "15", "tags": ["safe", "scp", "site-zh-02", "\u4ea4\u63db", "\u4eba\u9020\u7269\u54c1", "\u539f\u5275", "\u8d85\u7dad\u5ea6"]}, {"created_at": "1576846036", "created_by_id": "4239775", "name": "xmas-exercise", "rating_vote": "22", "rating": "22", "tags": ["2019\u8056\u591c\u76f8\u5b88", "reverberate\u535a\u58eb", "semibreve\u535a\u58eb", "site-zh-02", "site-zh-16", "site-zh-50", "site-zh-81", "\u539f\u5275", "\u5c55\u51fa", "\u6545\u4e8b", "\u7814\u7a76\u54e1l.what"]}, {"created_at": "1576850751", "created_by_id": "5344757", "name": "ambrose-chung-wen-kuan", "rating_vote": "20", "rating": "20", "tags": ["2019\u8056\u591c\u76f8\u5b88", "goi\u683c\u5f0f", "\u539f\u5275", "\u5b89\u5e03\u7f85\u65af\u9910\u5ef3", "\u641e\u7b11"]}, {"created_at": "1576930745", "created_by_id": "4213515", "name": "site-zh-17-ananke-area-logo", "rating_vote": "8", "rating": "8", "tags": ["\u539f\u5275", "\u85dd\u8853\u4f5c\u54c1"]}, {"created_at": "1577093853", "created_by_id": "5325850", "name": "what-is-site-zh12", "rating_vote": "12", "rating": "12", "tags": ["2019\u8056\u591c\u76f8\u5b88", "ad\u535a\u58eb", "apoyn\u535a\u58eb", "site-zh-12", "\u539f\u5275", "\u6545\u4e8b"]}, {"created_at": "1577106910", "created_by_id": "3981670", "name": "doing-the-safety-dance", "rating_vote": "11", "rating": "11", "tags": ["\u6307\u5c0e", "\u7ffb\u8b6f"]}, {"created_at": "1577156063", "created_by_id": "4990678", "name": "star-of-bethlehem", "rating_vote": "14", "rating": "14", "tags": ["2019\u8056\u591c\u76f8\u5b88", "\u539f\u5275", "\u6545\u4e8b"]}, {"created_at": "1577174111", "created_by_id": "5325850", "name": "art-for-zh258", "rating_vote": "12", "rating": "12", "tags": ["2019\u8056\u591c\u76f8\u5b88", "\u539f\u5275", "\u85dd\u8853\u4f5c\u54c1"]}, {"created_at": "1577187165", "created_by_id": "3979351", "name": "scp-zh-026", "rating_vote": "11", "rating": "7", "tags": ["2019\u8056\u591c\u76f8\u5b88", "safe", "scp", "x\u535a\u58eb", "\u4eba\u9020\u7269\u54c1", "\u539f\u5275", "\u5408\u8457", "\u73a9\u5177", "\u9169\u914a\u8857"]}, {"created_at": "1577224462", "created_by_id": "4990678", "name": "xmas-zh-2019", "rating_vote": "13", "rating": "13", "tags": ["\u4e2d\u79cb\u70cf\u8def\u8cfd", "\u539f\u5275", "\u85dd\u8853\u4f5c\u54c1"]}, {"created_at": "1577232004", "created_by_id": "5817419", "name": "xina-mas-2019", "rating_vote": "19", "rating": "19", "tags": ["2019\u8056\u591c\u76f8\u5b88", "ad\u535a\u58eb", "ain\u535a\u58eb", "apoyn\u535a\u58eb", "bales\u535a\u58eb", "ctrl-z\u535a\u58eb", "reverberate\u535a\u58eb", "surge\u535a\u58eb", "x\u535a\u58eb", "\u539f\u5275", "\u5f35\u9053\u58eb", "\u7814\u7a76\u54e1l.what", "\u85dd\u8853\u4f5c\u54c1"]}, {"created_at": "1577246744", "created_by_id": "5325850", "name": "something-you-cant-forget", "rating_vote": "10", "rating": "10", "tags": ["2019\u8056\u591c\u76f8\u5b88", "\u539f\u5275", "\u5f35\u9053\u58eb", "\u6545\u4e8b"]}, {"created_at": "1577287609", "created_by_id": "5435485", "name": "duck-s-xmas", "rating_vote": "17", "rating": "17", "tags": ["2019\u8056\u591c\u76f8\u5b88", "ad\u535a\u58eb", "ain\u535a\u58eb", "apoyn\u535a\u58eb", "bales\u535a\u58eb", "chrome", "ctrl-z\u535a\u58eb", "maddy", "reverberate\u535a\u58eb", "semibreve\u535a\u58eb", "surge\u535a\u58eb", "willow\u7279\u5de5", "x\u535a\u58eb", "\u539f\u5275", "\u5f35\u9053\u58eb", "\u7814\u7a76\u54e1l.what", "\u8449\u51e1\u535a\u58eb", "\u85dd\u8853\u4f5c\u54c1"]}]