[{"created_at": "1555926806", "created_by_id": "4213515", "name": "djkaktus-s-proposal-ii", "rating_vote": "8", "rating": "8", "tags": ["001\u63d0\u6848", "en", "en-\u672b\u65e52018", "keter", "k\u7d1a\u60c5\u666f", "scp", "\u4e0d\u53ef\u79fb\u52d5", "\u4eba\u5f62", "\u53cd\u71b5", "\u57fa\u91d1\u6703\u88fd\u9020", "\u611f\u77e5\u529b", "\u667a\u80fd", "\u7ffb\u8b6f", "\u8d85\u7dad\u5ea6", "\u91cd\u529b\u5f71\u97ff"]}, {"created_at": "1555940678", "created_by_id": "4913214", "name": "scp-116", "rating_vote": "5", "rating": "5", "tags": ["en", "euclid", "scp", "\u4eba\u5f62", "\u611f\u77e5\u529b", "\u6d3b\u7269", "\u7cbe\u795e\u5f71\u97ff", "\u7ffb\u8b6f", "\u8a9e\u8a00", "\u8b8a\u5f62"]}, {"created_at": "1556024436", "created_by_id": "4913214", "name": "scp-151", "rating_vote": "4", "rating": "4", "tags": ["en", "euclid", "scp", "\u6db2\u9ad4", "\u7ffb\u8b6f", "\u85dd\u8853\u6027", "\u8996\u89ba\u6027", "\u8a8d\u77e5\u5371\u5bb3"]}, {"created_at": "1556034440", "created_by_id": "5206218", "name": "dr-bright-s-personnel-file", "rating_vote": "6", "rating": "6", "tags": ["en", "\u4f5c\u8005\u9801\u9762", "\u7ffb\u8b6f"]}, {"created_at": "1556038606", "created_by_id": "4213515", "name": "template-translation", "rating_vote": "6", "rating": "6", "tags": ["\u539f\u5275", "\u5fc3\u5f97"]}, {"created_at": "1556085531", "created_by_id": "5255954", "name": "scp-1841", "rating_vote": "11", "rating": "11", "tags": ["en", "safe", "scp", "\u5fc3\u9748\u611f\u61c9", "\u6587\u737b", "\u7761\u7720", "\u77e5\u8b58", "\u7ffb\u8b6f"]}, {"created_at": "1556085683", "created_by_id": "1745583", "name": "sth-about-translation", "rating_vote": "11", "rating": "11", "tags": ["\u539f\u5275", "\u5fc3\u5f97"]}, {"created_at": "1556114948", "created_by_id": "3571906", "name": "scp-zh-118", "rating_vote": "20", "rating": "6", "tags": ["awcy", "safe", "scp", "\u52d5\u7269", "\u539f\u5275", "\u6b66\u5668", "\u751f\u7269\u6027", "\u9ce5\u985e"]}, {"created_at": "1556131110", "created_by_id": "5255954", "name": "scp-408", "rating_vote": "7", "rating": "7", "tags": ["en", "kondraki\u535a\u58eb", "safe", "scp", "\u5c4d\u9ad4", "\u6606\u87f2", "\u6d3b\u7269", "\u7a7a\u4e2d", "\u7ffb\u8b6f", "\u8702\u5de2\u601d\u7dad", "\u9c57\u7fc5\u76ee"]}, {"created_at": "1556181551", "created_by_id": "4213515", "name": "scp-zh-583", "rating_vote": "15", "rating": "13", "tags": ["keter", "scp", "\u539f\u5275", "\u6642\u7a7a", "\u6642\u9418"]}, {"created_at": "1556200258", "created_by_id": "3981670", "name": "scp-zh-477", "rating_vote": "18", "rating": "14", "tags": ["apoyn\u535a\u58eb", "keter", "scp", "\u539f\u5275"]}, {"created_at": "1556368728", "created_by_id": "4357011", "name": "how-to-adopt-a-butterfly-koi", "rating_vote": "4", "rating": "4", "tags": ["en", "goi\u683c\u5f0f", "\u5408\u8457", "\u7ffb\u8b6f", "\u86c7\u4e4b\u624b"]}, {"created_at": "1556531100", "created_by_id": "4357011", "name": "magnum-opus-or-a-diatribe-in-defence-of-cliche", "rating_vote": "8", "rating": "8", "tags": ["en", "\u6545\u4e8b", "\u7ffb\u8b6f"]}, {"created_at": "1556531492", "created_by_id": "4357011", "name": "about-deer", "rating_vote": "5", "rating": "5", "tags": ["en", "\u4e09\u6ce2\u7279\u862d", "\u6545\u4e8b", "\u6b32\u8089\u6559", "\u7ffb\u8b6f", "\u9e7f\u5b78\u9662"]}, {"created_at": "1556538898", "created_by_id": "5206218", "name": "scp-963", "rating_vote": "10", "rating": "10", "tags": ["bright\u535a\u58eb", "en", "euclid", "scp", "\u7cbe\u795e\u5f71\u97ff", "\u7ffb\u8b6f", "\u8a18\u61b6\u5f71\u97ff", "\u98fe\u54c1"]}, {"created_at": "1556545206", "created_by_id": "5010943", "name": "scp-076", "rating_vote": "10", "rating": "10", "tags": ["en", "keter", "scp", "\u4e9e\u4f2f", "\u4eba\u5f62", "\u611f\u77e5\u529b", "\u6575\u610f", "\u6d3b\u7269", "\u7ffb\u8b6f", "\u8d85\u7dad\u5ea6", "\u91cd\u5beb", "\u96d5\u523b"]}, {"created_at": "1556628729", "created_by_id": "4913214", "name": "scp-2443", "rating_vote": "4", "rating": "4", "tags": ["en", "euclid", "scp", "\u4eba\u5f62", "\u6d3b\u7269", "\u751f\u6b96\u6027", "\u7570\u5e38\u79fb\u52d5", "\u7ffb\u8b6f"]}, {"created_at": "1556689882", "created_by_id": "4357011", "name": "lust-in-the-time-of-anomalous-cholera", "rating_vote": "8", "rating": "8", "tags": ["en", "en-\u611a\u4eba\u7bc02016", "\u6210\u4eba\u5167\u5bb9", "\u6545\u4e8b", "\u7ffb\u8b6f", "\u91cd\u65b0\u5c0e\u5411"]}, {"created_at": "1556789216", "created_by_id": "5010943", "name": "scp-990", "rating_vote": "6", "rating": "4", "tags": ["en", "keter", "scp", "\u4eba\u5f62", "\u611f\u77e5\u529b", "\u667a\u80fd", "\u672a\u6536\u5bb9", "\u7761\u7720", "\u7ffb\u8b6f", "\u9810\u6e2c\u6027"]}, {"created_at": "1556797563", "created_by_id": "4357011", "name": "the-lizard-in-the-mosaic", "rating_vote": "5", "rating": "5", "tags": ["en", "\u6545\u4e8b", "\u7ffb\u8b6f"]}]