[{"created_at": "1587695564", "created_by_id": "5334590", "name": "scp-029", "rating_vote": "2", "rating": "2", "tags": ["en", "keter", "scp", "\u4eba\u5f62", "\u5149\u7167\u5f71\u97ff", "\u5f37\u8feb\u6027", "\u6575\u610f", "\u6d3b\u7269", "\u7cbe\u795e\u5f71\u97ff", "\u7ffb\u8b6f"]}, {"created_at": "1587739108", "created_by_id": "5013754", "name": "oh-no-body-is-running", "rating_vote": "11", "rating": "11", "tags": ["nobody", "uiu", "\u539f\u5275", "\u6545\u4e8b"]}, {"created_at": "1587740663", "created_by_id": "5653267", "name": "ci-04-arab-division-2014", "rating_vote": "10", "rating": "10", "tags": ["\u539f\u5275", "\u5c55\u51fa", "\u6545\u4e8b", "\u746a\u7d0d\u6148\u5584\u57fa\u91d1\u6703", "\u86db\u7db2\u570b\u969b"]}, {"created_at": "1587799533", "created_by_id": "5653267", "name": "scp-zh-314", "rating_vote": "11", "rating": "11", "tags": ["safe", "scp", "\u4eba\u9020\u7269\u54c1", "\u539f\u5275", "\u672c\u8cea\u4fc3\u52d5", "\u746a\u7d0d\u6148\u5584\u57fa\u91d1\u6703", "\u81ea\u4e3b", "\u86db\u7db2\u570b\u969b", "\u8ecd\u4e8b", "\u96fb\u5b50"]}, {"created_at": "1587816197", "created_by_id": "5344757", "name": "scp-zh-910", "rating_vote": "9", "rating": "7", "tags": ["2020\u8679\u5149\u4e4b\u9593", "keter", "scp", "site-zh-16", "\u50b3\u67d3\u6027", "\u539f\u5275", "\u7cbe\u795e\u5f71\u97ff"]}, {"created_at": "1587826286", "created_by_id": "4357011", "name": "scp-4190", "rating_vote": "10", "rating": "10", "tags": ["en", "en-\u6025\u8feb\u7af6\u8cfd2019", "safe", "scp", "\u5e7b\u89ba", "\u6587\u737b", "\u6bc6\u6253\u9bca\u9b5a\u4e2d\u5fc3", "\u7121\u5b9a\u5f62", "\u7761\u7720", "\u7ffb\u8b6f", "\u8996\u89ba\u6027", "\u8a8d\u77e5\u5371\u5bb3"]}, {"created_at": "1587872720", "created_by_id": "5325850", "name": "scp-zh-810", "rating_vote": "15", "rating": "15", "tags": ["2020\u8679\u5149\u4e4b\u9593", "keter", "scp", "\u539f\u5275", "\u6c34\u68f2", "\u7cbe\u795e\u5f71\u97ff", "\u7fa4\u9ad4\u6027", "\u8702\u5de2\u601d\u7dad"]}, {"created_at": "1587900275", "created_by_id": "6104968", "name": "cnblack-s-laboratory", "rating_vote": "15", "rating": "15", "tags": ["reverberate\u535a\u58eb", "\u539f\u5275", "\u5f35\u9053\u58eb", "\u85dd\u8853\u4f5c\u54c1"]}, {"created_at": "1587903182", "created_by_id": "4357011", "name": "the-five-mind", "rating_vote": "2", "rating": "2", "tags": ["en", "goi\u683c\u5f0f", "\u7b2c\u4e94\u6559\u6703", "\u7ffb\u8b6f", "\u829d\u52a0\u54e5\u9b3c\u9748"]}, {"created_at": "1587909661", "created_by_id": "3979351", "name": "scp-zh-263", "rating_vote": "8", "rating": "4", "tags": ["2020\u8679\u5149\u4e4b\u9593", "safe", "scp", "site-zh-25", "\u4eba\u9020\u7269\u54c1", "\u539f\u5275", "\u5f35\u9053\u58eb", "\u96d5\u5851"]}, {"created_at": "1587918353", "created_by_id": "4442284", "name": "cleguisbt", "rating_vote": "10", "rating": "10", "tags": ["2020\u8679\u5149\u4e4b\u9593", "bales\u535a\u58eb", "site-zh-16", "\u539f\u5275", "\u62cb\u9234\u4eba", "\u6545\u4e8b", "\u7814\u7a76\u54e1l.what"]}, {"created_at": "1587941774", "created_by_id": "4107284", "name": "scp-zh-2588-j", "rating_vote": "11", "rating": "5", "tags": ["2020\u8679\u5149\u4e4b\u9593", "scp", "site-zh-81", "thaumiel", "\u539f\u5275", "\u641e\u7b11", "\u6709\u6a5f", "\u690d\u7269", "\u81ea\u6211\u8907\u88fd", "\u8a18\u61b6\u5f71\u97ff", "\u8a8d\u77e5\u5371\u5bb3", "\u9006\u6a21\u56e0", "\u98df\u7269"]}, {"created_at": "1587959772", "created_by_id": "5237516", "name": "thedream", "rating_vote": "5", "rating": "3", "tags": ["2020\u8679\u5149\u4e4b\u9593", "\u539f\u5275", "\u6545\u4e8b", "\u7814\u7a76\u54e1k"]}, {"created_at": "1587959787", "created_by_id": "5956873", "name": "scp-zh-171", "rating_vote": "8", "rating": "8", "tags": ["2020\u8679\u5149\u4e4b\u9593", "scp", "\u539f\u5275"]}, {"created_at": "1587966668", "created_by_id": "3981670", "name": "unforgettable-that-s-what-you-are", "rating_vote": "4", "rating": "4", "tags": ["en", "marion-wheeler", "\u6545\u4e8b", "\u7ffb\u8b6f"]}, {"created_at": "1587969554", "created_by_id": "5334590", "name": "scp-5290", "rating_vote": "3", "rating": "3", "tags": ["en", "safe", "scp", "uiu", "\u6642\u9593\u5f71\u97ff", "\u7ffb\u8b6f"]}, {"created_at": "1587971967", "created_by_id": "5334590", "name": "scp-030", "rating_vote": "2", "rating": "2", "tags": ["en", "safe", "scp", "\u4eba\u5f62", "\u5149\u7167\u5f71\u97ff", "\u611f\u77e5\u529b", "\u667a\u80fd", "\u6709\u6a5f", "\u6ce5\u571f", "\u77e5\u8b58", "\u7ffb\u8b6f", "\u81ea\u4e3b", "\u8a9e\u8a00"]}, {"created_at": "1588064103", "created_by_id": "5255954", "name": "dream-about-tomorrow", "rating_vote": "17", "rating": "17", "tags": ["reverberate\u535a\u58eb", "site-zh-81", "\u539f\u5275", "\u6545\u4e8b", "\u822a\u6d77\u5b78"]}, {"created_at": "1588090032", "created_by_id": "5604919", "name": "9-mr-clumsy", "rating_vote": "4", "rating": "4", "tags": ["en", "wondertainment\u535a\u58eb", "\u5408\u4f5c", "\u5c0f\u5c0f\u5148\u751f", "\u6536\u85cf\u5bb6\u6545\u4e8b", "\u7ffb\u8b6f"]}, {"created_at": "1588159426", "created_by_id": "5334590", "name": "scp-032", "rating_vote": "2", "rating": "2", "tags": ["en", "euclid", "scp", "\u4eba\u5f62", "\u611f\u77e5\u529b", "\u667a\u80fd", "\u6b7b\u6ec5\u5f1f\u5144", "\u751f\u7269\u5371\u5bb3", "\u7ffb\u8b6f", "\u81ea\u4e3b"]}]