[{"created_at": "1603818002", "created_by_id": "5415046", "name": "scp-1257-jp", "rating_vote": "5", "rating": "5", "tags": ["euclid", "jp", "scp", "\u6c34\u751f", "\u6d3b\u7269", "\u7121\u810a\u690e\u52d5\u7269", "\u751f\u7269\u5371\u5bb3", "\u7ffb\u8b6f"]}, {"created_at": "1603854858", "created_by_id": "5415046", "name": "rta-s-artwork", "rating_vote": "9", "rating": "9", "tags": ["jp", "\u7ffb\u8b6f", "\u85dd\u8853\u4f5c\u54c1"]}, {"created_at": "1603862225", "created_by_id": "5255954", "name": "black-queen-hub", "rating_vote": "6", "rating": "6", "tags": ["en", "en-goi2014", "\u4e2d\u5fc3", "\u7ffb\u8b6f", "\u9ed1\u7687\u540e"]}, {"created_at": "1603875202", "created_by_id": "5334590", "name": "scp-zh-060", "rating_vote": "21", "rating": "21", "tags": ["euclid", "scp", "\u50b3\u9001", "\u539f\u5275", "\u5730\u9ede", "\u591c\u9593\u6d3b\u52d5", "\u5c55\u51fa", "\u8d85\u7dad\u5ea6"]}, {"created_at": "1604062684", "created_by_id": "5415046", "name": "an-faq-part-two-or-your-hume-questions-answered", "rating_vote": "4", "rating": "4", "tags": ["en", "\u5408\u4f5c", "\u6545\u4e8b", "\u7ffb\u8b6f"]}, {"created_at": "1604071149", "created_by_id": "6348157", "name": "scp-101", "rating_vote": "3", "rating": "3", "tags": ["en", "euclid", "scp", "\u578b\u614b\u8b8a\u5316", "\u5bb9\u5668", "\u63a0\u98df\u6027", "\u6d3b\u7269", "\u7ffb\u8b6f", "\u8d85\u7dad\u5ea6"]}, {"created_at": "1604134263", "created_by_id": "5415046", "name": "dinodon-s-hand", "rating_vote": "8", "rating": "8", "tags": ["ko", "\u4e2d\u5fc3", "\u4e8c\u6b21\u7ffb\u8b6f", "\u7ffb\u8b6f", "\u8d64\u93c8\u86c7\u4e4b\u624b"]}, {"created_at": "1604156460", "created_by_id": "4239775", "name": "rocaf", "rating_vote": "8", "rating": "8", "tags": ["reverberate\u535a\u58eb", "semibreve\u535a\u58eb", "\u539f\u5275", "\u6545\u4e8b", "\u6975\u51b7\u6230", "\u822a\u6d77\u5b78"]}, {"created_at": "1604214676", "created_by_id": "5415046", "name": "scp-2085-jp", "rating_vote": "9", "rating": "9", "tags": ["jp", "jp-2020\u65b0\u4eba\u7af6\u8cfd", "safe", "scp", "\u50b3\u9001", "\u535a\u58eb", "\u73a9\u5177", "\u7acb\u65b9\u9ad4", "\u7ffb\u8b6f"]}, {"created_at": "1604301051", "created_by_id": "5415046", "name": "scp-1559-jp", "rating_vote": "5", "rating": "5", "tags": ["jp", "keter", "scp", "\u4e0d\u53ef\u79fb\u52d5", "\u4ea4\u63db", "\u5730\u9ede", "\u7ffb\u8b6f", "\u8d85\u7dad\u5ea6", "\u9580\u5f91"]}, {"created_at": "1604310977", "created_by_id": "5255954", "name": "gru-p-hub", "rating_vote": "8", "rating": "8", "tags": ["en", "\u4e2d\u5fc3", "\u683c\u9b6f\u70cf-p\u90e8\u9580", "\u7ffb\u8b6f"]}, {"created_at": "1604367327", "created_by_id": "6348157", "name": "scp-127", "rating_vote": "4", "rating": "4", "tags": ["en", "safe", "scp", "\u6b66\u5668", "\u7259\u9f52", "\u751f\u7269\u6027", "\u7ffb\u8b6f", "\u81ea\u6211\u4fee\u5fa9"]}, {"created_at": "1604435866", "created_by_id": "5415046", "name": "mujin-getsudo-hub", "rating_vote": "6", "rating": "6", "tags": ["jp", "\u4e2d\u5fc3", "\u7121\u76e1\u6708\u5c0e\u773e", "\u7ffb\u8b6f"]}, {"created_at": "1604458758", "created_by_id": "5415046", "name": "scp-series-jp", "rating_vote": "3", "rating": "1", "tags": ["jp", "\u4e2d\u5fc3", "\u7ffb\u8b6f"]}, {"created_at": "1604493122", "created_by_id": "5415046", "name": "r-sinano-chuo-zhtr-2018-11-19-a222a", "rating_vote": "17", "rating": "17", "tags": ["1998\u5e74", "\u4fe1\u6fc3\u4e2d\u592e\u65b0\u805e", "\u539f\u5275", "\u5c55\u51fa", "\u6545\u4e8b", "\u9060\u5df1"]}, {"created_at": "1604584580", "created_by_id": "4357011", "name": "scp-5675", "rating_vote": "3", "rating": "3", "tags": ["en", "safe", "scp", "uiu", "\u55c5\u89ba\u5f71\u97ff", "\u795e\u7d93\u6027", "\u7cbe\u795e\u5f71\u97ff", "\u7ffb\u8b6f", "\u8996\u89ba\u6027", "\u8a8d\u77e5\u5371\u5bb3", "\u8f09\u5177"]}, {"created_at": "1604655879", "created_by_id": "4990678", "name": "silent-forest-ikuragunkan", "rating_vote": "13", "rating": "13", "tags": ["jp", "\u7ffb\u8b6f", "\u85dd\u8853\u4f5c\u54c1"]}, {"created_at": "1604674306", "created_by_id": "4357011", "name": "fragmentos-traducidos-del-libro-de-la-vida", "rating_vote": "4", "rating": "4", "tags": ["es", "\u4e8c\u6b21\u7ffb\u8b6f", "\u5049\u5927\u7da0\u795e\u5d07\u62dc", "\u5fc3\u5bbf\u4e8c\u5354\u6703", "\u6545\u4e8b", "\u7ffb\u8b6f"]}, {"created_at": "1604749922", "created_by_id": "5415046", "name": "scp-002-jp", "rating_vote": "3", "rating": "3", "tags": ["euclid", "jp", "scp", "\u4e0d\u53ef\u6467\u6bc0", "\u751f\u7269\u5371\u5bb3", "\u7ffb\u8b6f"]}, {"created_at": "1604765648", "created_by_id": "4990678", "name": "usamiusa-artwork-1", "rating_vote": "9", "rating": "7", "tags": ["jp", "\u7ffb\u8b6f", "\u85dd\u8853\u4f5c\u54c1"]}]