[{"created_at": "1552230153", "created_by_id": "5223229", "name": "scp-zh-018", "rating_vote": "12", "rating": "10", "tags": ["euclid", "scp", "site-zh-26", "\u539f\u5275", "\u8996\u89ba\u6027", "\u8a8d\u77e5\u5371\u5bb3", "\u8b8a\u5f62"]}, {"created_at": "1552230688", "created_by_id": "5223229", "name": "scp-zh-122", "rating_vote": "9", "rating": "5", "tags": ["safe", "scp", "site-zh-26", "\u539f\u5275"]}, {"created_at": "1552230953", "created_by_id": "4990678", "name": "scp-zh-954", "rating_vote": "23", "rating": "17", "tags": ["keter", "meta", "scp", "\u539f\u5275", "\u9006\u6a21\u56e0"]}, {"created_at": "1552231633", "created_by_id": "5223229", "name": "scp-zh-555", "rating_vote": "9", "rating": "1", "tags": ["\u539f\u5275", "\u91cd\u5beb\u4e2d"]}, {"created_at": "1552261860", "created_by_id": "5223229", "name": "scp-zh-349", "rating_vote": "6", "rating": "6", "tags": ["safe", "scp", "\u502b\u7406\u59d4\u54e1\u6703", "\u539f\u5275"]}, {"created_at": "1552275384", "created_by_id": "5223229", "name": "scp-zh-521", "rating_vote": "11", "rating": "3", "tags": ["safe", "scp", "site-zh-26", "\u539f\u5275", "\u5efa\u7bc9"]}, {"created_at": "1552281942", "created_by_id": "5223229", "name": "scp-zh-421", "rating_vote": "8", "rating": "6", "tags": ["safe", "scp", "\u539f\u5275", "\u5408\u8457"]}, {"created_at": "1552285826", "created_by_id": "5010943", "name": "scp-zh-977", "rating_vote": "13", "rating": "5", "tags": ["safe", "scp", "\u539f\u5275", "\u6587\u737b", "\u6728\u6613"]}, {"created_at": "1552290519", "created_by_id": "3979351", "name": "scp-zh-117", "rating_vote": "34", "rating": "34", "tags": ["euclid", "scp", "\u539f\u5275", "\u5730\u9ede", "\u5c55\u51fa"]}, {"created_at": "1552290978", "created_by_id": "3979351", "name": "scp-zh-572", "rating_vote": "12", "rating": "12", "tags": ["aw\u6559\u6388", "safe", "scp", "site-zh-02", "\u539f\u5275", "\u6728\u6613"]}, {"created_at": "1552307647", "created_by_id": "5230135", "name": "scp-zh-024-arc", "rating_vote": "9", "rating": "7", "tags": ["scp", "site-zh-02", "\u539f\u5275", "\u6545\u4e8b"]}, {"created_at": "1552310342", "created_by_id": "5223229", "name": "scp-zh-629", "rating_vote": "7", "rating": "5", "tags": ["safe", "scp", "site-zh-25", "\u539f\u5275", "\u53cd\u71b5", "\u6728\u6613", "\u8072\u97f3"]}, {"created_at": "1552311571", "created_by_id": "5223229", "name": "scp-zh-529", "rating_vote": "8", "rating": "8", "tags": ["safe", "scp", "site-zh-02", "\u539f\u5275", "\u6728\u6613", "\u7269\u54c1"]}, {"created_at": "1552312437", "created_by_id": "5223229", "name": "scp-zh-401", "rating_vote": "11", "rating": "9", "tags": ["safe", "scp", "site-zh-02", "\u539f\u5275"]}, {"created_at": "1552315738", "created_by_id": "4239775", "name": "scp-zh-900", "rating_vote": "14", "rating": "8", "tags": ["safe", "scp", "site-zh-02", "\u4eba\u9020\u7269\u54c1", "\u539f\u5275", "\u7e41\u5ee3", "\u98df\u7269"]}, {"created_at": "1552399811", "created_by_id": "4002108", "name": "scp-zh-124", "rating_vote": "6", "rating": "6", "tags": ["safe", "scp", "\u539f\u5275"]}, {"created_at": "1552481985", "created_by_id": "3775116", "name": "scp-002", "rating_vote": "14", "rating": "12", "tags": ["en", "euclid", "scp", "\u6d3b\u7269", "\u7d50\u69cb\u7269", "\u7ffb\u8b6f", "\u8b8a\u5f62"]}, {"created_at": "1552486067", "created_by_id": "3775116", "name": "scp-004", "rating_vote": "5", "rating": "5", "tags": ["en", "euclid", "scp", "\u6642\u7a7a", "\u6642\u9593\u5f71\u97ff", "\u7cbe\u795e\u5f71\u97ff", "\u7d50\u69cb\u7269", "\u7ffb\u8b6f", "\u9470\u5319", "\u9580\u5f91"]}, {"created_at": "1552522186", "created_by_id": "4144669", "name": "scp-zh-178", "rating_vote": "17", "rating": "11", "tags": ["euclid", "scp", "site-zh-31", "\u539f\u5275", "\u6a21\u56e0\u6548\u61c9", "\u8a8d\u77e5\u5371\u5bb3"]}, {"created_at": "1552559904", "created_by_id": "3775116", "name": "scp-005", "rating_vote": "5", "rating": "3", "tags": ["en", "safe", "scp", "\u611f\u77e5\u529b", "\u7ffb\u8b6f", "\u9069\u61c9\u6027", "\u91d1\u5c6c", "\u9470\u5319"]}]