[{"created_at": "1640399655", "created_by_id": "6709715", "name": "scp-zh-364", "rating_vote": "8", "rating": "8", "tags": ["euclid", "scp", "\u539f\u5275", "\u7b2c\u516b\u8655"]}, {"created_at": "1640423296", "created_by_id": "5255954", "name": "xmax-x", "rating_vote": "17", "rating": "17", "tags": ["2021\u8056\u591c\u76f8\u5b88", "x\u535a\u58eb", "\u539f\u5275", "\u85dd\u8853\u4f5c\u54c1"]}, {"created_at": "1640431543", "created_by_id": "5348516", "name": "the-girls-gift", "rating_vote": "12", "rating": "12", "tags": ["2021\u8056\u591c\u76f8\u5b88", "\u539f\u5275", "\u6545\u4e8b"]}, {"created_at": "1640442378", "created_by_id": "4264056", "name": "nice-to-see-you", "rating_vote": "10", "rating": "10", "tags": ["ain\u535a\u58eb", "site-zh-44", "\u539f\u5275", "\u6545\u4e8b"]}, {"created_at": "1640510838", "created_by_id": "6952002", "name": "merry-christmas-aya-and-mayaw", "rating_vote": "15", "rating": "15", "tags": ["2021\u8056\u591c\u76f8\u5b88", "\u539f\u5275", "\u85dd\u8853\u4f5c\u54c1"]}, {"created_at": "1640613332", "created_by_id": "7073060", "name": "scp-zh-999-j", "rating_vote": "26", "rating": "4", "tags": ["ad\u535a\u58eb", "kris\u535a\u58eb", "meta", "scp", "surge\u535a\u58eb", "\u539f\u5275", "\u641e\u7b11", "\u6a5f\u5bc6\u5206\u7d1a", "\u7814\u7a76\u54e1lucifelle"]}, {"created_at": "1640666794", "created_by_id": "3981670", "name": "tombstone", "rating_vote": "4", "rating": "4", "tags": ["en", "\u6545\u4e8b", "\u7ffb\u8b6f"]}, {"created_at": "1640740176", "created_by_id": "7605593", "name": "scp-999-jp", "rating_vote": "5", "rating": "5", "tags": ["jp", "keter", "scp", "\u4eba\u5f62", "\u53cd\u71b5", "\u611f\u77e5\u529b", "\u667a\u80fd", "\u672c\u8cea\u4fc3\u52d5", "\u795e\u5c71\u535a\u58eb", "\u7ffb\u8b6f"]}, {"created_at": "1640740185", "created_by_id": "7605593", "name": "scp-999-jp-enneametric", "rating_vote": "15", "rating": "15", "tags": ["\u539f\u5275", "\u5c55\u51fa", "\u6545\u4e8b", "\u8a69\u6b4c"]}, {"created_at": "1640792655", "created_by_id": "3981670", "name": "champions-of-nothing", "rating_vote": "5", "rating": "5", "tags": ["en", "\u6545\u4e8b", "\u7ffb\u8b6f"]}, {"created_at": "1640856661", "created_by_id": "3981670", "name": "antimemetics-division-timeline", "rating_vote": "3", "rating": "3", "tags": ["en", "\u7ffb\u8b6f", "\u9644\u52a0\u8cc7\u6599"]}, {"created_at": "1640952437", "created_by_id": "4990678", "name": "idealdesk", "rating_vote": "5", "rating": "5", "tags": ["jp", "jp-2016\u63d2\u5716\u5927\u8cfda", "\u7ffb\u8b6f", "\u85dd\u8853\u4f5c\u54c1"]}, {"created_at": "1640965935", "created_by_id": "5435485", "name": "dawn-of-east", "rating_vote": "17", "rating": "17", "tags": ["2021\u8056\u591c\u76f8\u5b88", "ain\u535a\u58eb", "site-zh-44", "\u539f\u5275", "\u6545\u4e8b", "\u8449\u51e1\u535a\u58eb"]}, {"created_at": "1640991797", "created_by_id": "7469850", "name": "in-front-of-fate", "rating_vote": "6", "rating": "6", "tags": ["site-zh-16", "\u539f\u5275", "\u5f71\u7247", "\u85dd\u8853\u4f5c\u54c1", "\u8a69\u6b4c"]}, {"created_at": "1641033671", "created_by_id": "5415046", "name": "note-for-u-guys-2021", "rating_vote": "34", "rating": "34", "tags": ["\u539f\u5275", "\u5fc3\u5f97"]}, {"created_at": "1641048756", "created_by_id": "4239775", "name": "quantum-suicide-art", "rating_vote": "14", "rating": "14", "tags": ["semibreve\u535a\u58eb", "\u539f\u5275", "\u8077\u4f4d\u4ea4\u63db", "\u85dd\u8853\u4f5c\u54c1"]}, {"created_at": "1641136869", "created_by_id": "5684299", "name": "2021-hitsujikaip", "rating_vote": "5", "rating": "5", "tags": ["jp", "\u4e94\u884c\u7d50\u793e", "\u6276\u6851\u7d00", "\u7ffb\u8b6f", "\u8490\u96c6\u9662", "\u85dd\u8853\u4f5c\u54c1", "\u9d7a-\u9f4b\u5bae"]}, {"created_at": "1641169661", "created_by_id": "5684299", "name": "heasman", "rating_vote": "5", "rating": "5", "tags": ["jp", "\u6276\u6851\u7d00", "\u7ffb\u8b6f", "\u85dd\u8853\u4f5c\u54c1"]}, {"created_at": "1641218327", "created_by_id": "5428435", "name": "scp-zh-499", "rating_vote": "37", "rating": "37", "tags": ["safe", "scp", "site-zh-44", "zh999", "\u539f\u5275", "\u5f37\u8feb\u6027", "\u751f\u7269\u6027", "\u7cbe\u795e\u5f71\u97ff", "\u8863\u7269"]}, {"created_at": "1641271225", "created_by_id": "5415046", "name": "nue-hub", "rating_vote": "8", "rating": "8", "tags": ["jp", "\u4e2d\u5fc3\u9801", "\u5408\u4f5c", "\u7ffb\u8b6f", "\u8a2d\u5b9a\u96c6", "\u9d7a-\u9f4b\u5bae"]}]