[{"created_at": "1646312012", "created_by_id": "5956873", "name": "fly-to-the-sky", "rating_vote": "13", "rating": "13", "tags": ["zh\u6025\u8feb\u7af6\u8cfd2022", "\u539f\u5275", "\u6545\u4e8b"]}, {"created_at": "1646314940", "created_by_id": "4442284", "name": "zh-daedalus-defyingangel", "rating_vote": "15", "rating": "15", "tags": ["1998\u5e74", "site-zh-44", "zh\u6025\u8feb\u7af6\u8cfd2022", "\u539f\u5275", "\u62cb\u9234\u4eba", "\u6545\u4e8b"]}, {"created_at": "1646325055", "created_by_id": "3423434", "name": "scp-110", "rating_vote": "2", "rating": "2", "tags": ["en", "euclid", "scp", "\u50b3\u9001", "\u5730\u4e0b", "\u5730\u8cea", "\u57ce\u5e02", "\u6642\u9593\u5f71\u97ff", "\u672a\u4f86", "\u7ffb\u8b6f"]}, {"created_at": "1646325665", "created_by_id": "7469850", "name": "scp-zh-956", "rating_vote": "12", "rating": "6", "tags": ["euclid", "scp", "site-zh-16", "zh\u6025\u8feb\u7af6\u8cfd2022", "\u539f\u5275", "\u5de5\u5177", "\u7cbe\u795e\u5f71\u97ff"]}, {"created_at": "1646348458", "created_by_id": "7655555", "name": "scp-zh-074", "rating_vote": "14", "rating": "12", "tags": ["safe", "scp", "zh\u6025\u8feb\u7af6\u8cfd2022", "\u539f\u5275", "\u6a21\u56e0\u6548\u61c9", "\u8996\u89ba\u6027", "\u89c0\u5bdf\u5f71\u97ff"]}, {"created_at": "1646369246", "created_by_id": "5435485", "name": "scp-zh-223", "rating_vote": "16", "rating": "16", "tags": ["keter", "scp", "site-zh-22", "zh\u6025\u8feb\u7af6\u8cfd2022", "\u539f\u5275", "\u7a7a\u4e2d", "\u81ea\u4e3b", "\u9006\u6a21\u56e0"]}, {"created_at": "1646372229", "created_by_id": "3981670", "name": "scp-zh-725", "rating_vote": "12", "rating": "12", "tags": ["scp", "zh\u6025\u8feb\u7af6\u8cfd2022", "\u539f\u5275", "\u6a5f\u5bc6\u5206\u7d1a", "\u7a7a\u4e2d"]}, {"created_at": "1646398249", "created_by_id": "4442284", "name": "zh-daedalus-f004", "rating_vote": "15", "rating": "15", "tags": ["zh\u6025\u8feb\u7af6\u8cfd2022", "\u539f\u5275", "\u6545\u4e8b"]}, {"created_at": "1646398703", "created_by_id": "6217438", "name": "scp-6939", "rating_vote": "6", "rating": "6", "tags": ["en", "keter", "scp", "\u4eba\u5f62", "\u5a92\u9ad4", "\u611f\u77e5\u529b", "\u667a\u80fd", "\u7ffb\u8b6f", "\u81ea\u4e3b", "\u85dd\u8853\u6027", "\u8b8a\u5f62"]}, {"created_at": "1646398900", "created_by_id": "5415046", "name": "scp-zh-413", "rating_vote": "17", "rating": "17", "tags": ["safe", "scp", "zh\u6025\u8feb\u7af6\u8cfd2022", "\u539f\u5275"]}, {"created_at": "1646400698", "created_by_id": "6091157", "name": "scp-zh-432", "rating_vote": "19", "rating": "19", "tags": ["euclid", "scp", "zh\u6025\u8feb\u7af6\u8cfd2022", "\u539f\u5275", "\u5efa\u7bc9\u7269", "\u8a18\u61b6\u5f71\u97ff"]}, {"created_at": "1646400904", "created_by_id": "5338547", "name": "scp-zh-083", "rating_vote": "8", "rating": "8", "tags": ["safe", "scp", "zh\u6025\u8feb\u7af6\u8cfd2022", "\u539f\u5275"]}, {"created_at": "1646402383", "created_by_id": "6952002", "name": "forget-me-not-lucifelle", "rating_vote": "16", "rating": "16", "tags": ["owen", "site-zh-12", "zh\u6025\u8feb\u7af6\u8cfd2022", "\u539f\u5275", "\u6545\u4e8b", "\u7814\u7a76\u54e1lucifelle"]}, {"created_at": "1646403252", "created_by_id": "5415046", "name": "scp-zh-302", "rating_vote": "16", "rating": "16", "tags": ["safe", "scp", "zh\u6025\u8feb\u7af6\u8cfd2022", "\u539f\u5275"]}, {"created_at": "1646405866", "created_by_id": "6503482", "name": "scp-zh-123", "rating_vote": "13", "rating": "13", "tags": ["safe", "scp", "zh\u6025\u8feb\u7af6\u8cfd2022", "\u539f\u5275"]}, {"created_at": "1646407126", "created_by_id": "5237516", "name": "scp-zh-329", "rating_vote": "10", "rating": "4", "tags": ["euclid", "scp", "zh\u6025\u8feb\u7af6\u8cfd2022", "\u539f\u5275"]}, {"created_at": "1646407396", "created_by_id": "5237516", "name": "scp-zh-798", "rating_vote": "8", "rating": "8", "tags": ["safe", "scp", "zh\u6025\u8feb\u7af6\u8cfd2022", "\u539f\u5275"]}, {"created_at": "1646407657", "created_by_id": "5454699", "name": "commission-nine-point-eight", "rating_vote": "10", "rating": "10", "tags": ["zh\u6025\u8feb\u7af6\u8cfd2022", "\u539f\u5275", "\u6545\u4e8b", "\u6c34\u9280"]}, {"created_at": "1646407870", "created_by_id": "7655555", "name": "scp-zh-563", "rating_vote": "9", "rating": "7", "tags": ["euclid", "scp", "zh\u6025\u8feb\u7af6\u8cfd2022", "\u4e0d\u53ef\u79fb\u52d5", "\u539f\u5275", "\u5730\u9ede", "\u5e7b\u89ba", "\u807d\u89ba\u5f71\u97ff"]}, {"created_at": "1646408403", "created_by_id": "7605593", "name": "scp-zh-385", "rating_vote": "8", "rating": "8", "tags": ["safe", "scp", "site-zh-50", "site-zh-81", "zh\u6025\u8feb\u7af6\u8cfd2022", "\u539f\u5275", "\u611f\u77e5\u529b", "\u6b66\u5668", "\u751f\u7269\u6027", "\u8ecd\u4e8b"]}]