[{"created_at": "1622270073", "created_by_id": "6369875", "name": "scp-6999", "rating_vote": "5", "rating": "5", "tags": ["en", "en-6000", "safe", "scp", "\u5171\u611f", "\u57fa\u91d1\u6703\u88fd\u9020", "\u5a92\u9ad4", "\u611f\u77e5\u5f71\u97ff", "\u795e\u7d93\u6027", "\u7cbe\u795e\u5f71\u97ff", "\u7ffb\u8b6f", "\u8072\u97f3", "\u807d\u89ba\u5f71\u97ff", "\u8996\u89ba\u6027", "\u8a18\u9304", "\u8a8d\u77e5\u5371\u5bb3", "\u97f3\u983b"]}, {"created_at": "1622278118", "created_by_id": "6503482", "name": "contingency", "rating_vote": "3", "rating": "3", "tags": ["clef\u535a\u58eb", "en", "\u5fa9\u751f", "\u6545\u4e8b", "\u7ffb\u8b6f"]}, {"created_at": "1622349114", "created_by_id": "6369875", "name": "scp-6000", "rating_vote": "9", "rating": "9", "tags": ["apollyon", "bibliothetic", "en", "en-6000", "k\u7d1a\u60c5\u666f", "moose\u4e3b\u4efb", "scp", "\u4e0d\u53ef\u6467\u6bc0", "\u5168\u7403\u8d85\u81ea\u7136\u806f\u76df", "\u5730\u9ede", "\u5efa\u7bc9\u7269", "\u6642\u7a7a", "\u66f8\u5eab", "\u672a\u6536\u5bb9", "\u6b77\u53f2\u6027", "\u6d41\u6d6a\u8005\u5716\u66f8\u9928", "\u7121\u5b9a\u5f62", "\u77e5\u8b58", "\u7ffb\u8b6f", "\u86c7\u4e4b\u624b", "\u8d85\u7dad\u5ea6", "\u9580\u5f91"]}, {"created_at": "1622464120", "created_by_id": "5415046", "name": "scp-2003", "rating_vote": "5", "rating": "5", "tags": ["en", "en-2000", "scp", "thaumiel", "\u4eba\u9020\u7269\u54c1", "\u57fa\u91d1\u6703\u88fd\u9020", "\u6642\u9593\u5f71\u97ff", "\u672a\u4f86", "\u7ffb\u8b6f"]}, {"created_at": "1622510531", "created_by_id": "5415046", "name": "scp-2258", "rating_vote": "2", "rating": "2", "tags": ["en", "safe", "scp", "\u611f\u77e5\u529b", "\u73a9\u5177", "\u7a7a\u4e2d", "\u7ffb\u8b6f", "\u81ea\u4e3b"]}, {"created_at": "1622513310", "created_by_id": "6348157", "name": "scp-669", "rating_vote": "2", "rating": "2", "tags": ["en", "safe", "scp", "\u4eba\u9020\u7269\u54c1", "\u7403\u9ad4", "\u7ffb\u8b6f", "\u91cd\u529b\u5f71\u97ff", "\u91cd\u5beb", "\u91d1\u5c6c", "\u96fb\u78c1"]}, {"created_at": "1622542406", "created_by_id": "5415046", "name": "scp-2430-jp", "rating_vote": "11", "rating": "11", "tags": ["jp", "meta", "scp", "\u690d\u7269", "\u7ffb\u8b6f", "\u8cc7\u8a0a\u5371\u5bb3"]}, {"created_at": "1622615676", "created_by_id": "5206218", "name": "your-circuits-dead-theres-something-wrong", "rating_vote": "9", "rating": "9", "tags": ["bright\u535a\u58eb", "clef\u535a\u58eb", "en", "gears\u535a\u58eb", "rights\u535a\u58eb", "\u6545\u4e8b", "\u7ffb\u8b6f"]}, {"created_at": "1622615792", "created_by_id": "5206218", "name": "mikell", "rating_vote": "2", "rating": "2", "tags": ["en", "\u7ffb\u8b6f", "\u9644\u52a0\u8cc7\u6599"]}, {"created_at": "1622615929", "created_by_id": "5206218", "name": "claire", "rating_vote": "2", "rating": "2", "tags": ["en", "\u6545\u4e8b", "\u7ffb\u8b6f"]}, {"created_at": "1622615985", "created_by_id": "5206218", "name": "tj", "rating_vote": "2", "rating": "2", "tags": ["en", "\u6545\u4e8b", "\u7ffb\u8b6f"]}, {"created_at": "1622616020", "created_by_id": "5206218", "name": "evelyn", "rating_vote": "2", "rating": "2", "tags": ["en", "\u6545\u4e8b", "\u7ffb\u8b6f"]}, {"created_at": "1622616071", "created_by_id": "5206218", "name": "jack", "rating_vote": "3", "rating": "3", "tags": ["en", "\u6545\u4e8b", "\u7ffb\u8b6f"]}, {"created_at": "1622681231", "created_by_id": "6369875", "name": "scp-5538", "rating_vote": "3", "rating": "3", "tags": ["en", "safe", "scp", "\u5171\u611f", "\u53cd\u5e38\u90e8", "\u5efa\u7bc9\u7269", "\u77e5\u8b58", "\u7ffb\u8b6f", "\u8a8d\u77e5\u5371\u5bb3", "\u984c\u5beb"]}, {"created_at": "1622706927", "created_by_id": "5415046", "name": "scp-4050", "rating_vote": "4", "rating": "4", "tags": ["en", "euclid", "scp", "\u57ce\u5e02", "\u7ffb\u8b6f", "\u8d85\u7dad\u5ea6", "\u9580\u5f91"]}, {"created_at": "1622732034", "created_by_id": "5415046", "name": "scp-1639", "rating_vote": "4", "rating": "4", "tags": ["en", "safe", "scp", "\u5bb6\u96fb\u7528\u54c1", "\u7ffb\u8b6f", "\u8072\u97f3", "\u901a\u8a0a", "\u96fb\u5b50", "\u97f3\u6a02\u6027"]}, {"created_at": "1622736549", "created_by_id": "4990678", "name": "barter1903", "rating_vote": "3", "rating": "3", "tags": ["\u539f\u5275", "\u85dd\u8853\u4f5c\u54c1"]}, {"created_at": "1622739628", "created_by_id": "5415046", "name": "scp-1638", "rating_vote": "5", "rating": "5", "tags": ["en", "euclid", "scp", "\u5730\u9ede", "\u6606\u87f2", "\u6d3b\u52d5\u5c55\u51fa", "\u6d3b\u7269", "\u7fa4\u9ad4\u6027", "\u7ffb\u8b6f", "\u8072\u97f3"]}, {"created_at": "1622802786", "created_by_id": "4990678", "name": "trigger-yourscp", "rating_vote": "8", "rating": "8", "tags": ["jp", "\u7ffb\u8b6f", "\u85dd\u8853\u4f5c\u54c1"]}, {"created_at": "1622817218", "created_by_id": "5415046", "name": "scp-3512", "rating_vote": "5", "rating": "5", "tags": ["en", "en-3000", "euclid", "scp", "\u5730\u4e0b", "\u5730\u9ede", "\u611f\u77e5\u529b", "\u6709\u6a5f", "\u7b2c\u4e94\u6559\u6703", "\u7cbe\u795e\u5f71\u97ff", "\u7ffb\u8b6f"]}]