[{"created_at": "1647669599", "created_by_id": "5435485", "name": "scp-090", "rating_vote": "3", "rating": "-1", "tags": ["en", "keter", "scp", "\u4e0d\u53ef\u6467\u6bc0", "\u4eba\u9020\u7269\u54c1", "\u611f\u77e5\u529b", "\u65b9\u584a", "\u7ffb\u8b6f", "\u81ea\u4e3b", "\u9810\u6e2c\u6027"]}, {"created_at": "1647670217", "created_by_id": "5415046", "name": "scp-164", "rating_vote": "2", "rating": "2", "tags": ["en", "euclid", "scp", "\u50b3\u67d3\u6027", "\u5bc4\u751f\u6027", "\u6d3b\u7269", "\u7121\u810a\u690e\u52d5\u7269", "\u7269\u7a2e", "\u751f\u7269\u5371\u5bb3", "\u7ffb\u8b6f", "\u8b8a\u5f62", "\u982d\u8db3\u985e\u52d5\u7269"]}, {"created_at": "1647679120", "created_by_id": "5435485", "name": "scp-081", "rating_vote": "2", "rating": "2", "tags": ["en", "euclid", "scp", "\u672a\u6536\u5bb9", "\u706b", "\u75c5\u6bd2", "\u7cbe\u795e\u5f71\u97ff", "\u7ffb\u8b6f"]}, {"created_at": "1647680008", "created_by_id": "7852233", "name": "scp-822", "rating_vote": "2", "rating": "2", "tags": ["en", "euclid", "scp", "\u5316\u5b78\u6027", "\u690d\u7269", "\u6bd2\u6027", "\u6d3b\u7269", "\u7269\u7a2e", "\u7ffb\u8b6f"]}, {"created_at": "1647680317", "created_by_id": "5062193", "name": "scp-1132", "rating_vote": "2", "rating": "2", "tags": ["en", "safe", "scp", "\u4eba\u5f62", "\u6d3b\u7269", "\u7ffb\u8b6f", "\u86c7\u985e"]}, {"created_at": "1647695028", "created_by_id": "6217438", "name": "scp-5310-declassification", "rating_vote": "4", "rating": "4", "tags": ["en", "\u7528\u6236\u89e3\u5bc6", "\u7ffb\u8b6f"]}, {"created_at": "1647714013", "created_by_id": "5334590", "name": "scp-114", "rating_vote": "4", "rating": "4", "tags": ["en", "euclid", "scp", "\u4eba\u5f62", "\u611f\u77e5\u529b", "\u667a\u80fd", "\u6d3b\u7269", "\u7cbe\u795e\u5f71\u97ff", "\u7ffb\u8b6f", "\u91cd\u5beb"]}, {"created_at": "1647739148", "created_by_id": "6348157", "name": "scp-5709", "rating_vote": "3", "rating": "3", "tags": ["en", "scp", "\u53cd\u5e38\u90e8", "\u5b97\u6559", "\u5c4d\u9ad4", "\u5e7b\u89ba", "\u5efa\u7bc9\u7269", "\u6230\u8853\u795e\u5b78\u90e8", "\u6a5f\u5bc6\u5206\u7d1a", "\u7ffb\u8b6f", "\u9006\u6a21\u56e0"]}, {"created_at": "1647742966", "created_by_id": "7469850", "name": "scp-zh-956-text", "rating_vote": "1", "rating": "1", "tags": ["\u539f\u5275", "\u5408\u4f5c", "\u5be6\u9a57", "\u9644\u52a0\u8cc7\u6599"]}, {"created_at": "1647759607", "created_by_id": "5435485", "name": "scp-zh-922", "rating_vote": "24", "rating": "24", "tags": ["euclid", "scp", "site-zh-44", "surge\u535a\u58eb", "\u4eba\u5f62", "\u5100\u5f0f\u6027", "\u539f\u5275", "\u53cd\u71b5", "\u53f0\u7063\u539f\u4f4f\u6c11", "\u5c55\u51fa", "\u667a\u80fd", "\u690d\u7269", "\u751f\u7269\u6027", "\u8a9e\u8a00", "\u97f3\u6a02\u6027"]}, {"created_at": "1647761273", "created_by_id": "5435485", "name": "cidal-dongi-by-samscript", "rating_vote": "11", "rating": "11", "tags": ["site-zh-44", "\u539f\u5275", "\u53f0\u7063\u539f\u4f4f\u6c11", "\u85dd\u8853\u4f5c\u54c1"]}, {"created_at": "1647770185", "created_by_id": "5334590", "name": "scp-365", "rating_vote": "3", "rating": "3", "tags": ["en", "euclid", "scp", "\u5e7b\u89ba", "\u6db2\u9ad4", "\u73a9\u5177", "\u7ffb\u8b6f", "\u8d85\u7dad\u5ea6"]}, {"created_at": "1647780240", "created_by_id": "5334590", "name": "scp-391", "rating_vote": "3", "rating": "3", "tags": ["en", "safe", "scp", "\u52d5\u7269", "\u53cd\u71b5", "\u6d3b\u7269", "\u7a7a\u4e2d", "\u7ffb\u8b6f", "\u8b8a\u5f62", "\u9ce5\u985e"]}, {"created_at": "1647783231", "created_by_id": "5334590", "name": "scp-393", "rating_vote": "3", "rating": "3", "tags": ["en", "euclid", "scp", "\u50b3\u9001", "\u5fc3\u9748\u611f\u61c9", "\u6587\u737b", "\u7cbe\u795e\u5f71\u97ff", "\u7ffb\u8b6f", "\u8a18\u61b6\u5f71\u97ff"]}, {"created_at": "1647784399", "created_by_id": "6952002", "name": "cidal-dongi-by-k1s10r0d", "rating_vote": "14", "rating": "14", "tags": ["site-zh-44", "\u539f\u5275", "\u53f0\u7063\u539f\u4f4f\u6c11", "\u85dd\u8853\u4f5c\u54c1"]}, {"created_at": "1647785693", "created_by_id": "6091157", "name": "cidal-dongi-by-lulu-lucifelle", "rating_vote": "12", "rating": "12", "tags": ["site-zh-44", "\u539f\u5275", "\u53f0\u7063\u539f\u4f4f\u6c11", "\u85dd\u8853\u4f5c\u54c1"]}, {"created_at": "1647786875", "created_by_id": "7513990", "name": "scp-zh-186", "rating_vote": "10", "rating": "10", "tags": ["keter", "scp", "\u50b3\u9001", "\u539f\u5275", "\u8f09\u5177"]}, {"created_at": "1647788950", "created_by_id": "5334590", "name": "scp-398", "rating_vote": "3", "rating": "3", "tags": ["en", "euclid", "scp", "\u5408\u8457", "\u5e7b\u89ba", "\u5fc3\u9748\u611f\u61c9", "\u6642\u7a7a", "\u7d50\u69cb\u7269", "\u7ffb\u8b6f"]}, {"created_at": "1647792472", "created_by_id": "5334590", "name": "scp-397", "rating_vote": "2", "rating": "2", "tags": ["en", "safe", "scp", "\u52d5\u7269", "\u611f\u77e5\u529b", "\u667a\u80fd", "\u6d3b\u7269", "\u733f\u985e", "\u7ffb\u8b6f"]}, {"created_at": "1647808609", "created_by_id": "6348157", "name": "scp-009-j", "rating_vote": "2", "rating": "2", "tags": ["en", "scp", "wondertainment\u535a\u58eb", "\u641e\u7b11", "\u6587\u737b", "\u6a5f\u5bc6\u5206\u7d1a", "\u7ffb\u8b6f"]}]