[{"created_at": "1583901240", "created_by_id": "5604919", "name": "scp-2924", "rating_vote": "4", "rating": "4", "tags": ["en", "euclid", "scp", "\u50b3\u67d3\u6027", "\u5ff5\u529b", "\u7ffb\u8b6f"]}, {"created_at": "1583931708", "created_by_id": "5604919", "name": "scp-2032", "rating_vote": "3", "rating": "3", "tags": ["en", "keter", "scp", "\u4eba\u5f62", "\u5fc3\u9748\u611f\u61c9", "\u5ff5\u529b", "\u611f\u77e5\u529b", "\u6642\u9593\u5f71\u97ff", "\u667a\u80fd", "\u6b77\u53f2\u6027", "\u6d3b\u7269", "\u77e5\u8b58", "\u7cbe\u795e\u5f71\u97ff", "\u7ffb\u8b6f", "\u8a18\u61b6\u5f71\u97ff"]}, {"created_at": "1583934146", "created_by_id": "3979351", "name": "scp-099", "rating_vote": "2", "rating": "2", "tags": ["en", "safe", "scp", "\u7cbe\u795e\u5f71\u97ff", "\u7ffb\u8b6f", "\u85dd\u8853\u6027", "\u8996\u89ba\u6027", "\u8a8d\u77e5\u5371\u5bb3", "\u91cd\u5beb"]}, {"created_at": "1583971820", "created_by_id": "4107284", "name": "scp-zh-0404", "rating_vote": "7", "rating": "7", "tags": ["\u539f\u5275", "\u6545\u4e8b"]}, {"created_at": "1583998297", "created_by_id": "5334590", "name": "scp-2662", "rating_vote": "7", "rating": "7", "tags": ["en", "keter", "kindness", "scp", "\u4eba\u5f62", "\u5f37\u8feb\u6027", "\u611f\u77e5\u529b", "\u667a\u80fd", "\u6d3b\u7269", "\u7ffb\u8b6f", "\u8a8d\u77e5\u5371\u5bb3", "\u9069\u61c9\u6027", "\u982d\u8db3\u985e\u52d5\u7269"]}, {"created_at": "1584002639", "created_by_id": "5604919", "name": "scp-2043", "rating_vote": "2", "rating": "2", "tags": ["en", "keter", "scp", "\u4eba\u5f62", "\u7cbe\u795e\u5f71\u97ff", "\u7ffb\u8b6f", "\u8996\u89ba\u6027", "\u89c0\u5bdf\u5f71\u97ff", "\u8a18\u61b6\u5f71\u97ff", "\u8a8d\u77e5\u5371\u5bb3"]}, {"created_at": "1584004183", "created_by_id": "4357011", "name": "project-proposal-2018-145", "rating_vote": "6", "rating": "6", "tags": ["awcy", "en", "en-\u6025\u8feb\u7af6\u8cfd2020", "goi\u683c\u5f0f", "\u7ffb\u8b6f"]}, {"created_at": "1584026079", "created_by_id": "5604919", "name": "scp-091", "rating_vote": "4", "rating": "4", "tags": ["en", "safe", "scp", "\u4eba\u9020\u7269\u54c1", "\u5bb9\u5668", "\u7cbe\u795e\u5f71\u97ff", "\u7ffb\u8b6f", "\u8996\u89ba\u6027", "\u8a18\u61b6\u5f71\u97ff", "\u8a8d\u77e5\u5371\u5bb3"]}, {"created_at": "1584034245", "created_by_id": "5255954", "name": "document-087-iii", "rating_vote": "5", "rating": "5", "tags": ["en", "\u63a2\u7d22", "\u7ffb\u8b6f", "\u9644\u52a0\u8cc7\u6599"]}, {"created_at": "1584069693", "created_by_id": "5255954", "name": "scp-037", "rating_vote": "3", "rating": "3", "tags": ["en", "euclid", "scp", "\u661f\u969b", "\u7a7a\u4e2d", "\u7ffb\u8b6f", "\u91cd\u5beb"]}, {"created_at": "1584073559", "created_by_id": "3979351", "name": "manifest-803", "rating_vote": "5", "rating": "5", "tags": ["en", "en-\u6025\u8feb\u7af6\u8cfd2020", "goi\u683c\u5f0f", "\u7279\u6b8a\u8ca8\u7269\u4e8b\u52d9\u59d4\u54e1\u6703", "\u7ffb\u8b6f"]}, {"created_at": "1584078919", "created_by_id": "5435485", "name": "djkaktus-regarding-covid-19", "rating_vote": "21", "rating": "21", "tags": ["en", "\u5fc3\u5f97", "\u65b0\u805e", "\u7ffb\u8b6f"]}, {"created_at": "1584089703", "created_by_id": "5604919", "name": "k1s10r0d-2940-b-art", "rating_vote": "11", "rating": "11", "tags": ["kris\u535a\u58eb", "\u539f\u5275", "\u85dd\u8853\u4f5c\u54c1"]}, {"created_at": "1584101517", "created_by_id": "5604919", "name": "scp-2243", "rating_vote": "3", "rating": "3", "tags": ["en", "safe", "scp", "\u52d5\u7269", "\u5fc3\u9748\u611f\u61c9", "\u611f\u77e5\u529b", "\u6d3b\u7269", "\u7ffb\u8b6f", "\u807d\u89ba\u5f71\u97ff", "\u81ea\u4e3b", "\u9ce5\u985e"]}, {"created_at": "1584159366", "created_by_id": "5604919", "name": "scp-5140", "rating_vote": "8", "rating": "8", "tags": ["en", "keter", "scp", "\u50b3\u67d3\u6027", "\u53cd\u71b5", "\u5730\u8cea", "\u5c4d\u9ad4", "\u5f97\u734e\u5c55\u51fa", "\u71b1\u91cf\u5f71\u97ff", "\u7ffb\u8b6f"]}, {"created_at": "1584191270", "created_by_id": "5956873", "name": "scp-zh-976", "rating_vote": "18", "rating": "14", "tags": ["1976\u5e74\u73ed", "ad\u535a\u58eb", "apoyn\u535a\u58eb", "owen", "scp", "site-zh-12", "\u539f\u5275", "\u5433\u6615\u535a\u58eb", "\u5c11\u5fae-12", "\u6a5f\u5bc6\u5206\u7d1a", "\u8072\u97f3", "\u807d\u89ba\u5f71\u97ff", "\u8a18\u61b6\u5f71\u97ff"]}, {"created_at": "1584192005", "created_by_id": "5334590", "name": "interview-882-1", "rating_vote": "3", "rating": "3", "tags": ["en", "\u63a1\u8a2a", "\u7ffb\u8b6f", "\u9644\u52a0\u8cc7\u6599"]}, {"created_at": "1584201255", "created_by_id": "5604919", "name": "scp-1033", "rating_vote": "2", "rating": "2", "tags": ["en", "euclid", "scp", "\u4eba\u5f62", "\u5faa\u74b0", "\u653e\u5c04\u6027", "\u6642\u9593\u5f71\u97ff", "\u7ffb\u8b6f"]}, {"created_at": "1584206177", "created_by_id": "5013973", "name": "four-konnies-four-troubles", "rating_vote": "10", "rating": "10", "tags": ["kondraki\u535a\u58eb", "\u5353\u6587\u5eb7\u5353\u5947", "\u539f\u5275", "\u85dd\u8853\u4f5c\u54c1"]}, {"created_at": "1584283362", "created_by_id": "5334590", "name": "scp-096", "rating_vote": "10", "rating": "8", "tags": ["dan\u535a\u58eb", "en", "euclid", "scp", "\u4eba\u5f62", "\u6d3b\u7269", "\u7f9e\u6f80\u7684\u4eba", "\u7ffb\u8b6f", "\u8996\u89ba\u6027", "\u8a8d\u77e5\u5371\u5bb3"]}]