[{"created_at": "1567065749", "created_by_id": "5415046", "name": "log-of-unexplained-locations", "rating_vote": "0", "rating": "0", "tags": ["en", "\u5408\u4f5c", "\u5f85\u7ffb\u8b6f", "\u6545\u4e8b", "\u7ffb\u8b6f"]}, {"created_at": "1567079165", "created_by_id": "4357011", "name": "cuteness-on-main", "rating_vote": "5", "rating": "5", "tags": ["en", "\u5408\u8457", "\u6545\u4e8b", "\u7570\u8996\u7dad\u57fa", "\u7ffb\u8b6f"]}, {"created_at": "1567160363", "created_by_id": "4357011", "name": "scp-es-138", "rating_vote": "32", "rating": "30", "tags": ["es", "es-\u63a2\u7d22\u7af6\u8cfd2019", "meta", "scp", "the-administrator", "\u4e8c\u6b21\u7ffb\u8b6f", "\u5168\u7403\u8d85\u81ea\u7136\u806f\u76df", "\u6587\u737b", "\u6a5f\u5bc6\u5206\u7d1a", "\u7ffb\u8b6f", "\u96fb\u8166"]}, {"created_at": "1567166874", "created_by_id": "4357011", "name": "are-we-cool-yet-hub", "rating_vote": "5", "rating": "5", "tags": ["awcy", "en", "en-goi2014", "\u4e2d\u5fc3", "\u7ffb\u8b6f"]}, {"created_at": "1567263116", "created_by_id": "5415046", "name": "cats-in-kaleidoscopes", "rating_vote": "17", "rating": "17", "tags": ["2019\u6691\u671f\u6bd4\u8cfd", "\u539f\u5275", "\u6545\u4e8b"]}, {"created_at": "1567267085", "created_by_id": "4990678", "name": "childhood", "rating_vote": "15", "rating": "15", "tags": ["2019\u6691\u671f\u6bd4\u8cfd", "\u539f\u5275", "\u6545\u4e8b"]}, {"created_at": "1567307073", "created_by_id": "3741648", "name": "scp-380-ko", "rating_vote": "5", "rating": "5", "tags": ["euclid", "ko", "meta", "scp", "\u6a21\u56e0\u6548\u61c9", "\u7ffb\u8b6f", "\u8863\u7269", "\u8a9e\u8a00", "\u8b8a\u5f62"]}, {"created_at": "1567339340", "created_by_id": "5344757", "name": "wind-blows", "rating_vote": "5", "rating": "5", "tags": ["site-zh-16", "\u5168\u7403\u8d85\u81ea\u7136\u806f\u76df", "\u539f\u5275", "\u6545\u4e8b"]}, {"created_at": "1567357964", "created_by_id": "5013754", "name": "gamers-against-weed-hub", "rating_vote": "5", "rating": "5", "tags": ["en", "\u4e2d\u5fc3", "\u53cd\u5927\u9ebb\u73a9\u5bb6", "\u7ffb\u8b6f"]}, {"created_at": "1567516566", "created_by_id": "4239775", "name": "operation-nucleon-bank-minger", "rating_vote": "7", "rating": "7", "tags": ["site-zh-31", "site-zh-50", "\u539f\u5275", "\u6545\u4e8b", "\u6838\u88c2\u64e0\u514c", "\u7b2c\u516b\u8655", "\u9577\u57a3-4"]}, {"created_at": "1567519730", "created_by_id": "4357011", "name": "chicago-spirit", "rating_vote": "5", "rating": "5", "tags": ["en", "\u4e2d\u5fc3", "\u5408\u8457", "\u7ffb\u8b6f", "\u829d\u52a0\u54e5\u9b3c\u9748"]}, {"created_at": "1567523442", "created_by_id": "5344757", "name": "scp-zh-348", "rating_vote": "5", "rating": "5", "tags": ["safe", "scp", "site-zh-16", "\u5168\u7403\u8d85\u81ea\u7136\u806f\u76df", "\u539f\u5275", "\u672c\u8cea\u4fc3\u52d5", "\u6c23\u8c61", "\u72ac\u985e", "\u81ea\u6211\u4fee\u5fa9"]}, {"created_at": "1567565909", "created_by_id": "4055881", "name": "poem-found-on-a-bronze-tablet", "rating_vote": "2", "rating": "2", "tags": ["en", "\u6545\u4e8b", "\u7834\u788e\u4e4b\u795e\u6559\u6703", "\u7ffb\u8b6f", "\u8a69\u6b4c"]}, {"created_at": "1567608373", "created_by_id": "5275077", "name": "ambrose-restaurant-hub", "rating_vote": "9", "rating": "9", "tags": ["en", "\u4e2d\u5fc3", "\u5408\u8457", "\u5b89\u5e03\u7f85\u65af\u9910\u5ef3", "\u7ffb\u8b6f"]}, {"created_at": "1567761087", "created_by_id": "4239775", "name": "v", "rating_vote": "8", "rating": "8", "tags": ["site-zh-50", "\u539f\u5275", "\u5929\u7d00-17", "\u6545\u4e8b", "\u6838\u88c2\u64e0\u514c", "\u7b2c\u516b\u8655", "\u9577\u57a3-4"]}, {"created_at": "1567928641", "created_by_id": "4357011", "name": "how-to-modify-the-css-of-ambrose-goi-format", "rating_vote": "5", "rating": "5", "tags": ["\u539f\u5275", "\u5b89\u5e03\u7f85\u65af\u9910\u5ef3", "\u5fc3\u5f97"]}, {"created_at": "1568089815", "created_by_id": "4055881", "name": "donations-policy", "rating_vote": "1", "rating": "1", "tags": ["\u6307\u5c0e", "\u7ffb\u8b6f"]}, {"created_at": "1568112408", "created_by_id": "4990678", "name": "noisy-mid-autumn-festival", "rating_vote": "0", "rating": "0", "tags": ["\u4e2d\u5fc3", "\u4e2d\u79cb\u70cf\u8def\u8cfd", "\u539f\u5275", "\u7af6\u8cfd"]}, {"created_at": "1568458003", "created_by_id": "5255954", "name": "scp-1112-ru", "rating_vote": "2", "rating": "2", "tags": ["euclid", "ru", "scp", "\u4eba\u5f62", "\u5b97\u6559", "\u5efa\u7bc9", "\u6db2\u9ad4", "\u7ffb\u8b6f"]}, {"created_at": "1568788128", "created_by_id": "5348516", "name": "scp-zh-357", "rating_vote": "8", "rating": "8", "tags": ["euclid", "scp", "\u4eba\u5f62", "\u539f\u5275"]}]