[{"created_at": "1559470314", "created_by_id": "3423434", "name": "scp-009", "rating_vote": "4", "rating": "4", "tags": ["en", "euclid", "scp", "\u6db2\u9ad4", "\u71b1\u91cf\u5f71\u97ff", "\u7ffb\u8b6f", "\u81ea\u6211\u8907\u88fd"]}, {"created_at": "1559470556", "created_by_id": "3423434", "name": "exploration-log-a009-1", "rating_vote": "4", "rating": "4", "tags": ["en", "\u63a2\u7d22", "\u7ffb\u8b6f", "\u9644\u52a0\u8cc7\u6599"]}, {"created_at": "1559474161", "created_by_id": "3979351", "name": "scp-031", "rating_vote": "6", "rating": "6", "tags": ["en", "euclid", "maria-jones", "scp", "\u578b\u614b\u8b8a\u5316", "\u5bc4\u751f\u6027", "\u5e7b\u89ba", "\u611f\u77e5\u529b", "\u611f\u77e5\u5f71\u97ff", "\u63a0\u98df\u6027", "\u64ec\u614b", "\u6575\u610f", "\u6d3b\u7269", "\u7121\u5b9a\u5f62", "\u7ffb\u8b6f", "\u8996\u89ba\u6027", "\u8a8d\u77e5\u5371\u5bb3", "\u91cd\u5beb"]}, {"created_at": "1559476069", "created_by_id": "4055881", "name": "talked-with-516", "rating_vote": "3", "rating": "3", "tags": ["en", "\u6545\u4e8b", "\u7ffb\u8b6f", "\u8a69\u6b4c"]}, {"created_at": "1559574608", "created_by_id": "4357011", "name": "analysis-of-the-plokamisuchus", "rating_vote": "4", "rating": "4", "tags": ["en", "goi\u683c\u5f0f", "icsut", "\u5168\u7dda\u6230\u722d", "\u5408\u8457", "\u7ffb\u8b6f"]}, {"created_at": "1559574840", "created_by_id": "4357011", "name": "nine-tales-from-the-cativerse", "rating_vote": "8", "rating": "8", "tags": ["bright\u535a\u58eb", "en", "\u6545\u4e8b", "\u7ffb\u8b6f"]}, {"created_at": "1559634330", "created_by_id": "5008612", "name": "scp-239", "rating_vote": "6", "rating": "6", "tags": ["en", "keter", "scp", "\u4eba\u5f62", "\u5ff5\u529b", "\u611f\u77e5\u529b", "\u667a\u80fd", "\u672c\u8cea\u4fc3\u52d5", "\u6d3b\u7269", "\u7ffb\u8b6f", "\u8a69\u683c\u863f\u7d72", "\u8b8a\u5f62"]}, {"created_at": "1559831633", "created_by_id": "4357011", "name": "the-workshop", "rating_vote": "2", "rating": "2", "tags": ["en", "goi\u683c\u5f0f", "wondertainment\u535a\u58eb", "\u5408\u8457", "\u7f8e\u5999\u4e16\u754c", "\u7ffb\u8b6f", "\u829d\u52a0\u54e5\u9b3c\u9748"]}, {"created_at": "1559832337", "created_by_id": "4357011", "name": "adoption-poster-bandit", "rating_vote": "4", "rating": "4", "tags": ["en", "goi\u683c\u5f0f", "\u4e09\u6ce2\u7279\u862d", "\u5a01\u723e\u905c\u751f\u7269\u61c9\u5c0d\u7d44", "\u7ffb\u8b6f"]}, {"created_at": "1559910032", "created_by_id": "4055881", "name": "maya-the-magnificent", "rating_vote": "4", "rating": "4", "tags": ["en", "goi\u683c\u5f0f", "\u6050\u61fc\u8207\u96dc\u6280", "\u7ffb\u8b6f", "\u8d6b\u66fc-\u5bcc\u52d2"]}, {"created_at": "1559921541", "created_by_id": "5344757", "name": "scp-zh-823", "rating_vote": "20", "rating": "14", "tags": ["euclid", "scp", "site-zh-16", "\u4eba\u5f62", "\u539f\u5275", "\u5ff5\u529b", "\u7570\u5e38\u79fb\u52d5"]}, {"created_at": "1559925083", "created_by_id": "5230135", "name": "home-is-a-place-with-mushrooms", "rating_vote": "7", "rating": "7", "tags": ["en", "\u6545\u4e8b", "\u7ffb\u8b6f", "\u8de8\u754c\u8a08\u756b"]}, {"created_at": "1559927599", "created_by_id": "4990678", "name": "crossoverprojectindex", "rating_vote": "0", "rating": "0", "tags": ["en", "\u4e2d\u5fc3", "\u7ffb\u8b6f", "\u8de8\u754c\u8a08\u756b"]}, {"created_at": "1560003651", "created_by_id": "5008612", "name": "scp-053", "rating_vote": "4", "rating": "2", "tags": ["en", "euclid", "scp", "\u4eba\u5f62", "\u5fc3\u9748\u5f71\u97ff", "\u611f\u77e5\u529b", "\u667a\u80fd", "\u6d3b\u7269", "\u7cbe\u795e\u5f71\u97ff", "\u7ffb\u8b6f", "\u8a8d\u77e5\u5371\u5bb3"]}, {"created_at": "1560179932", "created_by_id": "5013754", "name": "disremember", "rating_vote": "14", "rating": "14", "tags": ["\u539f\u5275", "\u5c55\u51fa", "\u6545\u4e8b", "\u7b2c\u516b\u8655", "\u96d9\u57ce\u4f5c\u6230"]}, {"created_at": "1560180490", "created_by_id": "5255954", "name": "what-do-you-think", "rating_vote": "12", "rating": "12", "tags": ["\u539f\u5275", "\u5c55\u51fa", "\u6545\u4e8b"]}, {"created_at": "1560350558", "created_by_id": "4357011", "name": "scp-4830", "rating_vote": "6", "rating": "6", "tags": ["en", "keter", "meta", "scp", "\u63a0\u98df\u6027", "\u6a21\u56e0\u6548\u61c9", "\u7121\u5f62", "\u795e\u7d93\u6027", "\u7ffb\u8b6f", "\u8a18\u61b6\u5f71\u97ff"]}, {"created_at": "1560350994", "created_by_id": "4357011", "name": "project-morpheus", "rating_vote": "4", "rating": "4", "tags": ["en", "\u5922\u795e", "\u6545\u4e8b", "\u7ffb\u8b6f"]}, {"created_at": "1560351240", "created_by_id": "4357011", "name": "lake-ontario-array", "rating_vote": "5", "rating": "5", "tags": ["allison-eckhart", "blackwood", "en", "\u5922\u795e", "\u6545\u4e8b", "\u7ffb\u8b6f"]}, {"created_at": "1560435803", "created_by_id": "4357011", "name": "scp-4031", "rating_vote": "6", "rating": "6", "tags": ["en", "euclid", "meta", "scp", "\u4eba\u5f62", "\u5473\u89ba\u5f71\u97ff", "\u55c5\u89ba\u5f71\u97ff", "\u611f\u77e5\u5f71\u97ff", "\u6a21\u56e0\u6548\u61c9", "\u6d3b\u7269", "\u7814\u7a76\u54e1smalls", "\u7ffb\u8b6f", "\u807d\u89ba\u5f71\u97ff", "\u8996\u89ba\u6027", "\u89f8\u89ba\u5f71\u97ff", "\u8a18\u61b6\u5f71\u97ff", "\u8a8d\u77e5\u5371\u5bb3", "\u9006\u6a21\u56e0"]}]