[{"created_at": "1566314967", "created_by_id": "5565302", "name": "ggbangyen", "rating_vote": "12", "rating": "12", "tags": ["\u539f\u5275", "\u85dd\u8853\u4f5c\u54c1"]}, {"created_at": "1566322553", "created_by_id": "5319383", "name": "unusual-incidents-unit-hub", "rating_vote": "4", "rating": "4", "tags": ["en", "en-goi2014", "uiu", "\u4e2d\u5fc3", "\u5408\u8457", "\u7ffb\u8b6f"]}, {"created_at": "1566397256", "created_by_id": "5565302", "name": "yoyen", "rating_vote": "6", "rating": "6", "tags": ["\u539f\u5275", "\u85dd\u8853\u4f5c\u54c1"]}, {"created_at": "1566425115", "created_by_id": "5319383", "name": "scp-011", "rating_vote": "3", "rating": "3", "tags": ["en", "safe", "scp", "\u4eba\u5f62", "\u611f\u77e5\u529b", "\u667a\u80fd", "\u7ffb\u8b6f", "\u81ea\u4e3b", "\u8ecd\u4e8b", "\u96d5\u50cf"]}, {"created_at": "1566476234", "created_by_id": "5415046", "name": "scp-093", "rating_vote": "9", "rating": "9", "tags": ["en", "euclid", "scp", "\u4e0d\u53ef\u6467\u6bc0", "\u4eba\u9020\u7269\u54c1", "\u77f3\u982d", "\u7ffb\u8b6f", "\u81ea\u4e3b", "\u8d85\u7dad\u5ea6", "\u91cd\u5beb", "\u9580\u5f91", "\u96d5\u523b"]}, {"created_at": "1566482605", "created_by_id": "5565302", "name": "bangyen178", "rating_vote": "5", "rating": "5", "tags": ["\u539f\u5275", "\u85dd\u8853\u4f5c\u54c1"]}, {"created_at": "1566483423", "created_by_id": "4357011", "name": "scared-stiff", "rating_vote": "4", "rating": "4", "tags": ["creepypasta", "en", "\u6545\u4e8b", "\u7570\u8996\u7dad\u57fa", "\u7ffb\u8b6f"]}, {"created_at": "1566562218", "created_by_id": "3979351", "name": "scp-zh-254", "rating_vote": "12", "rating": "12", "tags": ["safe", "scp", "site-zh-25", "\u539f\u5275", "\u65b0\u56db\u5c71\u5c0f\u5b78", "\u65b0\u8336\u5dba", "\u6db2\u9ad4", "\u96f6\u865f\u5c08\u968a"]}, {"created_at": "1566563657", "created_by_id": "5565302", "name": "bangyen408", "rating_vote": "6", "rating": "6", "tags": ["kondraki\u535a\u58eb", "\u539f\u5275", "\u85dd\u8853\u4f5c\u54c1"]}, {"created_at": "1566625789", "created_by_id": "5319383", "name": "scp-016", "rating_vote": "4", "rating": "2", "tags": ["en", "keter", "scp", "\u50b3\u67d3\u6027", "\u667a\u80fd", "\u6d3b\u7269", "\u7269\u7a2e", "\u751f\u7269\u5371\u5bb3", "\u7ffb\u8b6f", "\u8b8a\u5f62"]}, {"created_at": "1566657583", "created_by_id": "5565302", "name": "bangyen085", "rating_vote": "7", "rating": "7", "tags": ["\u539f\u5275", "\u85dd\u8853\u4f5c\u54c1"]}, {"created_at": "1566787809", "created_by_id": "5565302", "name": "bangyen343", "rating_vote": "6", "rating": "6", "tags": ["\u539f\u5275", "\u85dd\u8853\u4f5c\u54c1"]}, {"created_at": "1566787985", "created_by_id": "5565302", "name": "bangyen939", "rating_vote": "6", "rating": "6", "tags": ["\u539f\u5275", "\u85dd\u8853\u4f5c\u54c1"]}, {"created_at": "1566788220", "created_by_id": "5565302", "name": "bangyen1151", "rating_vote": "6", "rating": "6", "tags": ["\u539f\u5275", "\u85dd\u8853\u4f5c\u54c1"]}, {"created_at": "1566788325", "created_by_id": "5565302", "name": "bangyen2295", "rating_vote": "10", "rating": "10", "tags": ["\u539f\u5275", "\u85dd\u8853\u4f5c\u54c1"]}, {"created_at": "1566788628", "created_by_id": "5565302", "name": "bangyen093", "rating_vote": "7", "rating": "7", "tags": ["\u539f\u5275", "\u85dd\u8853\u4f5c\u54c1"]}, {"created_at": "1566814120", "created_by_id": "3979351", "name": "mcdssps", "rating_vote": "8", "rating": "8", "tags": ["dado", "goi\u683c\u5f0f", "mc&amp;d", "wondertainment\u535a\u58eb", "\u539f\u5275", "\u65b0\u56db\u5c71\u5c0f\u5b78", "\u65b0\u8336\u5dba"]}, {"created_at": "1566825322", "created_by_id": "5622284", "name": "reading-machine", "rating_vote": "2", "rating": "2", "tags": ["\u539f\u5275", "\u6a21\u7d44"]}, {"created_at": "1566875567", "created_by_id": "5402841", "name": "scp-zh-036", "rating_vote": "15", "rating": "15", "tags": ["euclid", "scp", "site-zh-44", "\u52d5\u7269", "\u539f\u5275", "\u53f0\u7063\u539f\u4f4f\u6c11", "\u672c\u8cea\u4fc3\u52d5", "\u7269\u7a2e", "\u751f\u7269\u6027"]}, {"created_at": "1566878349", "created_by_id": "5251681", "name": "gears-is-totally-not-a-robot-guys", "rating_vote": "10", "rating": "10", "tags": ["en", "en-\u611a\u4eba\u7bc02016", "\u6545\u4e8b", "\u7ffb\u8b6f"]}]