[{"created_at": "1574193336", "created_by_id": "5255954", "name": "site-zh-81", "rating_vote": "19", "rating": "19", "tags": ["koschei.aic", "reverberate\u535a\u58eb", "site-zh-81", "\u4e2d\u5fc3", "\u539f\u5275", "\u7ad9\u9ede"]}, {"created_at": "1574243813", "created_by_id": "5325850", "name": "scp-zh-301", "rating_vote": "18", "rating": "18", "tags": ["euclid", "scp", "site-zh-81", "\u4eba\u9020\u7269\u54c1", "\u50b3\u9001", "\u5100\u5f0f\u6027", "\u539f\u5275", "\u5f37\u8feb\u6027", "\u611f\u77e5\u529b", "\u706b", "\u81ea\u4e3b", "\u8679\u5149\u4e4b\u9593"]}, {"created_at": "1574420154", "created_by_id": "4239775", "name": "about-that-big-guy", "rating_vote": "16", "rating": "16", "tags": ["alexylva\u5927\u5b78", "awcy", "ijamea", "koschei.aic", "mc&amp;d", "nobody", "reverberate\u535a\u58eb", "semibreve\u535a\u58eb", "site-zh-50", "site-zh-81", "uiu", "wondertainment\u535a\u58eb", "\u4f0a\u65af\u862d\u7269\u54c1\u56de\u6536\u8fa6\u516c\u5ba4", "\u5168\u7403\u8d85\u81ea\u7136\u806f\u76df", "\u539f\u5275", "\u53c1\u6708\u5354\u6703", "\u53cd\u5927\u9ebb\u73a9\u5bb6", "\u5730\u5e73\u7dda\u5021\u8b70", "\u5922\u795e", "\u5a01\u723e\u905c\u751f\u7269\u61c9\u5c0d\u7d44", "\u5b89\u5e03\u7f85\u65af\u9910\u5ef3", "\u5b89\u5fb7\u68ee\u6a5f\u5668\u4eba", "\u5de5\u5ee0", "\u641e\u7b11", "\u6545\u4e8b", "\u666e\u7f85\u7c73\u4fee\u65af\u5be6\u9a57\u5ba4", "\u683c\u9b6f\u70cf-p\u90e8\u9580", "\u6b32\u8089\u6559", "\u6bc6\u6253\u9bca\u9b5a\u4e2d\u5fc3", "\u6e3e\u6c8c\u53cd\u53db\u8ecd", "\u746a\u7d0d\u6148\u5584\u57fa\u91d1\u6703", "\u7570\u8996\u7dad\u57fa", "\u7834\u788e\u4e4b\u795e\u6559\u6703", "\u7b2c\u4e8c\u6d77\u6258\u4e16\u6559\u6703", "\u7b2c\u4e94\u6559\u6703", "\u7b2c\u516b\u8655", "\u829d\u52a0\u54e5\u9b3c\u9748", "\u86c7\u4e4b\u624b", "\u8d6b\u66fc-\u5bcc\u52d2", "\u9e7f\u5b78\u9662", "\u9ed1\u7687\u540e"]}, {"created_at": "1574442013", "created_by_id": "4990678", "name": "valentine-logo", "rating_vote": "22", "rating": "22", "tags": ["\u539f\u5275", "\u85dd\u8853\u4f5c\u54c1"]}, {"created_at": "1574566863", "created_by_id": "3979351", "name": "scp-066", "rating_vote": "4", "rating": "4", "tags": ["en", "eric", "euclid", "scp", "\u7121\u5b9a\u5f62", "\u73a9\u5177", "\u7ffb\u8b6f", "\u81ea\u4e3b", "\u91cd\u5beb"]}, {"created_at": "1574653438", "created_by_id": "5334590", "name": "tamaricaceae", "rating_vote": "14", "rating": "14", "tags": ["2019\u56de\u61b6\u7af6\u8cfd", "\u539f\u5275", "\u6545\u4e8b", "\u7814\u7a76\u54e1l.what"]}, {"created_at": "1574770665", "created_by_id": "4055881", "name": "la-naissance-d-un-immortel", "rating_vote": "3", "rating": "3", "tags": ["fr", "int-goi2019", "\u4e8c\u6b21\u7ffb\u8b6f", "\u5dcb\u967d\u6d3e", "\u6545\u4e8b", "\u7ffb\u8b6f"]}, {"created_at": "1574981779", "created_by_id": "5255954", "name": "scp-zh-9288-ex", "rating_vote": "45", "rating": "45", "tags": ["2019\u56de\u61b6\u7af6\u8cfd", "scp", "site-zh-81", "surge\u535a\u58eb", "\u4eba\u9020\u7269\u54c1", "\u502b\u7406\u59d4\u54e1\u6703", "\u539f\u5275", "\u5df2\u89e3\u660e", "\u6a5f\u5bc6\u5206\u7d1a", "\u6c99\u7687\u5148\u77e5\u5354\u6703", "\u8a18\u61b6\u5f71\u97ff", "\u8f09\u5177"]}, {"created_at": "1575208415", "created_by_id": "5206218", "name": "scp-321", "rating_vote": "3", "rating": "3", "tags": ["en", "safe", "scp", "\u4eba\u5f62", "\u5fa9\u6d3b", "\u6d3b\u7269", "\u7ffb\u8b6f", "\u81ea\u6211\u4fee\u5fa9"]}, {"created_at": "1575208521", "created_by_id": "5206218", "name": "scp-590", "rating_vote": "1", "rating": "1", "tags": ["en", "safe", "scp", "\u4eba\u5f62", "\u611f\u77e5\u529b", "\u667a\u80fd", "\u6d3b\u7269", "\u7ffb\u8b6f"]}, {"created_at": "1575209724", "created_by_id": "5682316", "name": "scp-1313", "rating_vote": "6", "rating": "6", "tags": ["en", "keter", "scp", "\u52d5\u7269", "\u53cd\u71b5", "\u6578\u5b78\u6027", "\u672a\u6536\u5bb9", "\u718a\u985e", "\u7ffb\u8b6f"]}, {"created_at": "1575209776", "created_by_id": "5682316", "name": "scp-1296", "rating_vote": "17", "rating": "17", "tags": ["en", "euclid", "scp", "\u50b3\u9001", "\u52d5\u7269", "\u6d3b\u7269", "\u7ffb\u8b6f", "\u8f09\u5177", "\u901a\u8a0a"]}, {"created_at": "1575214469", "created_by_id": "5237516", "name": "scp-zh-762", "rating_vote": "8", "rating": "8", "tags": ["2019\u56de\u61b6\u7af6\u8cfd", "euclid", "scp", "\u539f\u5275", "\u5fc3\u9748\u5f71\u97ff", "\u611f\u77e5\u80fd\u529b", "\u7814\u7a76\u54e1l.what", "\u8a8d\u77e5\u5371\u5bb3"]}, {"created_at": "1575438176", "created_by_id": "4990678", "name": "on-the-tree", "rating_vote": "18", "rating": "18", "tags": ["2019\u56de\u61b6\u7af6\u8cfd", "creepypasta", "\u539f\u5275", "\u6545\u4e8b", "\u7570\u8996\u7dad\u57fa"]}, {"created_at": "1575475888", "created_by_id": "4357011", "name": "foodies-frogs-flying", "rating_vote": "6", "rating": "6", "tags": ["en", "\u6545\u4e8b", "\u7ffb\u8b6f"]}, {"created_at": "1575476103", "created_by_id": "4357011", "name": "scp-4428", "rating_vote": "11", "rating": "11", "tags": ["en", "meta", "scp", "\u5408\u8457", "\u5bc4\u751f\u6027", "\u611f\u77e5\u529b", "\u6575\u610f", "\u6a5f\u5bc6\u5206\u7d1a", "\u6d3b\u7269", "\u7121\u5b9a\u5f62", "\u77e5\u8b58", "\u7ffb\u8b6f", "\u8aa4\u50b3\u90e8"]}, {"created_at": "1575659310", "created_by_id": "5344757", "name": "snake-s-wake", "rating_vote": "12", "rating": "12", "tags": ["2019\u56de\u61b6\u7af6\u8cfd", "\u539f\u5275", "\u53f0\u7063\u539f\u4f4f\u6c11", "\u6545\u4e8b", "\u86c7\u4e4b\u624b"]}, {"created_at": "1575711261", "created_by_id": "5237516", "name": "k-before", "rating_vote": "5", "rating": "5", "tags": ["2019\u56de\u61b6\u7af6\u8cfd", "site-zh-16", "\u539f\u5275", "\u6545\u4e8b", "\u7814\u7a76\u54e1k"]}, {"created_at": "1575717962", "created_by_id": "5325850", "name": "scp-zh-120", "rating_vote": "39", "rating": "39", "tags": ["2019\u56de\u61b6\u7af6\u8cfd", "ad\u535a\u58eb", "meta", "safe", "scp", "site-zh-12", "\u539f\u5275", "\u5c55\u51fa", "\u5efa\u7bc9\u7269", "\u6a21\u56e0\u6548\u61c9"]}, {"created_at": "1575719555", "created_by_id": "3979351", "name": "scp-zh-258", "rating_vote": "14", "rating": "14", "tags": ["2019\u56de\u61b6\u7af6\u8cfd", "safe", "scp", "site-zh-25", "\u4eba\u9020\u7269\u54c1", "\u539f\u5275", "\u7cbe\u795e\u5f71\u97ff"]}]