[{"created_at": "1572500804", "created_by_id": "5451740", "name": "scp-2412", "rating_vote": "10", "rating": "10", "tags": ["en", "safe", "scp", "\u4eba\u5f62", "\u611f\u77e5\u529b", "\u667a\u80fd", "\u6a5f\u5668\u4eba", "\u6a5f\u68b0", "\u6b77\u53f2\u6027", "\u767c\u689d", "\u77e5\u8b58", "\u7ffb\u8b6f"]}, {"created_at": "1572526188", "created_by_id": "4055881", "name": "the-halloween-breach", "rating_vote": "5", "rating": "5", "tags": ["en", "en-\u842c\u8056\u7bc02012", "\u6545\u4e8b", "\u7ffb\u8b6f", "\u8a69\u6b4c"]}, {"created_at": "1572678881", "created_by_id": "5435485", "name": "scp-zh-998", "rating_vote": "41", "rating": "37", "tags": ["k\u7d1a\u60c5\u666f", "scp", "site-zh-02", "site-zh-13", "site-zh-16", "site-zh-25", "site-zh-31", "site-zh-44", "site-zh-50", "site-zh-81", "\u539f\u5275", "\u53cd\u71b5", "\u578b\u614b\u8b8a\u5316", "\u5c55\u51fa", "\u6642\u7a7a", "\u672a\u6536\u5bb9", "\u6982\u5ff5", "\u6a5f\u5bc6\u7b49\u7d1a", "\u751f\u7269\u5371\u5bb3", "\u8a8d\u77e5\u5371\u5bb3", "\u96fb\u78c1"]}, {"created_at": "1573140382", "created_by_id": "5255954", "name": "darkroom", "rating_vote": "0", "rating": "0", "tags": ["\u4e2d\u5fc3", "\u539f\u5275", "\u7af6\u8cfd", "\u8679\u5149\u4e4b\u9593"]}, {"created_at": "1573362747", "created_by_id": "5344757", "name": "orange-8963", "rating_vote": "9", "rating": "9", "tags": ["bales\u535a\u58eb", "site-zh-16", "\u539f\u5275", "\u6545\u4e8b", "\u6d17\u8863\u90e8\u9580"]}, {"created_at": "1573481880", "created_by_id": "5435485", "name": "scp-105", "rating_vote": "5", "rating": "5", "tags": ["en", "safe", "scp", "\u4eba\u5f62", "\u5408\u8457", "\u5ff5\u529b", "\u611f\u77e5\u529b", "\u651d\u50cf", "\u667a\u80fd", "\u6d3b\u7269", "\u7ffb\u8b6f", "\u91cd\u5beb"]}, {"created_at": "1573726338", "created_by_id": "5334590", "name": "in-the-snow-in-the-iris", "rating_vote": "21", "rating": "21", "tags": ["reverberate\u535a\u58eb", "site-zh-81", "\u539f\u5275", "\u6545\u4e8b", "\u6d17\u8863\u90e8\u9580", "\u8679\u5149\u4e4b\u9593"]}, {"created_at": "1573727797", "created_by_id": "5344757", "name": "third-life", "rating_vote": "21", "rating": "21", "tags": ["reverberate\u535a\u58eb", "site-zh-81", "\u539f\u5275", "\u5c55\u51fa", "\u6545\u4e8b", "\u683c\u9b6f\u70cf-p\u90e8\u9580", "\u8679\u5149\u4e4b\u9593"]}, {"created_at": "1573738359", "created_by_id": "4990678", "name": "translation-reservation", "rating_vote": "1", "rating": "1", "tags": ["\u7ba1\u7406", "\u7ffb\u8b6f"]}, {"created_at": "1573796575", "created_by_id": "5435485", "name": "scp-zh-010", "rating_vote": "18", "rating": "18", "tags": ["keter", "scp", "site-zh-22", "site-zh-44", "surge\u535a\u58eb", "\u539f\u5275", "\u5bc4\u751f\u6027", "\u7269\u7a2e", "\u751f\u7269\u6027", "\u9060\u5df1"]}, {"created_at": "1573803565", "created_by_id": "4701365", "name": "scp-int-to-ru", "rating_vote": "6", "rating": "6", "tags": ["ru", "\u5fc3\u5f97", "\u65b0\u805e", "\u7ffb\u8b6f"]}, {"created_at": "1573806066", "created_by_id": "4701365", "name": "ru-situation", "rating_vote": "4", "rating": "4", "tags": ["ru", "\u5fc3\u5f97", "\u65b0\u805e", "\u7ffb\u8b6f"]}, {"created_at": "1573912389", "created_by_id": "5684299", "name": "collected-item-no19316", "rating_vote": "6", "rating": "6", "tags": ["jp", "\u5b87\u559c\u7530\u535a\u58eb", "\u6545\u4e8b", "\u7ffb\u8b6f", "\u8490\u96c6\u9662", "\u975e\u6b63\u5f0f800\u5b57\u5fb5\u6587\u6d3b\u52d5"]}, {"created_at": "1573913118", "created_by_id": "3979351", "name": "collected-land-no022", "rating_vote": "14", "rating": "14", "tags": ["goi\u683c\u5f0f", "ijamea", "\u539f\u5275", "\u65b0\u56db\u5c71\u5c0f\u5b78", "\u65b0\u8336\u5dba", "\u6728\u6613", "\u7570\u8996\u7dad\u57fa", "\u7b2c\u516b\u8655", "\u82f1\u570b\u795e\u79d8\u60c5\u5831\u5c40", "\u8490\u96c6\u9662", "\u96f6\u865f\u5c08\u968a"]}, {"created_at": "1573964763", "created_by_id": "5237516", "name": "scp-zh-711", "rating_vote": "13", "rating": "9", "tags": ["safe", "scp", "site-zh-25", "\u539f\u5275", "\u5de5\u5177", "\u5f35\u9053\u58eb", "\u6587\u737b", "\u65b0\u56db\u5c71\u5c0f\u5b78"]}, {"created_at": "1573964787", "created_by_id": "4474355", "name": "scp-zh-564", "rating_vote": "17", "rating": "5", "tags": ["euclid", "scp", "\u4e0d\u53ef\u79fb\u52d5", "\u539f\u5275", "\u5730\u9ede", "\u65b0\u56db\u5c71\u5c0f\u5b78", "\u7cbe\u795e\u5f71\u97ff"]}, {"created_at": "1574070883", "created_by_id": "4128767", "name": "dreamcatcher", "rating_vote": "10", "rating": "10", "tags": ["\u539f\u5275", "\u6545\u4e8b", "\u8679\u5149\u4e4b\u9593"]}, {"created_at": "1574160961", "created_by_id": "3979351", "name": "the-non-names-town", "rating_vote": "15", "rating": "15", "tags": ["goi\u683c\u5f0f", "reverberate\u535a\u58eb", "site-zh-25", "site-zh-81", "\u539f\u5275", "\u5730\u5e73\u7dda\u5021\u8b70", "\u5c55\u51fa", "\u5f35\u9053\u58eb", "\u6b32\u8089\u6559", "\u8679\u5149\u4e4b\u9593"]}, {"created_at": "1574180341", "created_by_id": "3981670", "name": "under-investigation-and-keep-out-of-here", "rating_vote": "10", "rating": "10", "tags": ["koschei.aic", "\u539f\u5275", "\u6545\u4e8b", "\u8679\u5149\u4e4b\u9593"]}, {"created_at": "1574185277", "created_by_id": "4990678", "name": "caged-bird", "rating_vote": "15", "rating": "15", "tags": ["semibreve\u535a\u58eb", "site-zh-02", "site-zh-81", "\u539f\u5275", "\u6545\u4e8b", "\u8679\u5149\u4e4b\u9593"]}]