[{"created_at": "1561823401", "created_by_id": "4239775", "name": "site-zh-02-front", "rating_vote": "18", "rating": "18", "tags": ["site-zh-02", "\u539f\u5275"]}, {"created_at": "1561877087", "created_by_id": "5435485", "name": "scp-zh-310", "rating_vote": "26", "rating": "26", "tags": ["euclid", "scp", "site-zh-44", "surge\u535a\u58eb", "\u539f\u5275", "\u57fa\u56e0", "\u591c\u4e4b\u5b50", "\u5c55\u51fa", "\u5fc3\u9748\u611f\u61c9", "\u672a\u6536\u5bb9", "\u672c\u8cea\u4fc3\u52d5", "\u751f\u7269\u6027", "\u795e\u7d93\u6027", "\u7cbe\u795e\u5f71\u97ff", "\u9006\u6a21\u56e0", "\u91ab\u5b78\u6027", "\u91cd\u529b\u5f71\u97ff"]}, {"created_at": "1561976039", "created_by_id": "5415046", "name": "scp-1208", "rating_vote": "8", "rating": "8", "tags": ["en", "safe", "scp", "\u5bb6\u5177", "\u7ffb\u8b6f", "\u8b8a\u5f62", "\u96fb\u529b"]}, {"created_at": "1561976884", "created_by_id": "5334590", "name": "scp-zh-005", "rating_vote": "64", "rating": "62", "tags": ["keter", "scp", "\u539f\u5275", "\u7121\u6548\u5316", "\u7814\u7a76\u54e1l.what"]}, {"created_at": "1561980796", "created_by_id": "5348516", "name": "scp-zh-199", "rating_vote": "23", "rating": "23", "tags": ["2019\u6691\u671f\u6bd4\u8cfd", "euclid", "scp", "\u50b3\u9001", "\u539f\u5275", "\u5730\u9ede", "\u6a21\u56e0\u6548\u61c9"]}, {"created_at": "1561996393", "created_by_id": "5413616", "name": "scp-zh-006", "rating_vote": "21", "rating": "9", "tags": ["safe", "scp", "site-zh-13", "sugoi\u535a\u58eb", "\u5316\u5b78\u6027", "\u539f\u5275", "\u5473\u89ba\u5f71\u97ff", "\u6709\u6a5f", "\u751f\u7269\u6027", "\u7e41\u5ee3", "\u98df\u7269"]}, {"created_at": "1562073797", "created_by_id": "5428435", "name": "scp-zh-105", "rating_vote": "66", "rating": "66", "tags": ["euclid", "scp", "\u4e0d\u53ef\u79fb\u52d5", "\u539f\u5275", "\u5730\u4e0b", "\u5c55\u51fa", "\u6642\u7a7a", "\u8d85\u7dad\u5ea6", "\u8f09\u5177", "\u9580\u5f91", "\u96fb\u529b"]}, {"created_at": "1562161364", "created_by_id": "5415046", "name": "technical-writing", "rating_vote": "9", "rating": "9", "tags": ["\u6307\u5c0e", "\u7ffb\u8b6f"]}, {"created_at": "1562467167", "created_by_id": "4239775", "name": "nsb8-teach-colony", "rating_vote": "10", "rating": "10", "tags": ["\u539f\u5275", "\u6545\u4e8b", "\u7b2c\u516b\u8655", "\u8aaa\u660e"]}, {"created_at": "1562486460", "created_by_id": "5344757", "name": "scp-zh-661", "rating_vote": "11", "rating": "11", "tags": ["keter", "scp", "site-zh-16", "\u4eba\u5f62", "\u539f\u5275", "\u6587\u737b", "\u6728\u6613"]}, {"created_at": "1562489168", "created_by_id": "5344757", "name": "bloodstain-1", "rating_vote": "8", "rating": "8", "tags": ["bales\u535a\u58eb", "site-zh-16", "\u539f\u5275", "\u6545\u4e8b"]}, {"created_at": "1562489302", "created_by_id": "5344757", "name": "bloodstain-2", "rating_vote": "9", "rating": "9", "tags": ["bales\u535a\u58eb", "site-zh-16", "\u539f\u5275", "\u6545\u4e8b"]}, {"created_at": "1562516128", "created_by_id": "5348516", "name": "scp-zh-125", "rating_vote": "25", "rating": "23", "tags": ["safe", "scp", "\u539f\u5275", "\u8f09\u5177"]}, {"created_at": "1562517448", "created_by_id": "5013754", "name": "black-0419", "rating_vote": "12", "rating": "12", "tags": ["semibreve\u535a\u58eb", "site-zh-02", "site-zh-26", "\u539f\u5275", "\u6545\u4e8b", "\u6d17\u8863\u90e8\u9580"]}, {"created_at": "1562518732", "created_by_id": "5415046", "name": "scp-355", "rating_vote": "6", "rating": "6", "tags": ["en", "euclid", "scp", "\u690d\u7269", "\u6b66\u5668", "\u6e3e\u6c8c\u53cd\u53db\u8ecd", "\u7269\u7a2e", "\u7ffb\u8b6f"]}, {"created_at": "1562573560", "created_by_id": "5010943", "name": "scp-529", "rating_vote": "8", "rating": "8", "tags": ["en", "safe", "scp", "\u52d5\u7269", "\u6d3b\u7269", "\u7ffb\u8b6f", "\u8c93\u985e"]}, {"created_at": "1562580044", "created_by_id": "3979351", "name": "scp-350", "rating_vote": "4", "rating": "4", "tags": ["en", "safe", "scp", "\u4ea4\u63db", "\u5f37\u8feb\u6027", "\u6587\u737b", "\u7cbe\u795e\u5f71\u97ff", "\u7ffb\u8b6f", "\u8b8a\u5f62"]}, {"created_at": "1562594905", "created_by_id": "5415046", "name": "yourjouney-part-1", "rating_vote": "9", "rating": "9", "tags": ["en", "\u5fc3\u5f97", "\u7ffb\u8b6f"]}, {"created_at": "1562677140", "created_by_id": "4474355", "name": "scp-008-j", "rating_vote": "11", "rating": "11", "tags": ["en", "euclid", "scp", "\u4eba\u5f62", "\u611f\u77e5\u529b", "\u641e\u7b11", "\u667a\u80fd", "\u6d3b\u7269", "\u7ffb\u8b6f"]}, {"created_at": "1562678433", "created_by_id": "4128767", "name": "dclass-search", "rating_vote": "12", "rating": "10", "tags": ["jp", "jp-1200\u5b5719a", "\u58de\u57fa\u91d1\u6703", "\u6545\u4e8b", "\u7ffb\u8b6f"]}]