[{"created_at": "1561264401", "created_by_id": "4357011", "name": "scp-2", "rating_vote": "6", "rating": "6", "tags": ["aiad", "en", "\u6545\u4e8b", "\u76f8\u562f\u9b54", "\u7814\u7a76\u54e1rosen", "\u7ffb\u8b6f"]}, {"created_at": "1561265149", "created_by_id": "4357011", "name": "scp-4145", "rating_vote": "5", "rating": "5", "tags": ["en", "en-\u6025\u8feb\u7af6\u8cfd2019", "keter", "scp", "\u5171\u611f", "\u5922\u795e", "\u6982\u5ff5", "\u7761\u7720", "\u7ffb\u8b6f", "\u8a18\u61b6\u5f71\u97ff"]}, {"created_at": "1561287236", "created_by_id": "4357011", "name": "untitled-jewelry-piece-clarice-s-doom-1480s", "rating_vote": "3", "rating": "3", "tags": ["en", "goi\u683c\u5f0f", "int-goi2019", "\u7ffb\u8b6f", "\u9ea5\u5730\u5947\u85dd\u8853\u5b78\u9662"]}, {"created_at": "1561287462", "created_by_id": "4357011", "name": "a-breath-of-relief-no-different-from-drowning", "rating_vote": "3", "rating": "3", "tags": ["en", "en-mtf2016", "\u5922\u795e", "\u6545\u4e8b", "\u7ffb\u8b6f"]}, {"created_at": "1561301800", "created_by_id": "5338547", "name": "yee", "rating_vote": "17", "rating": "17", "tags": ["goi\u683c\u5f0f", "\u539f\u5275", "\u5c55\u51fa", "\u6728\u6613"]}, {"created_at": "1561370730", "created_by_id": "4264056", "name": "head", "rating_vote": "17", "rating": "15", "tags": ["ain\u535a\u58eb", "maddy", "site-zh-02", "\u539f\u5275", "\u6545\u4e8b"]}, {"created_at": "1561382311", "created_by_id": "3979351", "name": "scp-1408", "rating_vote": "3", "rating": "3", "tags": ["aw\u6559\u6388", "en", "safe", "scp", "\u5fc3\u9748\u611f\u61c9", "\u6a5f\u68b0", "\u767c\u689d", "\u7ffb\u8b6f"]}, {"created_at": "1561383321", "created_by_id": "5334590", "name": "scp-zh-035", "rating_vote": "21", "rating": "21", "tags": ["euclid", "scp", "\u4eba\u5f62", "\u539f\u5275"]}, {"created_at": "1561386246", "created_by_id": "4357011", "name": "icsutformat", "rating_vote": "4", "rating": "4", "tags": ["en", "icsut", "\u5168\u7403\u8d85\u81ea\u7136\u806f\u76df", "\u5fc3\u5f97", "\u7ffb\u8b6f"]}, {"created_at": "1561386918", "created_by_id": "4357011", "name": "the-parables-of-pseudo-nadox", "rating_vote": "8", "rating": "8", "tags": ["en", "goi\u683c\u5f0f", "\u5730\u5e73\u7dda\u5021\u8b70", "\u5927\u8853\u58eb\u4f0a\u4ef0", "\u6b32\u8089\u6559", "\u7ffb\u8b6f"]}, {"created_at": "1561394755", "created_by_id": "5428286", "name": "scp-zh-511", "rating_vote": "13", "rating": "13", "tags": ["safe", "scp", "\u4eba\u9020\u7269\u54c1", "\u539f\u5275", "\u7cbe\u795e\u5f71\u97ff"]}, {"created_at": "1561441723", "created_by_id": "3423434", "name": "scp-500", "rating_vote": "11", "rating": "11", "tags": ["en", "safe", "scp", "\u5316\u5b78\u6027", "\u5bb9\u5668", "\u7ffb\u8b6f", "\u91ab\u5b78\u6027"]}, {"created_at": "1561534686", "created_by_id": "4128767", "name": "scp-352", "rating_vote": "5", "rating": "5", "tags": ["en", "keter", "scp", "\u4eba\u5f62", "\u5316\u5b78\u6027", "\u611f\u77e5\u529b", "\u63a0\u98df\u6027", "\u6575\u610f", "\u667a\u80fd", "\u6bd2\u6027", "\u6d3b\u7269", "\u751f\u7269", "\u7cbe\u795e\u5f71\u97ff", "\u7ffb\u8b6f", "\u81ea\u6211\u4fee\u5fa9"]}, {"created_at": "1561636074", "created_by_id": "5273385", "name": "the-tales-of-agents", "rating_vote": "6", "rating": "6", "tags": ["\u539f\u5275", "\u6545\u4e8b"]}, {"created_at": "1561649717", "created_by_id": "4357011", "name": "scpdeclassified-pattern-screamers-declassified", "rating_vote": "7", "rating": "7", "tags": ["en", "\u7528\u6236\u89e3\u5bc6", "\u76f8\u562f\u9b54", "\u7ffb\u8b6f"]}, {"created_at": "1561649871", "created_by_id": "4357011", "name": "scp-4690", "rating_vote": "6", "rating": "6", "tags": ["apollyon", "cimmerian\u535a\u58eb", "en", "scp", "\u6558\u8ff0\u6027", "\u7941\u6bb7\u00b7\u6850\u751f", "\u7ffb\u8b6f", "\u8718\u86db"]}, {"created_at": "1561653385", "created_by_id": "3979351", "name": "scp-733", "rating_vote": "6", "rating": "6", "tags": ["aw\u6559\u6388", "en", "safe", "scp", "\u5de5\u5177", "\u6587\u737b", "\u7ffb\u8b6f", "\u8a18\u61b6\u5f71\u97ff"]}, {"created_at": "1561717287", "created_by_id": "4357011", "name": "incriveis-sapatos-ozwalds", "rating_vote": "4", "rating": "4", "tags": ["goi\u683c\u5f0f", "int-goi2019&nbsp;pt", "\u4e8c\u6b21\u7ffb\u8b6f", "\u5408\u8457", "\u5947\u7269\u5ba4", "\u7ffb\u8b6f"]}, {"created_at": "1561790281", "created_by_id": "5344757", "name": "site-zh-16", "rating_vote": "15", "rating": "15", "tags": ["site-zh-16", "\u4e2d\u5fc3", "\u539f\u5275", "\u7ad9\u9ede"]}, {"created_at": "1561800541", "created_by_id": "3979351", "name": "scp-830", "rating_vote": "6", "rating": "6", "tags": ["en", "safe", "scp", "\u4eba\u5f62", "\u5efa\u7bc9", "\u611f\u77e5\u529b", "\u6e3e\u6c8c\u53cd\u53db\u8ecd", "\u7ffb\u8b6f"]}]