[{"created_at": "1656486415", "created_by_id": "5013754", "name": "scp-zh-196", "rating_vote": "17", "rating": "17", "tags": ["2022\u8679\u5149\u4e4b\u9593", "keter", "scp", "\u539f\u5275", "\u5e7b\u89ba", "\u7121\u5f62", "\u7761\u7720", "\u807d\u89ba\u5f71\u97ff", "\u90fd\u7570\u90e8\u9580", "\u9ce5\u985e"]}, {"created_at": "1656569197", "created_by_id": "7226401", "name": "strangers-of-site-17-part-three", "rating_vote": "4", "rating": "4", "tags": ["en", "\u6545\u4e8b", "\u7ffb\u8b6f"]}, {"created_at": "1656609450", "created_by_id": "3423434", "name": "scp-123", "rating_vote": "2", "rating": "2", "tags": ["en", "euclid", "scp", "\u6642\u7a7a", "\u7403\u9ad4", "\u7ffb\u8b6f", "\u91cd\u529b\u5f71\u97ff"]}, {"created_at": "1656640414", "created_by_id": "8033564", "name": "scp-2020", "rating_vote": "3", "rating": "3", "tags": ["en", "en-2000", "euclid", "scp", "\u4eba\u5f62", "\u611f\u77e5\u529b", "\u661f\u969b", "\u667a\u80fd", "\u6d3b\u7269", "\u7ffb\u8b6f"]}, {"created_at": "1656680714", "created_by_id": "7513990", "name": "scp-460", "rating_vote": "6", "rating": "6", "tags": ["en", "eulid", "scp", "\u672a\u6536\u5bb9", "\u6c23\u8c61", "\u6c23\u9ad4", "\u7ffb\u8b6f"]}, {"created_at": "1656770245", "created_by_id": "4442284", "name": "zh-the-witches-gathering-and-the-lightless-forest-1", "rating_vote": "9", "rating": "9", "tags": ["2022\u8679\u5149\u4e4b\u9593", "\u539f\u5275", "\u6545\u4e8b"]}, {"created_at": "1656770889", "created_by_id": "5701756", "name": "bythenameofeighthsun-noshadowallowed", "rating_vote": "7", "rating": "7", "tags": ["2022\u8679\u5149\u4e4b\u9593", "\u539f\u5275", "\u6545\u4e8b", "\u7b2c\u516b\u8655"]}, {"created_at": "1656772905", "created_by_id": "3981670", "name": "malicious-behavior", "rating_vote": "10", "rating": "10", "tags": ["2022\u8679\u5149\u4e4b\u9593", "apoyn\u535a\u58eb", "\u539f\u5275", "\u6545\u4e8b"]}, {"created_at": "1656773475", "created_by_id": "5338547", "name": "scp-zh-957", "rating_vote": "6", "rating": "6", "tags": ["2022\u8679\u5149\u4e4b\u9593", "keter", "scp", "site-zh-16", "\u539f\u5275"]}, {"created_at": "1656776137", "created_by_id": "7655555", "name": "scp-zh-744", "rating_vote": "12", "rating": "12", "tags": ["2022\u8679\u5149\u4e4b\u9593", "safe", "scp", "\u5100\u5f0f\u6027", "\u539f\u5275", "\u6df1\u4e95\u76ee\u9304", "\u7cbe\u795e\u5f71\u97ff"]}, {"created_at": "1656777553", "created_by_id": "6787405", "name": "scp-zh-868", "rating_vote": "14", "rating": "14", "tags": ["2022\u8679\u5149\u4e4b\u9593", "meta", "scp", "\u539f\u5275", "\u6982\u5ff5", "\u6a5f\u5bc6\u5206\u7d1a", "\u8d85\u73fe\u5be6\u90e8", "\u8d85\u7dad\u5ea6"]}, {"created_at": "1656889459", "created_by_id": "7469850", "name": "scp-zh-818", "rating_vote": "11", "rating": "9", "tags": ["safe", "scp", "site-zh-16", "\u539f\u5275", "\u5de5\u5177", "\u6642\u7a7a", "\u7814\u7a76\u54e1l.what", "\u904a\u6232"]}, {"created_at": "1656925048", "created_by_id": "7073060", "name": "site-zh-01-s-logo", "rating_vote": "7", "rating": "3", "tags": ["site-zh-01", "\u539f\u5275", "\u85dd\u8853\u4f5c\u54c1"]}, {"created_at": "1656937859", "created_by_id": "6217438", "name": "scp-6630", "rating_vote": "10", "rating": "10", "tags": ["en", "en-\u90e8\u9580\u7af6\u8cfd2022", "keter", "scp", "\u4e0d\u53ef\u6467\u6bc0", "\u611f\u77e5\u529b", "\u63a0\u98df\u6027", "\u706b", "\u7ffb\u8b6f"]}, {"created_at": "1656940407", "created_by_id": "6350786", "name": "lillianasoda-artworks2", "rating_vote": "11", "rating": "11", "tags": ["\u539f\u5275", "\u85dd\u8853\u4f5c\u54c1"]}, {"created_at": "1656946408", "created_by_id": "8064046", "name": "sq-artwork-1b", "rating_vote": "8", "rating": "8", "tags": ["ad\u535a\u58eb", "apoyn\u535a\u58eb", "bright\u535a\u58eb", "clef\u535a\u58eb", "kondraki\u535a\u58eb", "mcdoctorate\u535a\u58eb", "\u539f\u5275", "\u85dd\u8853\u4f5c\u54c1"]}, {"created_at": "1656981866", "created_by_id": "8033564", "name": "scp-216", "rating_vote": "5", "rating": "5", "tags": ["en", "safe", "scp", "\u5bb9\u5668", "\u6642\u7a7a", "\u7ffb\u8b6f", "\u8d85\u7dad\u5ea6", "\u91d1\u5c6c", "\u97f3\u983b"]}, {"created_at": "1656991713", "created_by_id": "6217438", "name": "scp-6355", "rating_vote": "11", "rating": "11", "tags": ["en", "en-\u90e8\u9580\u7af6\u8cfd2022", "scp", "thaumiel", "\u5408\u8457", "\u611f\u77e5\u529b", "\u667a\u80fd", "\u7121\u5f62", "\u7cbe\u795e\u5f71\u97ff", "\u7ffb\u8b6f"]}, {"created_at": "1657025373", "created_by_id": "7499032", "name": "scp-6468", "rating_vote": "4", "rating": "4", "tags": ["dado", "en", "en-\u90e8\u9580\u7af6\u8cfd2022", "safe", "scp", "\u4ea4\u63db", "\u5a92\u9ad4", "\u5c55\u51fa", "\u7dda\u4e0a", "\u7ffb\u8b6f", "\u81ea\u4e3b"]}, {"created_at": "1657188525", "created_by_id": "6217438", "name": "scp-6820", "rating_vote": "11", "rating": "11", "tags": ["en", "en-\u975e\u6b63\u5f0f\u8ff7\u56e0\u7af6\u8cfd2021", "k\u7d1a\u60c5\u666f", "meta", "scp", "\u4e0d\u53ef\u6467\u6bc0", "\u4e0d\u6ec5\u5b7d\u8725", "\u5149\u7167\u5f71\u97ff", "\u5408\u8457", "\u57fa\u91d1\u6703\u88fd\u9020", "\u611f\u77e5\u529b", "\u6575\u610f", "\u667a\u80fd", "\u672a\u6536\u5bb9", "\u672c\u8cea\u4fc3\u52d5", "\u6982\u5ff5", "\u6a21\u56e0\u6548\u61c9", "\u6a5f\u5bc6\u5206\u7d1a", "\u6df1\u4e95\u76ee\u9304", "\u722c\u884c\u985e\u52d5\u7269", "\u7ffb\u8b6f", "\u8a18\u61b6\u5f71\u97ff", "\u8cc7\u8a0a\u5371\u5bb3", "\u9069\u61c9\u6027", "\u91d1\u5c6c", "\u96fb\u8166"]}]