[{"created_at": "1589308565", "created_by_id": "5206218", "name": "an-evening-with-bright", "rating_vote": "7", "rating": "7", "tags": ["bright\u535a\u58eb", "en", "heiden\u535a\u58eb", "\u6545\u4e8b", "\u7ffb\u8b6f"]}, {"created_at": "1589368011", "created_by_id": "5255954", "name": "insertjokeinurlhere", "rating_vote": "10", "rating": "10", "tags": ["clef\u535a\u58eb", "en", "en-d\u7d1a\u7af6\u8cfd", "kondraki\u535a\u58eb", "\u5851\u50cf173", "\u6545\u4e8b", "\u7ffb\u8b6f"]}, {"created_at": "1589420468", "created_by_id": "4239775", "name": "nsb8-130", "rating_vote": "7", "rating": "7", "tags": ["goi\u683c\u5f0f", "\u539f\u5275", "\u6838\u88c2\u64e0\u514c", "\u7b2c\u516b\u8655"]}, {"created_at": "1589500889", "created_by_id": "5039979", "name": "in-his-own-image-interlude-1", "rating_vote": "2", "rating": "2", "tags": ["en", "\u6545\u4e8b", "\u7279\u5de5lament", "\u7ffb\u8b6f"]}, {"created_at": "1589517745", "created_by_id": "3423434", "name": "scp-3122", "rating_vote": "6", "rating": "6", "tags": ["en", "euclid", "scp", "\u7ffb\u8b6f", "\u8d85\u7dad\u5ea6", "\u901a\u8a0a", "\u96fb\u5b50"]}, {"created_at": "1589535773", "created_by_id": "5206218", "name": "codebrown", "rating_vote": "4", "rating": "4", "tags": ["bright\u535a\u58eb", "en", "nobody", "\u6545\u4e8b", "\u7ffb\u8b6f"]}, {"created_at": "1589567446", "created_by_id": "5255954", "name": "dandelions", "rating_vote": "4", "rating": "4", "tags": ["en", "\u6545\u4e8b", "\u7ffb\u8b6f"]}, {"created_at": "1589567993", "created_by_id": "5255954", "name": "scp-001-ex-j", "rating_vote": "11", "rating": "11", "tags": ["en", "scp", "\u50b3\u67d3\u6027", "\u5df2\u89e3\u660e", "\u641e\u7b11", "\u706b", "\u71b1\u91cf\u5f71\u97ff", "\u7ffb\u8b6f", "\u81ea\u6211\u8907\u88fd"]}, {"created_at": "1589637046", "created_by_id": "5255954", "name": "mackenzie-s-proposal", "rating_vote": "2", "rating": "2", "tags": ["001\u63d0\u6848", "en", "euclid", "scp", "the-administrator", "\u6587\u737b", "\u7ffb\u8b6f", "\u8d85\u7dad\u5ea6", "\u9470\u5319"]}, {"created_at": "1589637685", "created_by_id": "5255954", "name": "scantron-s-proposal", "rating_vote": "3", "rating": "3", "tags": ["001\u63d0\u6848", "en", "scp", "uiu", "\u5efa\u7bc9", "\u6a5f\u5bc6\u5206\u7d1a", "\u7cbe\u795e\u5f71\u97ff", "\u7ffb\u8b6f", "\u8072\u97f3", "\u81ea\u6211\u8907\u88fd", "\u8d85\u7dad\u5ea6", "\u901a\u8a0a"]}, {"created_at": "1589638236", "created_by_id": "5255954", "name": "scp-117", "rating_vote": "4", "rating": "4", "tags": ["en", "safe", "scp", "\u578b\u614b\u8b8a\u5316", "\u5de5\u5177", "\u5fc3\u9748\u611f\u61c9", "\u611f\u77e5\u529b", "\u6b66\u5668", "\u7ffb\u8b6f"]}, {"created_at": "1589639446", "created_by_id": "5255954", "name": "scp-120", "rating_vote": "5", "rating": "5", "tags": ["en", "safe", "scp", "\u4e0d\u53ef\u6467\u6bc0", "\u50b3\u9001", "\u5bb9\u5668", "\u6db2\u9ad4", "\u7ffb\u8b6f", "\u9580\u5f91"]}, {"created_at": "1589639979", "created_by_id": "5415046", "name": "three-enclosures-hub", "rating_vote": "17", "rating": "17", "tags": ["\u4e09\u57a3", "\u4e2d\u5fc3", "\u539f\u5275", "\u5408\u4f5c"]}, {"created_at": "1589640770", "created_by_id": "5255954", "name": "scp-586", "rating_vote": "3", "rating": "3", "tags": ["en", "meta", "safe", "scp", "\u7ffb\u8b6f", "\u8a9e\u8a00", "\u8cc7\u8a0a\u5371\u5bb3", "\u91d1\u5c6c"]}, {"created_at": "1589641902", "created_by_id": "5206218", "name": "blinddate", "rating_vote": "7", "rating": "7", "tags": ["en", "\u6545\u4e8b", "\u7ffb\u8b6f"]}, {"created_at": "1589697980", "created_by_id": "5255954", "name": "siabhub", "rating_vote": "13", "rating": "13", "tags": ["en", "kondraki\u535a\u58eb", "\u4e2d\u5fc3", "\u5408\u4f5c", "\u74f6\u4e2d\u8239", "\u7ffb\u8b6f"]}, {"created_at": "1589698360", "created_by_id": "3981670", "name": "scp-4971", "rating_vote": "5", "rating": "5", "tags": ["aktus\u4e3b\u4efb", "cimmerian\u535a\u58eb", "en", "k\u7d1a\u60c5\u666f", "scp", "\u4e0d\u53ef\u6467\u6bc0", "\u502b\u7406\u59d4\u54e1\u6703", "\u5100\u5f0f\u6027", "\u52d5\u7269", "\u5efa\u7bc9\u7269", "\u611f\u77e5\u529b", "\u6575\u610f", "\u6642\u7a7a", "\u672a\u6536\u5bb9", "\u6a5f\u5bc6\u5206\u7d1a", "\u6d3b\u7269", "\u7ffb\u8b6f", "\u96fb\u78c1", "\u9e7f\u985e"]}, {"created_at": "1589702039", "created_by_id": "5206218", "name": "every-day-of-my-life-you-test-me", "rating_vote": "8", "rating": "8", "tags": ["clef\u535a\u58eb", "en", "kondraki\u535a\u58eb", "\u5353\u6587\u5eb7\u5353\u5947", "\u6545\u4e8b", "\u74f6\u4e2d\u8239", "\u7ffb\u8b6f"]}, {"created_at": "1589715032", "created_by_id": "5206218", "name": "just-fuck-it-up-irl", "rating_vote": "7", "rating": "7", "tags": ["clef\u535a\u58eb", "en", "kondraki\u535a\u58eb", "\u5353\u6587\u5eb7\u5353\u5947", "\u6545\u4e8b", "\u74f6\u4e2d\u8239", "\u7ffb\u8b6f"]}, {"created_at": "1589803192", "created_by_id": "5206218", "name": "no-dating-at-work", "rating_vote": "12", "rating": "12", "tags": ["clef\u535a\u58eb", "en", "gears\u535a\u58eb", "kondraki\u535a\u58eb", "\u5353\u6587\u5eb7\u5353\u5947", "\u6545\u4e8b", "\u74f6\u4e2d\u8239", "\u7ffb\u8b6f"]}]