[{"created_at": "1558601177", "created_by_id": "4128767", "name": "scp-745-jp", "rating_vote": "9", "rating": "9", "tags": ["euclid", "jp", "scp", "\u4eba\u5f62", "\u65e5\u5949\u4e00\u65cf", "\u6642\u7a7a", "\u7ffb\u8b6f"]}, {"created_at": "1558606396", "created_by_id": "5230135", "name": "yuletide-joy", "rating_vote": "6", "rating": "6", "tags": ["cimmerian\u535a\u58eb", "en", "\u6545\u4e8b", "\u6b7b\u4ea1\u7d42\u4e86", "\u7ffb\u8b6f"]}, {"created_at": "1558614671", "created_by_id": "4357011", "name": "1st-cetres-donation", "rating_vote": "4", "rating": "2", "tags": ["en", "en-goi2014", "goi\u683c\u5f0f", "\u746a\u7d0d\u6148\u5584\u57fa\u91d1\u6703", "\u7ffb\u8b6f"]}, {"created_at": "1558614882", "created_by_id": "4357011", "name": "fifteenth-anonymous-donation", "rating_vote": "6", "rating": "6", "tags": ["dado", "en", "goi\u683c\u5f0f", "\u6b7b\u4ea1\u7d42\u4e86", "\u746a\u7d0d\u6148\u5584\u57fa\u91d1\u6703", "\u7ffb\u8b6f"]}, {"created_at": "1558678192", "created_by_id": "5334590", "name": "scp-zh-020", "rating_vote": "13", "rating": "13", "tags": ["safe", "scp", "site-zh-16", "\u539f\u5275", "\u690d\u7269", "\u7814\u7a76\u54e1l.what"]}, {"created_at": "1558692398", "created_by_id": "4055881", "name": "dk-class-donkey-kong-scenario", "rating_vote": "3", "rating": "3", "tags": ["en", "\u6545\u4e8b", "\u7ffb\u8b6f"]}, {"created_at": "1558697069", "created_by_id": "4255421", "name": "rating-against-traditions", "rating_vote": "24", "rating": "24", "tags": ["\u539f\u5275", "\u5fc3\u5f97"]}, {"created_at": "1558702034", "created_by_id": "4357011", "name": "scp-049-d", "rating_vote": "4", "rating": "4", "tags": ["en", "en-\u6025\u8feb\u7af6\u8cfd2018", "thad-xyank", "\u6545\u4e8b", "\u761f\u75ab\u91ab\u751f", "\u7ffb\u8b6f"]}, {"created_at": "1558702280", "created_by_id": "4357011", "name": "fly-agaric", "rating_vote": "5", "rating": "5", "tags": ["en", "goi\u683c\u5f0f", "\u683c\u9b6f\u70cf-p\u90e8\u9580", "\u7ffb\u8b6f"]}, {"created_at": "1558702509", "created_by_id": "4357011", "name": "holding-on", "rating_vote": "6", "rating": "6", "tags": ["en", "the-administrator", "wondertainment\u535a\u58eb", "\u5c0f\u5c0f\u5148\u751f", "\u6545\u4e8b", "\u7ffb\u8b6f", "\u8de8\u754c\u8a08\u756b"]}, {"created_at": "1558754455", "created_by_id": "4357011", "name": "down-the-rabbit-wormhole", "rating_vote": "4", "rating": "4", "tags": ["en", "\u6545\u4e8b", "\u6b61\u6a02\u57fa\u91d1\u6703", "\u7ffb\u8b6f"]}, {"created_at": "1558754623", "created_by_id": "4357011", "name": "ode-to-the-unknown-author", "rating_vote": "6", "rating": "6", "tags": ["en", "\u4e2d\u5fc3", "\u7ffb\u8b6f"]}, {"created_at": "1558785257", "created_by_id": "4055881", "name": "scpoems", "rating_vote": "4", "rating": "4", "tags": ["awcy", "blackwood", "en", "eric", "leslie", "wondertainment\u535a\u58eb", "\u5408\u4f5c", "\u591c\u4e4b\u5b50", "\u5de5\u5ee0", "\u6545\u4e8b", "\u6b32\u8089\u6559", "\u7814\u7a76\u54e1lloyd", "\u7834\u788e\u4e4b\u795e\u6559\u6703", "\u7ffb\u8b6f", "\u8a69\u6b4c", "\u9ed1\u5154\u516c\u53f8", "\u9ed1\u7687\u540e"]}, {"created_at": "1558806659", "created_by_id": "5230135", "name": "my-beloved-gecko", "rating_vote": "5", "rating": "5", "tags": ["en", "en-\u611a\u4eba\u7bc02016", "gears\u535a\u58eb", "iceberg\u535a\u58eb", "lament\u7279\u5de5", "\u4e0d\u6ec5\u5b7d\u8725", "\u6545\u4e8b", "\u7ffb\u8b6f"]}, {"created_at": "1558849177", "created_by_id": "3979351", "name": "scp-505-ko", "rating_vote": "3", "rating": "1", "tags": ["ko", "safe", "scp", "\u4e8c\u6b21\u7ffb\u8b6f", "\u4eba\u9020\u7269\u54c1", "\u53cd\u71b5", "\u5bb9\u5668", "\u5c4d\u9ad4", "\u7ffb\u8b6f"]}, {"created_at": "1558869823", "created_by_id": "3979351", "name": "groups-of-interest-th", "rating_vote": "3", "rating": "3", "tags": ["th", "\u4e2d\u5fc3", "\u4e8c\u6b21\u7ffb\u8b6f", "\u6307\u5c0e", "\u7ffb\u8b6f"]}, {"created_at": "1558929739", "created_by_id": "5010943", "name": "dr-gerald-s-personnel-file", "rating_vote": "3", "rating": "3", "tags": ["en", "\u4f5c\u8005\u9801\u9762", "\u7ffb\u8b6f"]}, {"created_at": "1558952778", "created_by_id": "3979351", "name": "scp-309-j", "rating_vote": "19", "rating": "19", "tags": ["en", "scp", "\u641e\u7b11", "\u6a5f\u5bc6\u5206\u7d1a", "\u7ffb\u8b6f"]}, {"created_at": "1558971934", "created_by_id": "4357011", "name": "feitag-give-attribution-for-images", "rating_vote": "7", "rating": "7", "tags": ["\u539f\u5275", "\u5fc3\u5f97"]}, {"created_at": "1558972001", "created_by_id": "3979351", "name": "scp-es-056", "rating_vote": "4", "rating": "4", "tags": ["es", "safe", "scp", "\u4e0d\u53ef\u79fb\u52d5", "\u4e8c\u6b21\u7ffb\u8b6f", "\u7ffb\u8b6f"]}]