[{"created_at": "1647061463", "created_by_id": "5435485", "name": "scp-080", "rating_vote": "5", "rating": "1", "tags": ["en", "euclid", "scp", "\u7121\u5f62", "\u7761\u7720", "\u7cbe\u795e\u5f71\u97ff", "\u7ffb\u8b6f", "\u8996\u89ba\u6027"]}, {"created_at": "1647089060", "created_by_id": "6217438", "name": "scp-6869", "rating_vote": "7", "rating": "7", "tags": ["en", "meta", "scp", "\u4eba\u5f62", "\u611f\u77e5\u529b", "\u667a\u80fd", "\u6a5f\u5bc6\u5206\u7d1a", "\u6db2\u9ad4", "\u7ffb\u8b6f", "\u85dd\u8853\u6027", "\u89f8\u89ba\u5f71\u97ff", "\u8b8a\u5f62", "\u8cc7\u8a0a\u5371\u5bb3"]}, {"created_at": "1647158755", "created_by_id": "5334590", "name": "scp-zh-106", "rating_vote": "22", "rating": "22", "tags": ["meta", "safe", "scp", "\u539f\u5275"]}, {"created_at": "1647182974", "created_by_id": "4990678", "name": "aorebar0222-3", "rating_vote": "4", "rating": "4", "tags": ["jp", "\u7ffb\u8b6f", "\u85dd\u8853\u4f5c\u54c1"]}, {"created_at": "1647184151", "created_by_id": "7655555", "name": "cool-spread-class-icons", "rating_vote": "9", "rating": "9", "tags": ["\u539f\u5275", "\u85dd\u8853\u4f5c\u54c1", "\u90fd\u7570\u90e8\u9580"]}, {"created_at": "1647247202", "created_by_id": "3423434", "name": "scp-392", "rating_vote": "3", "rating": "3", "tags": ["en", "safe", "scp", "\u4eba\u5f62", "\u690d\u7269", "\u6a39\u6728", "\u6b77\u53f2\u6027", "\u6b86\u74e6", "\u6d3b\u7269", "\u7269\u7a2e", "\u7ffb\u8b6f"]}, {"created_at": "1647258998", "created_by_id": "6952002", "name": "on-how-to-draw-dr-kris-boone", "rating_vote": "9", "rating": "9", "tags": ["kris\u535a\u58eb", "\u539f\u5275", "\u85dd\u8853\u4f5c\u54c1"]}, {"created_at": "1647431891", "created_by_id": "5415046", "name": "scp-258", "rating_vote": "2", "rating": "2", "tags": ["en", "safe", "scp", "\u53cd\u71b5", "\u6210\u766e\u6027", "\u6db2\u9ad4", "\u73a9\u5177", "\u7cbe\u795e\u5f71\u97ff", "\u7ffb\u8b6f", "\u86d9\u985e"]}, {"created_at": "1647434937", "created_by_id": "5334590", "name": "scp-077", "rating_vote": "2", "rating": "2", "tags": ["en", "euclid", "scp", "\u4eba\u5f62", "\u5100\u5f0f\u6027", "\u6b77\u53f2\u6027", "\u7ffb\u8b6f", "\u8996\u89ba\u6027", "\u8a8d\u77e5\u5371\u5bb3", "\u91cd\u5beb", "\u96d5\u523b", "\u9aa8\u9abc"]}, {"created_at": "1647438095", "created_by_id": "5415046", "name": "scp-275", "rating_vote": "2", "rating": "2", "tags": ["en", "glass\u535a\u58eb", "safe", "scp", "\u4e0d\u53ef\u6467\u6bc0", "\u4eba\u5f62", "\u611f\u77e5\u529b", "\u667a\u80fd", "\u7ffb\u8b6f", "\u91cd\u5beb"]}, {"created_at": "1647472509", "created_by_id": "6348157", "name": "critter-profile-genghis", "rating_vote": "7", "rating": "7", "tags": ["en", "en-\u672b\u65e52018", "goi\u683c\u5f0f", "\u5a01\u723e\u905c\u751f\u7269\u61c9\u5c0d\u7d44", "\u6606\u87f2\u5730\u7344", "\u7ffb\u8b6f"]}, {"created_at": "1647527543", "created_by_id": "5415046", "name": "scp-263", "rating_vote": "3", "rating": "3", "tags": ["en", "safe", "scp", "\u5bb6\u96fb\u7528\u54c1", "\u611f\u77e5\u529b", "\u706b", "\u77e5\u8b58", "\u7ffb\u8b6f", "\u904a\u6232", "\u91cd\u5beb", "\u96fb\u5b50"]}, {"created_at": "1647558004", "created_by_id": "6348157", "name": "arbh-class-hub", "rating_vote": "5", "rating": "5", "tags": ["en", "en-\u672b\u65e52018", "\u4e2d\u5fc3", "\u6606\u87f2\u5730\u7344", "\u7ffb\u8b6f"]}, {"created_at": "1647610980", "created_by_id": "6503482", "name": "scp-095", "rating_vote": "3", "rating": "3", "tags": ["en", "safe", "scp", "\u6587\u737b", "\u7ffb\u8b6f", "\u85dd\u8853\u6027", "\u9810\u6e2c\u6027"]}, {"created_at": "1647614695", "created_by_id": "7504530", "name": "scp-071", "rating_vote": "2", "rating": "2", "tags": ["en", "euclid", "scp", "\u5f62\u614b\u8b8a\u5316", "\u5fc3\u9748\u611f\u61c9", "\u6027", "\u7ffb\u8b6f", "\u81ea\u4e3b", "\u89c0\u5bdf\u5f71\u97ff"]}, {"created_at": "1647637941", "created_by_id": "5415046", "name": "scp-267", "rating_vote": "2", "rating": "2", "tags": ["en", "euclid", "scp", "\u6d3b\u7269", "\u7269\u7a2e", "\u7ffb\u8b6f", "\u8089\u98df\u6027"]}, {"created_at": "1647643380", "created_by_id": "6348157", "name": "scp-4826", "rating_vote": "2", "rating": "2", "tags": ["en", "euclid", "scp", "\u4eba\u5f62", "\u5fa9\u6d3b", "\u7ffb\u8b6f", "\u81ea\u6211\u4fee\u5fa9"]}, {"created_at": "1647652039", "created_by_id": "6348157", "name": "scp-843", "rating_vote": "3", "rating": "3", "tags": ["en", "euclid", "scp", "\u52d5\u7269", "\u690d\u7269", "\u725b\u985e", "\u7570\u5e38\u79fb\u52d5", "\u7ffb\u8b6f", "\u81ea\u4e3b"]}, {"created_at": "1647664086", "created_by_id": "4990678", "name": "scp-251", "rating_vote": "2", "rating": "2", "tags": ["en", "euclid", "scp", "\u4eba\u9020\u7269\u54c1", "\u7cbe\u795e\u5f71\u97ff", "\u7ffb\u8b6f", "\u81ea\u4e3b", "\u8996\u89ba\u6027", "\u8a8d\u77e5\u5371\u5bb3"]}, {"created_at": "1647667784", "created_by_id": "3981670", "name": "scp-965", "rating_vote": "2", "rating": "2", "tags": ["en", "euclid", "scp", "\u7cbe\u795e\u5f71\u97ff", "\u7ffb\u8b6f", "\u8996\u89ba\u6027", "\u8a8d\u77e5\u5371\u5bb3"]}]