[{"created_at": "1634889229", "created_by_id": "7073060", "name": "scp-zh-160", "rating_vote": "11", "rating": "11", "tags": ["scp", "\u52d5\u7269", "\u539f\u5275", "\u53cd\u5e38\u90e8", "\u57fa\u91d1\u6703\u88fd\u9020", "\u5c4d\u9ad4", "\u6587\u737b", "\u6642\u9593\u5f71\u97ff", "\u672c\u8cea\u4fc3\u52d5", "\u7121\u6548\u5316", "\u8072\u97f3", "\u8702\u5de2\u601d\u7dad", "\u8a18\u61b6\u5f71\u97ff", "\u8d85\u7dad\u5ea6", "\u901a\u8a0a", "\u9be8\u985e"]}, {"created_at": "1634913502", "created_by_id": "6369875", "name": "scp-018-vn", "rating_vote": "2", "rating": "2", "tags": ["keter", "scp", "vn", "\u50b3\u67d3\u6027", "\u7cbe\u795e\u5f71\u97ff", "\u7ffb\u8b6f", "\u901a\u8a0a"]}, {"created_at": "1634962112", "created_by_id": "7469850", "name": "how-did-we-catch-scp-zh-035", "rating_vote": "7", "rating": "7", "tags": ["bales\u535a\u58eb", "site-zh-16", "\u539f\u5275", "\u6545\u4e8b", "\u7814\u7a76\u54e1l.what"]}, {"created_at": "1635082487", "created_by_id": "5338547", "name": "graduation", "rating_vote": "5", "rating": "5", "tags": ["creepypasta", "\u539f\u5275"]}, {"created_at": "1635165448", "created_by_id": "5435485", "name": "scp-zh-057", "rating_vote": "19", "rating": "19", "tags": ["scp", "\u539f\u5275", "\u611f\u77e5\u529b", "\u661f\u7403", "\u661f\u969b", "\u667a\u80fd", "\u7121\u6548\u5316", "\u901a\u8a0a", "\u96fb\u78c1"]}, {"created_at": "1635178482", "created_by_id": "6369875", "name": "scp-pl-118", "rating_vote": "2", "rating": "2", "tags": ["euclid", "pl", "scp", "\u4eba\u9020\u7269\u54c1", "\u5de5\u5ee0", "\u706b", "\u7ffb\u8b6f"]}, {"created_at": "1635244674", "created_by_id": "6217438", "name": "scp-5281", "rating_vote": "11", "rating": "11", "tags": ["bold\u4e3b\u4efb", "cimmerian\u535a\u58eb", "en", "en-\u6025\u8feb\u7af6\u8cfd2021", "scp", "\u4eba\u5f62", "\u4fdd\u885b43", "\u502b\u7406\u59d4\u54e1\u6703", "\u50b3\u9001", "\u5168\u7403\u8d85\u81ea\u7136\u806f\u76df", "\u5ee2\u9664\u90e8", "\u611f\u77e5\u529b", "\u667a\u80fd", "\u6a5f\u5bc6\u5206\u7d1a", "\u7761\u7720", "\u7ffb\u8b6f", "\u8a55\u8ad6\u54e1\u7126\u9ede"]}, {"created_at": "1635253656", "created_by_id": "6217438", "name": "scp-5034-declassification", "rating_vote": "6", "rating": "6", "tags": ["en", "\u7528\u6236\u89e3\u5bc6", "\u7ffb\u8b6f"]}, {"created_at": "1635254688", "created_by_id": "5435485", "name": "scp-zh-058", "rating_vote": "10", "rating": "10", "tags": ["euclid", "scp", "\u4e0d\u53ef\u6467\u6bc0", "\u539f\u5275", "\u5730\u9ede", "\u6575\u610f", "\u6642\u7a7a", "\u8d85\u7dad\u5ea6", "\u9580\u5f91"]}, {"created_at": "1635262771", "created_by_id": "4990678", "name": "fushimi4", "rating_vote": "2", "rating": "2", "tags": ["jp", "\u7ffb\u8b6f", "\u85dd\u8853\u4f5c\u54c1"]}, {"created_at": "1635425323", "created_by_id": "4990678", "name": "deepsea-artwork-01", "rating_vote": "4", "rating": "4", "tags": ["jp", "\u7ffb\u8b6f", "\u85dd\u8853\u4f5c\u54c1"]}, {"created_at": "1635427429", "created_by_id": "5435485", "name": "scp-ducks-j", "rating_vote": "7", "rating": "7", "tags": ["en", "meta", "scp", "\u4ea4\u63db", "\u641e\u7b11", "\u6a5f\u5bc6\u5206\u7d1a", "\u7ffb\u8b6f", "\u8ca8\u5e63"]}, {"created_at": "1635433795", "created_by_id": "3356098", "name": "scp-zh-054", "rating_vote": "11", "rating": "7", "tags": ["scp", "\u539f\u5275", "\u611f\u77e5\u529b", "\u667a\u80fd", "\u690d\u7269"]}, {"created_at": "1635441415", "created_by_id": "4990678", "name": "snedronningen", "rating_vote": "14", "rating": "14", "tags": ["\u539f\u5275", "\u6545\u4e8b", "\u8f49\u4e16\u8a08\u5283"]}, {"created_at": "1635587325", "created_by_id": "4442284", "name": "zh-daedalus", "rating_vote": "14", "rating": "12", "tags": ["1998\u5e74", "site-zh-12", "site-zh-44", "\u539f\u5275", "\u62cb\u9234\u4eba", "\u6545\u4e8b", "\u7814\u7a76\u54e1lucifelle"]}, {"created_at": "1635679498", "created_by_id": "4990678", "name": "to-my-companion-who-sleeps-eternally-beyond-reach", "rating_vote": "6", "rating": "6", "tags": ["en", "wondertainment\u535a\u58eb", "\u5c0f\u5c0f\u5148\u751f", "\u6545\u4e8b", "\u7ffb\u8b6f"]}, {"created_at": "1635771665", "created_by_id": "3981670", "name": "scp-4087", "rating_vote": "3", "rating": "3", "tags": ["en", "euclid", "scp", "\u6b66\u5668", "\u7ffb\u8b6f"]}, {"created_at": "1635786229", "created_by_id": "6369875", "name": "scp-041-pt", "rating_vote": "2", "rating": "2", "tags": ["pt", "scp", "thaumiel", "\u661f\u969b", "\u672a\u6536\u5bb9", "\u6b66\u5668", "\u79d1\u5b78\u5947\u8e5f\u8853\u5e2b", "\u7ffb\u8b6f", "\u885b\u661f"]}, {"created_at": "1635865751", "created_by_id": "7469850", "name": "scp-zh-905", "rating_vote": "6", "rating": "6", "tags": ["euclid", "scp", "\u50b3\u67d3\u6027", "\u539f\u5275", "\u611f\u77e5\u5f71\u97ff", "\u6982\u5ff5", "\u7121\u5f62", "\u7cbe\u795e\u5f71\u97ff", "\u80a2\u9ad4"]}, {"created_at": "1635928926", "created_by_id": "6217438", "name": "scp-5520", "rating_vote": "6", "rating": "6", "tags": ["archon", "en", "scp", "\u4eba\u5f62", "\u4fdd\u885b43", "\u5730\u9ede", "\u611f\u77e5\u529b", "\u672c\u8cea\u4fc3\u52d5", "\u7ffb\u8b6f"]}]