[{"created_at": "1604850396", "created_by_id": "4990678", "name": "ouka-artwork-6", "rating_vote": "5", "rating": "5", "tags": ["jp", "\u7ffb\u8b6f", "\u85dd\u8853\u4f5c\u54c1"]}, {"created_at": "1604904608", "created_by_id": "5415046", "name": "thanatomania-hub", "rating_vote": "12", "rating": "12", "tags": ["jp", "thanatomania", "\u4e2d\u5fc3", "\u5408\u4f5c", "\u6545\u4e8b", "\u7ffb\u8b6f"]}, {"created_at": "1604914710", "created_by_id": "5255954", "name": "scp-166", "rating_vote": "7", "rating": "7", "tags": ["clef\u535a\u58eb", "en", "euclid", "light\u535a\u58eb", "scp", "\u4eba\u5f62", "\u5168\u7403\u8d85\u81ea\u7136\u806f\u76df", "\u5b97\u6559", "\u690d\u7269", "\u6d3b\u7269", "\u7ffb\u8b6f", "\u8b8a\u5f62", "\u91cd\u5beb", "\u9e7f\u985e"]}, {"created_at": "1604927938", "created_by_id": "6788064", "name": "scp", "rating_vote": "20", "rating": "20", "tags": ["koschei.aic", "\u539f\u5275", "\u85dd\u8853\u4f5c\u54c1"]}, {"created_at": "1604947248", "created_by_id": "5415046", "name": "scp-1440", "rating_vote": "7", "rating": "7", "tags": ["en", "keter", "scp", "\u4e0d\u53ef\u6467\u6bc0", "\u4eba\u5f62", "\u611f\u77e5\u529b", "\u667a\u80fd", "\u672a\u6536\u5bb9", "\u6b7b\u6ec5\u5f1f\u5144", "\u6d3b\u7269", "\u7ffb\u8b6f"]}, {"created_at": "1604993468", "created_by_id": "5255954", "name": "scp-1058-ru", "rating_vote": "4", "rating": "4", "tags": ["euclid", "ru", "scp", "\u4eba\u5f62", "\u7ffb\u8b6f"]}, {"created_at": "1604994424", "created_by_id": "6348157", "name": "scp-682-j", "rating_vote": "5", "rating": "5", "tags": ["en", "keter", "scp", "\u5408\u8457", "\u611f\u77e5\u529b", "\u641e\u7b11", "\u722c\u884c\u985e\u52d5\u7269", "\u7814\u7a76\u54e1james", "\u7ffb\u8b6f", "\u81ea\u6211\u4fee\u5fa9", "\u9069\u61c9\u6027"]}, {"created_at": "1605065937", "created_by_id": "5415046", "name": "abandoning-death", "rating_vote": "9", "rating": "9", "tags": ["jp", "thanatomania", "\u6545\u4e8b", "\u7ffb\u8b6f"]}, {"created_at": "1605071252", "created_by_id": "5415046", "name": "scp-835-jp", "rating_vote": "7", "rating": "7", "tags": ["jp", "safe", "scp", "\u6558\u8ff0\u6027", "\u7ffb\u8b6f"]}, {"created_at": "1605143974", "created_by_id": "4357011", "name": "scp-824-ko", "rating_vote": "6", "rating": "6", "tags": ["euclid", "ko", "scp", "\u4e8c\u6b21\u7ffb\u8b6f", "\u53cd\u7269\u7406\u5b9a\u5f8b", "\u6642\u9593\u5f71\u97ff", "\u6db2\u9ad4", "\u7ffb\u8b6f", "\u96fb\u8166"]}, {"created_at": "1605273795", "created_by_id": "5415046", "name": "scp-1733", "rating_vote": "8", "rating": "8", "tags": ["en", "safe", "scp", "\u5faa\u74b0", "\u7ffb\u8b6f", "\u8a18\u9304", "\u904a\u6232", "\u96fb\u5b50", "\u9ad4\u80b2"]}, {"created_at": "1605282769", "created_by_id": "4357011", "name": "scp-5465", "rating_vote": "5", "rating": "5", "tags": ["en", "en-\u63a5\u529b\u5275\u4f5c2020", "keter", "scp", "\u4eba\u5f62", "\u5408\u8457", "\u6d3b\u7269", "\u751f\u7269\u6027", "\u7ffb\u8b6f", "\u807d\u89ba\u5f71\u97ff", "\u8a18\u9304"]}, {"created_at": "1605328052", "created_by_id": "5415046", "name": "scp-2006", "rating_vote": "7", "rating": "7", "tags": ["en", "keter", "scp", "\u4e0d\u53ef\u6467\u6bc0", "\u578b\u614b\u8b8a\u5316", "\u611f\u77e5\u529b", "\u64ec\u614b", "\u667a\u80fd", "\u7403\u9ad4", "\u7ffb\u8b6f", "\u81ea\u4e3b"]}, {"created_at": "1605333502", "created_by_id": "6503482", "name": "the-tombstone-of-alto-clef", "rating_vote": "5", "rating": "5", "tags": ["bright\u535a\u58eb", "clef\u535a\u58eb", "en", "light\u535a\u58eb", "\u6545\u4e8b", "\u7ffb\u8b6f"]}, {"created_at": "1605334141", "created_by_id": "5251681", "name": "the-flesh-that-mates", "rating_vote": "6", "rating": "6", "tags": ["en", "\u6210\u4eba\u5167\u5bb9", "\u6545\u4e8b", "\u7ffb\u8b6f", "\u91cd\u65b0\u5c0e\u5411"]}, {"created_at": "1605338117", "created_by_id": "5415046", "name": "a-brief-explanation-on-demonics", "rating_vote": "11", "rating": "11", "tags": ["en", "\u6545\u4e8b", "\u666e\u7f85\u7c73\u4fee\u65af\u5be6\u9a57\u5ba4", "\u7ffb\u8b6f"]}, {"created_at": "1605458052", "created_by_id": "5415046", "name": "scp-5240", "rating_vote": "0", "rating": "0", "tags": ["ru", "scp", "thaumiel", "\u5316\u5b78\u6027", "\u5730\u9ede", "\u611f\u77e5\u5f71\u97ff", "\u77e5\u8b58", "\u7ffb\u8b6f", "\u8a18\u61b6\u5f71\u97ff", "\u8a8d\u77e5\u5371\u5bb3"]}, {"created_at": "1605465941", "created_by_id": "5415046", "name": "scp-835-jp-uncontained", "rating_vote": "10", "rating": "10", "tags": ["\u539f\u5275", "\u6545\u4e8b"]}, {"created_at": "1605527732", "created_by_id": "5415046", "name": "operation-llewyn-dark", "rating_vote": "8", "rating": "8", "tags": ["en", "\u6545\u4e8b", "\u666e\u7f85\u7c73\u4fee\u65af\u5be6\u9a57\u5ba4", "\u7b2c\u4e09\u5b9a\u5f8b", "\u7ffb\u8b6f"]}, {"created_at": "1605590661", "created_by_id": "5484164", "name": "scp-zh-321", "rating_vote": "7", "rating": "7", "tags": ["safe", "scp", "site-zh-16", "\u52d5\u7269", "\u539f\u5275", "\u611f\u77e5\u529b", "\u8c93\u985e"]}]