[{"created_at": "1565102111", "created_by_id": "5565302", "name": "heyismebangyen", "rating_vote": "10", "rating": "10", "tags": ["\u539f\u5275", "\u85dd\u8853\u4f5c\u54c1"]}, {"created_at": "1565104632", "created_by_id": "4357011", "name": "adoption-poster-darius", "rating_vote": "3", "rating": "3", "tags": ["en", "faeowynn-wilson", "goi\u683c\u5f0f", "uiu", "\u53cd\u5927\u9ebb\u73a9\u5bb6", "\u5a01\u723e\u905c\u751f\u7269\u61c9\u5c0d\u7d44", "\u5c0f\u5c0f\u5148\u751f", "\u7ffb\u8b6f", "\u9e7f\u5b78\u9662"]}, {"created_at": "1565187581", "created_by_id": "5565302", "name": "haidomobangyendasu", "rating_vote": "7", "rating": "7", "tags": ["\u539f\u5275", "\u85dd\u8853\u4f5c\u54c1"]}, {"created_at": "1565194576", "created_by_id": "5230135", "name": "experiment-log-137", "rating_vote": "4", "rating": "4", "tags": ["en", "\u5be6\u9a57", "\u7ffb\u8b6f", "\u9644\u52a0\u8cc7\u6599"]}, {"created_at": "1565236803", "created_by_id": "4055881", "name": "scp-3816", "rating_vote": "8", "rating": "8", "tags": ["en", "safe", "scp", "\u5100\u5668", "\u5149\u7167\u5f71\u97ff", "\u5efa\u7bc9\u7269", "\u7ffb\u8b6f", "\u8996\u89ba\u6027"]}, {"created_at": "1565280657", "created_by_id": "5565302", "name": "ismeagainbangyen", "rating_vote": "11", "rating": "11", "tags": ["\u539f\u5275", "\u85dd\u8853\u4f5c\u54c1"]}, {"created_at": "1565354003", "created_by_id": "3979351", "name": "concern-group-for-cha-ling-people-s-livelihood", "rating_vote": "9", "rating": "9", "tags": ["\u539f\u5275", "\u6545\u4e8b", "\u65b0\u8336\u5dba", "\u96f6\u865f\u5c08\u968a"]}, {"created_at": "1565354611", "created_by_id": "5565302", "name": "guesswhobangyen", "rating_vote": "6", "rating": "6", "tags": ["\u539f\u5275", "\u85dd\u8853\u4f5c\u54c1"]}, {"created_at": "1565406516", "created_by_id": "5344757", "name": "scp-zh-899", "rating_vote": "14", "rating": "12", "tags": ["bales\u535a\u58eb", "safe", "scp", "site-zh-16", "\u4eba\u5f62", "\u5168\u7403\u8d85\u81ea\u7136\u806f\u76df", "\u539f\u5275", "\u6838\u88c2\u64e0\u514c", "\u7834\u788e\u4e4b\u795e\u6559\u6703", "\u9577\u57a3-4"]}, {"created_at": "1565406891", "created_by_id": "5344757", "name": "operation-nucleon-bank-899", "rating_vote": "12", "rating": "12", "tags": ["site-zh-16", "site-zh-50", "\u539f\u5275", "\u5929\u7d00-17", "\u5c55\u51fa", "\u6545\u4e8b", "\u6838\u88c2\u64e0\u514c", "\u7834\u788e\u4e4b\u795e\u6559\u6703", "\u7b2c\u516b\u8655", "\u9577\u57a3-4"]}, {"created_at": "1565411061", "created_by_id": "5334590", "name": "i-m-not-fine", "rating_vote": "16", "rating": "16", "tags": ["\u539f\u5275", "\u5929\u7d00-17", "\u6545\u4e8b", "\u6838\u88c2\u64e0\u514c", "\u7814\u7a76\u54e1l.what", "\u9577\u57a3-4"]}, {"created_at": "1565440542", "created_by_id": "5230135", "name": "the-bubble-in-the-tide", "rating_vote": "7", "rating": "7", "tags": ["\u539f\u5275", "\u6545\u4e8b"]}, {"created_at": "1565441293", "created_by_id": "5565302", "name": "iambangyen", "rating_vote": "5", "rating": "5", "tags": ["\u539f\u5275", "\u85dd\u8853\u4f5c\u54c1"]}, {"created_at": "1565452666", "created_by_id": "4055881", "name": "nx-07", "rating_vote": "5", "rating": "5", "tags": ["en", "\u6545\u4e8b", "\u7ffb\u8b6f"]}, {"created_at": "1565485427", "created_by_id": "5495167", "name": "scp-4286", "rating_vote": "3", "rating": "3", "tags": ["en", "keter", "scp", "\u4eba\u5f62", "\u5171\u611f", "\u53cd\u71b5", "\u611f\u77e5\u529b", "\u667a\u80fd", "\u672a\u6536\u5bb9", "\u7761\u7720", "\u7ffb\u8b6f", "\u91ab\u5b78\u6027", "\u9aa8\u9abc"]}, {"created_at": "1565524292", "created_by_id": "5415046", "name": "scp-zh-193", "rating_vote": "16", "rating": "16", "tags": ["euclid", "scp", "site-zh-31", "\u4eba\u5f62", "\u539f\u5275", "\u5c55\u51fa", "\u5de5\u5ee0", "\u611f\u77e5\u529b", "\u666e\u7f85\u7c73\u4fee\u65af\u5be6\u9a57\u5ba4", "\u667a\u80fd", "\u6a5f\u68b0", "\u6d3b\u7269", "\u7269\u7a2e", "\u96fb\u5b50", "\u96fb\u8166"]}, {"created_at": "1565527321", "created_by_id": "5565302", "name": "bangyensart", "rating_vote": "7", "rating": "7", "tags": ["\u539f\u5275", "\u85dd\u8853\u4f5c\u54c1"]}, {"created_at": "1565540377", "created_by_id": "5230135", "name": "the-forgotten-playground", "rating_vote": "5", "rating": "5", "tags": ["\u539f\u5275", "\u6545\u4e8b"]}, {"created_at": "1565618365", "created_by_id": "5565302", "name": "artbangyen", "rating_vote": "5", "rating": "5", "tags": ["\u539f\u5275", "\u85dd\u8853\u4f5c\u54c1"]}, {"created_at": "1565619297", "created_by_id": "4357011", "name": "sunday-funnies", "rating_vote": "5", "rating": "5", "tags": ["en", "\u6545\u4e8b", "\u7ffb\u8b6f", "\u85dd\u8853\u4f5c\u54c1"]}]