[{"created_at": "1562691542", "created_by_id": "5334590", "name": "scp-zh-050", "rating_vote": "16", "rating": "16", "tags": ["safe", "scp", "site-zh-16", "\u539f\u5275", "\u7814\u7a76\u54e1l.what"]}, {"created_at": "1562745543", "created_by_id": "4055881", "name": "black-highlighter-themes", "rating_vote": "4", "rating": "4", "tags": ["en", "\u4e2d\u5fc3", "\u5408\u4f5c", "\u5f85\u66f4\u65b0", "\u7ffb\u8b6f"]}, {"created_at": "1562751202", "created_by_id": "5415046", "name": "yourjouney-part-2", "rating_vote": "7", "rating": "7", "tags": ["en", "\u5fc3\u5f97", "\u7ffb\u8b6f"]}, {"created_at": "1562770544", "created_by_id": "5484667", "name": "adoption-poster-choco", "rating_vote": "16", "rating": "16", "tags": ["goi\u683c\u5f0f", "\u4e09\u6ce2\u7279\u862d", "\u539f\u5275", "\u5a01\u723e\u905c\u751f\u7269\u61c9\u5c0d\u7d44", "\u5c55\u51fa"]}, {"created_at": "1562856182", "created_by_id": "5338547", "name": "scp-zh-077", "rating_vote": "20", "rating": "18", "tags": ["2019\u6691\u671f\u6bd4\u8cfd", "euclid", "scp", "\u50b3\u9001", "\u539f\u5275", "\u5faa\u74b0", "\u6642\u7a7a", "\u8d85\u7dad\u5ea6", "\u8f09\u5177"]}, {"created_at": "1562924176", "created_by_id": "3314318", "name": "the-cool-war-hub", "rating_vote": "2", "rating": "2", "tags": ["awcy", "en", "nobody", "wondertainment\u535a\u58eb", "\u4e2d\u5fc3", "\u7ffb\u8b6f"]}, {"created_at": "1562924694", "created_by_id": "3314318", "name": "the-friday-exhibition", "rating_vote": "2", "rating": "2", "tags": ["awcy", "en", "ruiz-duchamp", "\u6545\u4e8b", "\u7ffb\u8b6f"]}, {"created_at": "1562925124", "created_by_id": "3314318", "name": "insufficient-clearance", "rating_vote": "4", "rating": "4", "tags": ["awcy", "clef\u535a\u58eb", "en", "\u6545\u4e8b", "\u7ffb\u8b6f"]}, {"created_at": "1562927083", "created_by_id": "3979351", "name": "k-05324", "rating_vote": "13", "rating": "13", "tags": ["goi\u683c\u5f0f", "\u539f\u5275", "\u5de5\u5ee0", "\u7b2c\u516b\u8655", "\u964d\u982d\u5e2b\u5354\u6703", "\u96d9\u57ce\u4f5c\u6230", "\u96f6\u865f\u5c08\u968a"]}, {"created_at": "1562994679", "created_by_id": "3981670", "name": "the-truth-is-usually-invisible", "rating_vote": "13", "rating": "13", "tags": ["apoyn\u535a\u58eb", "\u539f\u5275", "\u6545\u4e8b"]}, {"created_at": "1563003780", "created_by_id": "5338547", "name": "courageous-footprints", "rating_vote": "10", "rating": "6", "tags": ["site-zh-16", "\u539f\u5275", "\u6545\u4e8b"]}, {"created_at": "1563007019", "created_by_id": "5255954", "name": "drclef-member-page", "rating_vote": "3", "rating": "3", "tags": ["en", "\u4f5c\u8005\u9801\u9762", "\u7ffb\u8b6f"]}, {"created_at": "1563007858", "created_by_id": "5255954", "name": "scp-330", "rating_vote": "7", "rating": "7", "tags": ["en", "safe", "scp", "\u5bb9\u5668", "\u5f37\u8feb\u6027", "\u77e5\u8b58", "\u7ffb\u8b6f", "\u98df\u7269"]}, {"created_at": "1563008715", "created_by_id": "5255954", "name": "the-death-of-alto-clef-etc", "rating_vote": "12", "rating": "12", "tags": ["clef\u535a\u58eb", "en", "\u6545\u4e8b", "\u7ffb\u8b6f"]}, {"created_at": "1563011372", "created_by_id": "3979351", "name": "scp-1096", "rating_vote": "2", "rating": "2", "tags": ["en", "safe", "scp", "\u4eba\u9020\u7269\u54c1", "\u5de5\u5ee0", "\u7ffb\u8b6f", "\u8b8a\u5f62", "\u91ab\u5b78\u6027"]}, {"created_at": "1563095209", "created_by_id": "5344757", "name": "arrival", "rating_vote": "18", "rating": "18", "tags": ["bales\u535a\u58eb", "site-zh-16", "\u539f\u5275", "\u6545\u4e8b"]}, {"created_at": "1563119753", "created_by_id": "5435485", "name": "party-of-gods", "rating_vote": "18", "rating": "18", "tags": ["en", "\u53d7\u7d5e\u4e4b\u738b", "\u6545\u4e8b", "\u6b32\u8089\u6559", "\u6f58\u6d1b\u65af", "\u7329\u7d05\u4e4b\u738b", "\u76f8\u562f\u9b54", "\u7834\u788e\u4e4b\u795e\u6559\u6703", "\u7b2c\u4e94\u6559\u6703", "\u7ffb\u8b6f"]}, {"created_at": "1563120384", "created_by_id": "5428435", "name": "scp-zh-515", "rating_vote": "44", "rating": "44", "tags": ["2019\u6691\u671f\u6bd4\u8cfd", "safe", "scp", "site-zh-02", "\u4ea4\u63db", "\u4eba\u9020\u7269\u54c1", "\u50b3\u9001", "\u539f\u5275", "\u5c55\u51fa", "\u8d85\u7dad\u5ea6"]}, {"created_at": "1563278434", "created_by_id": "4357011", "name": "wonder-world-dossier", "rating_vote": "3", "rating": "3", "tags": ["aktus\u4e3b\u4efb", "brainy-brian", "en", "everwood\u535a\u58eb", "holly-light", "judy-papill", "wondertainment\u535a\u58eb", "\u6545\u4e8b", "\u7f8e\u5999\u4e16\u754c", "\u7ffb\u8b6f", "\u9e7f\u5b78\u9662"]}, {"created_at": "1563295447", "created_by_id": "4264056", "name": "tidal", "rating_vote": "8", "rating": "8", "tags": ["site-zh-26", "\u539f\u5275", "\u6545\u4e8b"]}]