[{"created_at": "1635946614", "created_by_id": "6709715", "name": "scp-zh-360", "rating_vote": "8", "rating": "8", "tags": ["euclid", "scp", "\u4e0d\u53ef\u79fb\u52d5", "\u50b3\u67d3\u6027", "\u539f\u5275", "\u5730\u9ede"]}, {"created_at": "1635948621", "created_by_id": "7073060", "name": "paomian-logos-page", "rating_vote": "7", "rating": "7", "tags": ["\u539f\u5275", "\u85dd\u8853\u4f5c\u54c1"]}, {"created_at": "1635955340", "created_by_id": "5435485", "name": "scp-zh-228", "rating_vote": "27", "rating": "25", "tags": ["euclid", "scp", "site-zh-01", "\u4e09\u57a3", "\u539f\u5275", "\u5730\u9ede", "\u5c55\u51fa", "\u5e7b\u89ba", "\u6575\u610f", "\u6642\u7a7a", "\u672a\u6536\u5bb9", "\u6b77\u53f2\u6027", "\u7cbe\u795e\u5f71\u97ff", "\u8d85\u7dad\u5ea6"]}, {"created_at": "1635993870", "created_by_id": "5334590", "name": "scp-6892", "rating_vote": "5", "rating": "5", "tags": ["en", "scp", "\u4eba\u5f62", "\u5bb9\u5668", "\u5c4d\u9ad4", "\u5fa9\u6d3b", "\u611f\u77e5\u529b", "\u667a\u80fd", "\u6a5f\u5bc6\u5206\u7d1a", "\u7121\u5f62", "\u7ffb\u8b6f"]}, {"created_at": "1635997080", "created_by_id": "6217438", "name": "scp-5486", "rating_vote": "6", "rating": "6", "tags": ["en", "keter", "scp", "\u4fdd\u885b43", "\u5408\u8457", "\u5f37\u8feb\u6027", "\u672a\u6536\u5bb9", "\u6b77\u53f2\u6027", "\u7121\u5f62", "\u7ffb\u8b6f", "\u8d85\u7dad\u5ea6"]}, {"created_at": "1636030325", "created_by_id": "5334590", "name": "log-of-non-anomalous-items", "rating_vote": "6", "rating": "6", "tags": ["en", "\u641e\u7b11", "\u6545\u4e8b", "\u7ffb\u8b6f"]}, {"created_at": "1636035264", "created_by_id": "4990678", "name": "gingercake-s-art-gallery", "rating_vote": "2", "rating": "2", "tags": ["en", "\u7ffb\u8b6f", "\u85dd\u8853\u4f5c\u54c1"]}, {"created_at": "1636036806", "created_by_id": "4990678", "name": "artwork-jp-nika-5", "rating_vote": "2", "rating": "2", "tags": ["jp", "\u7ffb\u8b6f", "\u85dd\u8853\u4f5c\u54c1"]}, {"created_at": "1636118226", "created_by_id": "7073060", "name": "scp-zh-832", "rating_vote": "10", "rating": "10", "tags": ["scp", "\u539f\u5275", "\u53cd\u71b5", "\u5c4d\u9ad4", "\u5efa\u7bc9\u7269", "\u5faa\u74b0", "\u651d\u50cf", "\u706b", "\u7121\u6548\u5316", "\u773c\u775b", "\u7cbe\u795e\u5f71\u97ff", "\u81ea\u4e3b", "\u81ea\u6211\u4fee\u5fa9"]}, {"created_at": "1636196995", "created_by_id": "7521095", "name": "scp-1234-j", "rating_vote": "5", "rating": "5", "tags": ["en", "scp", "\u641e\u7b11", "\u6a5f\u5bc6\u5206\u7d1a", "\u7ffb\u8b6f", "\u97f3\u983b"]}, {"created_at": "1636201711", "created_by_id": "3981670", "name": "scp-zh-808", "rating_vote": "15", "rating": "15", "tags": ["keter", "scp", "\u539f\u5275", "\u5730\u9ede", "\u5c55\u51fa", "\u5faa\u74b0", "\u7121\u5f62", "\u8d85\u7dad\u5ea6", "\u9006\u6a21\u56e0"]}, {"created_at": "1636216714", "created_by_id": "5435485", "name": "scp-2614", "rating_vote": "6", "rating": "6", "tags": ["en", "safe", "scp", "\u5a92\u9ad4", "\u6558\u8ff0\u6027", "\u7ffb\u8b6f", "\u8a18\u9304", "\u984c\u5beb"]}, {"created_at": "1636359318", "created_by_id": "6952002", "name": "the-goodie-old-days", "rating_vote": "7", "rating": "7", "tags": ["kris\u535a\u58eb", "\u539f\u5275", "\u5408\u8457", "\u6545\u4e8b"]}, {"created_at": "1636369065", "created_by_id": "4239775", "name": "remove-before-flight", "rating_vote": "5", "rating": "5", "tags": ["site-zh-50", "\u539f\u5275", "\u6545\u4e8b", "\u7b2c\u516b\u8655", "\u96d9\u57ce\u4f5c\u6230"]}, {"created_at": "1636378550", "created_by_id": "7226401", "name": "strangers-of-site-17-part-two", "rating_vote": "5", "rating": "5", "tags": ["en", "\u300c\u4e0a\u5e1d\u300d", "\u6545\u4e8b", "\u7ffb\u8b6f"]}, {"created_at": "1636513649", "created_by_id": "6369875", "name": "scp-072-th", "rating_vote": "2", "rating": "2", "tags": ["euclid", "scp", "th", "\u4eba\u5f62", "\u5100\u5f0f\u6027", "\u5408\u8457", "\u5730\u9ede", "\u611f\u77e5\u529b", "\u667a\u80fd", "\u6b66\u5668", "\u6d3b\u7269", "\u7570\u5e38\u79fb\u52d5", "\u7fa4\u9ad4\u6027", "\u7ffb\u8b6f", "\u8863\u7269", "\u91d1\u5c6c"]}, {"created_at": "1636514057", "created_by_id": "6369875", "name": "scp-066-el", "rating_vote": "2", "rating": "2", "tags": ["el", "euclid", "scp", "\u7ffb\u8b6f"]}, {"created_at": "1636532709", "created_by_id": "5435485", "name": "site-zh-44", "rating_vote": "14", "rating": "14", "tags": ["ain\u535a\u58eb", "site-zh-44", "surge\u535a\u58eb", "\u4e2d\u5fc3", "\u539f\u5275", "\u7ad9\u9ede", "\u8449\u51e1\u535a\u58eb"]}, {"created_at": "1636552793", "created_by_id": "5334590", "name": "boorklyn-00-the-heaven", "rating_vote": "15", "rating": "15", "tags": ["\u4f69\u68ee\u5c3c\u723e", "\u539f\u5275", "\u5c55\u51fa", "\u6545\u4e8b", "\u8f49\u4e16\u8a08\u5283"]}, {"created_at": "1636590914", "created_by_id": "4239775", "name": "air-combat-of-vizmor", "rating_vote": "6", "rating": "6", "tags": ["\u5168\u7403\u8d85\u81ea\u7136\u806f\u76df", "\u539f\u5275", "\u5c55\u51fa", "\u6545\u4e8b", "\u7b2c\u516b\u8655", "\u96d9\u57ce\u4f5c\u6230"]}]