[{"created_at": "1651234479", "created_by_id": "5415046", "name": "review-of-fire-spells", "rating_vote": "15", "rating": "15", "tags": ["goi\u683c\u5f0f", "icsut", "\u539f\u5275", "\u5c55\u51fa"]}, {"created_at": "1651284984", "created_by_id": "5415046", "name": "scp-457", "rating_vote": "3", "rating": "3", "tags": ["en", "euclid", "scp", "\u4eba\u5f62", "\u5c55\u51fa", "\u611f\u77e5\u529b", "\u63a0\u98df\u6027", "\u706b", "\u7ffb\u8b6f", "\u81ea\u4e3b"]}, {"created_at": "1651285206", "created_by_id": "3981670", "name": "scp-525", "rating_vote": "5", "rating": "5", "tags": ["en", "euclid", "scp", "\u6d3b\u7269", "\u7121\u810a\u690e\u52d5\u7269", "\u7269\u7a2e", "\u773c\u775b", "\u7ffb\u8b6f"]}, {"created_at": "1651306921", "created_by_id": "5415046", "name": "scp-449", "rating_vote": "2", "rating": "2", "tags": ["en", "euclid", "scp", "\u4eba\u9020\u7269\u54c1", "\u53cd\u71b5", "\u5473\u89ba\u5f71\u97ff", "\u5de5\u5ee0", "\u5fc3\u9748\u611f\u61c9", "\u6210\u766e\u6027", "\u7ffb\u8b6f", "\u8a8d\u77e5\u5371\u5bb3", "\u91d1\u5c6c", "\u984c\u5beb"]}, {"created_at": "1651313440", "created_by_id": "5415046", "name": "scp-347", "rating_vote": "4", "rating": "-2", "tags": ["en", "euclid", "rights\u535a\u58eb", "scp", "\u4eba\u5f62", "\u611f\u77e5\u529b", "\u611f\u77e5\u5f71\u97ff", "\u667a\u80fd", "\u6d3b\u7269", "\u7ffb\u8b6f", "\u8996\u89ba\u6027"]}, {"created_at": "1651320111", "created_by_id": "5415046", "name": "scp-360", "rating_vote": "3", "rating": "3", "tags": ["en", "euclid", "scp", "\u5100\u5f0f\u6027", "\u53cd\u71b5", "\u5b97\u6559", "\u5e7b\u89ba", "\u7ffb\u8b6f", "\u807d\u89ba\u5f71\u97ff", "\u8996\u89ba\u6027"]}, {"created_at": "1651328506", "created_by_id": "5415046", "name": "scp-451", "rating_vote": "3", "rating": "3", "tags": ["en", "euclid", "scp", "\u4eba\u5f62", "\u611f\u77e5\u529b", "\u611f\u77e5\u5f71\u97ff", "\u667a\u80fd", "\u6d3b\u7269", "\u7ffb\u8b6f"]}, {"created_at": "1651332019", "created_by_id": "5415046", "name": "scp-461", "rating_vote": "3", "rating": "3", "tags": ["en", "safe", "scp", "\u5bb6\u96fb\u7528\u54c1", "\u7ffb\u8b6f", "\u81ea\u4e3b"]}, {"created_at": "1651364090", "created_by_id": "6217438", "name": "scp-249", "rating_vote": "3", "rating": "3", "tags": ["en", "euclid", "scp", "\u50b3\u9001", "\u7ffb\u8b6f", "\u9580\u5f91"]}, {"created_at": "1651370289", "created_by_id": "6217438", "name": "scp-934", "rating_vote": "2", "rating": "2", "tags": ["en", "euclid", "scp", "\u5149\u7167\u5f71\u97ff", "\u5efa\u7bc9\u7269", "\u6c23\u8c61", "\u7ffb\u8b6f"]}, {"created_at": "1651378630", "created_by_id": "5415046", "name": "scp-756", "rating_vote": "2", "rating": "2", "tags": ["en", "euclid", "scp", "\u5fae\u578b", "\u6046\u661f", "\u661f\u7403", "\u7ffb\u8b6f"]}, {"created_at": "1651385854", "created_by_id": "3981670", "name": "scp-862", "rating_vote": "2", "rating": "2", "tags": ["en", "safe", "scp", "\u5730\u9ede", "\u7ffb\u8b6f", "\u81ea\u4e3b", "\u8b8a\u5f62", "\u9f20\u985e"]}, {"created_at": "1651387359", "created_by_id": "5415046", "name": "scp-761", "rating_vote": "5", "rating": "5", "tags": ["en", "safe", "scp", "\u4eba\u9020\u7269\u54c1", "\u50b3\u9001", "\u7ffb\u8b6f", "\u91cd\u5beb", "\u91d1\u5c6c"]}, {"created_at": "1651417091", "created_by_id": "4990678", "name": "scp-368", "rating_vote": "2", "rating": "2", "tags": ["en", "safe", "scp", "\u4eba\u9020\u7269\u54c1", "\u7ffb\u8b6f", "\u81ea\u4e3b", "\u81ea\u6211\u8907\u88fd", "\u85dd\u8853\u6027", "\u9ce5\u985e"]}, {"created_at": "1651492388", "created_by_id": "5415046", "name": "scp-213", "rating_vote": "3", "rating": "3", "tags": ["en", "euclid", "scp", "\u4eba\u5f62", "\u53cd\u71b5", "\u611f\u77e5\u529b", "\u667a\u80fd", "\u6d3b\u7269", "\u7ffb\u8b6f", "\u91cd\u5beb"]}, {"created_at": "1651554095", "created_by_id": "5415046", "name": "scp-205", "rating_vote": "4", "rating": "4", "tags": ["en", "euclid", "scp", "\u4eba\u5f62", "\u5149\u7167\u5f71\u97ff", "\u5bb6\u96fb\u7528\u54c1", "\u7ffb\u8b6f", "\u8a18\u9304", "\u9670\u5f71"]}, {"created_at": "1651635414", "created_by_id": "6217438", "name": "guide-for-writing", "rating_vote": "6", "rating": "6", "tags": ["en", "\u6307\u5c0e", "\u7ffb\u8b6f"]}, {"created_at": "1651653472", "created_by_id": "5415046", "name": "scp-206", "rating_vote": "3", "rating": "3", "tags": ["en", "euclid", "scp", "\u661f\u969b", "\u672a\u6536\u5bb9", "\u6a5f\u5668\u4eba", "\u7ffb\u8b6f", "\u8996\u89ba\u6027", "\u901a\u8a0a"]}, {"created_at": "1651711193", "created_by_id": "6217438", "name": "scp-506", "rating_vote": "4", "rating": "4", "tags": ["en", "safe", "scp", "\u5f71\u7247", "\u690d\u7269", "\u6d3b\u7269", "\u7ffb\u8b6f", "\u9069\u61c9\u6027"]}, {"created_at": "1651719973", "created_by_id": "6217438", "name": "scp-634", "rating_vote": "2", "rating": "2", "tags": ["en", "euclid", "scp", "\u52d5\u7269", "\u6d3b\u7269", "\u7ffb\u8b6f", "\u8a18\u61b6\u5f71\u97ff", "\u9b5a\u985e"]}]