[{"created_at": "1580364329", "created_by_id": "3979351", "name": "scp-572", "rating_vote": "2", "rating": "2", "tags": ["en", "euclid", "scp", "\u5f37\u8feb\u6027", "\u6b66\u5668", "\u7cbe\u795e\u5f71\u97ff", "\u7ffb\u8b6f", "\u8a8d\u77e5\u5371\u5bb3"]}, {"created_at": "1580373050", "created_by_id": "5435485", "name": "scp-2000", "rating_vote": "12", "rating": "10", "tags": ["2000", "clef\u535a\u58eb", "en", "gears\u535a\u58eb", "scp", "thad-xyank", "thaumiel", "the-administrator", "\u57fa\u91d1\u6703\u88fd\u9020", "\u6642\u9593\u5f71\u97ff", "\u6b77\u53f2\u6027", "\u7d50\u69cb\u7269", "\u7ffb\u8b6f", "\u8a18\u61b6\u5f71\u97ff", "\u907a\u50b3"]}, {"created_at": "1580392425", "created_by_id": "3979351", "name": "scp-1037", "rating_vote": "2", "rating": "2", "tags": ["asci", "en", "euclid", "k\u7d1a\u60c5\u666f", "scp", "\u4eba\u9020\u7269\u54c1", "\u6676\u9ad4", "\u7834\u788e\u4e4b\u795e\u6559\u6703", "\u7ffb\u8b6f", "\u91cd\u5beb", "\u91d1\u5c6c", "\u9707\u52d5"]}, {"created_at": "1580463827", "created_by_id": "3979351", "name": "scp-3220", "rating_vote": "3", "rating": "3", "tags": ["en", "safe", "scp", "\u53cd\u5e38\u90e8", "\u5730\u4e0b", "\u5851\u50cf173", "\u6db2\u9ad4", "\u7d50\u69cb\u7269", "\u7ffb\u8b6f", "\u96d5\u5851"]}, {"created_at": "1580555926", "created_by_id": "3979351", "name": "scp-3528", "rating_vote": "3", "rating": "3", "tags": ["en", "euclid", "scp", "\u52d5\u7269", "\u591c\u9593\u6d3b\u52d5", "\u5fc3\u9748\u611f\u61c9", "\u672a\u660e\u8ecd\u5718", "\u6d3b\u7269", "\u706b", "\u7a7a\u4e2d", "\u7ffb\u8b6f", "\u8072\u97f3"]}, {"created_at": "1580621629", "created_by_id": "5684299", "name": "blue-0815", "rating_vote": "7", "rating": "7", "tags": ["goi\u683c\u5f0f", "\u539f\u5275", "\u6c99\u7687\u5148\u77e5\u5354\u6703", "\u6d17\u8863\u90e8\u9580"]}, {"created_at": "1580623024", "created_by_id": "3981670", "name": "scp-zh-278", "rating_vote": "14", "rating": "14", "tags": ["2020\u51ac\u5b63\u7af6\u8cfd", "safe", "scp", "site-zh-25", "\u4eba\u9020\u7269\u54c1", "\u5100\u5f0f\u6027", "\u539f\u5275", "\u7cbe\u795e\u5f71\u97ff", "\u85dd\u8853\u6027"]}, {"created_at": "1580628452", "created_by_id": "5415046", "name": "how-to-use-acs-alt", "rating_vote": "8", "rating": "8", "tags": ["\u539f\u5275", "\u6307\u5c0e"]}, {"created_at": "1580644770", "created_by_id": "3979351", "name": "scp-4726", "rating_vote": "2", "rating": "2", "tags": ["en", "euclid", "scp", "\u4eba\u5f62", "\u5473\u89ba\u5f71\u97ff", "\u6db2\u9ad4", "\u7ffb\u8b6f"]}, {"created_at": "1580656463", "created_by_id": "5435485", "name": "scp-zh-860", "rating_vote": "33", "rating": "33", "tags": ["2020\u51ac\u5b63\u7af6\u8cfd", "dado", "safe", "scp", "site-zh-44", "site-zh-88", "\u4eba\u9020\u7269\u54c1", "\u5316\u5b78\u6027", "\u539f\u5275", "\u53cd\u71b5", "\u6709\u6a5f", "\u6bd2\u6027", "\u751f\u7269\u5371\u5bb3", "\u8ca8\u5e63"]}, {"created_at": "1580721559", "created_by_id": "3981670", "name": "advanced-formatting-and-you", "rating_vote": "5", "rating": "5", "tags": ["en", "\u5fc3\u5f97", "\u7ffb\u8b6f"]}, {"created_at": "1580735733", "created_by_id": "3979351", "name": "scp-098", "rating_vote": "2", "rating": "2", "tags": ["en", "safe", "scp", "\u6d3b\u7269", "\u7269\u7a2e", "\u7bc0\u80a2\u52d5\u7269", "\u7ffb\u8b6f"]}, {"created_at": "1580738055", "created_by_id": "5435485", "name": "dr-clef-s-proposal", "rating_vote": "12", "rating": "12", "tags": ["001\u63d0\u6848", "en", "euclid", "keter", "k\u7d1a\u60c5\u666f", "scp", "the-administrator", "\u4eba\u5f62", "\u53cd\u71b5", "\u5b97\u6559", "\u667a\u80fd", "\u7ffb\u8b6f", "\u9580\u5f91"]}, {"created_at": "1580782391", "created_by_id": "3981670", "name": "k-o-failure-scenario-hub", "rating_vote": "4", "rating": "4", "tags": ["en", "en-\u672b\u65e52018", "\u4e2d\u5fc3", "\u6bc6\u6253\u9bca\u9b5a\u4e2d\u5fc3", "\u7ffb\u8b6f"]}, {"created_at": "1580782950", "created_by_id": "5334590", "name": "year-critical-strike", "rating_vote": "15", "rating": "15", "tags": ["2020\u51ac\u5b63\u7af6\u8cfd", "reverberate\u535a\u58eb", "site-zh-81", "\u5168\u7403\u8d85\u81ea\u7136\u806f\u76df", "\u539f\u5275", "\u5929\u5df2\u5802", "\u6545\u4e8b", "\u6c99\u7687\u5148\u77e5\u5354\u6703", "\u7814\u7a76\u54e1l.what", "\u7b2c\u516b\u8655", "\u9ed1\u7687\u540e"]}, {"created_at": "1580810828", "created_by_id": "5435485", "name": "scp-zh-60053-j", "rating_vote": "41", "rating": "41", "tags": ["scp", "site-zh-01", "\u4e09\u57a3", "\u52d5\u7269", "\u539f\u5275", "\u641e\u7b11", "\u6575\u610f", "\u667a\u80fd", "\u6a5f\u5bc6\u5206\u7d1a", "\u7269\u7a2e", "\u8d85\u7dad\u5ea6", "\u9ce5\u985e"]}, {"created_at": "1580821069", "created_by_id": "3979351", "name": "scp-062", "rating_vote": "3", "rating": "3", "tags": ["en", "euclid", "scp", "\u77e5\u8b58", "\u7ffb\u8b6f", "\u8a9e\u8a00", "\u8d85\u7dad\u5ea6", "\u91cd\u5beb", "\u96fb\u5b50", "\u96fb\u8166"]}, {"created_at": "1580920204", "created_by_id": "4055881", "name": "nsb8-384", "rating_vote": "22", "rating": "22", "tags": ["2020\u51ac\u5b63\u7af6\u8cfd", "goi\u683c\u5f0f", "ijamea", "\u539f\u5275", "\u7b2c\u516b\u8655", "\u8ca0\u865f\u90e8\u968a"]}, {"created_at": "1580986958", "created_by_id": "6091157", "name": "scp-zh-108", "rating_vote": "19", "rating": "19", "tags": ["2020\u51ac\u5b63\u7af6\u8cfd", "euclid", "scp", "site-zh-12", "\u4eba\u5f62", "\u539f\u5275", "\u7814\u7a76\u54e1lucifelle"]}, {"created_at": "1581011023", "created_by_id": "5255954", "name": "alma-kyivshchyna", "rating_vote": "7", "rating": "7", "tags": ["en", "en-\u5408\u8457\u7af6\u8cfd2019", "goi\u683c\u5f0f", "\u5408\u8457", "\u591c\u4e4b\u5b50", "\u683c\u9b6f\u70cf-p\u90e8\u9580", "\u6975\u51b7\u6230", "\u7ffb\u8b6f"]}]