[{"created_at": "1584883162", "created_by_id": "5604919", "name": "fifthist-hub", "rating_vote": "7", "rating": "7", "tags": ["en", "en-goi2014", "\u4e2d\u5fc3", "\u7b2c\u4e94\u6559\u6703", "\u7ffb\u8b6f", "\u97f3\u983b"]}, {"created_at": "1584979024", "created_by_id": "3979351", "name": "scp-1248", "rating_vote": "3", "rating": "3", "tags": ["en", "eric", "meta", "safe", "scp", "\u6e3e\u6c8c\u53cd\u53db\u8ecd", "\u7cbe\u795e\u5f71\u97ff", "\u7ffb\u8b6f"]}, {"created_at": "1585019384", "created_by_id": "4357011", "name": "oh-i-wouldn-t-worry-about-flaky-os", "rating_vote": "2", "rating": "2", "tags": ["en", "\u5b89\u5e03\u7f85\u65af\u9910\u5ef3", "\u6050\u61fc\u8207\u96dc\u6280", "\u6545\u4e8b", "\u7ffb\u8b6f", "\u8d6b\u66fc-\u5bcc\u52d2"]}, {"created_at": "1585020668", "created_by_id": "3979351", "name": "scp-zh-019", "rating_vote": "11", "rating": "11", "tags": ["eric", "euclid", "scp", "site-zh-25", "\u52d5\u7269", "\u539f\u5275", "\u5f35\u9053\u58eb", "\u6709\u6a5f", "\u6b32\u8089\u6559", "\u6d3b\u7269", "\u751f\u7269\u6027"]}, {"created_at": "1585043623", "created_by_id": "3979351", "name": "scp-168", "rating_vote": "2", "rating": "2", "tags": ["en", "eric", "safe", "scp", "\u5de5\u5177", "\u611f\u77e5\u529b", "\u667a\u80fd", "\u7ffb\u8b6f", "\u96fb\u5b50"]}, {"created_at": "1585054659", "created_by_id": "5604919", "name": "scp-807", "rating_vote": "3", "rating": "3", "tags": ["en", "euclid", "scp", "\u4eba\u9020\u7269\u54c1", "\u5f37\u8feb\u6027", "\u7ffb\u8b6f", "\u8b8a\u5f62", "\u98df\u7269"]}, {"created_at": "1585062125", "created_by_id": "3981670", "name": "scp-093-recovered-materials", "rating_vote": "4", "rating": "4", "tags": ["en", "\u7ffb\u8b6f", "\u9644\u52a0\u8cc7\u6599"]}, {"created_at": "1585123875", "created_by_id": "5604919", "name": "the-thing-at-the-bottom-of-my-dreams", "rating_vote": "4", "rating": "4", "tags": ["en", "en-\u672b\u65e52018", "\u6545\u4e8b", "\u6b32\u8089\u6559", "\u6d41\u6d6a\u8005\u5716\u66f8\u9928", "\u7329\u7d05\u4e4b\u738b", "\u7b2c\u4e94\u6559\u6703", "\u7ffb\u8b6f"]}, {"created_at": "1585125171", "created_by_id": "3741648", "name": "branch-list", "rating_vote": "5", "rating": "1", "tags": ["int", "\u4e2d\u5fc3", "\u7ffb\u8b6f"]}, {"created_at": "1585141701", "created_by_id": "3979351", "name": "scp-4522", "rating_vote": "6", "rating": "6", "tags": ["en", "ijamea", "safe", "scp", "\u52d5\u7269", "\u53cd\u71b5", "\u5408\u8457", "\u5473\u89ba\u5f71\u97ff", "\u57ce\u5e02", "\u5f37\u8feb\u6027", "\u611f\u77e5\u529b", "\u6587\u737b", "\u667a\u80fd", "\u690d\u7269", "\u6d3b\u7269", "\u733f\u985e", "\u7cbe\u795e\u5f71\u97ff", "\u7ffb\u8b6f"]}, {"created_at": "1585150949", "created_by_id": "5604919", "name": "scp-2131", "rating_vote": "4", "rating": "4", "tags": ["en", "keter", "mc&amp;d", "scp", "\u4eba\u5f62", "\u5100\u5f0f\u6027", "\u5b97\u6559", "\u611f\u77e5\u529b", "\u653e\u5c04\u6027", "\u667a\u80fd", "\u6b86\u74e6", "\u6d77\u7063", "\u751f\u7269\u6027", "\u7ffb\u8b6f", "\u81ea\u6211\u4fee\u5fa9"]}, {"created_at": "1585158851", "created_by_id": "5230135", "name": "sky-tree", "rating_vote": "7", "rating": "7", "tags": ["\u539f\u5275", "\u85dd\u8853\u4f5c\u54c1"]}, {"created_at": "1585162428", "created_by_id": "5230135", "name": "scp-2521-painting", "rating_vote": "12", "rating": "12", "tags": ["\u539f\u5275", "\u85dd\u8853\u4f5c\u54c1"]}, {"created_at": "1585228834", "created_by_id": "3979351", "name": "scp-991", "rating_vote": "2", "rating": "2", "tags": ["en", "safe", "scp", "\u77e5\u8b58", "\u7cbe\u795e\u5f71\u97ff", "\u7ffb\u8b6f", "\u8a18\u61b6\u5f71\u97ff", "\u91ab\u5b78\u6027"]}, {"created_at": "1585234629", "created_by_id": "4701365", "name": "scp-8900-ex", "rating_vote": "10", "rating": "10", "tags": ["en", "keter", "scp", "\u50b3\u67d3\u6027", "\u5149\u7167\u5f71\u97ff", "\u5df2\u89e3\u660e", "\u611f\u77e5\u5f71\u97ff", "\u7ffb\u8b6f", "\u8996\u89ba\u6027"]}, {"created_at": "1585237846", "created_by_id": "5604919", "name": "long-live-the-king", "rating_vote": "5", "rating": "5", "tags": ["en", "king\u535a\u58eb", "\u6545\u4e8b", "\u6b61\u6a02\u57fa\u91d1\u6703", "\u7ffb\u8b6f"]}, {"created_at": "1585272562", "created_by_id": "USER_DELETED", "name": "scp-2719", "rating_vote": "9", "rating": "7", "tags": ["bright\u535a\u58eb", "en", "keter", "scp", "\u6982\u5ff5", "\u7ffb\u8b6f"]}, {"created_at": "1585280839", "created_by_id": "5255954", "name": "dr-bright-is-no-longer-allowed-to-use-temporal-anomalies", "rating_vote": "10", "rating": "10", "tags": ["bright\u535a\u58eb", "cimmerian\u535a\u58eb", "clef\u535a\u58eb", "en", "\u6545\u4e8b", "\u6b61\u6a02\u57fa\u91d1\u6703", "\u7ffb\u8b6f"]}, {"created_at": "1585293394", "created_by_id": "5230135", "name": "scp-066-painting", "rating_vote": "8", "rating": "8", "tags": ["eric", "\u539f\u5275", "\u85dd\u8853\u4f5c\u54c1"]}, {"created_at": "1585308224", "created_by_id": "5435485", "name": "scp-2998", "rating_vote": "11", "rating": "11", "tags": ["en", "en-2000", "euclid", "maria-jones", "meta", "scp", "\u661f\u969b", "\u7f85\u68ee\u7814\u7a76\u54e1", "\u7ffb\u8b6f", "\u8cc7\u8a0a\u5371\u5bb3", "\u901a\u8a0a"]}]