[{"created_at": "1611473971", "created_by_id": "5344757", "name": "festive-colors", "rating_vote": "16", "rating": "16", "tags": ["2021\u51ac\u5b63\u7af6\u8cfd", "bales\u535a\u58eb", "site-zh-16", "\u539f\u5275", "\u6545\u4e8b"]}, {"created_at": "1611476957", "created_by_id": "6348157", "name": "scp-3693", "rating_vote": "3", "rating": "3", "tags": ["en", "euclid", "scp", "\u4eba\u5f62", "\u5408\u8457", "\u5851\u50cf173", "\u7ffb\u8b6f", "\u81ea\u4e3b", "\u89c0\u5bdf\u5f71\u97ff", "\u96d5\u5851"]}, {"created_at": "1611576181", "created_by_id": "5344757", "name": "scp-zh-526", "rating_vote": "19", "rating": "17", "tags": ["bales\u535a\u58eb", "safe", "scp", "site-zh-16", "\u539f\u5275", "\u5bb6\u96fb\u7528\u54c1", "\u611f\u77e5\u529b", "\u667a\u80fd"]}, {"created_at": "1611681153", "created_by_id": "5230135", "name": "wanderers", "rating_vote": "7", "rating": "7", "tags": ["wanderers", "\u539f\u5275", "\u6545\u4e8b"]}, {"created_at": "1611715241", "created_by_id": "5334590", "name": "scp-zh-090", "rating_vote": "17", "rating": "17", "tags": ["euclid", "scp", "site-zh-44", "\u4eba\u9020\u7269\u54c1", "\u539f\u5275", "\u5c55\u51fa", "\u5e7b\u89ba", "\u5f37\u8feb\u6027", "\u6d3b\u7269", "\u7cbe\u795e\u5f71\u97ff", "\u8996\u89ba\u6027", "\u8a8d\u77e5\u5371\u5bb3", "\u904a\u6232"]}, {"created_at": "1611749441", "created_by_id": "5402841", "name": "authentic", "rating_vote": "11", "rating": "11", "tags": ["2021\u51ac\u5b63\u7af6\u8cfd", "\u539f\u5275", "\u6545\u4e8b"]}, {"created_at": "1611845900", "created_by_id": "5565302", "name": "scp-zh-091", "rating_vote": "19", "rating": "19", "tags": ["2020\u6500\u722c\u91d1\u5b57\u5854", "2021\u51ac\u5b63\u7af6\u8cfd", "euclid", "scp", "site-zh-25", "\u4eba\u9020\u7269\u54c1", "\u539f\u5275", "\u578b\u614b\u8b8a\u5316", "\u611f\u77e5\u529b", "\u7570\u5e38\u79fb\u52d5", "\u904a\u6232", "\u9069\u61c9\u6027", "\u9298\u6587"]}, {"created_at": "1611856301", "created_by_id": "7073060", "name": "scp-zh-140", "rating_vote": "20", "rating": "20", "tags": ["2021\u51ac\u5b63\u7af6\u8cfd", "meta", "scp", "\u539f\u5275", "\u6982\u5ff5", "\u6a5f\u5bc6\u5206\u7d1a", "\u8a8d\u77e5\u5371\u5bb3", "\u8a9e\u8a00"]}, {"created_at": "1611925059", "created_by_id": "4990678", "name": "artwork-jp-nika-4", "rating_vote": "7", "rating": "7", "tags": ["jp", "\u7ffb\u8b6f", "\u85dd\u8853\u4f5c\u54c1"]}, {"created_at": "1611926028", "created_by_id": "4990678", "name": "scp-3001-artworks", "rating_vote": "8", "rating": "8", "tags": ["jp", "\u7ffb\u8b6f", "\u85dd\u8853\u4f5c\u54c1"]}, {"created_at": "1612259063", "created_by_id": "7073060", "name": "scp-zh-224", "rating_vote": "14", "rating": "8", "tags": ["safe", "scp", "site-zh-02", "\u539f\u5275", "\u6709\u6a5f", "\u751f\u7269\u6027", "\u8b8a\u5f62", "\u98df\u7269"]}, {"created_at": "1612348227", "created_by_id": "5684299", "name": "st-christina-college", "rating_vote": "6", "rating": "6", "tags": ["goi\u683c\u5f0f", "\u539f\u5275", "\u8056\u514b\u8389\u65af\u6c40\u5a1c\u66f8\u9662"]}, {"created_at": "1612400203", "created_by_id": "6217438", "name": "scp-001-j", "rating_vote": "5", "rating": "5", "tags": ["en", "keter", "scp", "\u4eba\u9020\u7269\u54c1", "\u5f37\u8feb\u6027", "\u641e\u7b11", "\u6a21\u56e0\u6548\u61c9", "\u7cbe\u795e\u5f71\u97ff", "\u7ffb\u8b6f"]}, {"created_at": "1612400423", "created_by_id": "6217438", "name": "scp-8851-j", "rating_vote": "6", "rating": "6", "tags": ["en", "scp", "\u4ea4\u63db", "\u641e\u7b11", "\u6a5f\u5bc6\u5206\u7d1a", "\u7ffb\u8b6f", "\u8ca8\u5e63"]}, {"created_at": "1612407782", "created_by_id": "4357011", "name": "das-taegliche-leben-mit-einer-ausserirdischen", "rating_vote": "10", "rating": "10", "tags": ["de", "\u4e8c\u6b21\u7ffb\u8b6f", "\u5947\u7269\u5ba4", "\u6545\u4e8b", "\u7b2c\u4e8c\u6d77\u6258\u4e16\u6559\u6703", "\u7ffb\u8b6f"]}, {"created_at": "1612418948", "created_by_id": "5454699", "name": "behind-the-silver", "rating_vote": "10", "rating": "10", "tags": ["2021\u51ac\u5b63\u7af6\u8cfd", "\u539f\u5275", "\u6545\u4e8b", "\u6c34\u9280"]}, {"created_at": "1612452241", "created_by_id": "4990678", "name": "ozakitaii-10", "rating_vote": "2", "rating": "2", "tags": ["jp", "\u7ffb\u8b6f", "\u85dd\u8853\u4f5c\u54c1"]}, {"created_at": "1612453523", "created_by_id": "4990678", "name": "torasaki", "rating_vote": "4", "rating": "4", "tags": ["jp", "\u7ffb\u8b6f", "\u85dd\u8853\u4f5c\u54c1"]}, {"created_at": "1612455784", "created_by_id": "4990678", "name": "bookart-logo", "rating_vote": "7", "rating": "7", "tags": ["jp", "\u7ffb\u8b6f", "\u85dd\u8853\u4f5c\u54c1"]}, {"created_at": "1612485474", "created_by_id": "6217438", "name": "scp-3521", "rating_vote": "6", "rating": "6", "tags": ["dado", "en", "safe", "scp", "\u50b3\u9001", "\u7ffb\u8b6f", "\u91ab\u5b78\u6027", "\u98df\u7269"]}]