[{"created_at": "1610691287", "created_by_id": "4990678", "name": "personification-of-scp", "rating_vote": "9", "rating": "9", "tags": ["jp", "\u7ffb\u8b6f", "\u85dd\u8853\u4f5c\u54c1"]}, {"created_at": "1610692358", "created_by_id": "4990678", "name": "artwork-ouka-2", "rating_vote": "4", "rating": "4", "tags": ["jp", "\u7ffb\u8b6f", "\u85dd\u8853\u4f5c\u54c1"]}, {"created_at": "1610713307", "created_by_id": "4990678", "name": "scp-zh-023", "rating_vote": "11", "rating": "11", "tags": ["euclid", "scp", "site-zh-12", "\u50b3\u67d3\u6027", "\u539f\u5275", "\u5bc4\u751f\u6027", "\u6606\u87f2", "\u89f8\u89ba\u5f71\u97ff", "\u8a18\u61b6\u5f71\u97ff"]}, {"created_at": "1610784013", "created_by_id": "5415046", "name": "scp-5713", "rating_vote": "8", "rating": "8", "tags": ["dado", "en", "meta", "safe", "scp", "\u4ea4\u63db", "\u50b3\u9001", "\u5b97\u6559", "\u6587\u737b", "\u7cbe\u795e\u5f71\u97ff", "\u7ffb\u8b6f"]}, {"created_at": "1610790227", "created_by_id": "5334590", "name": "ad-absentia", "rating_vote": "6", "rating": "6", "tags": ["en", "\u6545\u4e8b", "\u7ffb\u8b6f"]}, {"created_at": "1610861985", "created_by_id": "3741648", "name": "scp-pl-kot-j", "rating_vote": "4", "rating": "2", "tags": ["pl", "scp", "\u641e\u7b11", "\u6a21\u56e0\u6548\u61c9", "\u6a5f\u5bc6\u5206\u7d1a", "\u7ffb\u8b6f", "\u8c93\u985e"]}, {"created_at": "1610912555", "created_by_id": "4990678", "name": "winter-ace-2021", "rating_vote": "9", "rating": "9", "tags": ["2021\u51ac\u5b63\u7af6\u8cfd", "\u4e2d\u5fc3", "\u539f\u5275", "\u7af6\u8cfd"]}, {"created_at": "1611064759", "created_by_id": "5344757", "name": "between-dream-and-sin", "rating_vote": "17", "rating": "13", "tags": ["ad\u535a\u58eb", "apoyn\u535a\u58eb", "ctrl-z\u535a\u58eb", "maddy", "site-zh-12", "\u539f\u5275", "\u641e\u7b11", "\u6545\u4e8b", "\u8a69\u6b4c"]}, {"created_at": "1611210603", "created_by_id": "4990678", "name": "ozakitaii-20", "rating_vote": "4", "rating": "4", "tags": ["jp", "\u7ffb\u8b6f", "\u85dd\u8853\u4f5c\u54c1"]}, {"created_at": "1611211386", "created_by_id": "4990678", "name": "tsucchii0301-wallpapers", "rating_vote": "8", "rating": "8", "tags": ["jp", "\u7ffb\u8b6f", "\u85dd\u8853\u4f5c\u54c1"]}, {"created_at": "1611218868", "created_by_id": "4990678", "name": "ozakitaii-19", "rating_vote": "5", "rating": "5", "tags": ["jp", "\u7ffb\u8b6f", "\u85dd\u8853\u4f5c\u54c1"]}, {"created_at": "1611258290", "created_by_id": "6348157", "name": "scp-5832", "rating_vote": "5", "rating": "5", "tags": ["en", "safe", "scp", "\u53cd\u5e38\u90e8", "\u5efa\u7bc9\u7269", "\u7ffb\u8b6f", "\u8072\u97f3"]}, {"created_at": "1611316089", "created_by_id": "6503482", "name": "scp-3001", "rating_vote": "16", "rating": "14", "tags": ["en", "en-3000", "euclid", "scp", "\u53cd\u7269\u7406\u5b9a\u5f8b", "\u6096\u8ad6", "\u6642\u7a7a", "\u6642\u9593\u5f71\u97ff", "\u795e\u7d93\u6027", "\u7ffb\u8b6f", "\u8a18\u9304", "\u8d85\u7dad\u5ea6"]}, {"created_at": "1611323808", "created_by_id": "5255954", "name": "candle-in-the-wind", "rating_vote": "11", "rating": "11", "tags": ["clef\u535a\u58eb", "gears\u535a\u58eb", "kondraki\u535a\u58eb", "\u539f\u5275", "\u5c55\u51fa", "\u6545\u4e8b"]}, {"created_at": "1611325004", "created_by_id": "5344757", "name": "in-the-storm", "rating_vote": "5", "rating": "5", "tags": ["\u539f\u5275", "\u6545\u4e8b", "\u8a69\u6b4c"]}, {"created_at": "1611380400", "created_by_id": "3741648", "name": "scp-j-id", "rating_vote": "5", "rating": "5", "tags": ["id", "meta", "scp", "\u641e\u7b11", "\u6a5f\u5bc6\u5206\u7d1a", "\u7ffb\u8b6f"]}, {"created_at": "1611389931", "created_by_id": "5415046", "name": "news4pamwac-fox", "rating_vote": "18", "rating": "18", "tags": ["05", "goi\u683c\u5f0f", "ijamea", "jp", "pamwac", "\u7b2c\u4e94\u6559\u6703", "\u7ffb\u8b6f", "\u9060\u91ce\u5996\u602a\u4fdd\u8b77\u5340"]}, {"created_at": "1611414974", "created_by_id": "5334590", "name": "unnamed-artwork", "rating_vote": "10", "rating": "10", "tags": ["jp", "\u7ffb\u8b6f", "\u85dd\u8853\u4f5c\u54c1"]}, {"created_at": "1611423962", "created_by_id": "5415046", "name": "qingtan-what-is-odse", "rating_vote": "9", "rating": "9", "tags": ["1998\u5e74", "jp", "pamwac", "\u6545\u4e8b", "\u7ffb\u8b6f"]}, {"created_at": "1611468135", "created_by_id": "4239775", "name": "abyss", "rating_vote": "8", "rating": "8", "tags": ["site-zh-50", "\u539f\u5275", "\u6545\u4e8b"]}]