[{"created_at": "1644508757", "created_by_id": "7605593", "name": "scp-zh-534", "rating_vote": "8", "rating": "4", "tags": ["euclid", "meta", "scp", "zh999", "\u539f\u5275", "\u5efa\u7bc9\u7269", "\u6a21\u56e0\u6548\u61c9", "\u795e\u7d93\u6027", "\u7e41\u5ee3", "\u8996\u89ba\u6027", "\u8a8d\u77e5\u5371\u5bb3"]}, {"created_at": "1644571701", "created_by_id": "4442284", "name": "scp-zh-151", "rating_vote": "12", "rating": "12", "tags": ["keter", "scp", "zh999", "\u539f\u5275", "\u611f\u77e5\u529b", "\u672a\u6536\u5bb9"]}, {"created_at": "1644584159", "created_by_id": "6503482", "name": "deals-with-the-devil", "rating_vote": "3", "rating": "3", "tags": ["en", "gears\u535a\u58eb", "light\u535a\u58eb", "\u5fa9\u751f", "\u6545\u4e8b", "\u7ffb\u8b6f"]}, {"created_at": "1644586677", "created_by_id": "5701756", "name": "scp-zh-104", "rating_vote": "12", "rating": "12", "tags": ["euclid", "scp", "zh999", "\u4eba\u9020\u7269\u54c1", "\u539f\u5275", "\u7b2c\u516b\u8655"]}, {"created_at": "1644638305", "created_by_id": "5415046", "name": "scp-210", "rating_vote": "4", "rating": "4", "tags": ["en", "safe", "scp", "\u5efa\u7bc9\u7269", "\u6db2\u9ad4", "\u7761\u7720", "\u7ffb\u8b6f"]}, {"created_at": "1644672135", "created_by_id": "4442284", "name": "zh-love15-21-teamlogo", "rating_vote": "6", "rating": "6", "tags": ["\u539f\u5275", "\u85dd\u8853\u4f5c\u54c1"]}, {"created_at": "1644746339", "created_by_id": "6952002", "name": "k1s10r0d-s-proposal", "rating_vote": "33", "rating": "33", "tags": ["001\u63d0\u6848", "aiad", "k\u7d1a\u60c5\u666f", "meta", "scp", "zh999", "\u5100\u5668", "\u539f\u5275", "\u57fa\u91d1\u6703\u88fd\u9020", "\u5bb9\u5668", "\u5c55\u51fa", "\u5df2\u89e3\u660e", "\u6096\u8ad6", "\u6982\u5ff5", "\u71b5", "\u7834\u788e\u4e4b\u795e\u6559\u6703", "\u8d85\u7dad\u5ea6", "\u8f49\u4e16\u8a08\u5283", "\u96fb\u5b50", "\u96fb\u8166", "\u9810\u6e2c\u6027"]}, {"created_at": "1644749284", "created_by_id": "7469850", "name": "scp-zh-830", "rating_vote": "9", "rating": "9", "tags": ["scp", "site-zh-16", "\u5100\u5f0f\u6027", "\u539f\u5275", "\u5b97\u6559", "\u672a\u6536\u5bb9", "\u6982\u5ff5", "\u6a5f\u5bc6\u5206\u7d1a", "\u6a5f\u7387\u6027", "\u6c11\u7570\u7f72"]}, {"created_at": "1644753667", "created_by_id": "6952002", "name": "neviim-aic-original-art", "rating_vote": "12", "rating": "12", "tags": ["\u539f\u5275", "\u85dd\u8853\u4f5c\u54c1", "\u8f49\u4e16\u8a08\u5283"]}, {"created_at": "1644838619", "created_by_id": "3981670", "name": "scp-zh-094", "rating_vote": "17", "rating": "17", "tags": ["apoyn\u535a\u58eb", "euclid", "scp", "site-zh-02", "zh999", "\u4eba\u5f62", "\u4eba\u9020\u7269\u54c1", "\u5316\u5b78\u6027", "\u539f\u5275", "\u57fa\u91d1\u6703\u88fd\u9020", "\u5e7b\u89ba", "\u5faa\u74b0", "\u7cbe\u795e\u5f71\u97ff"]}, {"created_at": "1644845094", "created_by_id": "5415046", "name": "scp-230", "rating_vote": "7", "rating": "5", "tags": ["en", "euclid", "scp", "\u4eba\u5f62", "\u5316\u5b78\u6027", "\u611f\u77e5\u529b", "\u667a\u80fd", "\u6d3b\u7269", "\u7cbe\u795e\u5f71\u97ff", "\u7ffb\u8b6f"]}, {"created_at": "1645020034", "created_by_id": "6503482", "name": "just-a-formality", "rating_vote": "3", "rating": "3", "tags": ["en", "\u502b\u7406\u59d4\u54e1\u6703", "\u5fa9\u751f", "\u6545\u4e8b", "\u7ffb\u8b6f"]}, {"created_at": "1645087644", "created_by_id": "5415046", "name": "scp-208", "rating_vote": "3", "rating": "3", "tags": ["en", "safe", "scp", "\u4eba\u5f62", "\u611f\u77e5\u529b", "\u667a\u80fd", "\u6d3b\u7269", "\u7ffb\u8b6f", "\u91ab\u5b78\u6027"]}, {"created_at": "1645099136", "created_by_id": "6217438", "name": "o5-command-dossier", "rating_vote": "5", "rating": "5", "tags": ["aaron-siegel", "en", "the-administrator", "\u5408\u4f5c", "\u7ffb\u8b6f", "\u8cc7\u6e90", "\u9ed1\u7687\u540e"]}, {"created_at": "1645148016", "created_by_id": "6217438", "name": "scp-6219", "rating_vote": "5", "rating": "5", "tags": ["en", "scp", "\u4eba\u5f62", "\u53cd\u5e38\u90e8", "\u5c4d\u9ad4", "\u5f85\u5206\u7d1a", "\u7121\u540d", "\u7ffb\u8b6f", "\u8cc7\u8a0a\u5371\u5bb3"]}, {"created_at": "1645177783", "created_by_id": "6217438", "name": "scp-332", "rating_vote": "4", "rating": "4", "tags": ["1976\u5e74\u73ed", "en", "euclid", "scp", "\u4eba\u5f62", "\u751f\u7269\u6027", "\u7cbe\u795e\u5f71\u97ff", "\u7ffb\u8b6f", "\u8072\u97f3", "\u807d\u89ba\u5f71\u97ff", "\u8a8d\u77e5\u5371\u5bb3", "\u97f3\u6a02\u6027"]}, {"created_at": "1645185172", "created_by_id": "6217438", "name": "scp-6472", "rating_vote": "7", "rating": "7", "tags": ["dado", "en", "meta", "scp", "\u5171\u611f", "\u57fa\u91d1\u6703\u88fd\u9020", "\u5a92\u9ad4", "\u651d\u50cf", "\u6a21\u56e0\u6548\u61c9", "\u6a5f\u5bc6\u5206\u7d1a", "\u7ffb\u8b6f"]}, {"created_at": "1645190547", "created_by_id": "6217438", "name": "weryllium-proposal", "rating_vote": "8", "rating": "8", "tags": ["001\u63d0\u6848", "en", "scp", "\u5171\u611f", "\u641e\u7b11", "\u6982\u5ff5", "\u6a5f\u5bc6\u5206\u7d1a", "\u7cbe\u795e\u5f71\u97ff", "\u7ffb\u8b6f"]}, {"created_at": "1645191806", "created_by_id": "6503482", "name": "integrity-project", "rating_vote": "2", "rating": "2", "tags": ["aktus\u4e3b\u4efb", "en", "\u5fa9\u751f", "\u6545\u4e8b", "\u7ffb\u8b6f"]}, {"created_at": "1645229473", "created_by_id": "6348157", "name": "scp-2026", "rating_vote": "7", "rating": "7", "tags": ["en", "safe", "scp", "\u4eba\u5f62", "\u4eba\u9020\u7269\u54c1", "\u611f\u77e5\u529b", "\u667a\u80fd", "\u6b77\u53f2\u6027", "\u7ffb\u8b6f", "\u81ea\u4e3b", "\u8b8a\u5f62"]}]