[{"created_at": "1617350774", "created_by_id": "2353778", "name": "scp-005-j-ex", "rating_vote": "1", "rating": "1", "tags": ["en", "keter", "scp", "\u5df2\u89e3\u660e", "\u641e\u7b11", "\u6a21\u56e0\u6548\u61c9", "\u7ffb\u8b6f", "\u807d\u89ba\u5f71\u97ff", "\u8a8d\u77e5\u5371\u5bb3"]}, {"created_at": "1617353141", "created_by_id": "2353778", "name": "scp-006-cu-ex", "rating_vote": "3", "rating": "3", "tags": ["en", "en-\u611a\u4eba\u7bc02014", "scp", "\u641e\u7b11", "\u6606\u87f2", "\u6a5f\u5bc6\u5206\u7d1a", "\u6d3b\u7269", "\u7ffb\u8b6f"]}, {"created_at": "1617353820", "created_by_id": "2353778", "name": "scp-007-j", "rating_vote": "2", "rating": "2", "tags": ["en", "euclid", "scp", "\u641e\u7b11", "\u672a\u6536\u5bb9", "\u7ffb\u8b6f", "\u89c0\u5bdf\u5f71\u97ff", "\u98df\u7269"]}, {"created_at": "1617354567", "created_by_id": "2353778", "name": "scp-47-47-j", "rating_vote": "1", "rating": "1", "tags": ["en", "safe", "scp", "\u52d5\u7269", "\u641e\u7b11", "\u6b66\u5668", "\u72ac\u985e", "\u73a9\u5177", "\u7ffb\u8b6f", "\u8f09\u5177"]}, {"created_at": "1617358295", "created_by_id": "2353778", "name": "scp-558", "rating_vote": "1", "rating": "1", "tags": ["en", "safe", "scp", "\u5149\u7167\u5f71\u97ff", "\u7ffb\u8b6f", "\u8863\u7269", "\u8996\u89ba\u6027", "\u91ab\u5b78\u6027"]}, {"created_at": "1617358771", "created_by_id": "2353778", "name": "scp-1146", "rating_vote": "1", "rating": "1", "tags": ["en", "safe", "scp", "\u53cd\u71b5", "\u5bb6\u96fb\u7528\u54c1", "\u611f\u77e5\u529b", "\u7ffb\u8b6f", "\u807d\u89ba\u5f71\u97ff", "\u81ea\u4e3b"]}, {"created_at": "1617359023", "created_by_id": "2353778", "name": "scp-1146-testing-log", "rating_vote": "1", "rating": "1", "tags": ["en", "\u5be6\u9a57", "\u7ffb\u8b6f", "\u9644\u52a0\u8cc7\u6599"]}, {"created_at": "1617359851", "created_by_id": "2353778", "name": "scp-1258", "rating_vote": "2", "rating": "2", "tags": ["en", "euclid", "scp", "\u5f37\u8feb\u6027", "\u77e5\u8b58", "\u795e\u7d93\u6027", "\u7cbe\u795e\u5f71\u97ff", "\u7ffb\u8b6f", "\u8996\u89ba\u6027", "\u89c0\u5bdf\u5f71\u97ff", "\u8a8d\u77e5\u5371\u5bb3", "\u8b8a\u5f62"]}, {"created_at": "1617360241", "created_by_id": "2353778", "name": "experiment-log-1258", "rating_vote": "1", "rating": "1", "tags": ["en", "\u5be6\u9a57", "\u7ffb\u8b6f", "\u9644\u52a0\u8cc7\u6599"]}, {"created_at": "1617360486", "created_by_id": "2353778", "name": "scp-1267", "rating_vote": "1", "rating": "1", "tags": ["en", "euclid", "scp", "\u52d5\u7269", "\u578b\u614b\u8b8a\u5316", "\u751f\u7269\u6027", "\u7ffb\u8b6f"]}, {"created_at": "1617366775", "created_by_id": "6348157", "name": "code-name-the-truth", "rating_vote": "2", "rating": "2", "tags": ["en", "the-administrator", "\u6545\u4e8b", "\u7ffb\u8b6f"]}, {"created_at": "1617375077", "created_by_id": "4990678", "name": "luvle-s-comic", "rating_vote": "5", "rating": "5", "tags": ["ko", "ko-2016\u6f2b\u756b\u7af6\u8cfd", "\u6545\u4e8b", "\u7ffb\u8b6f", "\u85dd\u8853\u4f5c\u54c1"]}, {"created_at": "1617386698", "created_by_id": "4990678", "name": "geroe", "rating_vote": "5", "rating": "5", "tags": ["jp", "\u7ffb\u8b6f", "\u85dd\u8853\u4f5c\u54c1"]}, {"created_at": "1617436282", "created_by_id": "2353778", "name": "scp-1381", "rating_vote": "2", "rating": "2", "tags": ["en", "euclid", "scp", "\u5bb6\u5177", "\u7ffb\u8b6f", "\u8b8a\u5f62", "\u8c93\u985e"]}, {"created_at": "1617440524", "created_by_id": "6348157", "name": "scp-329-j", "rating_vote": "10", "rating": "10", "tags": ["en", "safe", "scp", "\u4eba\u9020\u7269\u54c1", "\u611f\u77e5\u529b", "\u641e\u7b11", "\u7ffb\u8b6f"]}, {"created_at": "1617460539", "created_by_id": "5435485", "name": "scp-zh-250", "rating_vote": "10", "rating": "10", "tags": ["euclid", "scp", "x\u535a\u58eb", "\u4e0d\u53ef\u6467\u6bc0", "\u4eba\u9020\u7269\u54c1", "\u539f\u5275", "\u53cd\u71b5", "\u53cd\u7269\u7406\u5b9a\u5f8b", "\u57fa\u91d1\u6703\u88fd\u9020", "\u5ff5\u529b", "\u6bd2\u6027", "\u78c1\u6027", "\u89c0\u5bdf\u5f71\u97ff", "\u8d85\u7dad\u5ea6"]}, {"created_at": "1617460930", "created_by_id": "2922576", "name": "scp-929", "rating_vote": "2", "rating": "2", "tags": ["en", "euclid", "scp", "\u578b\u614b\u8b8a\u5316", "\u5f37\u8feb\u6027", "\u5fc3\u9748\u611f\u61c9", "\u64ec\u614b", "\u6d3b\u7269", "\u7cbe\u795e\u5f71\u97ff", "\u7ffb\u8b6f"]}, {"created_at": "1617461197", "created_by_id": "2922576", "name": "scp-936", "rating_vote": "2", "rating": "2", "tags": ["en", "euclid", "scp", "\u4eba\u5f62", "\u52d5\u7269", "\u690d\u7269", "\u6a39\u6728", "\u6d3b\u7269", "\u751f\u7269\u6027", "\u7ffb\u8b6f", "\u91ab\u5b78\u6027"]}, {"created_at": "1617461233", "created_by_id": "2922576", "name": "scp-3400", "rating_vote": "4", "rating": "4", "tags": ["en", "keter", "scp", "\u52d5\u7269", "\u6709\u6a5f", "\u6db2\u9ad4", "\u7cbe\u795e\u5f71\u97ff", "\u7ffb\u8b6f", "\u89f8\u89ba\u5f71\u97ff", "\u8a18\u61b6\u5f71\u97ff", "\u8a8d\u77e5\u5371\u5bb3"]}, {"created_at": "1617463704", "created_by_id": "2353778", "name": "scp-1712", "rating_vote": "2", "rating": "2", "tags": ["en", "keter", "scp", "\u52d5\u7269", "\u53cd\u7269\u7406\u5b9a\u5f8b", "\u5408\u8457", "\u611f\u77e5\u529b", "\u751f\u7269\u6027", "\u77f3\u982d", "\u7ffb\u8b6f", "\u89f8\u89ba\u5f71\u97ff", "\u8b8a\u5f62", "\u8c93\u985e", "\u91cd\u5beb", "\u96d5\u50cf"]}]