[{"created_at": "1575735132", "created_by_id": "5435485", "name": "been-a-while", "rating_vote": "17", "rating": "17", "tags": ["\u539f\u5275", "\u6545\u4e8b"]}, {"created_at": "1575801538", "created_by_id": "5255954", "name": "article-number-000", "rating_vote": "13", "rating": "13", "tags": ["reverberate\u535a\u58eb", "\u539f\u5275", "\u5c55\u51fa", "\u6545\u4e8b", "\u6c99\u7687\u5148\u77e5\u5354\u6703"]}, {"created_at": "1575886572", "created_by_id": "5684299", "name": "article-number-037", "rating_vote": "11", "rating": "11", "tags": ["goi\u683c\u5f0f", "reverberate\u535a\u58eb", "\u539f\u5275", "\u683c\u9b6f\u70cf-p\u90e8\u9580", "\u6c99\u7687\u5148\u77e5\u5354\u6703", "\u7b2c\u516b\u8655", "\u8490\u96c6\u9662"]}, {"created_at": "1575895567", "created_by_id": "3981670", "name": "prometheus-labs-hub", "rating_vote": "8", "rating": "8", "tags": ["en", "en-goi2014", "\u4e2d\u5fc3", "\u666e\u7f85\u7c73\u4fee\u65af\u5be6\u9a57\u5ba4", "\u7ffb\u8b6f"]}, {"created_at": "1575899912", "created_by_id": "5435485", "name": "doodles-from-sam", "rating_vote": "25", "rating": "25", "tags": ["ain\u535a\u58eb", "bales\u535a\u58eb", "chrome", "maddy", "reverberate\u535a\u58eb", "semibreve\u535a\u58eb", "site-zh-02", "site-zh-16", "site-zh-44", "site-zh-81", "site-zh-88", "sugoi\u535a\u58eb", "surge\u535a\u58eb", "willow\u7279\u5de5", "x\u535a\u58eb", "\u539f\u5275", "\u5f35\u9053\u58eb", "\u7814\u7a76\u54e1l.what", "\u8449\u51e1\u535a\u58eb", "\u85dd\u8853\u4f5c\u54c1"]}, {"created_at": "1575985546", "created_by_id": "4239775", "name": "operation-nucleon-bank", "rating_vote": "16", "rating": "16", "tags": ["site-zh-50", "\u4e2d\u5fc3", "\u539f\u5275", "\u5929\u7d00-17", "\u6838\u88c2\u64e0\u514c", "\u7b2c\u516b\u8655"]}, {"created_at": "1576022690", "created_by_id": "5255954", "name": "mystery", "rating_vote": "13", "rating": "13", "tags": ["aiad", "koschei.aic", "reverberate\u535a\u58eb", "site-zh-02", "site-zh-81", "\u539f\u5275", "\u6545\u4e8b"]}, {"created_at": "1576233185", "created_by_id": "4474355", "name": "ray-s-logo", "rating_vote": "20", "rating": "20", "tags": ["\u539f\u5275", "\u85dd\u8853\u4f5c\u54c1"]}, {"created_at": "1576235822", "created_by_id": "4357011", "name": "scp-248-j", "rating_vote": "7", "rating": "7", "tags": ["en", "euclid", "meta", "scp", "\u50b3\u9001", "\u611f\u77e5\u529b", "\u641e\u7b11", "\u6d3b\u7269", "\u7ffb\u8b6f", "\u89c0\u5bdf\u5f71\u97ff", "\u91d1\u5c6c", "\u9ce5\u985e"]}, {"created_at": "1576236292", "created_by_id": "4357011", "name": "excerpts-regarding-st-sophia", "rating_vote": "7", "rating": "7", "tags": ["en", "goi\u683c\u5f0f", "\u5730\u5e73\u7dda\u5021\u8b70", "\u7834\u788e\u4e4b\u795e\u6559\u6703", "\u7ffb\u8b6f"]}, {"created_at": "1576294941", "created_by_id": "4474355", "name": "scp-zh-973", "rating_vote": "12", "rating": "8", "tags": ["safe", "scp", "\u4eba\u9020\u7269\u54c1", "\u539f\u5275", "\u6587\u737b", "\u7cbe\u795e\u5f71\u97ff"]}, {"created_at": "1576304428", "created_by_id": "5415046", "name": "memories-in-iris-abyssdream", "rating_vote": "9", "rating": "9", "tags": ["\u539f\u5275", "\u5fc3\u5f97"]}, {"created_at": "1576311728", "created_by_id": "5255954", "name": "christmas-event", "rating_vote": "0", "rating": "0", "tags": ["2019\u8056\u591c\u76f8\u5b88", "\u4e2d\u5fc3", "\u539f\u5275", "\u6311\u6230\u6d3b\u52d5"]}, {"created_at": "1576328859", "created_by_id": "5927051", "name": "scp-zh-642", "rating_vote": "14", "rating": "14", "tags": ["scp", "site-zh-16", "\u4eba\u9020\u7269\u54c1", "\u5149", "\u539f\u5275", "\u706b", "\u7cbe\u795e\u5f71\u97ff"]}, {"created_at": "1576403536", "created_by_id": "5435485", "name": "out-of-cn-77", "rating_vote": "9", "rating": "7", "tags": ["site-zh-44", "willow\u7279\u5de5", "\u539f\u5275", "\u62cb\u9234\u4eba", "\u6545\u4e8b"]}, {"created_at": "1576423990", "created_by_id": "4213515", "name": "scp-zh-959", "rating_vote": "10", "rating": "10", "tags": ["scp", "site-zh-01", "\u539f\u5275", "\u5bb9\u5668", "\u6a5f\u5bc6\u5206\u7d1a", "\u8b8a\u5f62"]}, {"created_at": "1576435172", "created_by_id": "5334590", "name": "scp-zh-075", "rating_vote": "15", "rating": "13", "tags": ["bales\u535a\u58eb", "euclid", "scp", "site-zh-16", "sugoi\u535a\u58eb", "\u539f\u5275", "\u53cd\u5927\u9ebb\u73a9\u5bb6", "\u5efa\u7bc9", "\u7814\u7a76\u54e1l.what"]}, {"created_at": "1576451366", "created_by_id": "5817419", "name": "scp-zh-025", "rating_vote": "19", "rating": "15", "tags": ["euclid", "scp", "x\u535a\u58eb", "\u5171\u611f", "\u52d5\u7269", "\u539f\u5275", "\u53cd\u71b5", "\u611f\u77e5\u529b", "\u667a\u80fd", "\u7cbe\u795e\u5f71\u97ff", "\u8c93\u985e"]}, {"created_at": "1576513093", "created_by_id": "3979351", "name": "ru021", "rating_vote": "11", "rating": "11", "tags": ["goi\u683c\u5f0f", "ijamea", "\u539f\u5275", "\u5730\u5e73\u7dda\u5021\u8b70", "\u6728\u6613", "\u6c99\u7687\u5148\u77e5\u5354\u6703", "\u9ea5\u5730\u5947\u85dd\u8853\u5b78\u9662"]}, {"created_at": "1576542448", "created_by_id": "4442284", "name": "scp-zh-027", "rating_vote": "15", "rating": "15", "tags": ["safe", "scp", "site-zh-44", "willow\u7279\u5de5", "\u539f\u5275", "\u62cb\u9234\u4eba", "\u7e41\u5ee3", "\u91ab\u5b78\u6027", "\u98df\u7269"]}]