[{"created_at": "1557232383", "created_by_id": "4357011", "name": "project-proposal-1994-87-a-day-in-the-roman-court", "rating_vote": "5", "rating": "5", "tags": ["awcy", "en", "goi\u683c\u5f0f", "\u7ffb\u8b6f"]}, {"created_at": "1557232598", "created_by_id": "4357011", "name": "recovered-media-the-hard-boiled-adventures-of-murphy-law", "rating_vote": "3", "rating": "3", "tags": ["en", "en-\u4ea4\u63db\u85dd\u8853", "\u5f17\u96f7\u5fb7", "\u6545\u4e8b", "\u7ffb\u8b6f"]}, {"created_at": "1557318979", "created_by_id": "4357011", "name": "critter-profile-wobbles", "rating_vote": "4", "rating": "4", "tags": ["en", "faeowynn-wilson", "goi\u683c\u5f0f", "\u5408\u8457", "\u5a01\u723e\u905c\u751f\u7269\u61c9\u5c0d\u7d44", "\u6bc6\u6253\u9bca\u9b5a\u4e2d\u5fc3", "\u7ffb\u8b6f"]}, {"created_at": "1557319307", "created_by_id": "4357011", "name": "critter-profile-sampson", "rating_vote": "4", "rating": "4", "tags": ["en", "goi\u683c\u5f0f", "\u5a01\u723e\u905c\u751f\u7269\u61c9\u5c0d\u7d44", "\u7ffb\u8b6f"]}, {"created_at": "1557319456", "created_by_id": "4357011", "name": "ringo", "rating_vote": "4", "rating": "4", "tags": ["en", "goi\u683c\u5f0f", "\u5a01\u723e\u905c\u751f\u7269\u61c9\u5c0d\u7d44", "\u6e3e\u6c8c\u53cd\u53db\u8ecd", "\u7ffb\u8b6f"]}, {"created_at": "1557319708", "created_by_id": "4357011", "name": "critter-profile-maya", "rating_vote": "5", "rating": "5", "tags": ["en", "goi\u683c\u5f0f", "\u5a01\u723e\u905c\u751f\u7269\u61c9\u5c0d\u7d44", "\u7ffb\u8b6f", "\u8d6b\u66fc-\u5bcc\u52d2"]}, {"created_at": "1557319963", "created_by_id": "4357011", "name": "critter-profile-caddy", "rating_vote": "4", "rating": "4", "tags": ["en", "goi\u683c\u5f0f", "\u5a01\u723e\u905c\u751f\u7269\u61c9\u5c0d\u7d44", "\u7ffb\u8b6f"]}, {"created_at": "1557368927", "created_by_id": "4128767", "name": "task-forces-jp", "rating_vote": "6", "rating": "6", "tags": ["jp", "\u4e2d\u5fc3", "\u5fc3\u5f97", "\u7ffb\u8b6f"]}, {"created_at": "1557409590", "created_by_id": "4357011", "name": "black-as-night", "rating_vote": "5", "rating": "5", "tags": ["en", "\u4e2d\u5fc3", "\u7ffb\u8b6f", "\u829d\u52a0\u54e5\u9b3c\u9748"]}, {"created_at": "1557409838", "created_by_id": "4357011", "name": "night-s-collection", "rating_vote": "3", "rating": "3", "tags": ["en", "goi\u683c\u5f0f", "mc&amp;d", "\u7ffb\u8b6f", "\u829d\u52a0\u54e5\u9b3c\u9748"]}, {"created_at": "1557410101", "created_by_id": "4357011", "name": "uiu-file-1941-016", "rating_vote": "2", "rating": "2", "tags": ["en", "en-\u6025\u8feb\u7af6\u8cfd2018", "goi\u683c\u5f0f", "uiu", "\u7ffb\u8b6f", "\u829d\u52a0\u54e5\u9b3c\u9748"]}, {"created_at": "1557410681", "created_by_id": "4357011", "name": "contract-negotiations-01029", "rating_vote": "2", "rating": "2", "tags": ["en", "goi\u683c\u5f0f", "\u5de5\u5ee0", "\u7ffb\u8b6f", "\u829d\u52a0\u54e5\u9b3c\u9748"]}, {"created_at": "1557410994", "created_by_id": "4357011", "name": "adoption-poster-ol-shock", "rating_vote": "4", "rating": "4", "tags": ["en", "goi\u683c\u5f0f", "\u4e09\u6ce2\u7279\u862d", "\u5a01\u723e\u905c\u751f\u7269\u61c9\u5c0d\u7d44", "\u7ffb\u8b6f", "\u829d\u52a0\u54e5\u9b3c\u9748"]}, {"created_at": "1557411371", "created_by_id": "4357011", "name": "ute-1919-discofather", "rating_vote": "4", "rating": "4", "tags": ["en", "goi\u683c\u5f0f", "uiu", "\u4e09\u6ce2\u7279\u862d", "\u5168\u7403\u8d85\u81ea\u7136\u806f\u76df", "\u7ffb\u8b6f", "\u829d\u52a0\u54e5\u9b3c\u9748", "\u82f1\u570b\u795e\u79d8\u60c5\u5831\u5c40", "\u91d1\u5e33\u8ecd"]}, {"created_at": "1557418395", "created_by_id": "3981670", "name": "scp-zh-285", "rating_vote": "21", "rating": "17", "tags": ["apoyn\u535a\u58eb", "safe", "scp", "site-zh-02", "\u52d5\u7269", "\u539f\u5275", "\u578b\u614b\u8b8a\u5316", "\u7cbe\u795e\u5f71\u97ff", "\u8a8d\u77e5\u5371\u5bb3", "\u8c93\u985e"]}, {"created_at": "1557555561", "created_by_id": "4357011", "name": "the-great-shucks-of-the-unnamed-lords", "rating_vote": "4", "rating": "4", "tags": ["en", "goi\u683c\u5f0f", "\u7ffb\u8b6f", "\u86c7\u4e4b\u624b", "\u9e7f\u5b78\u9662"]}, {"created_at": "1557566492", "created_by_id": "3979351", "name": "microwave", "rating_vote": "3", "rating": "3", "tags": ["th", "\u4e8c\u6b21\u7ffb\u8b6f", "\u6545\u4e8b", "\u7ffb\u8b6f"]}, {"created_at": "1557593830", "created_by_id": "5334590", "name": "scp-zh-069", "rating_vote": "14", "rating": "10", "tags": ["euclid", "scp", "\u4eba\u5f62", "\u539f\u5275", "\u7814\u7a76\u54e1l.what", "\u8f09\u5177"]}, {"created_at": "1557666627", "created_by_id": "4239775", "name": "site-zh-02", "rating_vote": "26", "rating": "26", "tags": ["site-zh-02", "\u4e2d\u5fc3", "\u539f\u5275", "\u7ad9\u9ede"]}, {"created_at": "1557674342", "created_by_id": "4055881", "name": "sky-sermon-hub", "rating_vote": "4", "rating": "4", "tags": ["en", "int-goi2019", "\u4e2d\u5fc3", "\u7ffb\u8b6f", "\u9280\u6cb3\u806f\u90a6"]}]