[{"created_at": "1553710208", "created_by_id": "5230135", "name": "scp-zh-582", "rating_vote": "17", "rating": "15", "tags": ["keter", "scp", "\u539f\u5275", "\u6a21\u56e0\u6548\u61c9", "\u751f\u7269\u6027", "\u8a8d\u77e5\u5371\u5bb3"]}, {"created_at": "1553713681", "created_by_id": "5230135", "name": "scp-zh-222-j", "rating_vote": "24", "rating": "24", "tags": ["scp", "site-zh-02", "\u539f\u5275", "\u5df2\u89e3\u660e", "\u641e\u7b11"]}, {"created_at": "1553786521", "created_by_id": "4273918", "name": "scp-020", "rating_vote": "6", "rating": "6", "tags": ["en", "keter", "scp", "\u50b3\u67d3", "\u611f\u77e5\u5f71\u97ff", "\u6d3b\u7269", "\u751f\u7269\u5371\u5bb3", "\u771f\u83cc", "\u7cbe\u795e\u5f71\u97ff", "\u7ffb\u8b6f"]}, {"created_at": "1553786767", "created_by_id": "4076342", "name": "scp-zh-687", "rating_vote": "15", "rating": "3", "tags": ["safe", "scp", "site-zh-02", "\u52d5\u7269", "\u539f\u5275", "\u751f\u7269\u6027"]}, {"created_at": "1553840577", "created_by_id": "5238833", "name": "scp-013", "rating_vote": "6", "rating": "6", "tags": ["en", "safe", "scp", "\u4eba\u9020\u7269\u54c1", "\u611f\u77e5\u5f71\u97ff", "\u7cbe\u795e\u5f71\u97ff", "\u7ffb\u8b6f"]}, {"created_at": "1553872974", "created_by_id": "4239775", "name": "secure-zh", "rating_vote": "7", "rating": "7", "tags": ["\u539f\u5275", "\u5c55\u51fa", "\u6545\u4e8b"]}, {"created_at": "1553933521", "created_by_id": "5010943", "name": "ethics-committee-orientation", "rating_vote": "13", "rating": "13", "tags": ["en", "\u502b\u7406\u59d4\u54e1\u6703", "\u6545\u4e8b", "\u7ffb\u8b6f", "\u8aaa\u660e"]}, {"created_at": "1553939195", "created_by_id": "4239775", "name": "task-forces-complete-list", "rating_vote": "10", "rating": "10", "tags": ["en", "\u5408\u4f5c", "\u5408\u8457", "\u7ffb\u8b6f", "\u8cc7\u6e90"]}, {"created_at": "1554040645", "created_by_id": "3979351", "name": "wong-magical-book", "rating_vote": "11", "rating": "11", "tags": ["goi\u683c\u5f0f", "site-zh-25", "\u539f\u5275", "\u666e\u7f85\u7c73\u4fee\u65af\u5be6\u9a57\u5ba4", "\u6728\u6613", "\u86c7\u4e4b\u624b"]}, {"created_at": "1554058319", "created_by_id": "4273918", "name": "scp-021", "rating_vote": "4", "rating": "4", "tags": ["en", "safe", "scp", "\u5bc4\u751f\u6027", "\u6d3b\u7269", "\u7ffb\u8b6f", "\u85dd\u8853\u6027"]}, {"created_at": "1554106667", "created_by_id": "3979351", "name": "donatello-s-sculpting-tools-circa-1409", "rating_vote": "5", "rating": "5", "tags": ["en", "int-goi2019", "\u7ffb\u8b6f", "\u9ea5\u5730\u5947\u85dd\u8853\u5b78\u9662"]}, {"created_at": "1554119016", "created_by_id": "3979351", "name": "hk-016", "rating_vote": "2", "rating": "2", "tags": ["en", "\u4f5c\u8005\u9801\u9762", "\u7ffb\u8b6f"]}, {"created_at": "1554124204", "created_by_id": "4990678", "name": "authors-pages-en", "rating_vote": "0", "rating": "0", "tags": ["\u4e2d\u5fc3", "\u5f85\u66f4\u65b0", "\u7ffb\u8b6f", "\u8a6e\u91cb\u8cc7\u6599"]}, {"created_at": "1554202847", "created_by_id": "3979351", "name": "scp-050", "rating_vote": "11", "rating": "11", "tags": ["en", "euclid", "scp", "\u4e0d\u53ef\u6467\u6bc0", "\u611f\u77e5\u529b", "\u667a\u80fd", "\u733f\u985e", "\u7ffb\u8b6f", "\u96d5\u50cf"]}, {"created_at": "1554305193", "created_by_id": "4990678", "name": "translation-dictionary", "rating_vote": "0", "rating": "0", "tags": ["en", "\u5fc3\u5f97", "\u7ffb\u8b6f"]}, {"created_at": "1554368212", "created_by_id": "3979351", "name": "scp-j", "rating_vote": "24", "rating": "22", "tags": ["en", "scp", "\u641e\u7b11", "\u7ffb\u8b6f"]}, {"created_at": "1554374175", "created_by_id": "3980953", "name": "scp-010", "rating_vote": "2", "rating": "2", "tags": ["en", "safe", "scp", "\u4eba\u9020\u7269\u54c1", "\u5f37\u5236\u6027", "\u7cbe\u795e\u5f71\u97ff", "\u7ffb\u8b6f", "\u96fb\u5b50"]}, {"created_at": "1554381937", "created_by_id": "5062193", "name": "scp-524", "rating_vote": "9", "rating": "7", "tags": ["en", "safe", "scp", "\u5154\u5c6c", "\u52d5\u7269", "\u6d3b\u7269", "\u7ffb\u8b6f", "\u96dc\u98df\u6027"]}, {"created_at": "1554388633", "created_by_id": "3979351", "name": "scp-300", "rating_vote": "2", "rating": "2", "tags": ["aw\u6559\u6388", "en", "safe", "scp", "\u6db2\u9ad4", "\u7ffb\u8b6f", "\u85dd\u8853\u6027"]}, {"created_at": "1554398431", "created_by_id": "3979351", "name": "scp-304", "rating_vote": "2", "rating": "2", "tags": ["en", "safe", "scp", "\u661f\u969b", "\u7ffb\u8b6f", "\u8cc7\u8a0a", "\u901a\u8a0a"]}]