[{"created_at": "1614171229", "created_by_id": "6217438", "name": "scp-3034", "rating_vote": "18", "rating": "18", "tags": ["en", "euclid", "scp", "\u683c\u9b6f\u70cf-p\u90e8\u9580", "\u7ffb\u8b6f", "\u8072\u97f3", "\u901a\u8a0a", "\u97f3\u983b"]}, {"created_at": "1614171758", "created_by_id": "6217438", "name": "countdown", "rating_vote": "8", "rating": "8", "tags": ["en", "\u6545\u4e8b", "\u7ffb\u8b6f"]}, {"created_at": "1614179595", "created_by_id": "5344757", "name": "bales-s-daily-2", "rating_vote": "16", "rating": "16", "tags": ["ain\u535a\u58eb", "apoyn\u535a\u58eb", "bales\u535a\u58eb", "site-zh-16", "site-zh-44", "sugoi\u535a\u58eb", "willow\u7279\u5de5", "\u539f\u5275", "\u5730\u4e0b\u8857", "\u6545\u4e8b", "\u8449\u51e1\u535a\u58eb"]}, {"created_at": "1614218170", "created_by_id": "6127045", "name": "containment-hazard-control", "rating_vote": "5", "rating": "3", "tags": ["en", "\u5fc3\u5f97", "\u7ffb\u8b6f"]}, {"created_at": "1614245570", "created_by_id": "7226401", "name": "scp-zh-404", "rating_vote": "8", "rating": "8", "tags": ["safe", "scp", "\u4eba\u9020\u7269\u54c1", "\u539f\u5275", "\u6587\u737b", "\u7cbe\u795e\u5f71\u97ff"]}, {"created_at": "1614260639", "created_by_id": "6217438", "name": "scp-2439", "rating_vote": "12", "rating": "12", "tags": ["en", "en-d\u7d1a\u7af6\u8cfd", "keter", "meta", "scp", "\u5e7b\u89ba", "\u611f\u77e5\u529b", "\u6575\u610f", "\u667a\u80fd", "\u6a21\u56e0\u6548\u61c9", "\u7cbe\u795e\u5f71\u97ff", "\u7ffb\u8b6f", "\u807d\u89ba\u5f71\u97ff", "\u8cc7\u8a0a\u5371\u5bb3", "\u8d85\u7dad\u5ea6"]}, {"created_at": "1614305558", "created_by_id": "6127045", "name": "ananomalouswriter-s-wallpaper-place-and-more", "rating_vote": "4", "rating": "4", "tags": ["en", "\u7ffb\u8b6f", "\u85dd\u8853\u4f5c\u54c1"]}, {"created_at": "1614324582", "created_by_id": "6952002", "name": "k1s10r0d-nihilmace-and-valmua", "rating_vote": "15", "rating": "15", "tags": ["kris\u535a\u58eb", "\u539f\u5275", "\u85dd\u8853\u4f5c\u54c1"]}, {"created_at": "1614409521", "created_by_id": "6127045", "name": "scp-4319", "rating_vote": "5", "rating": "5", "tags": ["en", "keter", "meta", "scp", "\u6a21\u56e0\u6548\u61c9", "\u7cbe\u795e\u5f71\u97ff", "\u7dda\u4e0a", "\u7ffb\u8b6f", "\u8b8a\u5f62"]}, {"created_at": "1614410278", "created_by_id": "6952002", "name": "aquarium-date-art", "rating_vote": "14", "rating": "14", "tags": ["ad\u535a\u58eb", "apoyn\u535a\u58eb", "\u539f\u5275", "\u85dd\u8853\u4f5c\u54c1"]}, {"created_at": "1614414512", "created_by_id": "5565302", "name": "scp-zh-235", "rating_vote": "23", "rating": "21", "tags": ["safe", "scp", "site-zh-44", "\u52d5\u7269", "\u539f\u5275", "\u6027", "\u6210\u4eba\u5167\u5bb9", "\u6606\u87f2", "\u8449\u51e1\u535a\u58eb", "\u91cd\u65b0\u5c0e\u5411", "\u9c57\u7fc5\u76ee"]}, {"created_at": "1614477127", "created_by_id": "6127045", "name": "atzak-hub", "rating_vote": "0", "rating": "0", "tags": ["en", "\u4e2d\u5fc3", "\u7ffb\u8b6f"]}, {"created_at": "1614554936", "created_by_id": "6217438", "name": "scp-2771", "rating_vote": "4", "rating": "4", "tags": ["en", "en-\u77ed\u6587\u7af6\u8cfd2015", "euclid", "scp", "\u4ea4\u63db", "\u4eba\u5f62", "\u5730\u9ede", "\u672a\u6536\u5bb9", "\u7ffb\u8b6f", "\u8f09\u5177"]}, {"created_at": "1614555297", "created_by_id": "6217438", "name": "trafficresumes", "rating_vote": "4", "rating": "4", "tags": ["en", "\u5c55\u51fa", "\u6545\u4e8b", "\u7ffb\u8b6f"]}, {"created_at": "1614568961", "created_by_id": "6503482", "name": "your-very-first-scp", "rating_vote": "11", "rating": "11", "tags": ["en", "\u5fc3\u5f97", "\u641e\u7b11", "\u7ffb\u8b6f"]}, {"created_at": "1614575700", "created_by_id": "5344757", "name": "scp-zh-980", "rating_vote": "9", "rating": "9", "tags": ["bales\u535a\u58eb", "safe", "scp", "site-zh-16", "\u4eba\u9020\u7269\u54c1", "\u539f\u5275", "\u5730\u4e0b\u8857", "\u6728\u8cea", "\u81ea\u4e3b", "\u86c7\u4e4b\u624b"]}, {"created_at": "1614582938", "created_by_id": "3981670", "name": "ara-orun", "rating_vote": "7", "rating": "7", "tags": ["en", "\u6545\u4e8b", "\u7ffb\u8b6f"]}, {"created_at": "1614602020", "created_by_id": "4357011", "name": "in-the-world-where-the-fog-has-vanished", "rating_vote": "7", "rating": "7", "tags": ["ko", "\u4e8c\u6b21\u7ffb\u8b6f", "\u6545\u4e8b", "\u7ffb\u8b6f", "\u9727\u6d25", "\u9727\u6d25\u5947\u8b5a"]}, {"created_at": "1614676871", "created_by_id": "6217438", "name": "esoteric-classes-complete-list", "rating_vote": "16", "rating": "16", "tags": ["en", "\u5408\u4f5c", "\u7ffb\u8b6f", "\u8cc7\u6e90"]}, {"created_at": "1614685889", "created_by_id": "6592438", "name": "ideals", "rating_vote": "2", "rating": "2", "tags": ["en", "\u6545\u4e8b", "\u7ffb\u8b6f"]}]