[{"created_at": "1619098633", "created_by_id": "5344757", "name": "in-your-poisoning", "rating_vote": "8", "rating": "6", "tags": ["\u539f\u5275", "\u6545\u4e8b", "\u6c34\u9280", "\u8449\u51e1\u535a\u58eb", "\u8a69\u6b4c"]}, {"created_at": "1619134470", "created_by_id": "6217438", "name": "scp-6132-j", "rating_vote": "2", "rating": "2", "tags": ["1976\u5e74\u73ed", "aktus\u4e3b\u4efb", "en", "safe", "scp", "\u5730\u5716", "\u641e\u7b11", "\u7cbe\u795e\u5f71\u97ff", "\u7ffb\u8b6f"]}, {"created_at": "1619135198", "created_by_id": "6217438", "name": "scp-001-ex-declassification", "rating_vote": "2", "rating": "2", "tags": ["en", "\u7528\u6236\u89e3\u5bc6", "\u7ffb\u8b6f"]}, {"created_at": "1619156888", "created_by_id": "5348516", "name": "lxvi-cafe-park", "rating_vote": "9", "rating": "9", "tags": ["creepypasta", "\u539f\u5275", "\u6545\u4e8b", "\u7570\u8996\u7dad\u57fa"]}, {"created_at": "1619171617", "created_by_id": "6217438", "name": "shaggydredlocks-proposal-declassification", "rating_vote": "4", "rating": "4", "tags": ["en", "\u7528\u6236\u89e3\u5bc6", "\u7ffb\u8b6f"]}, {"created_at": "1619188732", "created_by_id": "6952002", "name": "scp-5764", "rating_vote": "10", "rating": "6", "tags": ["en", "meta", "safe", "scp", "\u5faa\u74b0", "\u611f\u77e5\u529b", "\u6587\u737b", "\u667a\u80fd", "\u7ffb\u8b6f"]}, {"created_at": "1619196600", "created_by_id": "7073060", "name": "scp-4465", "rating_vote": "6", "rating": "6", "tags": ["en", "safe", "scp", "\u50b3\u9001", "\u6b66\u5668", "\u7ffb\u8b6f", "\u8a55\u8ad6\u54e1\u7126\u9ede"]}, {"created_at": "1619257748", "created_by_id": "6217438", "name": "scp-5690", "rating_vote": "8", "rating": "8", "tags": ["en", "redirect", "safe", "scp", "\u4ea4\u63db", "\u5b97\u6559", "\u5efa\u7bc9\u7269", "\u6027", "\u6210\u4eba\u5167\u5bb9", "\u7ffb\u8b6f", "\u91cd\u65b0\u5c0e\u5411"]}, {"created_at": "1619409898", "created_by_id": "6503482", "name": "scp3000contesthub", "rating_vote": "1", "rating": "1", "tags": ["en", "en-3000", "\u4e2d\u5fc3", "\u7af6\u8cfd", "\u7ffb\u8b6f"]}, {"created_at": "1619442905", "created_by_id": "7073060", "name": "fortune-favors-hub", "rating_vote": "4", "rating": "4", "tags": ["en", "\u4e2d\u5fc3", "\u5ee2\u9664\u90e8", "\u7ffb\u8b6f"]}, {"created_at": "1619459761", "created_by_id": "5435485", "name": "surge-s-proposal-1", "rating_vote": "31", "rating": "29", "tags": ["001\u63d0\u6848", "k\u7d1a\u60c5\u666f", "scp", "site-zh-01", "\u4e09\u57a3", "\u4e92\u52d5\u6027", "\u5100\u5f0f\u6027", "\u539f\u5275", "\u5730\u4e0b\u8857", "\u6587\u737b", "\u6982\u5ff5", "\u6a5f\u5bc6\u5206\u7d1a", "\u6b77\u53f2\u6027"]}, {"created_at": "1619506673", "created_by_id": "6503482", "name": "scp4000contesthub", "rating_vote": "1", "rating": "1", "tags": ["en", "en-4000", "\u4e2d\u5fc3", "\u7af6\u8cfd", "\u7ffb\u8b6f"]}, {"created_at": "1619523492", "created_by_id": "6217438", "name": "scp-3309", "rating_vote": "10", "rating": "10", "tags": ["en", "k\u7d1a\u60c5\u666f", "meta", "scp", "thaumiel", "\u502b\u7406\u59d4\u54e1\u6703", "\u5408\u8457", "\u6558\u8ff0\u6027", "\u672c\u8cea\u4fc3\u52d5", "\u6982\u5ff5", "\u7814\u7a76\u54e1smalls", "\u7ffb\u8b6f"]}, {"created_at": "1619539661", "created_by_id": "5415046", "name": "why-you-need-pataphysics", "rating_vote": "24", "rating": "24", "tags": ["\u539f\u5275", "\u5c55\u51fa", "\u6545\u4e8b", "\u8aaa\u660e"]}, {"created_at": "1619577935", "created_by_id": "3314318", "name": "nobody-dies", "rating_vote": "4", "rating": "4", "tags": ["awcy", "en", "nobody", "ruiz-duchamp", "\u6545\u4e8b", "\u7ffb\u8b6f"]}, {"created_at": "1619599556", "created_by_id": "3314318", "name": "no", "rating_vote": "2", "rating": "2", "tags": ["en", "ruiz-duchamp", "wondertainment\u535a\u58eb", "\u5c0f\u5c0f\u5148\u751f", "\u6545\u4e8b", "\u7ffb\u8b6f"]}, {"created_at": "1619600860", "created_by_id": "6104968", "name": "20210428", "rating_vote": "9", "rating": "9", "tags": ["ain\u535a\u58eb", "kris\u535a\u58eb", "sugoi\u535a\u58eb", "surge\u535a\u58eb", "x\u535a\u58eb", "\u539f\u5275", "\u5408\u8457", "\u5730\u4e0b\u8857", "\u6545\u4e8b", "\u6c34\u9280", "\u8449\u51e1\u535a\u58eb"]}, {"created_at": "1619635173", "created_by_id": "4990678", "name": "aorebar0222-2", "rating_vote": "6", "rating": "6", "tags": ["jp", "\u7ffb\u8b6f", "\u85dd\u8853\u4f5c\u54c1"]}, {"created_at": "1619686208", "created_by_id": "7320283", "name": "scp-4661", "rating_vote": "5", "rating": "5", "tags": ["en", "euclid", "scp", "\u4e94\u89d2\u661f", "\u4ea4\u63db", "\u4eba\u5f62", "\u5168\u7403\u8d85\u81ea\u7136\u806f\u76df", "\u5730\u9ede", "\u5b97\u6559", "\u611f\u77e5\u529b", "\u667a\u80fd", "\u7269\u7a2e", "\u7ffb\u8b6f", "\u8d85\u7dad\u5ea6"]}, {"created_at": "1619689369", "created_by_id": "5435485", "name": "scp-zh-297", "rating_vote": "11", "rating": "11", "tags": ["keter", "scp", "site-zh-22", "site-zh-44", "\u4e09\u57a3", "\u502b\u7406\u59d4\u54e1\u6703", "\u50b3\u67d3\u6027", "\u539f\u5275", "\u672a\u6536\u5bb9", "\u672c\u8cea\u4fc3\u52d5", "\u7269\u7a2e", "\u751f\u7269\u5371\u5bb3", "\u751f\u7269\u6027", "\u771f\u83cc", "\u91ab\u5b78\u6027"]}]