[{"created_at": "1590738603", "created_by_id": "5817419", "name": "scp-zh-078", "rating_vote": "16", "rating": "16", "tags": ["safe", "scp", "\u539f\u5275", "\u5bb6\u5177", "\u5f37\u8feb\u6027", "\u6a5f\u7387\u6027"]}, {"created_at": "1590765918", "created_by_id": "5415046", "name": "making-2000-hub", "rating_vote": "14", "rating": "14", "tags": ["jp", "\u4e2d\u5fc3", "\u5408\u4f5c", "\u6545\u4e8b", "\u6a5f\u6ac3\u5efa\u9020", "\u7ffb\u8b6f"]}, {"created_at": "1590865939", "created_by_id": "5206218", "name": "784incident5", "rating_vote": "4", "rating": "4", "tags": ["clef\u535a\u58eb", "en", "\u6545\u4e8b", "\u7ffb\u8b6f"]}, {"created_at": "1590892292", "created_by_id": "4357011", "name": "critter-profile-zargoth", "rating_vote": "12", "rating": "12", "tags": ["en", "goi\u683c\u5f0f", "\u5408\u8457", "\u5a01\u723e\u905c\u751f\u7269\u61c9\u5c0d\u7d44", "\u7ffb\u8b6f"]}, {"created_at": "1590893996", "created_by_id": "4357011", "name": "scp-1399-ru", "rating_vote": "6", "rating": "6", "tags": ["ru", "scp", "\u4e8c\u6b21\u7ffb\u8b6f", "\u6a5f\u5bc6\u5206\u7d1a", "\u7761\u7720", "\u7ffb\u8b6f"]}, {"created_at": "1590898209", "created_by_id": "5604919", "name": "the-rain-fell-overnight", "rating_vote": "20", "rating": "20", "tags": ["kris\u535a\u58eb", "site-zh-12", "\u539f\u5275", "\u5c11\u5fae-12", "\u6545\u4e8b", "\u8aaa\u660e"]}, {"created_at": "1590912153", "created_by_id": "6503482", "name": "scp-034", "rating_vote": "2", "rating": "2", "tags": ["en", "safe", "scp", "\u4eba\u9020\u7269\u54c1", "\u5de5\u5177", "\u64ec\u614b", "\u6b66\u5668", "\u77f3\u982d", "\u7ffb\u8b6f", "\u8b8a\u5f62"]}, {"created_at": "1590939527", "created_by_id": "3981670", "name": "your-last-first-day", "rating_vote": "9", "rating": "9", "tags": ["en", "marion-wheeler", "\u6545\u4e8b", "\u7ffb\u8b6f"]}, {"created_at": "1590988981", "created_by_id": "3981670", "name": "qntm-s-author-page", "rating_vote": "3", "rating": "3", "tags": ["en", "\u4f5c\u8005\u9801\u9762", "\u7ffb\u8b6f"]}, {"created_at": "1590993700", "created_by_id": "5206218", "name": "784incident6", "rating_vote": "4", "rating": "4", "tags": ["clef\u535a\u58eb", "en", "\u6545\u4e8b", "\u7ffb\u8b6f"]}, {"created_at": "1591041467", "created_by_id": "5206218", "name": "784incident7", "rating_vote": "5", "rating": "5", "tags": ["clef\u535a\u58eb", "en", "\u6545\u4e8b", "\u7ffb\u8b6f"]}, {"created_at": "1591143716", "created_by_id": "5334590", "name": "scp-silly-doodles", "rating_vote": "6", "rating": "6", "tags": ["en", "\u7ffb\u8b6f", "\u85dd\u8853\u4f5c\u54c1"]}, {"created_at": "1591145899", "created_by_id": "5334590", "name": "scp-469", "rating_vote": "3", "rating": "3", "tags": ["en", "keter", "scp", "\u4eba\u5f62", "\u53cd\u71b5", "\u63a0\u98df\u6027", "\u7ffb\u8b6f", "\u8072\u97f3"]}, {"created_at": "1591161664", "created_by_id": "5013754", "name": "ran-jikan-rupu", "rating_vote": "7", "rating": "7", "tags": ["2020\u6500\u722c\u91d1\u5b57\u5854", "goi\u683c\u5f0f", "ijamea", "\u539f\u5275", "\u6276\u6851\u7d00", "\u82f1\u570b\u795e\u79d8\u60c5\u5831\u5c40", "\u96f6\u865f\u5c08\u968a"]}, {"created_at": "1591162217", "created_by_id": "5255954", "name": "scp-856", "rating_vote": "1", "rating": "1", "tags": ["en", "euclid", "scp", "\u5730\u9ede", "\u6575\u610f", "\u6c34\u68f2", "\u7ffb\u8b6f", "\u8c93\u985e"]}, {"created_at": "1591162592", "created_by_id": "5255954", "name": "scp-1059", "rating_vote": "4", "rating": "4", "tags": ["en", "euclid", "meta", "scp", "\u5f37\u8feb\u6027", "\u6a21\u56e0\u6548\u61c9", "\u7ffb\u8b6f"]}, {"created_at": "1591163277", "created_by_id": "5255954", "name": "scp-420-j", "rating_vote": "12", "rating": "12", "tags": ["en", "safe", "scp", "\u641e\u7b11", "\u690d\u7269", "\u6d3b\u7269", "\u7269\u7a2e", "\u7cbe\u795e\u5f71\u97ff", "\u7ffb\u8b6f"]}, {"created_at": "1591165592", "created_by_id": "5255954", "name": "scp-1638-j", "rating_vote": "6", "rating": "6", "tags": ["en", "meta", "safe", "scp", "\u4eba\u9020\u7269\u54c1", "\u641e\u7b11", "\u7ffb\u8b6f", "\u8cc7\u8a0a\u5371\u5bb3", "\u91d1\u5c6c"]}, {"created_at": "1591176300", "created_by_id": "5206218", "name": "chowderclef", "rating_vote": "14", "rating": "14", "tags": ["clef\u535a\u58eb", "en", "gears\u535a\u58eb", "\u6545\u4e8b", "\u7ffb\u8b6f"]}, {"created_at": "1591196163", "created_by_id": "5653267", "name": "0535-june-4th", "rating_vote": "9", "rating": "9", "tags": ["\u539f\u5275", "\u6545\u4e8b", "\u86db\u7db2\u570b\u969b"]}]