[{"created_at": "1630679522", "created_by_id": "4990678", "name": "imoy-1", "rating_vote": "4", "rating": "4", "tags": ["jp", "\u7ffb\u8b6f", "\u85dd\u8853\u4f5c\u54c1"]}, {"created_at": "1630681592", "created_by_id": "4990678", "name": "cr-0802-artwork-2295", "rating_vote": "1", "rating": "1", "tags": ["jp", "\u7ffb\u8b6f", "\u85dd\u8853\u4f5c\u54c1"]}, {"created_at": "1630767924", "created_by_id": "6369875", "name": "scp-012-sk", "rating_vote": "2", "rating": "2", "tags": ["euclid", "scp", "sk", "\u4eba\u5f62", "\u6606\u87f2", "\u7ffb\u8b6f"]}, {"created_at": "1630769279", "created_by_id": "6369875", "name": "scp-006-th", "rating_vote": "2", "rating": "2", "tags": ["keter", "scp", "th", "\u50b3\u67d3\u6027", "\u751f\u7269\u5371\u5bb3", "\u751f\u7269\u6027", "\u7ffb\u8b6f"]}, {"created_at": "1630804766", "created_by_id": "6369875", "name": "scp-ar-002", "rating_vote": "1", "rating": "1", "tags": ["ar", "euclid", "scp", "\u7ffb\u8b6f"]}, {"created_at": "1630812514", "created_by_id": "6369875", "name": "scp-3997", "rating_vote": "6", "rating": "6", "tags": ["en", "keter", "scp", "\u5730\u9ede", "\u6096\u8ad6", "\u6642\u9593\u5f71\u97ff", "\u672a\u6536\u5bb9", "\u672c\u8cea\u4fc3\u52d5", "\u690d\u7269", "\u7cbe\u795e\u5f71\u97ff", "\u7ffb\u8b6f", "\u8a18\u61b6\u5f71\u97ff"]}, {"created_at": "1630848648", "created_by_id": "4357011", "name": "scp-pl-180", "rating_vote": "4", "rating": "4", "tags": ["pl", "scp", "\u4e8c\u6b21\u7ffb\u8b6f", "\u50b3\u9001", "\u52d5\u7269", "\u5faa\u74b0", "\u6d3b\u7269", "\u7121\u6548\u5316", "\u72ac\u985e", "\u7ffb\u8b6f"]}, {"created_at": "1630930671", "created_by_id": "7073060", "name": "scp-3644", "rating_vote": "5", "rating": "5", "tags": ["en", "scp", "\u4eba\u5f62", "\u6642\u9593\u5f71\u97ff", "\u6a5f\u5bc6\u5206\u7d1a", "\u7ffb\u8b6f"]}, {"created_at": "1631021634", "created_by_id": "7064164", "name": "scp-4404", "rating_vote": "4", "rating": "4", "tags": ["en", "keter", "scp", "\u55c5\u89ba\u5f71\u97ff", "\u6a21\u56e0\u6548\u61c9", "\u7cbe\u795e\u5f71\u97ff", "\u7ffb\u8b6f"]}, {"created_at": "1631162727", "created_by_id": "4990678", "name": "yorucongif", "rating_vote": "2", "rating": "2", "tags": ["jp", "\u7ffb\u8b6f", "\u85dd\u8853\u4f5c\u54c1"]}, {"created_at": "1631163882", "created_by_id": "4990678", "name": "artes-in-completas-de-silvacrest", "rating_vote": "3", "rating": "3", "tags": ["pt", "\u4e8c\u6b21\u7ffb\u8b6f", "\u7ffb\u8b6f", "\u85dd\u8853\u4f5c\u54c1"]}, {"created_at": "1631256067", "created_by_id": "6348157", "name": "scp-3-j", "rating_vote": "6", "rating": "6", "tags": ["en", "euclid", "scp", "\u5fc3\u9748\u611f\u61c9", "\u641e\u7b11", "\u6575\u610f", "\u7ffb\u8b6f"]}, {"created_at": "1631286892", "created_by_id": "4990678", "name": "scp-zh-991-evangeline", "rating_vote": "4", "rating": "4", "tags": ["\u539f\u5275", "\u85dd\u8853\u4f5c\u54c1"]}, {"created_at": "1631304893", "created_by_id": "5415046", "name": "scp-1836", "rating_vote": "4", "rating": "4", "tags": ["en", "euclid", "scp", "\u4eba\u5f62", "\u5100\u5f0f\u6027", "\u52d5\u7269", "\u5b97\u6559", "\u5c55\u51fa", "\u611f\u77e5\u529b", "\u6575\u610f", "\u667a\u80fd", "\u672a\u6536\u5bb9", "\u6c34\u68f2", "\u6d3b\u7269", "\u7ffb\u8b6f", "\u9069\u61c9\u6027", "\u9be8\u985e"]}, {"created_at": "1631331661", "created_by_id": "5415046", "name": "scp-1230", "rating_vote": "6", "rating": "6", "tags": ["en", "safe", "scp", "\u6587\u737b", "\u7761\u7720", "\u7ffb\u8b6f", "\u8a18\u61b6\u5f71\u97ff"]}, {"created_at": "1631369541", "created_by_id": "5415046", "name": "goc-supplemental-arad", "rating_vote": "5", "rating": "5", "tags": ["en", "goc\u6a94\u6848", "\u5168\u7403\u8d85\u81ea\u7136\u806f\u76df", "\u6545\u4e8b", "\u7ffb\u8b6f"]}, {"created_at": "1631442982", "created_by_id": "3981670", "name": "blood-brain", "rating_vote": "5", "rating": "5", "tags": ["en", "\u6545\u4e8b", "\u7ffb\u8b6f"]}, {"created_at": "1631515644", "created_by_id": "3423434", "name": "scp-5742", "rating_vote": "3", "rating": "3", "tags": ["en", "en-\u6025\u8feb\u7af6\u8cfd2021", "keter", "scp", "\u4eba\u9020\u7269\u54c1", "\u52d5\u7269", "\u5316\u5b78\u6027", "\u5a01\u723e\u905c\u751f\u7269\u61c9\u5c0d\u7d44", "\u5b97\u6559", "\u6a5f\u68b0", "\u725b\u985e", "\u751f\u7269\u5371\u5bb3", "\u7ffb\u8b6f"]}, {"created_at": "1631594606", "created_by_id": "6348157", "name": "deathbygin", "rating_vote": "2", "rating": "2", "tags": ["en", "\u4f5c\u8005\u9801\u9762", "\u7ffb\u8b6f"]}, {"created_at": "1631707447", "created_by_id": "7320283", "name": "goc-supplemental-threat-entities", "rating_vote": "4", "rating": "4", "tags": ["en", "goc\u6a94\u6848", "\u4e9e\u4f2f", "\u5168\u7403\u8d85\u81ea\u7136\u806f\u76df", "\u5408\u4f5c", "\u6545\u4e8b", "\u7ffb\u8b6f"]}]