[{"created_at": "1654660517", "created_by_id": "6217438", "name": "rounderhouse-100", "rating_vote": "13", "rating": "13", "tags": ["en", "\u5fc3\u5f97", "\u7ffb\u8b6f"]}, {"created_at": "1654744563", "created_by_id": "4239775", "name": "bell-frame", "rating_vote": "9", "rating": "9", "tags": ["site-zh-50", "\u539f\u5275", "\u6545\u4e8b", "\u7b2c\u516b\u8655", "\u96d9\u57ce\u4f5c\u6230"]}, {"created_at": "1654868550", "created_by_id": "4990678", "name": "1998-transport-illust", "rating_vote": "3", "rating": "3", "tags": ["1998\u5e74", "jp", "\u7ffb\u8b6f", "\u85dd\u8853\u4f5c\u54c1"]}, {"created_at": "1654901171", "created_by_id": "8025703", "name": "scp-6093", "rating_vote": "2", "rating": "2", "tags": ["en", "scp", "\u4eba\u5f62", "\u50b3\u67d3\u6027", "\u611f\u77e5\u529b", "\u667a\u80fd", "\u6a5f\u5bc6\u5206\u7d1a", "\u6d3b\u7269", "\u7259\u9f52", "\u751f\u7269\u5371\u5bb3", "\u7d50\u69cb\u7269", "\u7ffb\u8b6f", "\u8702\u5de2\u601d\u7dad", "\u8b8a\u5f62", "\u9aa8\u9abc"]}, {"created_at": "1655017270", "created_by_id": "5013754", "name": "scp-6594", "rating_vote": "10", "rating": "10", "tags": ["en", "lague\u4e3b\u4efb", "scp", "\u57fa\u91d1\u6703\u88fd\u9020", "\u5faa\u74b0", "\u6575\u610f", "\u6a5f\u5bc6\u5206\u7d1a", "\u7cbe\u795e\u5f71\u97ff", "\u7ffb\u8b6f", "\u96fb\u8166"]}, {"created_at": "1655105870", "created_by_id": "6952002", "name": "don-t-tread-on-me", "rating_vote": "10", "rating": "10", "tags": ["\u539f\u5275", "\u85dd\u8853\u4f5c\u54c1", "\u8f49\u4e16\u8a08\u5283"]}, {"created_at": "1655116829", "created_by_id": "8033564", "name": "scp-2481", "rating_vote": "2", "rating": "2", "tags": ["en", "euclid", "scp", "\u4eba\u5f62", "\u5730\u4e0b", "\u5730\u9ede", "\u590f\u7570\u5e38", "\u611f\u77e5\u529b", "\u667a\u80fd", "\u672c\u8cea\u4fc3\u52d5", "\u6b32\u8089\u6559", "\u6b77\u53f2\u6027", "\u706b\u70ac\u4e4b\u5b50", "\u722c\u87f2\u985e\u52d5\u7269", "\u751f\u7269\u6027", "\u7834\u788e\u4e4b\u795e\u6559\u6703", "\u7ffb\u8b6f", "\u91d1\u5c6c", "\u96d5\u5851"]}, {"created_at": "1655118656", "created_by_id": "8064046", "name": "sq-artwork-1a", "rating_vote": "16", "rating": "16", "tags": ["apoyn\u535a\u58eb", "mcdoctorate\u535a\u58eb", "\u539f\u5275", "\u53d7\u7d5e\u4e4b\u738b", "\u85dd\u8853\u4f5c\u54c1"]}, {"created_at": "1655126320", "created_by_id": "6952002", "name": "propaganda-of-the-antares-movement", "rating_vote": "9", "rating": "9", "tags": ["\u539f\u5275", "\u85dd\u8853\u4f5c\u54c1", "\u8f49\u4e16\u8a08\u5283"]}, {"created_at": "1655137992", "created_by_id": "5435485", "name": "scp-zh-330", "rating_vote": "8", "rating": "8", "tags": ["euclid", "scp", "site-zh-44", "surge\u535a\u58eb", "\u4eba\u9020\u7269\u54c1", "\u5171\u611f", "\u539f\u5275", "\u5e7b\u89ba", "\u5fc3\u9748\u611f\u61c9", "\u611f\u77e5\u5f71\u97ff", "\u672c\u8cea\u4fc3\u52d5", "\u807d\u89ba\u5f71\u97ff", "\u8a18\u61b6\u5f71\u97ff", "\u97f3\u6a02\u6027"]}, {"created_at": "1655138022", "created_by_id": "5435485", "name": "incident-zh-330-2", "rating_vote": "10", "rating": "10", "tags": ["ain\u535a\u58eb", "site-zh-44", "surge\u535a\u58eb", "\u539f\u5275", "\u6545\u4e8b"]}, {"created_at": "1655177466", "created_by_id": "6350786", "name": "lillianasoda-artworks1", "rating_vote": "16", "rating": "16", "tags": ["\u539f\u5275", "\u85dd\u8853\u4f5c\u54c1"]}, {"created_at": "1655184988", "created_by_id": "8033564", "name": "scp-3491", "rating_vote": "1", "rating": "1", "tags": ["en", "euclid", "scp", "\u5bb9\u5668", "\u7ffb\u8b6f", "\u85dd\u8853\u6027", "\u96fb\u529b", "\u9ce5\u985e"]}, {"created_at": "1655215222", "created_by_id": "6952002", "name": "scp-1038-ru", "rating_vote": "5", "rating": "5", "tags": ["ru", "safe", "scp", "\u6b66\u5668", "\u7cbe\u795e\u5f71\u97ff", "\u7ffb\u8b6f", "\u9006\u6a21\u56e0"]}, {"created_at": "1655309585", "created_by_id": "3423434", "name": "scp-167", "rating_vote": "5", "rating": "5", "tags": ["en", "safe", "scp", "\u6642\u7a7a", "\u7acb\u65b9\u9ad4", "\u7d50\u69cb\u7269", "\u7ffb\u8b6f", "\u9580\u5f91"]}, {"created_at": "1655463265", "created_by_id": "8033564", "name": "scp-3467", "rating_vote": "4", "rating": "4", "tags": ["en", "euclid", "scp", "\u5171\u611f", "\u52d5\u7269", "\u5a01\u723e\u905c\u751f\u7269\u61c9\u5c0d\u7d44", "\u5f37\u8feb\u6027", "\u611f\u77e5\u5f71\u97ff", "\u6d3b\u7269", "\u7ffb\u8b6f", "\u8a18\u61b6\u5f71\u97ff", "\u9ce5\u985e"]}, {"created_at": "1655471692", "created_by_id": "5415046", "name": "custom-dark-style", "rating_vote": "2", "rating": "2", "tags": ["\u539f\u5275", "\u6307\u5c0e"]}, {"created_at": "1655557997", "created_by_id": "4990678", "name": "darkroom-2022", "rating_vote": "7", "rating": "7", "tags": ["2022\u8679\u5149\u4e4b\u9593", "\u4e2d\u5fc3", "\u539f\u5275", "\u6311\u6230\u6d3b\u52d5"]}, {"created_at": "1655598434", "created_by_id": "8033564", "name": "scp-849", "rating_vote": "3", "rating": "3", "tags": ["en", "safe", "scp", "\u4eba\u9020\u7269\u54c1", "\u53cd\u7269\u7406\u5b9a\u5f8b", "\u6642\u7a7a", "\u6db2\u9ad4", "\u7ffb\u8b6f", "\u89f8\u89ba\u5f71\u97ff", "\u9580\u5f91"]}, {"created_at": "1655700548", "created_by_id": "6217438", "name": "scp-6665", "rating_vote": "8", "rating": "8", "tags": ["en", "en-6000", "meta", "scp", "thaumiel", "the-administrator", "\u4eba\u5f62", "\u57fa\u91d1\u6703\u88fd\u9020", "\u6558\u8ff0\u6027", "\u795e\u7d93\u6027", "\u7cbe\u795e\u5f71\u97ff", "\u7ffb\u8b6f", "\u8a18\u61b6\u5f71\u97ff"]}]