[{"created_at": "1629481091", "created_by_id": "5701756", "name": "crimson-cherry", "rating_vote": "5", "rating": "3", "tags": ["2021\u590f\u5b63\u7af6\u8cfd", "\u539f\u5275", "\u6545\u4e8b", "\u7b2c\u516b\u8655"]}, {"created_at": "1629644608", "created_by_id": "5565302", "name": "scp-zh-048", "rating_vote": "23", "rating": "21", "tags": ["2021\u590f\u5b63\u7af6\u8cfd", "keter", "scp", "\u539f\u5275", "\u672c\u8cea\u4fc3\u52d5", "\u6db2\u9ad4", "\u98df\u7269"]}, {"created_at": "1629646365", "created_by_id": "5484164", "name": "scp-zh-613", "rating_vote": "17", "rating": "17", "tags": ["2021\u590f\u5b63\u7af6\u8cfd", "keter", "scp", "\u4eba\u5f62", "\u539f\u5275", "\u5b97\u6559", "\u5c55\u51fa", "\u63a0\u98df\u6027", "\u6575\u610f"]}, {"created_at": "1629646795", "created_by_id": "5013754", "name": "memories-of-the-arm", "rating_vote": "5", "rating": "5", "tags": ["2021\u590f\u5b63\u7af6\u8cfd", "site-zh-02", "\u539f\u5275", "\u6545\u4e8b"]}, {"created_at": "1629647284", "created_by_id": "6952002", "name": "v1l3-j-how-to-spend-the-night-in-sin-city", "rating_vote": "10", "rating": "10", "tags": ["2021\u590f\u5b63\u7af6\u8cfd", "kris\u535a\u58eb", "owen", "\u539f\u5275", "\u6210\u4eba\u5167\u5bb9", "\u6545\u4e8b", "\u7814\u7a76\u54e1lucifelle", "\u91cd\u65b0\u5c0e\u5411"]}, {"created_at": "1629653177", "created_by_id": "7469850", "name": "the-green-tea-mirror-the-red-bamboo", "rating_vote": "16", "rating": "4", "tags": ["ain\u535a\u58eb", "bales\u535a\u58eb", "chrome", "site-zh-16", "site-zh-44", "sugoi\u535a\u58eb", "surge\u535a\u58eb", "willow\u7279\u5de5", "\u539f\u5275", "\u5730\u4e0b\u8857", "\u6545\u4e8b", "\u7814\u7a76\u54e1l.what", "\u7b2c\u516b\u8655", "\u8449\u51e1\u535a\u58eb"]}, {"created_at": "1629775353", "created_by_id": "6127045", "name": "unfounded-hub", "rating_vote": "3", "rating": "3", "tags": ["en", "\u4e2d\u5fc3", "\u5408\u4f5c", "\u672a\u66fe\u5efa\u7acb", "\u7ffb\u8b6f"]}, {"created_at": "1629858213", "created_by_id": "7293761", "name": "skyisover-thiscruelmoon-weintertwined", "rating_vote": "4", "rating": "2", "tags": ["bold\u4e3b\u4efb", "en", "en-\u90b1\u6bd4\u72792021", "\u6545\u4e8b", "\u7834\u66c9", "\u7ffb\u8b6f"]}, {"created_at": "1629892957", "created_by_id": "6503482", "name": "scp-zh-144", "rating_vote": "22", "rating": "22", "tags": ["keter", "scp", "\u50b3\u67d3\u6027", "\u539f\u5275", "\u5c55\u51fa", "\u5f37\u8feb\u6027", "\u6578\u5b78\u6027", "\u6982\u5ff5", "\u80a2\u9ad4", "\u8a8d\u77e5\u5371\u5bb3", "\u8cc7\u8a0a\u5371\u5bb3"]}, {"created_at": "1629903914", "created_by_id": "4990678", "name": "yoru-contest-fan-art", "rating_vote": "4", "rating": "4", "tags": ["jp", "\u7ffb\u8b6f", "\u85dd\u8853\u4f5c\u54c1"]}, {"created_at": "1629904490", "created_by_id": "4990678", "name": "aw-3", "rating_vote": "2", "rating": "2", "tags": ["bright\u535a\u58eb", "jp", "\u7ffb\u8b6f", "\u85dd\u8853\u4f5c\u54c1"]}, {"created_at": "1629968230", "created_by_id": "7320283", "name": "goc-supplemental-basic-guide", "rating_vote": "2", "rating": "2", "tags": ["en", "goc\u6a94\u6848", "\u5168\u7403\u8d85\u81ea\u7136\u806f\u76df", "\u5408\u4f5c", "\u6545\u4e8b", "\u7ffb\u8b6f"]}, {"created_at": "1629978937", "created_by_id": "7226401", "name": "strangers-of-site-17", "rating_vote": "4", "rating": "4", "tags": ["en", "iris-thompson", "\u6545\u4e8b", "\u7ffb\u8b6f"]}, {"created_at": "1630132014", "created_by_id": "4357011", "name": "scp-pl-160", "rating_vote": "5", "rating": "5", "tags": ["pl", "safe", "scp", "\u4e8c\u6b21\u7ffb\u8b6f", "\u5316\u5b78\u6027", "\u5730\u4e0b\u7642\u6cd5", "\u7ffb\u8b6f", "\u91ab\u5b78\u6027", "\u98df\u7269"]}, {"created_at": "1630375042", "created_by_id": "7073060", "name": "scp-3529", "rating_vote": "9", "rating": "9", "tags": ["en", "euclid", "scp", "\u52d5\u7269", "\u611f\u77e5\u529b", "\u672a\u6536\u5bb9", "\u672c\u8cea\u4fc3\u52d5", "\u6d3b\u7269", "\u7ffb\u8b6f", "\u86c7\u985e", "\u8a9e\u8a00"]}, {"created_at": "1630430388", "created_by_id": "6787405", "name": "scp-6336", "rating_vote": "6", "rating": "6", "tags": ["en", "safe", "scp", "\u4eba\u5f62", "\u611f\u77e5\u529b", "\u64ec\u614b", "\u667a\u80fd", "\u7ffb\u8b6f", "\u8996\u89ba\u6027", "\u89c0\u5bdf\u5f71\u97ff"]}, {"created_at": "1630548762", "created_by_id": "3741648", "name": "scp-6463", "rating_vote": "2", "rating": "0", "tags": ["en", "en-6000", "gears\u535a\u58eb", "scp", "\u690d\u7269", "\u6a39\u6728", "\u6a5f\u5bc6\u5206\u7d1a", "\u71b5", "\u77e5\u8b58", "\u7ffb\u8b6f", "\u8996\u89ba\u6027", "\u8a8d\u77e5\u5371\u5bb3", "\u8d85\u7dad\u5ea6"]}, {"created_at": "1630664427", "created_by_id": "6381244", "name": "scp-1250", "rating_vote": "2", "rating": "2", "tags": ["en", "safe", "scp", "\u5a92\u9ad4", "\u5c55\u51fa", "\u6a5f\u7387\u6027", "\u7ffb\u8b6f", "\u807d\u89ba\u5f71\u97ff", "\u8996\u89ba\u6027", "\u8a18\u9304", "\u8d85\u7dad\u5ea6"]}, {"created_at": "1630664503", "created_by_id": "6381244", "name": "experiment-log-1250", "rating_vote": "3", "rating": "3", "tags": ["en", "\u5be6\u9a57", "\u7ffb\u8b6f", "\u9644\u52a0\u8cc7\u6599"]}, {"created_at": "1630678340", "created_by_id": "4990678", "name": "artwork-tokyo-incidents", "rating_vote": "2", "rating": "2", "tags": ["1998\u5e74", "jp", "\u7ffb\u8b6f", "\u85dd\u8853\u4f5c\u54c1"]}]