[{"created_at": "1597059718", "created_by_id": "4442284", "name": "goi-bt", "rating_vote": "25", "rating": "25", "tags": ["\u4e2d\u5fc3", "\u539f\u5275", "\u62cb\u9234\u4eba"]}, {"created_at": "1597149982", "created_by_id": "5255954", "name": "scp-zh-015", "rating_vote": "25", "rating": "23", "tags": ["2020\u590f\u5b63\u7af6\u8cfd", "keter", "scp", "\u539f\u5275", "\u672a\u6536\u5bb9", "\u7121\u5f62", "\u7dda\u4e0a", "\u96fb\u8166"]}, {"created_at": "1597229054", "created_by_id": "4002108", "name": "scp-1402", "rating_vote": "1", "rating": "1", "tags": ["en", "safe", "scp", "\u5bb9\u5668", "\u6587\u737b", "\u77e5\u8b58", "\u7ffb\u8b6f"]}, {"created_at": "1597285434", "created_by_id": "5334590", "name": "scp-zh-040", "rating_vote": "15", "rating": "11", "tags": ["2020\u590f\u5b63\u7af6\u8cfd", "euclid", "scp", "\u539f\u5275", "\u5c4d\u9ad4", "\u5faa\u74b0", "\u9006\u6a21\u56e0", "\u904a\u6232"]}, {"created_at": "1597313744", "created_by_id": "5013973", "name": "the-eyes-of-bystanders", "rating_vote": "7", "rating": "7", "tags": ["2020\u590f\u5b63\u7af6\u8cfd", "bright\u535a\u58eb", "clef\u535a\u58eb", "gears\u535a\u58eb", "kondraki\u535a\u58eb", "\u5353\u6587\u5eb7\u5353\u5947", "\u539f\u5275", "\u6545\u4e8b"]}, {"created_at": "1597398309", "created_by_id": "4002108", "name": "scp-1685", "rating_vote": "1", "rating": "1", "tags": ["en", "safe", "scp", "\u53cd\u7269\u7406\u5b9a\u5f8b", "\u661f\u969b", "\u6642\u7a7a", "\u6f58\u6d1b\u65af", "\u7ffb\u8b6f", "\u9580\u5f91"]}, {"created_at": "1597400847", "created_by_id": "5325850", "name": "work-as-a-syllogism-member", "rating_vote": "12", "rating": "12", "tags": ["\u539f\u5275", "\u5433\u6615\u535a\u58eb", "\u5c11\u5fae-12", "\u6545\u4e8b"]}, {"created_at": "1597505314", "created_by_id": "5370805", "name": "drsemibreve-road-to", "rating_vote": "10", "rating": "10", "tags": ["semibreve\u535a\u58eb", "\u539f\u5275", "\u85dd\u8853\u4f5c\u54c1"]}, {"created_at": "1597560983", "created_by_id": "4357011", "name": "scp-063-j", "rating_vote": "10", "rating": "10", "tags": ["en", "scp", "\u641e\u7b11", "\u6578\u5b78\u6027", "\u6a5f\u5bc6\u5206\u7d1a", "\u73a9\u5177", "\u7403\u9ad4", "\u7ffb\u8b6f"]}, {"created_at": "1597646515", "created_by_id": "3979351", "name": "scp-zh-042", "rating_vote": "18", "rating": "16", "tags": ["safe", "scp", "site-zh-25", "\u539f\u5275", "\u53cd\u71b5", "\u5c4d\u9ad4", "\u65b0\u8336\u5dba", "\u81ea\u6211\u4fee\u5fa9"]}, {"created_at": "1597649852", "created_by_id": "6503482", "name": "scp-5000", "rating_vote": "26", "rating": "26", "tags": ["bright\u535a\u58eb", "en", "en-5000", "gears\u535a\u58eb", "safe", "scp", "\u502b\u7406\u59d4\u54e1\u6703", "\u5168\u7403\u8d85\u81ea\u7136\u806f\u76df", "\u53cd\u71b5", "\u57fa\u91d1\u6703\u88fd\u9020", "\u5a92\u9ad4", "\u611f\u77e5\u5f71\u97ff", "\u6a5f\u68b0", "\u6d41\u6d6a\u8005\u5716\u66f8\u9928", "\u746a\u7d0d\u6148\u5584\u57fa\u91d1\u6703", "\u7834\u788e\u4e4b\u795e\u6559\u6703", "\u7ffb\u8b6f", "\u82f1\u570b\u795e\u79d8\u60c5\u5831\u5c40", "\u86c7\u4e4b\u624b", "\u96fb\u5b50"]}, {"created_at": "1597653377", "created_by_id": "5604919", "name": "setting-the-stage", "rating_vote": "4", "rating": "4", "tags": ["en", "\u6545\u4e8b", "\u7ffb\u8b6f"]}, {"created_at": "1597668004", "created_by_id": "5344757", "name": "scp-zh-960", "rating_vote": "7", "rating": "5", "tags": ["2020\u590f\u5b63\u7af6\u8cfd", "2020\u6500\u722c\u91d1\u5b57\u5854", "scp", "site-zh-16", "\u539f\u5275", "\u6728\u6613", "\u7121\u6548\u5316", "\u7cbe\u795e\u5f71\u97ff", "\u9298\u6587", "\u98fe\u54c1"]}, {"created_at": "1597765836", "created_by_id": "5255954", "name": "artwork-of-9288-ex", "rating_vote": "20", "rating": "20", "tags": ["\u539f\u5275", "\u85dd\u8853\u4f5c\u54c1"]}, {"created_at": "1597829002", "created_by_id": "3981670", "name": "ojai", "rating_vote": "4", "rating": "4", "tags": ["en", "\u6545\u4e8b", "\u7ffb\u8b6f"]}, {"created_at": "1597925342", "created_by_id": "3981670", "name": "cardinal-hub", "rating_vote": "6", "rating": "6", "tags": ["\u4e2d\u5fc3", "\u539f\u5275", "\u5408\u4f5c"]}, {"created_at": "1597926370", "created_by_id": "5415046", "name": "19th-bureau-of-mss-of-china", "rating_vote": "41", "rating": "11", "tags": ["2020\u590f\u5b63\u7af6\u8cfd", "2020\u6500\u722c\u91d1\u5b57\u5854", "creepypasta", "\u539f\u5275", "\u570b\u5b89\u5341\u4e5d\u5c40", "\u5c55\u51fa", "\u6545\u4e8b", "\u7570\u8996\u7dad\u57fa", "\u7b2c\u516b\u8655", "\u8ca0\u865f\u90e8\u968a"]}, {"created_at": "1597927728", "created_by_id": "5013754", "name": "sb-the-road-of-revenge", "rating_vote": "8", "rating": "8", "tags": ["\u539f\u5275", "\u6545\u4e8b", "\u7206\u65cb\u58fd\u53f8", "\u95c7\u58fd\u53f8"]}, {"created_at": "1597930058", "created_by_id": "5454699", "name": "scp-zh-970", "rating_vote": "5", "rating": "5", "tags": ["2020\u590f\u5b63\u7af6\u8cfd", "safe", "scp", "site-zh-02", "\u4eba\u9020\u7269\u54c1", "\u5100\u5f0f\u6027", "\u539f\u5275", "\u6587\u737b", "\u672c\u8cea\u4fc3\u52d5"]}, {"created_at": "1597934252", "created_by_id": "5956873", "name": "laundry-the-gulf", "rating_vote": "9", "rating": "9", "tags": ["2020\u590f\u5b63\u7af6\u8cfd", "dado", "\u539f\u5275", "\u6545\u4e8b", "\u6d17\u8863\u90e8\u9580", "\u6d77\u7063"]}]