[{"created_at": "1655714499", "created_by_id": "6217438", "name": "your-imaginary-friend", "rating_vote": "4", "rating": "4", "tags": ["en", "en-\u90e8\u9580\u7af6\u8cfd2022", "\u5408\u8457", "\u6545\u4e8b", "\u7ad9\u9ede", "\u7ffb\u8b6f"]}, {"created_at": "1655720268", "created_by_id": "6217438", "name": "unreality-orientation", "rating_vote": "7", "rating": "7", "tags": ["en", "en-\u90e8\u9580\u7af6\u8cfd2022", "\u6545\u4e8b", "\u7ffb\u8b6f", "\u8aaa\u660e"]}, {"created_at": "1655728116", "created_by_id": "6217438", "name": "scp-5524", "rating_vote": "5", "rating": "5", "tags": ["en", "lillihammer\u535a\u58eb", "mcinnis\u4e3b\u4efb", "scp", "wettle\u535a\u58eb", "\u4fdd\u885b43", "\u6a21\u56e0\u6548\u61c9", "\u6a5f\u5bc6\u5206\u7d1a", "\u7ffb\u8b6f", "\u807d\u89ba\u5f71\u97ff", "\u8a8d\u77e5\u5371\u5bb3"]}, {"created_at": "1655730664", "created_by_id": "6217438", "name": "scp-6435", "rating_vote": "3", "rating": "3", "tags": ["en", "safe", "scp", "\u5730\u9ede", "\u7ffb\u8b6f"]}, {"created_at": "1655767981", "created_by_id": "6217438", "name": "scp-6742", "rating_vote": "2", "rating": "2", "tags": ["en", "scp", "\u5f85\u5206\u7d1a", "\u651d\u50cf", "\u7ffb\u8b6f", "\u89c0\u5bdf\u5f71\u97ff"]}, {"created_at": "1655779952", "created_by_id": "6217438", "name": "scp-5856", "rating_vote": "3", "rating": "3", "tags": ["en", "meta", "scp", "\u4eba\u5f62", "\u5171\u611f", "\u5fc3\u9748\u611f\u61c9", "\u611f\u77e5\u529b", "\u6a5f\u5bc6\u5206\u7d1a", "\u7cbe\u795e\u5f71\u97ff", "\u7ffb\u8b6f"]}, {"created_at": "1655794217", "created_by_id": "6217438", "name": "scp-4096", "rating_vote": "3", "rating": "3", "tags": ["en", "meta", "scp", "\u6982\u5ff5", "\u6a5f\u5bc6\u5206\u7d1a", "\u7ffb\u8b6f"]}, {"created_at": "1655797941", "created_by_id": "4990678", "name": "logo-zh", "rating_vote": "13", "rating": "13", "tags": ["\u539f\u5275", "\u85dd\u8853\u4f5c\u54c1"]}, {"created_at": "1655810220", "created_by_id": "5013754", "name": "something-glowing", "rating_vote": "8", "rating": "8", "tags": ["en", "en-\u90e8\u9580\u7af6\u8cfd2022", "\u6545\u4e8b", "\u7570\u5e38\u7269\u54c1\u6545\u4e8b", "\u7ffb\u8b6f"]}, {"created_at": "1655874888", "created_by_id": "6217438", "name": "secure-facility-dossier-site-120", "rating_vote": "6", "rating": "6", "tags": ["en", "\u4e2d\u5fc3", "\u4f86\u81ea120\u7ad9\u7684\u6a94\u6848", "\u7ad9\u9ede", "\u7ffb\u8b6f"]}, {"created_at": "1655897173", "created_by_id": "5013754", "name": "scp-6558", "rating_vote": "5", "rating": "5", "tags": ["en", "keter", "scp", "wondertainment\u535a\u58eb", "\u5c0f\u5c0f\u5148\u751f", "\u6587\u737b", "\u76f8\u562f\u9b54", "\u7dda\u4e0a", "\u7ffb\u8b6f"]}, {"created_at": "1655923950", "created_by_id": "5013754", "name": "the-castaway-from-unreality", "rating_vote": "3", "rating": "3", "tags": ["en", "\u6545\u4e8b", "\u7ffb\u8b6f"]}, {"created_at": "1655944725", "created_by_id": "5237516", "name": "scp-zh-13-icon", "rating_vote": "4", "rating": "4", "tags": ["site-zh-13", "\u539f\u5275", "\u85dd\u8853\u4f5c\u54c1"]}, {"created_at": "1655948308", "created_by_id": "8033564", "name": "scp-2348", "rating_vote": "6", "rating": "6", "tags": ["en", "keter", "scp", "\u611f\u77e5\u5f71\u97ff", "\u672c\u8cea\u4fc3\u52d5", "\u6982\u5ff5", "\u7a7a\u4e2d", "\u7cbe\u795e\u5f71\u97ff", "\u7ffb\u8b6f", "\u8996\u89ba\u6027", "\u89c0\u5bdf\u5f71\u97ff", "\u8a8d\u77e5\u5371\u5bb3"]}, {"created_at": "1655962583", "created_by_id": "6217438", "name": "scp-6454", "rating_vote": "5", "rating": "5", "tags": ["en", "en-\u90e8\u9580\u7af6\u8cfd2022", "scp", "\u5ff5\u529b", "\u611f\u77e5\u529b", "\u63a0\u98df\u6027", "\u667a\u80fd", "\u6a5f\u5bc6\u5206\u7d1a", "\u6d3b\u7269", "\u7ffb\u8b6f", "\u85dd\u8853\u6027", "\u8d85\u73fe\u5be6\u90e8", "\u8d85\u7dad\u5ea6"]}, {"created_at": "1655979798", "created_by_id": "6217438", "name": "scp-6781", "rating_vote": "7", "rating": "7", "tags": ["en", "scp", "thaumiel", "\u5408\u8457", "\u5730\u4e0b", "\u5730\u9ede", "\u7ffb\u8b6f"]}, {"created_at": "1656071318", "created_by_id": "5013754", "name": "scp-6478", "rating_vote": "5", "rating": "5", "tags": ["en", "scp", "thaumiel", "\u5316\u5b78\u6027", "\u5473\u89ba\u5f71\u97ff", "\u7ffb\u8b6f", "\u91ab\u5b78\u6027"]}, {"created_at": "1656078193", "created_by_id": "5013754", "name": "its-not-real-it-never-was-you-pathetic-fools", "rating_vote": "3", "rating": "3", "tags": ["awcy", "cool\u6230\u722d", "en", "\u4f86\u81ea120\u7ad9\u7684\u6a94\u6848", "\u6545\u4e8b", "\u7ffb\u8b6f", "\u827e\u65af\u7279\u4f2f\u683c"]}, {"created_at": "1656127858", "created_by_id": "7469850", "name": "before-the-moving-on", "rating_vote": "8", "rating": "8", "tags": ["2022\u8679\u5149\u4e4b\u9593", "\u539f\u5275", "\u6545\u4e8b", "\u683c\u9b6f\u70cf-p\u90e8\u9580", "\u6e3e\u6c8c\u53cd\u53db\u8ecd"]}, {"created_at": "1656240335", "created_by_id": "6952002", "name": "dormitive-waltz", "rating_vote": "11", "rating": "11", "tags": ["\u539f\u5275", "\u85dd\u8853\u4f5c\u54c1", "\u8f49\u4e16\u8a08\u5283"]}]