[{"created_at": "1623417214", "created_by_id": "4357011", "name": "scp-545-ko", "rating_vote": "4", "rating": "4", "tags": ["euclid", "ko", "ko-\u77ed\u6587\u7af6\u8cfd2018", "scp", "\u4e8c\u6b21\u7ffb\u8b6f", "\u4eba\u5f62", "\u5faa\u74b0", "\u7ffb\u8b6f"]}, {"created_at": "1623431502", "created_by_id": "6369875", "name": "scp-010-id", "rating_vote": "5", "rating": "5", "tags": ["id", "safe", "scp", "\u4e0d\u53ef\u6467\u6bc0", "\u7ffb\u8b6f", "\u96fb\u8166", "\u9810\u6e2c\u6027"]}, {"created_at": "1623500429", "created_by_id": "4239775", "name": "nsb8-hub", "rating_vote": "13", "rating": "13", "tags": ["\u4e2d\u5fc3", "\u539f\u5275", "\u7b2c\u516b\u8655"]}, {"created_at": "1623505502", "created_by_id": "6381244", "name": "scp-3984", "rating_vote": "4", "rating": "4", "tags": ["d-11424&nbsp;en", "en-\u672b\u65e52018", "keter", "k\u7d1a\u60c5\u666f", "scp", "\u672a\u6536\u5bb9", "\u6b7b\u4ea1\u7d42\u4e86", "\u7121\u5f62", "\u795e\u7d93\u6027", "\u7ffb\u8b6f", "\u91ab\u5b78\u6027"]}, {"created_at": "1623515862", "created_by_id": "5435485", "name": "scp-zh-270", "rating_vote": "8", "rating": "8", "tags": ["keter", "scp", "site-zh-44", "\u539f\u5275", "\u53f0\u7063\u539f\u4f4f\u6c11", "\u5e7b\u89ba", "\u611f\u77e5\u5f71\u97ff", "\u6575\u610f", "\u690d\u7269", "\u6b77\u53f2\u6027", "\u706b", "\u751f\u7269\u6027", "\u7cbe\u795e\u5f71\u97ff", "\u807d\u89ba\u5f71\u97ff", "\u8996\u89ba\u6027", "\u8a8d\u77e5\u5371\u5bb3"]}, {"created_at": "1623558856", "created_by_id": "7469850", "name": "scp-zh-709", "rating_vote": "9", "rating": "9", "tags": ["2020\u6500\u722c\u91d1\u5b57\u5854", "safe", "scp", "site-zh-16", "\u539f\u5275", "\u807d\u89ba\u5f71\u97ff", "\u97f3\u6a02\u6027"]}, {"created_at": "1623568084", "created_by_id": "7073060", "name": "scp-3797", "rating_vote": "5", "rating": "5", "tags": ["en", "k\u7d1a\u60c5\u666f", "scp", "thaumiel", "\u57fa\u91d1\u6703\u88fd\u9020", "\u6642\u9593\u5f71\u97ff", "\u672a\u4f86", "\u6b66\u5668", "\u7ffb\u8b6f"]}, {"created_at": "1623653117", "created_by_id": "5435485", "name": "scp-zh-614", "rating_vote": "11", "rating": "11", "tags": ["2020\u6500\u722c\u91d1\u5b57\u5854", "keter", "scp", "site-zh-01", "\u4e09\u57a3", "\u539f\u5275", "\u53cd\u7269\u7406\u5b9a\u5f8b", "\u6642\u7a7a", "\u6709\u6a5f", "\u98df\u7269"]}, {"created_at": "1623667565", "created_by_id": "4239775", "name": "face-the-shadows-1", "rating_vote": "7", "rating": "7", "tags": ["\u539f\u5275", "\u6545\u4e8b", "\u7b2c\u516b\u8655"]}, {"created_at": "1623818592", "created_by_id": "5415046", "name": "scp-6009", "rating_vote": "12", "rating": "12", "tags": ["en", "en-6000", "mann\u535a\u58eb", "moose\u4e3b\u4efb", "scp", "\u57fa\u56e0", "\u5fae\u89c0", "\u6a5f\u5bc6\u5206\u7d1a", "\u7269\u7a2e", "\u751f\u7269\u6027", "\u7570\u5e38\u79fb\u52d5", "\u795e\u7d93\u6027", "\u7d30\u83cc", "\u7ffb\u8b6f"]}, {"created_at": "1623839696", "created_by_id": "5435485", "name": "scp-6969", "rating_vote": "8", "rating": "4", "tags": ["en", "en-6000", "keter", "scp", "\u57fa\u56e0", "\u5faa\u74b0", "\u6027", "\u6210\u4eba\u5167\u5bb9", "\u6642\u9593\u5f71\u97ff", "\u672a\u6536\u5bb9", "\u751f\u6b96\u6027", "\u795e\u7d93\u6027", "\u7ffb\u8b6f", "\u8a18\u61b6\u5f71\u97ff", "\u91cd\u65b0\u5c0e\u5411"]}, {"created_at": "1623854935", "created_by_id": "7073060", "name": "fishingenthusiast-authorpage", "rating_vote": "2", "rating": "2", "tags": ["en", "\u4f5c\u8005\u9801\u9762", "\u7ffb\u8b6f"]}, {"created_at": "1623933036", "created_by_id": "4990678", "name": "scp-jp-girls", "rating_vote": "2", "rating": "2", "tags": ["jp", "\u7ffb\u8b6f", "\u85dd\u8853\u4f5c\u54c1"]}, {"created_at": "1623940358", "created_by_id": "4990678", "name": "461-jp-pleasefindme", "rating_vote": "1", "rating": "1", "tags": ["jp", "\u7ffb\u8b6f", "\u85dd\u8853\u4f5c\u54c1"]}, {"created_at": "1623952585", "created_by_id": "4990678", "name": "zh-111-egocentric", "rating_vote": "7", "rating": "7", "tags": ["\u539f\u5275", "\u85dd\u8853\u4f5c\u54c1"]}, {"created_at": "1624022729", "created_by_id": "6503482", "name": "scp-6333", "rating_vote": "3", "rating": "3", "tags": ["en", "en-6000", "keter", "scp", "\u5149\u7167\u5f71\u97ff", "\u690d\u7269", "\u77e5\u8b58", "\u7cbe\u795e\u5f71\u97ff", "\u7ffb\u8b6f", "\u86c7\u4e4b\u624b", "\u9069\u61c9\u6027", "\u9580\u5f91"]}, {"created_at": "1624079788", "created_by_id": "5415046", "name": "clinical-tone-declassified", "rating_vote": "3", "rating": "3", "tags": ["en", "\u5fc3\u5f97", "\u7ffb\u8b6f"]}, {"created_at": "1624106062", "created_by_id": "3314318", "name": "scp-zh-988", "rating_vote": "11", "rating": "7", "tags": ["scp", "\u4eba\u5f62", "\u539f\u5275", "\u6b66\u5668", "\u6df1\u4e95\u76ee\u9304", "\u7121\u5f62", "\u7121\u6548\u5316"]}, {"created_at": "1624113961", "created_by_id": "6369875", "name": "scp-1397-ru", "rating_vote": "4", "rating": "4", "tags": ["keter", "meta", "ru", "scp", "\u7ffb\u8b6f", "\u8a8d\u77e5\u5371\u5bb3", "\u8b8a\u5f62"]}, {"created_at": "1624114536", "created_by_id": "6369875", "name": "scp-2973-jp", "rating_vote": "6", "rating": "6", "tags": ["jp", "keter", "scp", "\u4eba\u5f62", "\u53cd\u71b5", "\u611f\u77e5\u529b", "\u6642\u9593\u5f71\u97ff", "\u667a\u80fd", "\u672c\u8cea\u4fc3\u52d5", "\u6a5f\u7387\u6027", "\u6d3b\u7269", "\u7ffb\u8b6f"]}]