[{"created_at": "1622864206", "created_by_id": "5415046", "name": "scp-3998", "rating_vote": "7", "rating": "7", "tags": ["en", "en-3000", "safe", "scp", "\u5c4d\u9ad4", "\u5ff5\u529b", "\u6db2\u9ad4", "\u701d\u9752\u8272\u7684\u907f\u98a8\u6e2f", "\u706b", "\u7ffb\u8b6f"]}, {"created_at": "1622970018", "created_by_id": "3314318", "name": "and-then-what-happened", "rating_vote": "1", "rating": "1", "tags": ["are-we-cool-yet", "en", "green\u7279\u5de5", "ruiz-duchamp", "\u6545\u4e8b", "\u7ffb\u8b6f"]}, {"created_at": "1622973721", "created_by_id": "5415046", "name": "scp-zh-369", "rating_vote": "6", "rating": "4", "tags": ["dado", "safe", "scp", "site-zh-13", "\u539f\u5275", "\u6027", "\u690d\u7269", "\u751f\u6b96\u6027", "\u8b8a\u5f62"]}, {"created_at": "1622977259", "created_by_id": "3314318", "name": "arcadeinvestigative", "rating_vote": "3", "rating": "3", "tags": ["\u539f\u5275", "\u6545\u4e8b"]}, {"created_at": "1622985785", "created_by_id": "6503482", "name": "scp-348", "rating_vote": "3", "rating": "3", "tags": ["en", "safe", "scp", "\u53cd\u71b5", "\u5bb9\u5668", "\u5fc3\u9748\u611f\u61c9", "\u7ffb\u8b6f", "\u8a9e\u8a00", "\u91ab\u5b78\u6027", "\u96d5\u523b", "\u98df\u7269"]}, {"created_at": "1622989885", "created_by_id": "3314318", "name": "a-motley-crew", "rating_vote": "3", "rating": "3", "tags": ["\u539f\u5275", "\u53cd\u5927\u9ebb\u5148\u751f", "\u5c0f\u5c0f\u5148\u751f", "\u6545\u4e8b"]}, {"created_at": "1622991343", "created_by_id": "3314318", "name": "behind-the-scenes-interview", "rating_vote": "3", "rating": "3", "tags": ["wondertainment\u535a\u58eb", "\u539f\u5275", "\u5c0f\u5c0f\u5148\u751f", "\u6545\u4e8b"]}, {"created_at": "1623040699", "created_by_id": "3314318", "name": "until-san-greal-are-needed-once-again", "rating_vote": "3", "rating": "3", "tags": ["\u539f\u5275", "\u53cd\u5927\u9ebb\u5148\u751f", "\u5c0f\u5c0f\u5148\u751f", "\u6545\u4e8b"]}, {"created_at": "1623041879", "created_by_id": "5415046", "name": "scp-2677", "rating_vote": "5", "rating": "5", "tags": ["en", "en-2000", "keter", "scp", "\u57fa\u91d1\u6703\u88fd\u9020", "\u5bb9\u5668", "\u5ee2\u8272\u5fa9\u71c3", "\u611f\u77e5\u529b", "\u667a\u80fd", "\u7cbe\u795e\u5f71\u97ff", "\u7ffb\u8b6f", "\u96fb\u5b50"]}, {"created_at": "1623071486", "created_by_id": "6952002", "name": "k1s10r0d-art-of-v1l3-j-burning-calories", "rating_vote": "9", "rating": "9", "tags": ["ctrl-z\u535a\u58eb", "kris\u535a\u58eb", "\u539f\u5275", "\u6210\u4eba\u5167\u5bb9", "\u85dd\u8853\u4f5c\u54c1", "\u91cd\u65b0\u5c0e\u5411"]}, {"created_at": "1623075113", "created_by_id": "5415046", "name": "scp-2023", "rating_vote": "2", "rating": "2", "tags": ["en", "safe", "scp", "\u53cd\u71b5", "\u5730\u8cea", "\u5730\u9ede", "\u690d\u7269", "\u77f3\u982d", "\u7ffb\u8b6f", "\u8072\u97f3", "\u9298\u6587", "\u9c57\u7fc5\u76ee"]}, {"created_at": "1623111862", "created_by_id": "6217438", "name": "scp-6666", "rating_vote": "20", "rating": "20", "tags": ["clef\u535a\u58eb", "en", "en-6000", "kain-pathos-crow", "light\u535a\u58eb", "moose\u4e3b\u4efb", "scp", "thaumiel", "\u300c\u4e0a\u5e1d\u300d", "\u4eba\u5f62", "\u5149\u7167\u5f71\u97ff", "\u5171\u611f", "\u5730\u4e0b", "\u5730\u8cea", "\u591c\u4e4b\u5b50", "\u5c4d\u9ad4", "\u611f\u77e5\u529b", "\u6575\u610f", "\u667a\u80fd", "\u690d\u7269", "\u6a39\u6728", "\u6b66\u5668", "\u6b77\u53f2\u6027", "\u6b86\u74e6", "\u6bd2\u6027", "\u7121\u540d", "\u751f\u7269\u5371\u5bb3", "\u7570\u5e38\u79fb\u52d5", "\u7761\u7720", "\u77e5\u8b58", "\u795e\u7d93\u6027", "\u7d50\u69cb\u7269", "\u7ffb\u8b6f", "\u8072\u97f3", "\u81ea\u6211\u4fee\u5fa9", "\u8a72\u96b1", "\u91d1\u5c6c", "\u97f3\u983b"]}, {"created_at": "1623236281", "created_by_id": "4357011", "name": "scp-345-ko", "rating_vote": "4", "rating": "4", "tags": ["euclid", "ko", "ko-\u77ed\u6587\u7af6\u8cfd2018", "scp", "\u4e8c\u6b21\u7ffb\u8b6f", "\u4eba\u5f62", "\u5a92\u9ad4", "\u7ffb\u8b6f"]}, {"created_at": "1623250695", "created_by_id": "4990678", "name": "ms-tanaka-redblue", "rating_vote": "7", "rating": "7", "tags": ["jp", "\u300c\u7530\u4e2d\u8001\u5e2b\u300d", "\u7ffb\u8b6f", "\u85dd\u8853\u4f5c\u54c1"]}, {"created_at": "1623337235", "created_by_id": "6369875", "name": "scp-003-nd", "rating_vote": "3", "rating": "3", "tags": ["euclid", "nd-sv", "scp", "\u7121\u6548\u5316", "\u7ffb\u8b6f"]}, {"created_at": "1623337951", "created_by_id": "6369875", "name": "scp-017-cs", "rating_vote": "2", "rating": "2", "tags": ["cs", "safe", "scp", "\u5efa\u7bc9\u7269", "\u7cbe\u795e\u5f71\u97ff", "\u7ffb\u8b6f", "\u8a18\u61b6\u5f71\u97ff"]}, {"created_at": "1623338459", "created_by_id": "6369875", "name": "scp-004-nd", "rating_vote": "1", "rating": "1", "tags": ["euclid", "nd-da", "scp", "\u7ffb\u8b6f"]}, {"created_at": "1623401715", "created_by_id": "4990678", "name": "classd", "rating_vote": "1", "rating": "1", "tags": ["jp", "\u7ffb\u8b6f", "\u85dd\u8853\u4f5c\u54c1"]}, {"created_at": "1623404376", "created_by_id": "5435485", "name": "scp-zh-327", "rating_vote": "11", "rating": "11", "tags": ["safe", "scp", "site-zh-44", "\u4eba\u9020\u7269\u54c1", "\u50b3\u67d3\u6027", "\u5171\u611f", "\u539f\u5275", "\u53cd\u71b5", "\u53f0\u7063\u539f\u4f4f\u6c11", "\u5bb9\u5668", "\u5e7b\u89ba", "\u6709\u6a5f", "\u77e5\u8b58", "\u795e\u7570\u535a\u89bd\u6703", "\u807d\u89ba\u5f71\u97ff", "\u8a18\u61b6\u5f71\u97ff", "\u98fe\u54c1"]}, {"created_at": "1623411442", "created_by_id": "4990678", "name": "mujin-getsudo-logo", "rating_vote": "2", "rating": "2", "tags": ["jp", "\u7121\u76e1\u6708\u5c0e\u773e", "\u7ffb\u8b6f", "\u85dd\u8853\u4f5c\u54c1"]}]