[{"created_at": "1650087613", "created_by_id": "3981670", "name": "scp-885", "rating_vote": "3", "rating": "3", "tags": ["en", "euclid", "scp", "\u63a0\u98df\u6027", "\u6d3b\u7269", "\u7121\u5f62", "\u7ffb\u8b6f"]}, {"created_at": "1650091705", "created_by_id": "5415046", "name": "scp-644", "rating_vote": "2", "rating": "2", "tags": ["en", "euclid", "scp", "wondertainment\u535a\u58eb", "\u4eba\u5f62", "\u5c0f\u5c0f\u5148\u751f", "\u5fc3\u9748\u611f\u61c9", "\u611f\u77e5\u529b", "\u667a\u80fd", "\u6d3b\u7269", "\u7ffb\u8b6f", "\u9810\u6e2c\u6027"]}, {"created_at": "1650101412", "created_by_id": "7226401", "name": "scp-499", "rating_vote": "3", "rating": "3", "tags": ["en", "euclid", "scp", "\u4eba\u5f62", "\u6046\u661f", "\u7ffb\u8b6f"]}, {"created_at": "1650175654", "created_by_id": "5415046", "name": "scp-401", "rating_vote": "3", "rating": "3", "tags": ["en", "euclid", "scp", "\u4eba\u5f62", "\u6a39\u6728", "\u7ffb\u8b6f"]}, {"created_at": "1650188680", "created_by_id": "5334590", "name": "boorklyn-00-crash", "rating_vote": "12", "rating": "12", "tags": ["\u4f69\u68ee\u5c3c\u723e", "\u539f\u5275", "\u6545\u4e8b", "\u8f49\u4e16\u8a08\u5283"]}, {"created_at": "1650261914", "created_by_id": "5415046", "name": "goc-supplemental-thaumworkings", "rating_vote": "7", "rating": "7", "tags": ["en", "goc\u6a94\u6848", "\u5168\u7403\u8d85\u81ea\u7136\u806f\u76df", "\u6545\u4e8b", "\u7ffb\u8b6f"]}, {"created_at": "1650380716", "created_by_id": "7469850", "name": "the-dream-of-immortality", "rating_vote": "5", "rating": "5", "tags": ["koschei.aic", "reverberate\u535a\u58eb", "site-zh-81", "\u539f\u5275", "\u6545\u4e8b", "\u822a\u6d77\u5b78"]}, {"created_at": "1650566181", "created_by_id": "3423434", "name": "scp-108", "rating_vote": "5", "rating": "5", "tags": ["en", "safe", "scp", "\u4eba\u5f62", "\u6d3b\u7269", "\u7d50\u69cb\u7269", "\u7ffb\u8b6f", "\u8ecd\u4e8b", "\u9580\u5f91"]}, {"created_at": "1650704204", "created_by_id": "6217438", "name": "scp-256", "rating_vote": "2", "rating": "2", "tags": ["en", "euclid", "scp", "\u5bb6\u96fb\u7528\u54c1", "\u7ffb\u8b6f", "\u96fb\u529b"]}, {"created_at": "1650727974", "created_by_id": "5435485", "name": "scp-zh-126", "rating_vote": "11", "rating": "11", "tags": ["euclid", "scp", "site-zh-02", "\u4e0d\u53ef\u6467\u6bc0", "\u4eba\u9020\u7269\u54c1", "\u52d5\u7269", "\u539f\u5275", "\u53cd\u71b5", "\u751f\u7269\u5371\u5bb3", "\u81ea\u4e3b", "\u8b8a\u5f62", "\u98df\u7269"]}, {"created_at": "1650761857", "created_by_id": "6217438", "name": "scp-539", "rating_vote": "2", "rating": "2", "tags": ["en", "euclid", "scp", "\u4eba\u9020\u7269\u54c1", "\u53cd\u71b5", "\u6a5f\u7387\u6027", "\u7ffb\u8b6f"]}, {"created_at": "1650766792", "created_by_id": "6217438", "name": "scp-517", "rating_vote": "5", "rating": "5", "tags": ["en", "safe", "scp", "\u5c55\u51fa", "\u63a0\u98df\u6027", "\u73a9\u5177", "\u7ffb\u8b6f", "\u81ea\u4e3b", "\u8d85\u7dad\u5ea6"]}, {"created_at": "1650805998", "created_by_id": "7869145", "name": "scp-851", "rating_vote": "1", "rating": "1", "tags": ["en", "euclid", "scp", "\u63a0\u98df\u6027", "\u6606\u87f2", "\u7ffb\u8b6f", "\u807d\u89ba\u5f71\u97ff", "\u8702\u5de2\u601d\u7dad", "\u8a8d\u77e5\u5371\u5bb3"]}, {"created_at": "1650807009", "created_by_id": "5701756", "name": "scp-860", "rating_vote": "2", "rating": "2", "tags": ["en", "safe", "scp", "\u7ffb\u8b6f", "\u8d85\u7dad\u5ea6", "\u9470\u5319", "\u9580\u5f91"]}, {"created_at": "1651055632", "created_by_id": "3981670", "name": "scp-536", "rating_vote": "4", "rating": "4", "tags": ["en", "safe", "scp", "\u53cd\u7269\u7406\u5b9a\u5f8b", "\u5de5\u5177", "\u6a5f\u68b0", "\u7ffb\u8b6f", "\u91d1\u5c6c", "\u96fb\u5b50"]}, {"created_at": "1651073362", "created_by_id": "5435485", "name": "multiversal-valentine", "rating_vote": "18", "rating": "18", "tags": ["\u539f\u5275", "\u5408\u8457", "\u6545\u4e8b"]}, {"created_at": "1651111280", "created_by_id": "6217438", "name": "scp-559", "rating_vote": "5", "rating": "5", "tags": ["en", "euclid", "scp", "\u53cd\u71b5", "\u6642\u9593\u5f71\u97ff", "\u7ffb\u8b6f", "\u8b8a\u5f62", "\u984c\u5beb", "\u98df\u7269"]}, {"created_at": "1651111609", "created_by_id": "7073060", "name": "scp-zh-995", "rating_vote": "11", "rating": "11", "tags": ["meta", "scp", "\u4eba\u5f62", "\u539f\u5275", "\u53cd\u71b5", "\u5730\u9ede", "\u5e7b\u89ba", "\u5f37\u8feb\u6027", "\u611f\u77e5\u5f71\u97ff", "\u651d\u50cf", "\u6558\u8ff0\u6027", "\u6575\u610f", "\u6642\u9593\u5f71\u97ff", "\u672a\u6536\u5bb9", "\u672c\u8cea\u4fc3\u52d5", "\u6982\u5ff5", "\u6a21\u56e0\u6548\u61c9", "\u6a39\u6728", "\u6a5f\u5bc6\u5206\u7d1a", "\u7121\u5f62", "\u7761\u7720", "\u7cbe\u795e\u5f71\u97ff", "\u8072\u97f3", "\u807d\u89ba\u5f71\u97ff", "\u8996\u89ba\u6027", "\u89c0\u5bdf\u5f71\u97ff", "\u8a18\u61b6\u5f71\u97ff", "\u8a18\u9304", "\u8a8d\u77e5\u5371\u5bb3", "\u8aa4\u50b3\u90e8", "\u8cc7\u8a0a\u5371\u5bb3", "\u90fd\u7570\u90e8\u9580"]}, {"created_at": "1651112098", "created_by_id": "4239775", "name": "project-mia-day-by-mimeow", "rating_vote": "10", "rating": "10", "tags": ["semibreve\u535a\u58eb", "\u539f\u5275", "\u6545\u4e8b"]}, {"created_at": "1651221202", "created_by_id": "5013973", "name": "i-mcrazy", "rating_vote": "10", "rating": "10", "tags": ["site-zh-81", "\u539f\u5275", "\u6545\u4e8b"]}]