[{"created_at": "1577368319", "created_by_id": "4442284", "name": "christmas-marten", "rating_vote": "14", "rating": "14", "tags": ["2019\u8056\u591c\u76f8\u5b88", "maddy", "site-zh-02", "willow\u7279\u5de5", "\u539f\u5275", "\u62cb\u9234\u4eba", "\u6545\u4e8b"]}, {"created_at": "1577432315", "created_by_id": "5252281", "name": "scp-zh-626", "rating_vote": "23", "rating": "23", "tags": ["euclid", "scp", "site-zh-16", "\u539f\u5275", "\u5c55\u51fa", "\u690d\u7269", "\u6d3b\u7269", "\u7269\u7a2e", "\u7a7a\u4e2d"]}, {"created_at": "1577462506", "created_by_id": "4239775", "name": "site-zh-31", "rating_vote": "8", "rating": "8", "tags": ["site-zh-31", "\u4e2d\u5fc3", "\u539f\u5275", "\u7ad9\u9ede"]}, {"created_at": "1577502235", "created_by_id": "5255954", "name": "so-i-said-that-dinner", "rating_vote": "21", "rating": "21", "tags": ["2019\u8056\u591c\u76f8\u5b88", "ad\u535a\u58eb", "bales\u535a\u58eb", "chrome", "reverberate\u535a\u58eb", "semibreve\u535a\u58eb", "site-zh-02", "site-zh-12", "site-zh-16", "site-zh-25", "site-zh-26", "site-zh-31", "site-zh-44", "site-zh-50", "site-zh-81", "site-zh-88", "sugoi\u535a\u58eb", "surge\u535a\u58eb", "\u539f\u5275", "\u6545\u4e8b", "\u7814\u7a76\u54e1l.what", "\u8449\u51e1\u535a\u58eb"]}, {"created_at": "1577517658", "created_by_id": "3979351", "name": "e-830", "rating_vote": "12", "rating": "12", "tags": ["goi\u683c\u5f0f", "\u539f\u5275", "\u65b0\u8336\u5dba", "\u82f1\u570b\u795e\u79d8\u60c5\u5831\u5c40", "\u96f6\u865f\u5c08\u968a"]}, {"created_at": "1577571053", "created_by_id": "5344757", "name": "scp-zh-044", "rating_vote": "24", "rating": "20", "tags": ["bales\u535a\u58eb", "keter", "scp", "site-zh-16", "site-zh-22", "\u539f\u5275", "\u672a\u6536\u5bb9", "\u77f3\u982d", "\u7fa4\u9ad4\u6027"]}, {"created_at": "1577694045", "created_by_id": "3979351", "name": "the-moon-voice-1", "rating_vote": "13", "rating": "13", "tags": ["\u539f\u5275", "\u5f35\u9053\u58eb", "\u6545\u4e8b"]}, {"created_at": "1577695382", "created_by_id": "5435485", "name": "scp-4041", "rating_vote": "7", "rating": "7", "tags": ["en", "en-4000", "keter", "scp", "\u5100\u5f0f\u6027", "\u52d5\u7269", "\u6050\u9f8d", "\u611f\u77e5\u529b", "\u667a\u80fd", "\u7121\u5f62", "\u77f3\u982d", "\u7fa4\u9ad4\u6027", "\u7ffb\u8b6f", "\u9ce5\u985e"]}, {"created_at": "1577708557", "created_by_id": "5344757", "name": "in-the-shard", "rating_vote": "14", "rating": "14", "tags": ["2019\u8056\u591c\u76f8\u5b88", "\u539f\u5275", "\u6545\u4e8b", "\u7814\u7a76\u54e1l.what", "\u8a69\u6b4c"]}, {"created_at": "1577717151", "created_by_id": "3981670", "name": "scp-style-resource", "rating_vote": "30", "rating": "30", "tags": ["\u5408\u4f5c", "\u5b9a\u671f\u6aa2\u67e5", "\u6307\u5c0e", "\u7ffb\u8b6f"]}, {"created_at": "1577788871", "created_by_id": "5325850", "name": "scp-zh-216", "rating_vote": "16", "rating": "16", "tags": ["apoyn\u535a\u58eb", "safe", "scp", "site-zh-12", "\u539f\u5275", "\u5c11\u5fae-12", "\u8a18\u61b6\u5f71\u97ff"]}, {"created_at": "1577798761", "created_by_id": "4055881", "name": "scp-3965", "rating_vote": "5", "rating": "5", "tags": ["en", "euclid", "scp", "\u50b3\u9001", "\u5149\u7167\u5f71\u97ff", "\u53cd\u71b5", "\u5730\u9ede", "\u590f\u7570\u5e38", "\u5b97\u6559", "\u6046\u661f", "\u653e\u5c04\u6027", "\u661f\u969b", "\u667a\u80fd", "\u6c23\u8c61", "\u6d3b\u7269", "\u706b\u70ac\u4e4b\u5b50", "\u722c\u884c\u985e\u52d5\u7269", "\u7ffb\u8b6f", "\u8072\u97f3", "\u8a9e\u8a00", "\u8c93\u985e", "\u96fb\u78c1"]}, {"created_at": "1577808003", "created_by_id": "5252281", "name": "scp-zh-400", "rating_vote": "14", "rating": "14", "tags": ["keter", "scp", "site-zh-16", "uiu", "\u539f\u5275", "\u6642\u9593\u5f71\u97ff", "\u7269\u7a2e", "\u751f\u7269\u6027", "\u7570\u5e38\u79fb\u52d5", "\u8150\u8755\u6027", "\u8d85\u7dad\u5ea6"]}, {"created_at": "1577810364", "created_by_id": "4264056", "name": "fridge", "rating_vote": "11", "rating": "11", "tags": ["ain\u535a\u58eb", "site-zh-44", "\u539f\u5275", "\u6545\u4e8b"]}, {"created_at": "1578057092", "created_by_id": "5325850", "name": "site-zh-12", "rating_vote": "23", "rating": "23", "tags": ["site-zh-12", "\u4e2d\u5fc3", "\u539f\u5275", "\u7ad9\u9ede"]}, {"created_at": "1578211610", "created_by_id": "5237516", "name": "keepthere", "rating_vote": "13", "rating": "7", "tags": ["2019\u8056\u591c\u76f8\u5b88", "site-zh-13", "\u539f\u5275", "\u6545\u4e8b", "\u7814\u7a76\u54e1k"]}, {"created_at": "1578290920", "created_by_id": "5348516", "name": "head-on-the-tree", "rating_vote": "8", "rating": "8", "tags": ["2019\u8056\u591c\u76f8\u5b88", "maddy", "\u539f\u5275", "\u6545\u4e8b"]}, {"created_at": "1578323491", "created_by_id": "5252281", "name": "scp-zh-600", "rating_vote": "21", "rating": "21", "tags": ["scp", "site-zh-12", "site-zh-16", "wondertainment\u535a\u58eb", "\u4eba\u5f62", "\u539f\u5275", "\u5c0f\u5c0f\u5148\u751f", "\u5c55\u51fa", "\u7121\u6548\u5316"]}, {"created_at": "1578324012", "created_by_id": "3981670", "name": "downpour", "rating_vote": "13", "rating": "13", "tags": ["ad\u535a\u58eb", "apoyn\u535a\u58eb", "site-zh-12", "\u539f\u5275", "\u5c55\u51fa", "\u6545\u4e8b"]}, {"created_at": "1578386771", "created_by_id": "5325850", "name": "art-for-3519", "rating_vote": "11", "rating": "11", "tags": ["\u539f\u5275", "\u85dd\u8853\u4f5c\u54c1"]}]