[{"created_at": "1617802945", "created_by_id": "2353778", "name": "scp-4055-j", "rating_vote": "3", "rating": "3", "tags": ["en", "keter", "scp", "\u52d5\u7269", "\u641e\u7b11", "\u6575\u610f", "\u6d3b\u7269", "\u7ffb\u8b6f", "\u86c7\u4e4b\u624b"]}, {"created_at": "1617808184", "created_by_id": "7073060", "name": "scp-970-ex", "rating_vote": "7", "rating": "7", "tags": ["en", "scp", "\u5df2\u89e3\u660e", "\u7ffb\u8b6f", "\u91ab\u5b78\u6027"]}, {"created_at": "1617879477", "created_by_id": "6952002", "name": "today-is-just-another-ordinary-day", "rating_vote": "11", "rating": "11", "tags": ["kris\u535a\u58eb", "site-zh-81", "\u539f\u5275", "\u6545\u4e8b", "\u6b32\u8089\u6559"]}, {"created_at": "1617923667", "created_by_id": "5676764", "name": "jonathan-ball-s-proposal", "rating_vote": "1", "rating": "1", "tags": ["001\u63d0\u6848", "en", "keter", "scp", "\u6587\u737b", "\u7ffb\u8b6f", "\u9810\u6e2c\u6027"]}, {"created_at": "1617976792", "created_by_id": "5255954", "name": "progress-institute-hub", "rating_vote": "11", "rating": "11", "tags": ["ru", "\u4e2d\u5fc3", "\u7ffb\u8b6f", "\u9032\u6b65\u7814\u7a76\u9662"]}, {"created_at": "1617990496", "created_by_id": "4990678", "name": "aorebar0222", "rating_vote": "4", "rating": "4", "tags": ["jp", "\u7ffb\u8b6f", "\u85dd\u8853\u4f5c\u54c1"]}, {"created_at": "1617991830", "created_by_id": "4990678", "name": "aorebar0222-5", "rating_vote": "1", "rating": "1", "tags": ["jp", "\u7ffb\u8b6f", "\u85dd\u8853\u4f5c\u54c1"]}, {"created_at": "1618048003", "created_by_id": "6217438", "name": "scp-4444", "rating_vote": "13", "rating": "13", "tags": ["bright\u535a\u58eb", "cimmerian\u535a\u58eb", "clef\u535a\u58eb", "en", "en-4000", "kain-pathos-crow", "light\u535a\u58eb", "moose\u4e3b\u4efb", "scp", "spanko\u535a\u58eb", "uiu", "\u4eba\u5f62", "\u502b\u7406\u59d4\u54e1\u6703", "\u5168\u7403\u8d85\u81ea\u7136\u806f\u76df", "\u611f\u77e5\u529b", "\u661f\u969b", "\u667a\u80fd", "\u6a5f\u5bc6\u5206\u7d1a", "\u6b77\u53f2\u6027", "\u6d3b\u7269", "\u7121\u5f62", "\u7ffb\u8b6f", "\u8d85\u7dad\u5ea6"]}, {"created_at": "1618078181", "created_by_id": "5344757", "name": "jie-men-convocation", "rating_vote": "6", "rating": "6", "tags": ["\u539f\u5275", "\u5929\u5df2\u5802", "\u6545\u4e8b", "\u86c7\u4e4b\u624b"]}, {"created_at": "1618123637", "created_by_id": "4442284", "name": "reve02", "rating_vote": "9", "rating": "7", "tags": ["site-zh-16", "\u539f\u5275", "\u6210\u4eba\u5167\u5bb9", "\u62cb\u9234\u4eba", "\u6545\u4e8b", "\u91cd\u65b0\u5c0e\u5411"]}, {"created_at": "1618126039", "created_by_id": "5454699", "name": "the-plan-before-defection", "rating_vote": "8", "rating": "8", "tags": ["\u539f\u5275", "\u6545\u4e8b", "\u6c34\u9280", "\u6e3e\u6c8c\u53cd\u53db\u8ecd"]}, {"created_at": "1618212930", "created_by_id": "7073060", "name": "scp-027-pt", "rating_vote": "6", "rating": "6", "tags": ["keter", "meta", "pt", "scp", "\u4e8c\u6b21\u7ffb\u8b6f", "\u7ffb\u8b6f", "\u8cc7\u8a0a\u5371\u5bb3"]}, {"created_at": "1618215066", "created_by_id": "4442284", "name": "scp-zh-855", "rating_vote": "10", "rating": "6", "tags": ["keter", "scp", "\u539f\u5275", "\u62cb\u9234\u4eba", "\u6a5f\u7387\u6027"]}, {"created_at": "1618236488", "created_by_id": "5344757", "name": "after-sigma", "rating_vote": "6", "rating": "4", "tags": ["\u539f\u5275", "\u6545\u4e8b", "\u8a69\u6b4c"]}, {"created_at": "1618242191", "created_by_id": "3981670", "name": "in-the-trenches-with-the-dead", "rating_vote": "9", "rating": "9", "tags": ["en", "marion-wheeler", "\u6545\u4e8b", "\u7ffb\u8b6f", "\u97f3\u983b"]}, {"created_at": "1618277020", "created_by_id": "5987568", "name": "scp-zh-093", "rating_vote": "13", "rating": "11", "tags": ["safe", "scp", "site-zh-16", "\u539f\u5275", "\u5f37\u8feb\u6027", "\u7cbe\u795e\u5f71\u97ff", "\u85dd\u8853\u6027", "\u8996\u89ba\u6027", "\u8a8d\u77e5\u5371\u5bb3"]}, {"created_at": "1618352405", "created_by_id": "5454699", "name": "the-plan-of-stonks", "rating_vote": "10", "rating": "10", "tags": ["site-zh-88", "\u539f\u5275", "\u6545\u4e8b", "\u6c34\u9280"]}, {"created_at": "1618375914", "created_by_id": "6104968", "name": "maimai-first-time", "rating_vote": "10", "rating": "10", "tags": ["ad\u535a\u58eb", "site-zh-12", "\u539f\u5275", "\u6545\u4e8b"]}, {"created_at": "1618412405", "created_by_id": "5435485", "name": "scp-zh-975", "rating_vote": "10", "rating": "10", "tags": ["k\u7d1a\u60c5\u666f", "scp", "thaumiel", "\u4e09\u57a3", "\u539f\u5275", "\u6578\u5b78\u6027", "\u672c\u8cea\u4fc3\u52d5", "\u6982\u5ff5"]}, {"created_at": "1618425328", "created_by_id": "5334590", "name": "taraxacum", "rating_vote": "18", "rating": "18", "tags": ["site-zh-16", "\u539f\u5275", "\u6545\u4e8b", "\u6c34\u9280", "\u7814\u7a76\u54e1l.what", "\u8449\u51e1\u535a\u58eb"]}]