[{"created_at": "1588163078", "created_by_id": "5334590", "name": "scp-2949", "rating_vote": "3", "rating": "3", "tags": ["en", "euclid", "scp", "\u52d5\u7269", "\u672a\u6536\u5bb9", "\u7ffb\u8b6f", "\u8c93\u985e", "\u96fb\u529b"]}, {"created_at": "1588167747", "created_by_id": "5653267", "name": "sh-crispy-pineapple-pizza", "rating_vote": "11", "rating": "11", "tags": ["goi\u683c\u5f0f", "\u539f\u5275", "\u5b89\u5e03\u7f85\u65af\u9910\u5ef3", "\u86c7\u4e4b\u624b"]}, {"created_at": "1588173233", "created_by_id": "5604919", "name": "6-mr-stripes", "rating_vote": "4", "rating": "4", "tags": ["en", "wondertainment\u535a\u58eb", "\u5408\u4f5c", "\u5c0f\u5c0f\u5148\u751f", "\u6536\u85cf\u5bb6\u6545\u4e8b", "\u7ffb\u8b6f"]}, {"created_at": "1588174365", "created_by_id": "5956873", "name": "blue-0428", "rating_vote": "13", "rating": "13", "tags": ["\u539f\u5275", "\u5730\u4e0b\u8857", "\u6545\u4e8b", "\u6d17\u8863\u90e8\u9580"]}, {"created_at": "1588177137", "created_by_id": "6217438", "name": "lockdown-procedures", "rating_vote": "7", "rating": "7", "tags": ["en", "\u6545\u4e8b", "\u7ffb\u8b6f"]}, {"created_at": "1588183529", "created_by_id": "5255954", "name": "news-site-zh-81-1", "rating_vote": "24", "rating": "24", "tags": ["reverberate\u535a\u58eb", "site-zh-81", "\u539f\u5275", "\u85dd\u8853\u4f5c\u54c1"]}, {"created_at": "1588261337", "created_by_id": "5255954", "name": "scp-1711-ru", "rating_vote": "7", "rating": "7", "tags": ["meta", "ru", "safe", "scp", "\u611f\u77e5\u5f71\u97ff", "\u73a9\u5177", "\u7ffb\u8b6f", "\u8a9e\u8a00"]}, {"created_at": "1588262973", "created_by_id": "5604919", "name": "ohhello", "rating_vote": "3", "rating": "3", "tags": ["en", "wondertainment\u535a\u58eb", "\u5408\u4f5c", "\u5c0f\u5c0f\u5148\u751f", "\u6536\u85cf\u5bb6\u6545\u4e8b", "\u7ffb\u8b6f"]}, {"created_at": "1588273155", "created_by_id": "3979351", "name": "scp-1799", "rating_vote": "4", "rating": "4", "tags": ["en", "safe", "scp", "wondertainment\u535a\u58eb", "\u4eba\u5f62", "\u5c0f\u5c0f\u5148\u751f", "\u6d3b\u7269", "\u7cbe\u795e\u5f71\u97ff", "\u7ffb\u8b6f", "\u807d\u89ba\u5f71\u97ff"]}, {"created_at": "1588274921", "created_by_id": "3979351", "name": "scp-920", "rating_vote": "1", "rating": "1", "tags": ["en", "euclid", "scp", "wondertainment\u535a\u58eb", "\u4eba\u5f62", "\u5c0f\u5c0f\u5148\u751f", "\u5f37\u8feb\u6027", "\u672a\u6536\u5bb9", "\u6a5f\u7387\u6027", "\u7ffb\u8b6f"]}, {"created_at": "1588289268", "created_by_id": "5344757", "name": "fall-stable", "rating_vote": "7", "rating": "7", "tags": ["bales\u535a\u58eb", "site-zh-16", "\u539f\u5275", "\u6545\u4e8b"]}, {"created_at": "1588317321", "created_by_id": "3979351", "name": "scp-917", "rating_vote": "2", "rating": "2", "tags": ["en", "safe", "scp", "wondertainment\u535a\u58eb", "\u4eba\u5f62", "\u578b\u614b\u8b8a\u5316", "\u5c0f\u5c0f\u5148\u751f", "\u611f\u77e5\u529b", "\u667a\u80fd", "\u6708\u7403", "\u6d3b\u7269", "\u7ffb\u8b6f"]}, {"created_at": "1588318686", "created_by_id": "5255954", "name": "scp-1200-ru", "rating_vote": "4", "rating": "4", "tags": ["euclid", "ru", "scp", "\u4eba\u5f62", "\u6d3b\u7269", "\u7a7a\u4e2d", "\u7ffb\u8b6f", "\u8150\u721b\u795e\u4e4b\u5c71"]}, {"created_at": "1588319317", "created_by_id": "3979351", "name": "scp-3554", "rating_vote": "2", "rating": "2", "tags": ["en", "safe", "scp", "\u502b\u7406\u59d4\u54e1\u6703", "\u53cd\u71b5", "\u5730\u4e0b", "\u683c\u9b6f\u70cf-p\u90e8\u9580", "\u6b77\u53f2\u6027", "\u7d50\u69cb\u7269", "\u7ffb\u8b6f"]}, {"created_at": "1588320302", "created_by_id": "3979351", "name": "scp-la-002", "rating_vote": "1", "rating": "1", "tags": ["euclid", "la", "scp", "\u4e8c\u6b21\u7ffb\u8b6f", "\u53cd\u7269\u7406\u5b9a\u5f8b", "\u672a\u6536\u5bb9", "\u690d\u7269", "\u751f\u7269\u6027", "\u7ffb\u8b6f"]}, {"created_at": "1588326124", "created_by_id": "3979351", "name": "file-no-hkc454", "rating_vote": "7", "rating": "7", "tags": ["goi\u683c\u5f0f", "site-zh-25", "\u4e94\u89d2\u661f", "\u539f\u5275", "\u65b0\u8336\u5dba", "\u666e\u7f85\u7c73\u4fee\u65af\u5be6\u9a57\u5ba4", "\u6975\u51b7\u6230", "\u82f1\u570b\u795e\u79d8\u60c5\u5831\u5c40", "\u96f6\u865f\u5c08\u968a"]}, {"created_at": "1588344918", "created_by_id": "3979351", "name": "scp-es-119", "rating_vote": "3", "rating": "3", "tags": ["es", "i-57", "safe", "scp", "\u4eba\u5f62", "\u53e4\u5df4\u7570\u5e38\u90e8", "\u5730\u4e0b", "\u6b77\u53f2\u6027", "\u7d50\u69cb\u7269", "\u7ffb\u8b6f", "\u96fb\u529b"]}, {"created_at": "1588355177", "created_by_id": "5255954", "name": "scp-1002-ru", "rating_vote": "6", "rating": "6", "tags": ["euclid", "ru", "scp", "\u672a\u6536\u5bb9", "\u7ffb\u8b6f", "\u901a\u8a0a"]}, {"created_at": "1588415157", "created_by_id": "3979351", "name": "scp-521-ko", "rating_vote": "1", "rating": "1", "tags": ["awcy", "ko", "safe", "scp", "\u4e8c\u6b21\u7ffb\u8b6f", "\u5730\u9ede", "\u6642\u7a7a", "\u6c23\u8c61", "\u7d50\u69cb\u7269", "\u7ffb\u8b6f", "\u8996\u89ba\u6027"]}, {"created_at": "1588431315", "created_by_id": "5206218", "name": "scp-3338", "rating_vote": "6", "rating": "6", "tags": ["en", "euclid", "scp", "\u4ea4\u63db", "\u611f\u77e5\u529b", "\u667a\u80fd", "\u73a9\u5177", "\u7ffb\u8b6f", "\u96fb\u5b50"]}]