[{"created_at": "1646409133", "created_by_id": "5013754", "name": "scp-zh-073", "rating_vote": "16", "rating": "16", "tags": ["scp", "zh\u6025\u8feb\u7af6\u8cfd2022", "\u539f\u5275", "\u7121\u6548\u5316", "\u77f3\u982d", "\u885b\u661f", "\u901a\u8a0a"]}, {"created_at": "1646409265", "created_by_id": "5435485", "name": "scp-zh-609", "rating_vote": "14", "rating": "14", "tags": ["euclid", "scp", "site-zh-22", "site-zh-44", "zh\u6025\u8feb\u7af6\u8cfd2022", "\u539f\u5275", "\u53cd\u71b5", "\u591c\u9593\u6d3b\u52d5", "\u6027", "\u6709\u6a5f", "\u6db2\u9ad4", "\u751f\u6b96\u6027", "\u91ab\u5b78\u6027"]}, {"created_at": "1646409395", "created_by_id": "5956873", "name": "counting-down", "rating_vote": "12", "rating": "12", "tags": ["zh\u6025\u8feb\u7af6\u8cfd2022", "\u539f\u5275", "\u6545\u4e8b"]}, {"created_at": "1646409496", "created_by_id": "5701756", "name": "scp-zh-084", "rating_vote": "9", "rating": "9", "tags": ["scp", "zh\u6025\u8feb\u7af6\u8cfd2022", "\u4eba\u9020\u7269\u54c1", "\u539f\u5275", "\u578b\u614b\u8b8a\u5316"]}, {"created_at": "1646495747", "created_by_id": "7469850", "name": "scp-zh-365", "rating_vote": "9", "rating": "3", "tags": ["euclid", "scp", "site-zh-16", "willow\u7279\u5de5", "zh\u6025\u8feb\u7af6\u8cfd2022", "\u539f\u5275", "\u5de5\u5177", "\u8996\u89ba\u6027", "\u8a8d\u77e5\u5371\u5bb3"]}, {"created_at": "1646559236", "created_by_id": "7513990", "name": "scp-172", "rating_vote": "3", "rating": "3", "tags": ["en", "euclid", "scp", "\u4eba\u5f62", "\u611f\u77e5\u529b", "\u6a5f\u5668\u4eba", "\u767c\u689d", "\u7ffb\u8b6f"]}, {"created_at": "1646561848", "created_by_id": "6952002", "name": "one-night-four-broken-hearts-in-12", "rating_vote": "19", "rating": "19", "tags": ["zh\u6025\u8feb\u7af6\u8cfd2022", "\u539f\u5275", "\u6545\u4e8b", "\u6b61\u6a02\u57fa\u91d1\u6703", "\u74f6\u4e2d\u8239"]}, {"created_at": "1646565735", "created_by_id": "5415046", "name": "scp-zh-466", "rating_vote": "15", "rating": "15", "tags": ["2020\u6500\u722c\u91d1\u5b57\u5854", "safe", "scp", "zh\u6025\u8feb\u7af6\u8cfd2022", "\u539f\u5275"]}, {"created_at": "1646568025", "created_by_id": "6217438", "name": "scp-6445", "rating_vote": "9", "rating": "9", "tags": ["en", "en-\u90e8\u9580\u7af6\u8cfd2022", "meta", "scp", "\u5730\u9ede", "\u6982\u5ff5", "\u6a5f\u5bc6\u5206\u7d1a", "\u7ffb\u8b6f", "\u8d85\u73fe\u5be6\u90e8", "\u8d85\u7dad\u5ea6"]}, {"created_at": "1646622719", "created_by_id": "6217438", "name": "scp-5145", "rating_vote": "9", "rating": "9", "tags": ["en", "euclid", "meta", "scp", "\u4eba\u5f62", "\u5171\u611f", "\u5c4d\u9ad4", "\u6982\u5ff5", "\u6e3e\u6c8c\u53cd\u53db\u8ecd", "\u7ffb\u8b6f", "\u8d85\u73fe\u5be6\u90e8"]}, {"created_at": "1646640339", "created_by_id": "4442284", "name": "scp-zh-448", "rating_vote": "15", "rating": "15", "tags": ["euclid", "scp", "site-zh-44", "zh\u6025\u8feb\u7af6\u8cfd2022", "\u4eba\u5f62", "\u502b\u7406\u59d4\u54e1\u6703", "\u539f\u5275", "\u53cd\u71b5", "\u57fa\u56e0", "\u62cb\u9234\u4eba"]}, {"created_at": "1646641473", "created_by_id": "6381244", "name": "scp-103", "rating_vote": "5", "rating": "5", "tags": ["en", "euclid", "scp", "\u4eba\u5f62", "\u5bc4\u751f\u6027", "\u611f\u77e5\u529b", "\u6d3b\u7269", "\u7ffb\u8b6f", "\u91cd\u5beb"]}, {"created_at": "1646651405", "created_by_id": "5435485", "name": "post-trauma", "rating_vote": "14", "rating": "14", "tags": ["site-zh-22", "zh\u6025\u8feb\u7af6\u8cfd2022", "\u502b\u7406\u59d4\u54e1\u6703", "\u539f\u5275", "\u6027", "\u6210\u4eba\u5167\u5bb9", "\u6545\u4e8b"]}, {"created_at": "1646652466", "created_by_id": "5338547", "name": "newandnewandnew", "rating_vote": "13", "rating": "13", "tags": ["zh\u6025\u8feb\u7af6\u8cfd2022", "\u539f\u5275", "\u6545\u4e8b", "\u822a\u6d77\u5b78"]}, {"created_at": "1646657397", "created_by_id": "5013754", "name": "zh-086-flower-torment", "rating_vote": "16", "rating": "16", "tags": ["zh\u6025\u8feb\u7af6\u8cfd2022", "\u539f\u5275", "\u6545\u4e8b"]}, {"created_at": "1646658007", "created_by_id": "7605593", "name": "scp-zh-930", "rating_vote": "21", "rating": "21", "tags": ["scp", "zh\u6025\u8feb\u7af6\u8cfd2022", "\u539f\u5275", "\u672c\u8cea\u4fc3\u52d5", "\u6982\u5ff5", "\u6a5f\u5bc6\u5206\u7d1a", "\u6b77\u53f2\u6027", "\u8a18\u61b6\u5f71\u97ff", "\u8ecd\u4e8b", "\u90fd\u7570\u90e8\u9580"]}, {"created_at": "1646662256", "created_by_id": "5413616", "name": "must-be-fake", "rating_vote": "17", "rating": "13", "tags": ["bales\u535a\u58eb", "site-zh-16", "sugoi\u535a\u58eb", "zh\u6025\u8feb\u7af6\u8cfd2022", "\u539f\u5275", "\u7814\u7a76\u54e1l.what"]}, {"created_at": "1646663420", "created_by_id": "6503482", "name": "scp-zh-179", "rating_vote": "15", "rating": "15", "tags": ["safe", "scp", "zh\u6025\u8feb\u7af6\u8cfd2022", "\u539f\u5275"]}, {"created_at": "1646666574", "created_by_id": "5237516", "name": "electronic-stary", "rating_vote": "15", "rating": "15", "tags": ["zh\u6025\u8feb\u7af6\u8cfd2022", "\u539f\u5275", "\u6545\u4e8b"]}, {"created_at": "1646667916", "created_by_id": "5956873", "name": "scp-zh-777", "rating_vote": "13", "rating": "13", "tags": ["scp", "thaumiel", "zh\u6025\u8feb\u7af6\u8cfd2022", "\u539f\u5275"]}]