[{"created_at": "1624114879", "created_by_id": "6369875", "name": "scp-tr-005", "rating_vote": "2", "rating": "2", "tags": ["safe", "scp", "tr", "\u6b66\u5668", "\u7cbe\u795e\u5f71\u97ff", "\u7ffb\u8b6f"]}, {"created_at": "1624177002", "created_by_id": "6369875", "name": "scp-042-fr", "rating_vote": "4", "rating": "4", "tags": ["fr", "keter", "k\u7d1a\u60c5\u666f", "scp", "\u5730\u9ede", "\u5efa\u7bc9", "\u6b77\u53f2\u6027", "\u7ffb\u8b6f", "\u96fb\u78c1"]}, {"created_at": "1624198913", "created_by_id": "5565302", "name": "scp-zh-115", "rating_vote": "14", "rating": "14", "tags": ["2020\u6500\u722c\u91d1\u5b57\u5854", "safe", "scp", "\u539f\u5275", "\u53cd\u7269\u7406\u5b9a\u5f8b", "\u6c23\u8c61", "\u97f3\u6a02\u6027"]}, {"created_at": "1624365665", "created_by_id": "4357011", "name": "scp-pl-166", "rating_vote": "4", "rating": "4", "tags": ["pl", "safe", "scp", "\u4e8c\u6b21\u7ffb\u8b6f", "\u5149\u7167\u5f71\u97ff", "\u5c4d\u9ad4", "\u6ce2\u862d\u7570\u5e38\u8548\u985e\u63a1\u6458\u5354\u6703", "\u6d3b\u7269", "\u7269\u7a2e", "\u771f\u83cc", "\u7ffb\u8b6f"]}, {"created_at": "1624366266", "created_by_id": "4357011", "name": "scp-713-ko", "rating_vote": "5", "rating": "5", "tags": ["ko", "ko-\u77ed\u6587\u7af6\u8cfd2018", "safe", "scp", "\u4e8c\u6b21\u7ffb\u8b6f", "\u4eba\u5f62", "\u611f\u77e5\u529b", "\u667a\u80fd", "\u7ffb\u8b6f", "\u8a18\u61b6\u5f71\u97ff", "\u98df\u7269"]}, {"created_at": "1624383111", "created_by_id": "5435485", "name": "scp-zh-620", "rating_vote": "16", "rating": "16", "tags": ["ain\u535a\u58eb", "k\u7d1a\u60c5\u666f", "scp", "site-zh-44", "surge\u535a\u58eb", "\u50b3\u67d3\u6027", "\u539f\u5275", "\u57fa\u56e0", "\u5fae\u89c0", "\u6709\u6a5f", "\u672a\u6536\u5bb9", "\u672c\u8cea\u4fc3\u52d5", "\u6a5f\u5bc6\u5206\u7d1a", "\u6b32\u8089\u6559", "\u6c11\u7570\u7f72", "\u7269\u7a2e", "\u751f\u7269\u5371\u5bb3", "\u751f\u7269\u6027", "\u75c5\u6bd2", "\u795e\u7d93\u6027", "\u8449\u51e1\u535a\u58eb", "\u9060\u5df1", "\u91ab\u5b78\u6027"]}, {"created_at": "1624412657", "created_by_id": "7073060", "name": "scp-zh-390", "rating_vote": "11", "rating": "9", "tags": ["scp", "site-zh-13", "\u539f\u5275", "\u672c\u8cea\u4fc3\u52d5", "\u6a5f\u5bc6\u5206\u7d1a", "\u7cbe\u795e\u5f71\u97ff"]}, {"created_at": "1624445129", "created_by_id": "5415046", "name": "scp-zh-410", "rating_vote": "16", "rating": "12", "tags": ["1998\u5e74", "2020\u6500\u722c\u91d1\u5b57\u5854", "euclid", "scp", "site-zh-02", "\u4e94\u89d2\u661f", "\u4eba\u9020\u7269\u54c1", "\u5168\u7403\u8d85\u81ea\u7136\u806f\u76df", "\u539f\u5275", "\u548c\u671d\u7fa9", "\u5bb9\u5668", "\u6c11\u7570\u7f72", "\u6c99\u7687\u5148\u77e5\u5354\u6703", "\u6d17\u8863\u90e8\u9580", "\u746a\u7d0d\u6148\u5584\u57fa\u91d1\u6703", "\u7b2c\u516b\u8655", "\u7e41\u5ee3", "\u81ea\u4e3b", "\u86c7\u4e4b\u624b", "\u8d85\u7dad\u5ea6", "\u9060\u5df1", "\u91d1\u5c6c", "\u9298\u6587", "\u96f6\u865f\u5c08\u968a"]}, {"created_at": "1624453666", "created_by_id": "4990678", "name": "myeongdoeartworks", "rating_vote": "3", "rating": "3", "tags": ["ko", "\u7ffb\u8b6f", "\u85dd\u8853\u4f5c\u54c1"]}, {"created_at": "1624538228", "created_by_id": "7320283", "name": "scp-061", "rating_vote": "1", "rating": "1", "tags": ["en", "safe", "scp", "\u57fa\u91d1\u6703\u88fd\u9020", "\u5f37\u8feb\u6027", "\u7cbe\u795e\u5f71\u97ff", "\u7ffb\u8b6f", "\u8072\u97f3"]}, {"created_at": "1624635625", "created_by_id": "4990678", "name": "malcha-s-artwork", "rating_vote": "1", "rating": "1", "tags": ["ko", "\u7ffb\u8b6f", "\u85dd\u8853\u4f5c\u54c1"]}, {"created_at": "1624638687", "created_by_id": "4990678", "name": "princesoap-artworks", "rating_vote": "3", "rating": "3", "tags": ["ko", "\u7ffb\u8b6f", "\u85dd\u8853\u4f5c\u54c1"]}, {"created_at": "1624693653", "created_by_id": "6348157", "name": "scp-3021", "rating_vote": "5", "rating": "5", "tags": ["en", "safe", "scp", "\u6982\u5ff5", "\u6a21\u56e0\u6548\u61c9", "\u7cbe\u795e\u5f71\u97ff", "\u7ffb\u8b6f", "\u8996\u89ba\u6027", "\u8a8d\u77e5\u5371\u5bb3", "\u91ab\u5b78\u6027"]}, {"created_at": "1624723099", "created_by_id": "6348157", "name": "scp-3908", "rating_vote": "7", "rating": "7", "tags": ["en", "euclid", "meta", "scp", "\u4eba\u5f62", "\u611f\u77e5\u529b", "\u667a\u80fd", "\u6d3b\u7269", "\u7ffb\u8b6f", "\u8cc7\u8a0a\u5371\u5bb3", "\u9006\u6a21\u56e0"]}, {"created_at": "1624728372", "created_by_id": "4990678", "name": "summer-contest-2021", "rating_vote": "13", "rating": "13", "tags": ["2021\u590f\u5b63\u7af6\u8cfd", "\u4e2d\u5fc3", "\u539f\u5275", "\u7af6\u8cfd"]}, {"created_at": "1624790867", "created_by_id": "7320283", "name": "scp-047", "rating_vote": "2", "rating": "2", "tags": ["en", "keter", "scp", "\u50b3\u67d3\u6027", "\u5bb9\u5668", "\u7ffb\u8b6f", "\u8b8a\u5f62"]}, {"created_at": "1624792243", "created_by_id": "6348157", "name": "broken-masquerade-hub", "rating_vote": "4", "rating": "4", "tags": ["en", "en-\u65b0\u5e74\u7af6\u8cfd2013", "\u4e2d\u5fc3", "\u5408\u4f5c", "\u6bc0\u58de\u5047\u9762", "\u7ffb\u8b6f", "\u91cd\u5beb"]}, {"created_at": "1624801778", "created_by_id": "3981670", "name": "scp-zh-576", "rating_vote": "11", "rating": "11", "tags": ["safe", "scp", "\u4eba\u9020\u7269\u54c1", "\u539f\u5275", "\u5f37\u8feb\u6027", "\u6587\u737b", "\u690d\u7269", "\u91cd\u5beb"]}, {"created_at": "1624887985", "created_by_id": "4990678", "name": "ouka-artwork-7", "rating_vote": "2", "rating": "2", "tags": ["jp", "\u7ffb\u8b6f", "\u85dd\u8853\u4f5c\u54c1"]}, {"created_at": "1624893720", "created_by_id": "6348157", "name": "site-17-hub", "rating_vote": "6", "rating": "6", "tags": ["en", "\u4e2d\u5fc3", "\u6df1\u4e95\u76ee\u9304", "\u7ffb\u8b6f"]}]