[{"created_at": "1588445928", "created_by_id": "5255954", "name": "scp-1007-ru", "rating_vote": "2", "rating": "2", "tags": ["keter", "ru", "scp", "\u751f\u7269\u5371\u5bb3", "\u75c5\u6bd2", "\u7ffb\u8b6f"]}, {"created_at": "1588481764", "created_by_id": "5653267", "name": "sh-zh174", "rating_vote": "9", "rating": "7", "tags": ["goi\u683c\u5f0f", "\u539f\u5275", "\u86c7\u4e4b\u624b"]}, {"created_at": "1588508581", "created_by_id": "5334590", "name": "borage", "rating_vote": "13", "rating": "11", "tags": ["bales\u535a\u58eb", "site-zh-16", "\u539f\u5275", "\u6545\u4e8b", "\u7814\u7a76\u54e1l.what"]}, {"created_at": "1588518384", "created_by_id": "5653267", "name": "sh-alexei", "rating_vote": "7", "rating": "7", "tags": ["goi\u683c\u5f0f", "\u539f\u5275", "\u5408\u8457", "\u6c99\u7687\u5148\u77e5\u5354\u6703", "\u86c7\u4e4b\u624b"]}, {"created_at": "1588519885", "created_by_id": "6381244", "name": "scp-2599", "rating_vote": "3", "rating": "3", "tags": ["en", "euclid", "scp", "\u4eba\u5f62", "\u53cd\u71b5", "\u5f37\u8feb\u6027", "\u5ff5\u529b", "\u611f\u77e5\u529b", "\u667a\u80fd", "\u672c\u8cea\u4fc3\u52d5", "\u6a5f\u7387\u6027", "\u6d3b\u7269", "\u7ffb\u8b6f", "\u807d\u89ba\u5f71\u97ff", "\u8b8a\u5f62"]}, {"created_at": "1588520577", "created_by_id": "5604919", "name": "scp-4330", "rating_vote": "4", "rating": "4", "tags": ["en", "keter", "scp", "\u5168\u7403\u8d85\u81ea\u7136\u806f\u76df", "\u672a\u6536\u5bb9", "\u7ffb\u8b6f", "\u8072\u97f3"]}, {"created_at": "1588528869", "created_by_id": "5255954", "name": "list-of-foundation-s-internal-departments", "rating_vote": "12", "rating": "12", "tags": ["ru", "\u7ffb\u8b6f", "\u8cc7\u6e90"]}, {"created_at": "1588570630", "created_by_id": "3981670", "name": "scp-033", "rating_vote": "7", "rating": "7", "tags": ["en", "euclid", "scp", "\u6578\u5b78\u6027", "\u7ffb\u8b6f", "\u81ea\u6211\u8907\u88fd"]}, {"created_at": "1588579198", "created_by_id": "5334590", "name": "scp-939", "rating_vote": "3", "rating": "3", "tags": ["en", "keter", "scp", "\u5408\u8457", "\u591c\u9593\u6d3b\u52d5", "\u63a0\u98df\u6027", "\u7ffb\u8b6f", "\u807d\u89ba\u5f71\u97ff"]}, {"created_at": "1588593400", "created_by_id": "5325850", "name": "scp-2316", "rating_vote": "13", "rating": "13", "tags": ["1976\u5e74\u73ed", "en", "keter", "meta", "scp", "\u5730\u9ede", "\u5c4d\u9ad4", "\u7cbe\u795e\u5f71\u97ff", "\u7ffb\u8b6f", "\u8702\u5de2\u601d\u7dad", "\u8996\u89ba\u6027", "\u8a8d\u77e5\u5371\u5bb3"]}, {"created_at": "1588597173", "created_by_id": "5013754", "name": "rusted-nightmares", "rating_vote": "2", "rating": "2", "tags": ["en", "\u6545\u4e8b", "\u7ffb\u8b6f"]}, {"created_at": "1588597936", "created_by_id": "5013754", "name": "scp-455", "rating_vote": "2", "rating": "2", "tags": ["en", "euclid", "scp", "\u6642\u7a7a", "\u6c34\u68f2", "\u7ffb\u8b6f", "\u8a8d\u77e5\u5371\u5bb3", "\u8f09\u5177", "\u91d1\u5c6c"]}, {"created_at": "1588608558", "created_by_id": "5604919", "name": "scp-2196", "rating_vote": "1", "rating": "1", "tags": ["en", "en-\u77ed\u6587\u7af6\u8cfd2015", "safe", "scp", "\u5149\u7167\u5f71\u97ff", "\u653e\u5c04\u6027", "\u6a21\u56e0\u6548\u61c9", "\u7ffb\u8b6f", "\u86c7\u4e4b\u624b", "\u8996\u89ba\u6027", "\u8a8d\u77e5\u5371\u5bb3", "\u96d5\u523b"]}, {"created_at": "1588610226", "created_by_id": "3979351", "name": "scp-779-ko", "rating_vote": "3", "rating": "3", "tags": ["ko", "meta", "scp", "\u4e8c\u6b21\u7ffb\u8b6f", "\u5f37\u8feb\u6027", "\u6a5f\u5bc6\u5206\u7d1a", "\u7ffb\u8b6f", "\u8cc7\u8a0a\u5371\u5bb3"]}, {"created_at": "1588743496", "created_by_id": "5604919", "name": "scp-2179", "rating_vote": "2", "rating": "2", "tags": ["en", "euclid", "scp", "\u4eba\u9020\u7269\u54c1", "\u6a5f\u68b0", "\u7ffb\u8b6f", "\u81ea\u4e3b", "\u9810\u6e2c\u6027"]}, {"created_at": "1588747146", "created_by_id": "5604919", "name": "k1s10r0d-oil-painting-on-the-wall", "rating_vote": "13", "rating": "13", "tags": ["kris\u535a\u58eb", "\u539f\u5275", "\u85dd\u8853\u4f5c\u54c1"]}, {"created_at": "1588750049", "created_by_id": "3979351", "name": "report-of-hk-vn-history", "rating_vote": "10", "rating": "10", "tags": ["site-zh-25", "\u5168\u7403\u8d85\u81ea\u7136\u806f\u76df", "\u539f\u5275", "\u6545\u4e8b", "\u65b0\u8336\u5dba", "\u666e\u7f85\u7c73\u4fee\u65af\u5be6\u9a57\u5ba4", "\u6975\u51b7\u6230", "\u82f1\u570b\u795e\u79d8\u60c5\u5831\u5c40", "\u96f6\u865f\u5c08\u968a"]}, {"created_at": "1588769519", "created_by_id": "5604919", "name": "3-mr-money", "rating_vote": "2", "rating": "2", "tags": ["en", "wondertainment\u535a\u58eb", "\u5408\u4f5c", "\u5c0f\u5c0f\u5148\u751f", "\u6536\u85cf\u5bb6\u6545\u4e8b", "\u7ffb\u8b6f"]}, {"created_at": "1588771676", "created_by_id": "4357011", "name": "larue-post-bang", "rating_vote": "2", "rating": "2", "tags": ["en", "goi\u683c\u5f0f", "\u7570\u4eba\u8857", "\u7ffb\u8b6f"]}, {"created_at": "1588771895", "created_by_id": "4357011", "name": "nancy-shoe", "rating_vote": "4", "rating": "4", "tags": ["en", "goi\u683c\u5f0f", "\u7570\u4eba\u8857", "\u7ffb\u8b6f"]}]