[{"created_at": "1647821998", "created_by_id": "6348157", "name": "one-last-ride", "rating_vote": "2", "rating": "2", "tags": ["en", "\u6545\u4e8b", "\u7ffb\u8b6f"]}, {"created_at": "1647829053", "created_by_id": "5334590", "name": "scp-185", "rating_vote": "3", "rating": "3", "tags": ["en", "safe", "scp", "\u4e0d\u53ef\u6467\u6bc0", "\u6642\u9593\u5f71\u97ff", "\u7ffb\u8b6f", "\u8072\u97f3", "\u901a\u8a0a", "\u96fb\u5b50"]}, {"created_at": "1647870326", "created_by_id": "5415046", "name": "scp-504", "rating_vote": "8", "rating": "8", "tags": ["en", "safe", "scp", "\u690d\u7269", "\u6d3b\u7269", "\u7269\u7a2e", "\u7570\u5e38\u79fb\u52d5", "\u7ffb\u8b6f", "\u807d\u89ba\u5f71\u97ff"]}, {"created_at": "1647880569", "created_by_id": "5334590", "name": "scp-187", "rating_vote": "1", "rating": "1", "tags": ["en", "safe", "scp", "\u4eba\u5f62", "\u611f\u77e5\u529b", "\u667a\u80fd", "\u6d3b\u7269", "\u7ffb\u8b6f", "\u8996\u89ba\u6027", "\u9810\u6e2c\u6027"]}, {"created_at": "1647888604", "created_by_id": "5334590", "name": "scp-188", "rating_vote": "1", "rating": "1", "tags": ["en", "safe", "scp", "\u5ff5\u529b", "\u6578\u5b78\u6027", "\u7ffb\u8b6f", "\u81ea\u4e3b", "\u85dd\u8853\u6027", "\u91d1\u5c6c"]}, {"created_at": "1647893521", "created_by_id": "5334590", "name": "scp-189", "rating_vote": "2", "rating": "0", "tags": ["en", "safe", "scp", "\u5bc4\u751f\u6027", "\u6d3b\u7269", "\u7121\u810a\u690e\u52d5\u7269", "\u7ffb\u8b6f", "\u8815\u87f2"]}, {"created_at": "1647926282", "created_by_id": "6381244", "name": "scp-124", "rating_vote": "1", "rating": "1", "tags": ["en", "euclid", "scp", "\u6709\u6a5f", "\u751f\u7269\u6027", "\u7ffb\u8b6f", "\u8b8a\u5f62"]}, {"created_at": "1647940442", "created_by_id": "5334590", "name": "scp-190", "rating_vote": "2", "rating": "2", "tags": ["en", "safe", "scp", "\u53cd\u71b5", "\u5bb9\u5668", "\u6728\u8cea", "\u73a9\u5177", "\u7cbe\u795e\u5f71\u97ff", "\u7ffb\u8b6f", "\u8a8d\u77e5\u5371\u5bb3", "\u8d6b\u66fc-\u5bcc\u52d2", "\u91cd\u5beb", "\u96d5\u523b"]}, {"created_at": "1647954442", "created_by_id": "3981670", "name": "scp-996", "rating_vote": "3", "rating": "3", "tags": ["en", "euclid", "scp", "\u4e0d\u53ef\u6467\u6bc0", "\u4eba\u9020\u7269\u54c1", "\u53cd\u7269\u7406\u5b9a\u5f8b", "\u6642\u7a7a", "\u7ffb\u8b6f"]}, {"created_at": "1647971965", "created_by_id": "5334590", "name": "scp-191", "rating_vote": "3", "rating": "3", "tags": ["en", "glass\u535a\u58eb", "safe", "scp", "\u4eba\u5f62", "\u5408\u8457", "\u611f\u77e5\u529b", "\u667a\u80fd", "\u7ffb\u8b6f", "\u96fb\u8166"]}, {"created_at": "1647997608", "created_by_id": "6217438", "name": "secure-facilities-locations", "rating_vote": "5", "rating": "5", "tags": ["en", "\u4e2d\u5fc3", "\u5408\u4f5c", "\u5408\u8457", "\u5fc3\u5f97", "\u7ffb\u8b6f", "\u91cd\u5beb"]}, {"created_at": "1648034583", "created_by_id": "7913186", "name": "scp-zh-116", "rating_vote": "9", "rating": "7", "tags": ["safe", "scp", "\u4eba\u9020\u7269\u54c1", "\u539f\u5275", "\u8a9e\u8a00", "\u8b8a\u5f62"]}, {"created_at": "1648308834", "created_by_id": "3423434", "name": "scp-084", "rating_vote": "2", "rating": "2", "tags": ["en", "euclid", "scp", "\u653e\u5c04\u6027", "\u6642\u7a7a", "\u7d50\u69cb\u7269", "\u7ffb\u8b6f"]}, {"created_at": "1648309078", "created_by_id": "3423434", "name": "084-a4", "rating_vote": "2", "rating": "2", "tags": ["en", "\u7ffb\u8b6f", "\u9644\u52a0\u8cc7\u6599"]}, {"created_at": "1648347272", "created_by_id": "4990678", "name": "scp-762", "rating_vote": "2", "rating": "2", "tags": ["en", "safe", "scp", "\u5de5\u5177", "\u7ffb\u8b6f", "\u91d1\u5c6c"]}, {"created_at": "1648359349", "created_by_id": "3981670", "name": "scp-983", "rating_vote": "1", "rating": "1", "tags": ["en", "safe", "scp", "\u53cd\u71b5", "\u6642\u9593\u5f71\u97ff", "\u733f\u985e", "\u73a9\u5177", "\u7ffb\u8b6f", "\u81ea\u4e3b", "\u8b8a\u5f62", "\u98df\u7269"]}, {"created_at": "1648361519", "created_by_id": "5435485", "name": "scp-107", "rating_vote": "3", "rating": "3", "tags": ["en", "safe", "scp", "\u53cd\u71b5", "\u6709\u6a5f", "\u6c23\u8c61", "\u7ffb\u8b6f", "\u9aa8\u9abc"]}, {"created_at": "1648364602", "created_by_id": "5334590", "name": "scp-193", "rating_vote": "2", "rating": "2", "tags": ["en", "safe", "scp", "\u5bb9\u5668", "\u6d3b\u7269", "\u7121\u810a\u690e\u52d5\u7269", "\u7ffb\u8b6f"]}, {"created_at": "1648391135", "created_by_id": "5435485", "name": "romiamiad-ni-cidal", "rating_vote": "17", "rating": "17", "tags": ["site-zh-44", "\u539f\u5275", "\u53f0\u7063\u539f\u4f4f\u6c11", "\u6545\u4e8b"]}, {"created_at": "1648428055", "created_by_id": "5415046", "name": "avoid-the-blackbox", "rating_vote": "10", "rating": "10", "tags": ["en", "\u6307\u5357", "\u7ffb\u8b6f"]}]