[{"created_at": "1628825129", "created_by_id": "7073060", "name": "asmr-by-dado", "rating_vote": "7", "rating": "7", "tags": ["dado", "en", "\u5f71\u7247", "\u6545\u4e8b", "\u7ffb\u8b6f"]}, {"created_at": "1628843984", "created_by_id": "6503482", "name": "cimmerian-kaktus-proposal", "rating_vote": "10", "rating": "10", "tags": ["en", "scp", "\u4eba\u5f62", "\u5408\u8457", "\u611f\u77e5\u529b", "\u641e\u7b11", "\u667a\u80fd", "\u672a\u6536\u5bb9", "\u6a5f\u5bc6\u5206\u7d1a", "\u7ffb\u8b6f", "\u8ca8\u5e63", "\u97f3\u983b"]}, {"created_at": "1628867535", "created_by_id": "5842934", "name": "scp-zh-197", "rating_vote": "9", "rating": "9", "tags": ["2021\u590f\u5b63\u7af6\u8cfd", "safe", "scp", "\u4eba\u5f62", "\u539f\u5275", "\u5e7b\u89ba", "\u611f\u77e5\u529b", "\u672c\u8cea\u4fc3\u52d5", "\u751f\u7269\u6027"]}, {"created_at": "1628872543", "created_by_id": "4990678", "name": "ouka-artwork-5", "rating_vote": "4", "rating": "4", "tags": ["jp", "\u7ffb\u8b6f", "\u85dd\u8853\u4f5c\u54c1"]}, {"created_at": "1628874017", "created_by_id": "4990678", "name": "ouka-artwork-1", "rating_vote": "2", "rating": "2", "tags": ["jp", "\u7ffb\u8b6f", "\u85dd\u8853\u4f5c\u54c1"]}, {"created_at": "1628874541", "created_by_id": "4990678", "name": "ouka-artwork-3", "rating_vote": "5", "rating": "5", "tags": ["jp", "\u7ffb\u8b6f", "\u85dd\u8853\u4f5c\u54c1"]}, {"created_at": "1628917416", "created_by_id": "5565302", "name": "scp-zh-039", "rating_vote": "11", "rating": "9", "tags": ["2021\u590f\u5b63\u7af6\u8cfd", "keter", "scp", "\u4e0d\u53ef\u79fb\u52d5", "\u4eba\u9020\u7269\u54c1", "\u539f\u5275", "\u690d\u7269", "\u6a39\u6728", "\u6d17\u8863\u90e8\u9580", "\u8863\u7269"]}, {"created_at": "1629012314", "created_by_id": "4239775", "name": "old-cat-travel-2", "rating_vote": "7", "rating": "7", "tags": ["apoyn\u535a\u58eb", "semibreve\u535a\u58eb", "site-zh-25", "\u539f\u5275", "\u5f35\u9053\u58eb", "\u6545\u4e8b", "\u7b2c\u516b\u8655"]}, {"created_at": "1629119499", "created_by_id": "5435485", "name": "scp-1302-jp", "rating_vote": "5", "rating": "5", "tags": ["jp", "safe", "scp", "\u4e0d\u53ef\u6467\u6bc0", "\u4e0d\u53ef\u79fb\u52d5", "\u4e8c\u6b21\u7ffb\u8b6f", "\u7ffb\u8b6f"]}, {"created_at": "1629123214", "created_by_id": "USER_DELETED", "name": "can-anyone-explain-it", "rating_vote": "15", "rating": "15", "tags": ["2021\u590f\u5b63\u7af6\u8cfd", "\u539f\u5275", "\u6545\u4e8b", "\u7570\u8996\u7dad\u57fa"]}, {"created_at": "1629125892", "created_by_id": "5013754", "name": "scp-zh-220", "rating_vote": "19", "rating": "19", "tags": ["2021\u590f\u5b63\u7af6\u8cfd", "safe", "scp", "\u4eba\u9020\u7269\u54c1", "\u539f\u5275", "\u5efa\u7bc9\u7269", "\u8a8d\u77e5\u5371\u5bb3", "\u8aa4\u50b3\u90e8"]}, {"created_at": "1629208264", "created_by_id": "5325850", "name": "scp-zh-969", "rating_vote": "15", "rating": "15", "tags": ["2021\u590f\u5b63\u7af6\u8cfd", "euclid", "scp", "site-zh-12", "\u4e0d\u53ef\u6467\u6bc0", "\u4eba\u5f62", "\u4eba\u9020\u7269\u54c1", "\u539f\u5275", "\u984c\u5beb"]}, {"created_at": "1629262687", "created_by_id": "5334590", "name": "what-the-fuck", "rating_vote": "24", "rating": "24", "tags": ["2020\u6500\u722c\u91d1\u5b57\u5854", "2021\u590f\u5b63\u7af6\u8cfd", "\u4e0d\u6ec5\u5b7d\u8725", "\u4e9e\u4f2f", "\u4f54\u64da\u9762\u5177", "\u539f\u5275", "\u5408\u8457", "\u5851\u50cf173", "\u6545\u4e8b", "\u761f\u75ab\u91ab\u751f", "\u7f9e\u6f80\u7684\u4eba"]}, {"created_at": "1629276910", "created_by_id": "3981670", "name": "scp-zh-796", "rating_vote": "10", "rating": "10", "tags": ["2021\u590f\u5b63\u7af6\u8cfd", "euclid", "scp", "site-zh-02", "\u539f\u5275", "\u6575\u610f", "\u6982\u5ff5", "\u6a21\u56e0\u6548\u61c9", "\u8a8d\u77e5\u5371\u5bb3", "\u8cc7\u8a0a\u5371\u5bb3"]}, {"created_at": "1629289012", "created_by_id": "5415046", "name": "scp-zh-991", "rating_vote": "12", "rating": "12", "tags": ["2021\u590f\u5b63\u7af6\u8cfd", "keter", "scp", "\u4eba\u5f62", "\u50b3\u67d3\u6027", "\u539f\u5275", "\u53cd\u71b5", "\u55c5\u89ba\u5f71\u97ff", "\u6027", "\u6210\u4eba\u5167\u5bb9", "\u6210\u766e\u6027", "\u667a\u80fd", "\u6d3b\u7269", "\u795e\u7d93\u6027", "\u7cbe\u795e\u5f71\u97ff", "\u81ea\u6211\u4fee\u5fa9", "\u8d85\u7dad\u5ea6", "\u91cd\u65b0\u5c0e\u5411"]}, {"created_at": "1629351597", "created_by_id": "5956873", "name": "in-the-quotation", "rating_vote": "13", "rating": "13", "tags": ["2021\u590f\u5b63\u7af6\u8cfd", "\u539f\u5275", "\u6545\u4e8b", "\u7329\u7d05\u4e4b\u738b"]}, {"created_at": "1629429864", "created_by_id": "4239775", "name": "end-of-heavy-snow", "rating_vote": "10", "rating": "10", "tags": ["2021\u590f\u5b63\u7af6\u8cfd", "site-zh-50", "site-zh-81", "\u539f\u5275", "\u6545\u4e8b", "\u7b2c\u516b\u8655", "\u822a\u6d77\u5b78"]}, {"created_at": "1629467955", "created_by_id": "4990678", "name": "tanishiart1", "rating_vote": "4", "rating": "4", "tags": ["jp", "\u7ffb\u8b6f", "\u85dd\u8853\u4f5c\u54c1"]}, {"created_at": "1629468547", "created_by_id": "4990678", "name": "tanishiart2", "rating_vote": "1", "rating": "1", "tags": ["jp", "\u4e0d\u6ec5\u5b7d\u8725", "\u7ffb\u8b6f", "\u85dd\u8853\u4f5c\u54c1"]}, {"created_at": "1629470341", "created_by_id": "4990678", "name": "diving-to-the-scp-169", "rating_vote": "1", "rating": "1", "tags": ["jp", "jp-2016\u63d2\u5716\u5927\u8cfda", "\u7ffb\u8b6f", "\u85dd\u8853\u4f5c\u54c1"]}]