[{"created_at": "1593712413", "created_by_id": "4990678", "name": "shopping-arcade", "rating_vote": "21", "rating": "21", "tags": ["\u4e09\u57a3", "\u4e2d\u5fc3", "\u539f\u5275", "\u5730\u4e0b\u8857"]}, {"created_at": "1593747771", "created_by_id": "3981670", "name": "where-have-you-been-all-my-life", "rating_vote": "3", "rating": "3", "tags": ["en", "marion-wheeler", "\u6545\u4e8b", "\u7ffb\u8b6f"]}, {"created_at": "1593780173", "created_by_id": "4128767", "name": "lie-dream-not-hero", "rating_vote": "4", "rating": "4", "tags": ["jp", "\u5922\u898b\u79d1\u6280", "\u6545\u4e8b", "\u6b7b\u4ea1\u7d42\u4e86", "\u7ffb\u8b6f"]}, {"created_at": "1593788317", "created_by_id": "5325850", "name": "he-hadnt-faded-away", "rating_vote": "9", "rating": "9", "tags": ["ad\u535a\u58eb", "site-zh-12", "\u539f\u5275", "\u6545\u4e8b"]}, {"created_at": "1593848773", "created_by_id": "3981670", "name": "zeroth-impression", "rating_vote": "7", "rating": "7", "tags": ["\u539f\u5275", "\u6545\u4e8b"]}, {"created_at": "1593855199", "created_by_id": "3979351", "name": "scp-3695", "rating_vote": "3", "rating": "3", "tags": ["en", "en-\u6025\u8feb\u7af6\u8cfd2018", "safe", "scp", "\u5c4d\u9ad4", "\u6728\u8cea", "\u6c34\u68f2", "\u7ffb\u8b6f", "\u81ea\u4e3b"]}, {"created_at": "1593945178", "created_by_id": "5653267", "name": "sh-cat-claw-punch-shark", "rating_vote": "9", "rating": "9", "tags": ["2020\u6500\u722c\u91d1\u5b57\u5854", "goi\u683c\u5f0f", "\u539f\u5275", "\u6bc6\u6253\u9bca\u9b5a\u4e2d\u5fc3", "\u86c7\u4e4b\u624b"]}, {"created_at": "1593946398", "created_by_id": "3979351", "name": "scp-686", "rating_vote": "2", "rating": "2", "tags": ["en", "safe", "scp", "\u50b3\u67d3\u6027", "\u6db2\u9ad4", "\u751f\u7269\u5371\u5bb3", "\u7ffb\u8b6f", "\u8b8a\u5f62", "\u98df\u7269"]}, {"created_at": "1593948465", "created_by_id": "5062193", "name": "scp-2021", "rating_vote": "4", "rating": "4", "tags": ["en", "safe", "scp", "\u4eba\u9020\u7269\u54c1", "\u6642\u7a7a", "\u7ffb\u8b6f"]}, {"created_at": "1593963559", "created_by_id": "5415046", "name": "scp-2048-jp", "rating_vote": "10", "rating": "8", "tags": ["jp", "safe", "scp", "\u6578\u5b78\u6027", "\u6a5f\u7387\u6027", "\u7ffb\u8b6f", "\u8ca8\u5e63", "\u91d1\u5c6c"]}, {"created_at": "1594044603", "created_by_id": "5415046", "name": "blue-2013", "rating_vote": "16", "rating": "16", "tags": ["alagadda", "goi\u683c\u5f0f", "jp", "scp-210-jp", "\u5a01\u723e\u905c\u751f\u7269\u61c9\u5c0d\u7d44", "\u5b87\u559c\u7530\u535a\u58eb", "\u6200\u660f\u5d0e", "\u6200\u660f\u5d0e\u65b0\u805e\u793e", "\u65e5\u5949\u4e00\u65cf", "\u6851\u540d\u535a\u58eb", "\u6d17\u8863\u90e8\u9580", "\u7570\u5b78\u6703", "\u767d\u5b50\u535a\u58eb", "\u7ffb\u8b6f", "\u8490\u96c6\u9662", "\u8d85\u5de5\u5bb6\u96fb", "\u9060\u91ce\u5996\u602a\u4fdd\u8b77\u5340"]}, {"created_at": "1594099416", "created_by_id": "3981670", "name": "at-that-day-you-still-wish-me-a-good-dream", "rating_vote": "23", "rating": "23", "tags": ["\u539f\u5275", "\u5c55\u51fa", "\u6545\u4e8b"]}, {"created_at": "1594103127", "created_by_id": "6624692", "name": "aaaa-zh", "rating_vote": "8", "rating": "8", "tags": ["bright\u535a\u58eb", "\u539f\u5275", "\u85dd\u8853\u4f5c\u54c1"]}, {"created_at": "1594122823", "created_by_id": "5415046", "name": "scp-zh-628", "rating_vote": "13", "rating": "11", "tags": ["2020\u6500\u722c\u91d1\u5b57\u5854", "safe", "scp", "site-zh-44", "\u52d5\u7269", "\u539f\u5275", "\u5ff5\u529b", "\u9060\u5df1"]}, {"created_at": "1594124758", "created_by_id": "5684299", "name": "numbering-p-5363", "rating_vote": "7", "rating": "7", "tags": ["\u539f\u5275", "\u5929\u5df2\u5802", "\u6545\u4e8b"]}, {"created_at": "1594216274", "created_by_id": "3981670", "name": "scp-zh-471", "rating_vote": "8", "rating": "8", "tags": ["keter", "scp", "site-zh-44", "\u5316\u5b78\u6027", "\u539f\u5275", "\u6575\u610f", "\u6606\u87f2", "\u672a\u6536\u5bb9", "\u6bd2\u6027", "\u6d3b\u7269", "\u751f\u7269\u5371\u5bb3", "\u7bc0\u80a2\u52d5\u7269", "\u7cbe\u795e\u5f71\u97ff", "\u9006\u6a21\u56e0"]}, {"created_at": "1594218754", "created_by_id": "5956873", "name": "eclipse-absence", "rating_vote": "8", "rating": "8", "tags": ["chrome", "site-zh-88", "\u539f\u5275", "\u5730\u4e0b\u8857", "\u6545\u4e8b"]}, {"created_at": "1594222697", "created_by_id": "5454699", "name": "researcher-hg-s-svg-art-part1", "rating_vote": "14", "rating": "14", "tags": ["\u539f\u5275", "\u85dd\u8853\u4f5c\u54c1"]}, {"created_at": "1594273517", "created_by_id": "6624692", "name": "scp-zh-art", "rating_vote": "9", "rating": "9", "tags": ["\u539f\u5275", "\u85dd\u8853\u4f5c\u54c1", "\u8c93\u54aa"]}, {"created_at": "1594279391", "created_by_id": "3981670", "name": "scp-scp-033", "rating_vote": "4", "rating": "4", "tags": ["en", "marion-wheeler", "\u6545\u4e8b", "\u7ffb\u8b6f"]}]