[{"created_at": "1621164563", "created_by_id": "6952002", "name": "v1l3-j-burning-calories", "rating_vote": "11", "rating": "11", "tags": ["ctrl-z\u535a\u58eb", "kris\u535a\u58eb", "\u539f\u5275", "\u6210\u4eba\u5167\u5bb9", "\u6545\u4e8b", "\u91cd\u65b0\u5c0e\u5411"]}, {"created_at": "1621173014", "created_by_id": "5325850", "name": "art-for-3002", "rating_vote": "10", "rating": "10", "tags": ["\u539f\u5275", "\u85dd\u8853\u4f5c\u54c1"]}, {"created_at": "1621178746", "created_by_id": "4990678", "name": "transfer-challenge-zh", "rating_vote": "7", "rating": "7", "tags": ["\u4e2d\u5fc3", "\u539f\u5275", "\u6311\u6230\u6d3b\u52d5"]}, {"created_at": "1621186381", "created_by_id": "5701756", "name": "nsb8-rl130", "rating_vote": "8", "rating": "8", "tags": ["goi\u683c\u5f0f", "\u539f\u5275", "\u6545\u4e8b", "\u7b2c\u516b\u8655"]}, {"created_at": "1621230112", "created_by_id": "5435485", "name": "samscript-scp-artwork", "rating_vote": "16", "rating": "16", "tags": ["\u539f\u5275", "\u85dd\u8853\u4f5c\u54c1"]}, {"created_at": "1621327190", "created_by_id": "5415046", "name": "scp-zh-527", "rating_vote": "14", "rating": "14", "tags": ["awcy", "ctrl-z\u535a\u58eb", "euclid", "scp", "\u4eba\u5f62", "\u539f\u5275", "\u6c11\u7570\u7f72", "\u7570\u8996\u7dad\u57fa", "\u9006\u6a21\u56e0"]}, {"created_at": "1621399624", "created_by_id": "4239775", "name": "talisman", "rating_vote": "14", "rating": "14", "tags": ["site-zh-50", "\u539f\u5275", "\u5c55\u51fa", "\u6545\u4e8b"]}, {"created_at": "1621429622", "created_by_id": "5435485", "name": "yuanji-hub", "rating_vote": "14", "rating": "14", "tags": ["\u4e2d\u5fc3", "\u539f\u5275", "\u9060\u5df1"]}, {"created_at": "1621468087", "created_by_id": "6217438", "name": "rounderhouse-proposal", "rating_vote": "14", "rating": "14", "tags": ["001\u63d0\u6848", "aktus\u4e3b\u4efb", "clef\u535a\u58eb", "django-bridge", "en", "gears\u535a\u58eb", "hy-brasil", "kain-pathos-crow", "lament\u7279\u5de5", "mann\u535a\u58eb", "moose\u4e3b\u4efb", "rights\u535a\u58eb", "safe", "scp", "thad-xyank", "\u5e7b\u89ba", "\u5efa\u7bc9\u7269", "\u5f97\u734e\u5c55\u51fa", "\u690d\u7269", "\u6a5f\u68b0", "\u6b66\u5668", "\u6b77\u53f2\u6027", "\u6bd2\u6027", "\u6d41\u6d6a\u8005\u5716\u66f8\u9928", "\u7f85\u68ee\u7814\u7a76\u54e1", "\u7ffb\u8b6f", "\u8d85\u7dad\u5ea6", "\u91ab\u5b78\u6027", "\u96d5\u523b", "\u96fb\u5b50", "\u98df\u7269"]}, {"created_at": "1621515195", "created_by_id": "4357011", "name": "scp-082-cs", "rating_vote": "3", "rating": "3", "tags": ["cs", "euclid", "scp", "\u4e8c\u6b21\u7ffb\u8b6f", "\u76f8\u562f\u9b54", "\u7ffb\u8b6f", "\u901a\u8a0a"]}, {"created_at": "1621519917", "created_by_id": "5435485", "name": "scp-zh-533", "rating_vote": "8", "rating": "8", "tags": ["keter", "scp", "\u539f\u5275", "\u591c\u9593\u6d3b\u52d5", "\u611f\u77e5\u529b", "\u6575\u610f", "\u6c11\u7570\u7f72", "\u81ea\u4e3b", "\u89c0\u5bdf\u5f71\u97ff", "\u8f09\u5177", "\u9006\u6a21\u56e0"]}, {"created_at": "1621551418", "created_by_id": "6217438", "name": "scp-4703", "rating_vote": "4", "rating": "4", "tags": ["en", "meta", "scp", "sheldon-katz", "\u5100\u5f0f\u6027", "\u516c\u53f8", "\u5b97\u6559", "\u5efa\u7bc9\u7269", "\u63a0\u98df\u6027", "\u6575\u610f", "\u6a5f\u5bc6\u5206\u7d1a", "\u7cbe\u795e\u5f71\u97ff", "\u7ffb\u8b6f", "\u8089\u98df\u6027", "\u9069\u61c9\u6027"]}, {"created_at": "1621554915", "created_by_id": "6217438", "name": "scp-5242", "rating_vote": "9", "rating": "9", "tags": ["en", "mcdoctorate\u535a\u58eb", "meta", "scp", "\u6a5f\u5bc6\u5206\u7d1a", "\u7121\u540d", "\u7ffb\u8b6f", "\u8aa4\u50b3\u90e8", "\u8cc7\u8a0a\u5371\u5bb3"]}, {"created_at": "1621606312", "created_by_id": "5435485", "name": "scp-zh-782", "rating_vote": "8", "rating": "8", "tags": ["euclid", "scp", "site-zh-44", "\u539f\u5275", "\u5fc3\u9748\u611f\u61c9", "\u6050\u9f8d", "\u611f\u77e5\u529b", "\u611f\u77e5\u5f71\u97ff", "\u667a\u80fd", "\u807d\u89ba\u5f71\u97ff", "\u89c0\u5bdf\u5f71\u97ff", "\u9060\u5df1", "\u9aa8\u9abc"]}, {"created_at": "1621607627", "created_by_id": "4990678", "name": "to-the-doctor", "rating_vote": "14", "rating": "12", "tags": ["\u539f\u5275", "\u53f0\u7063\u539f\u4f4f\u6c11", "\u6545\u4e8b", "\u65e5\u5949\u4e00\u65cf", "\u795e\u7570\u535a\u89bd\u6703"]}, {"created_at": "1621610315", "created_by_id": "4990678", "name": "illust-contest-dreamman", "rating_vote": "2", "rating": "2", "tags": ["jp", "jp-2016\u63d2\u5716\u5927\u8cfda", "\u7ffb\u8b6f", "\u85dd\u8853\u4f5c\u54c1"]}, {"created_at": "1621615879", "created_by_id": "4990678", "name": "minamo", "rating_vote": "1", "rating": "1", "tags": ["jp", "jp-2016\u63d2\u5716\u5927\u8cfda", "\u7ffb\u8b6f", "\u85dd\u8853\u4f5c\u54c1"]}, {"created_at": "1621676845", "created_by_id": "5415046", "name": "scp-zh-338", "rating_vote": "15", "rating": "15", "tags": ["safe", "scp", "\u4eba\u9020\u7269\u54c1", "\u539f\u5275", "\u6027", "\u6210\u4eba\u5167\u5bb9", "\u6a5f\u5668\u4eba", "\u6a5f\u68b0", "\u7279\u6b8a\u8ca8\u7269\u4e8b\u52d9\u59d4\u54e1\u6703", "\u751f\u6b96\u6027", "\u7cbe\u795e\u5f71\u97ff", "\u80a2\u9ad4", "\u91cd\u65b0\u5c0e\u5411", "\u91d1\u5c6c"]}, {"created_at": "1621677630", "created_by_id": "3981670", "name": "keter-duty", "rating_vote": "8", "rating": "8", "tags": ["001\u63d0\u6848", "en", "k\u7d1a\u60c5\u666f", "scp", "thaumiel", "the-administrator", "\u5408\u8457", "\u5730\u4e0b", "\u57fa\u91d1\u6703\u88fd\u9020", "\u5bb9\u5668", "\u5efa\u7bc9\u7269", "\u5faa\u74b0", "\u6096\u8ad6", "\u6642\u7a7a", "\u6b77\u53f2\u6027", "\u7ffb\u8b6f", "\u8d85\u7dad\u5ea6", "\u91cd\u5beb"]}, {"created_at": "1621698625", "created_by_id": "6369875", "name": "scp-5786", "rating_vote": "3", "rating": "3", "tags": ["en", "euclid", "scp", "\u4eba\u5f62", "\u5171\u611f", "\u611f\u77e5\u529b", "\u651d\u50cf", "\u667a\u80fd", "\u7121\u5f62", "\u7ffb\u8b6f"]}]