[{"created_at": "1632388805", "created_by_id": "6787405", "name": "thaumiel", "rating_vote": "3", "rating": "3", "tags": ["en", "\u4e2d\u5fc3", "\u7ffb\u8b6f", "\u96d9\u6975\u795e\u8a08\u756b"]}, {"created_at": "1632394322", "created_by_id": "6217438", "name": "project-paragon-hub", "rating_vote": "8", "rating": "8", "tags": ["en", "\u4e2d\u5fc3", "\u7ffb\u8b6f"]}, {"created_at": "1632406643", "created_by_id": "4990678", "name": "cut-of-little-r", "rating_vote": "4", "rating": "4", "tags": ["jp", "\u7ffb\u8b6f", "\u85dd\u8853\u4f5c\u54c1"]}, {"created_at": "1632407516", "created_by_id": "4990678", "name": "nue-artwork-kihaku", "rating_vote": "5", "rating": "5", "tags": ["jp", "\u7ffb\u8b6f", "\u85dd\u8853\u4f5c\u54c1", "\u9d7a-\u9f4b\u5bae"]}, {"created_at": "1632416473", "created_by_id": "7605593", "name": "scp-zh-776", "rating_vote": "14", "rating": "6", "tags": ["safe", "scp", "site-zh-25", "\u5149\u7167\u5f71\u97ff", "\u539f\u5275", "\u578b\u614b\u8b8a\u5316", "\u5f37\u8feb\u6027", "\u6b66\u5668", "\u7cbe\u795e\u5f71\u97ff", "\u8a18\u61b6\u5f71\u97ff", "\u984c\u5beb"]}, {"created_at": "1632416477", "created_by_id": "7605593", "name": "scp-209-jp", "rating_vote": "2", "rating": "2", "tags": ["jp", "safe", "scp", "\u6728\u8cea", "\u7cbe\u795e\u5f71\u97ff", "\u7ffb\u8b6f", "\u8996\u89ba\u6027", "\u89c0\u5bdf\u5f71\u97ff", "\u96d5\u50cf"]}, {"created_at": "1632416483", "created_by_id": "7605593", "name": "scp-1477-jp", "rating_vote": "3", "rating": "3", "tags": ["jp", "jp-\u4e09\u984c\u6545\u4e8b\u8a00\u9748\u7af6\u8cfd2021", "safe", "scp", "\u4e0d\u53ef\u79fb\u52d5", "\u5b97\u6559", "\u5efa\u7bc9\u7269", "\u7ffb\u8b6f"]}, {"created_at": "1632467018", "created_by_id": "6369875", "name": "scp-013-it", "rating_vote": "3", "rating": "1", "tags": ["it", "keter", "scp", "\u53cd\u71b5", "\u611f\u77e5\u529b", "\u6575\u610f", "\u667a\u80fd", "\u6c23\u8c61", "\u6c23\u9ad4", "\u7121\u5b9a\u5f62", "\u7a7a\u4e2d", "\u7ffb\u8b6f"]}, {"created_at": "1632470212", "created_by_id": "4990678", "name": "fan-guang-chemical-logo", "rating_vote": "10", "rating": "8", "tags": ["\u539f\u5275", "\u7e41\u5ee3", "\u85dd\u8853\u4f5c\u54c1"]}, {"created_at": "1632571612", "created_by_id": "7320283", "name": "lte-1903-orange-blaecca", "rating_vote": "7", "rating": "7", "tags": ["goi\u683c\u5f0f", "\u5168\u7403\u8d85\u81ea\u7136\u806f\u76df", "\u539f\u5275", "\u666e\u7f85\u7c73\u4fee\u65af\u5be6\u9a57\u5ba4"]}, {"created_at": "1632578688", "created_by_id": "5415046", "name": "serpent-s-hand-hub", "rating_vote": "7", "rating": "7", "tags": ["en", "en-goi2014", "\u4e2d\u5fc3", "\u7ffb\u8b6f", "\u86c7\u4e4b\u624b"]}, {"created_at": "1632583471", "created_by_id": "6952002", "name": "cck-class-copyright-infringement-lawsuit-scenario", "rating_vote": "15", "rating": "15", "tags": ["clef\u535a\u58eb", "en", "\u6545\u4e8b", "\u7ffb\u8b6f", "\u8de8\u754c\u8a08\u756b"]}, {"created_at": "1632702833", "created_by_id": "6217438", "name": "secure-facility-dossier-site-43", "rating_vote": "8", "rating": "8", "tags": ["en", "\u4e2d\u5fc3", "\u4fdd\u885b43", "\u7ad9\u9ede", "\u7ffb\u8b6f"]}, {"created_at": "1632755847", "created_by_id": "5415046", "name": "scp-2700", "rating_vote": "5", "rating": "3", "tags": ["en", "en-2000", "keter", "k\u7d1a\u60c5\u666f", "scp", "\u6642\u9593\u5f71\u97ff", "\u6a5f\u68b0", "\u6b66\u5668", "\u71b5", "\u7ffb\u8b6f", "\u96fb\u8166"]}, {"created_at": "1632822717", "created_by_id": "6217438", "name": "scp-6777", "rating_vote": "7", "rating": "7", "tags": ["en", "en-\u975e\u6b63\u5f0f\u8ff7\u56e0\u7af6\u8cfd2021", "keter", "scp", "\u4eba\u5f62", "\u5a92\u9ad4", "\u5b97\u6559", "\u611f\u77e5\u529b", "\u667a\u80fd", "\u672a\u6536\u5bb9", "\u7761\u7720", "\u7ffb\u8b6f"]}, {"created_at": "1632826824", "created_by_id": "4990678", "name": "rui-take-aw-6", "rating_vote": "3", "rating": "3", "tags": ["jp", "\u7ffb\u8b6f", "\u85dd\u8853\u4f5c\u54c1"]}, {"created_at": "1632878401", "created_by_id": "6369875", "name": "scp-ro-006", "rating_vote": "3", "rating": "3", "tags": ["euclid", "ro", "scp", "\u7ffb\u8b6f"]}, {"created_at": "1632976952", "created_by_id": "4990678", "name": "fushimi2", "rating_vote": "2", "rating": "2", "tags": ["jp", "\u7ffb\u8b6f", "\u85dd\u8853\u4f5c\u54c1"]}, {"created_at": "1632979582", "created_by_id": "4990678", "name": "fushimi1", "rating_vote": "2", "rating": "2", "tags": ["jp", "\u7ffb\u8b6f", "\u85dd\u8853\u4f5c\u54c1"]}, {"created_at": "1632987325", "created_by_id": "6217438", "name": "scp-5243", "rating_vote": "7", "rating": "7", "tags": ["en", "keter", "k\u7d1a\u60c5\u666f", "lillihammer\u535a\u58eb", "scp", "\u4fdd\u885b43", "\u5fa9\u6d3b", "\u5faa\u74b0", "\u6642\u7a7a", "\u7ffb\u8b6f", "\u8b8a\u5f62"]}]