[{"created_at": "1598633788", "created_by_id": "5334590", "name": "scp-036", "rating_vote": "3", "rating": "-3", "tags": ["en", "safe", "scp", "\u4eba\u5f62", "\u5730\u9ede", "\u5b97\u6559", "\u7ffb\u8b6f", "\u8f09\u5177"]}, {"created_at": "1598677391", "created_by_id": "5334590", "name": "scp-044", "rating_vote": "5", "rating": "5", "tags": ["en", "safe", "scp", "the-administrator", "\u53cd\u71b5", "\u6a5f\u68b0", "\u6b66\u5668", "\u7ffb\u8b6f", "\u8ecd\u4e8b"]}, {"created_at": "1598710866", "created_by_id": "5565302", "name": "scp-zh-282", "rating_vote": "21", "rating": "19", "tags": ["euclid", "scp", "site-zh-16", "\u4eba\u5f62", "\u539f\u5275", "\u611f\u77e5\u529b", "\u63a0\u98df\u6027", "\u8089\u98df\u6027"]}, {"created_at": "1598782713", "created_by_id": "5325850", "name": "hbd-to-vik", "rating_vote": "11", "rating": "11", "tags": ["\u539f\u5275", "\u85dd\u8853\u4f5c\u54c1"]}, {"created_at": "1598879450", "created_by_id": "5565302", "name": "scp-zh-147", "rating_vote": "18", "rating": "18", "tags": ["ctrl-z\u535a\u58eb", "hmfscp", "safe", "scp", "site-zh-12", "\u539f\u5275"]}, {"created_at": "1598886579", "created_by_id": "5255954", "name": "color-of-take-a-bow", "rating_vote": "15", "rating": "15", "tags": ["koschei.aic", "reverberate\u535a\u58eb", "site-zh-81", "\u539f\u5275", "\u6545\u4e8b", "\u822a\u6d77\u5b78"]}, {"created_at": "1598933956", "created_by_id": "4357011", "name": "scp-es-202", "rating_vote": "5", "rating": "5", "tags": ["awcy", "es", "es-200", "meta", "scp", "\u7834\u788e\u4e4b\u795e\u6559\u6703", "\u7ffb\u8b6f", "\u85dd\u8853\u6027", "\u96fb\u8166"]}, {"created_at": "1598940228", "created_by_id": "3981670", "name": "dead-fog", "rating_vote": "11", "rating": "11", "tags": ["apoyn\u535a\u58eb", "\u539f\u5275", "\u6545\u4e8b"]}, {"created_at": "1598949188", "created_by_id": "5413616", "name": "watermelon", "rating_vote": "9", "rating": "5", "tags": ["2020\u6500\u722c\u91d1\u5b57\u5854", "goi\u683c\u5f0f", "site-zh-13", "\u539f\u5275", "\u5a01\u723e\u905c\u751f\u7269\u61c9\u5c0d\u7d44"]}, {"created_at": "1598957200", "created_by_id": "5334590", "name": "scp-4342", "rating_vote": "6", "rating": "6", "tags": ["en", "k\u7d1a\u60c5\u666f", "safe", "scp", "\u502b\u7406\u59d4\u54e1\u6703", "\u5149\u7167\u5f71\u97ff", "\u5f37\u8feb\u6027", "\u611f\u77e5\u529b", "\u6587\u737b", "\u6982\u5ff5", "\u7acb\u65b9\u9ad4", "\u7ffb\u8b6f"]}, {"created_at": "1598963968", "created_by_id": "5013754", "name": "scp-zh-046", "rating_vote": "18", "rating": "18", "tags": ["ijamea", "scp", "site-zh-02", "\u4eba\u5f62", "\u539f\u5275", "\u5730\u9ede", "\u5efa\u7bc9\u7269", "\u5fc3\u9748\u611f\u61c9", "\u667a\u80fd", "\u7121\u6548\u5316", "\u795e\u7570\u535a\u89bd\u6703"]}, {"created_at": "1599080579", "created_by_id": "5206218", "name": "date-night", "rating_vote": "11", "rating": "11", "tags": ["clef\u535a\u58eb", "en", "gears\u535a\u58eb", "\u5851\u50cf173", "\u6545\u4e8b", "\u6b61\u6a02\u57fa\u91d1\u6703", "\u7ffb\u8b6f"]}, {"created_at": "1599093228", "created_by_id": "3979351", "name": "scp-3712", "rating_vote": "3", "rating": "3", "tags": ["en", "euclid", "scp", "\u4e0d\u53ef\u6467\u6bc0", "\u4eba\u5f62", "\u53cd\u71b5", "\u611f\u77e5\u5f71\u97ff", "\u6728\u8cea", "\u73a9\u5177", "\u7ffb\u8b6f", "\u807d\u89ba\u5f71\u97ff", "\u81ea\u4e3b", "\u8a8d\u77e5\u5371\u5bb3"]}, {"created_at": "1599137138", "created_by_id": "6503482", "name": "scp-5000-declassification", "rating_vote": "6", "rating": "6", "tags": ["en", "\u7528\u6236\u89e3\u5bc6", "\u7ffb\u8b6f"]}, {"created_at": "1599139705", "created_by_id": "5334590", "name": "critter-profile-surge", "rating_vote": "25", "rating": "25", "tags": ["2020\u6500\u722c\u91d1\u5b57\u5854", "ain\u535a\u58eb", "goi\u683c\u5f0f", "site-zh-44", "surge\u535a\u58eb", "x\u535a\u58eb", "\u539f\u5275", "\u5a01\u723e\u905c\u751f\u7269\u61c9\u5c0d\u7d44", "\u8449\u51e1\u535a\u58eb"]}, {"created_at": "1599192255", "created_by_id": "5325850", "name": "not-fade-away", "rating_vote": "5", "rating": "5", "tags": ["1976\u5e74\u73ed", "en", "\u6545\u4e8b", "\u7ffb\u8b6f"]}, {"created_at": "1599201918", "created_by_id": "3979351", "name": "scp-1331", "rating_vote": "1", "rating": "1", "tags": ["en", "safe", "scp", "\u4eba\u9020\u7269\u54c1", "\u5de5\u5ee0", "\u5fc3\u9748\u611f\u61c9", "\u611f\u77e5\u5f71\u97ff", "\u7ffb\u8b6f", "\u807d\u89ba\u5f71\u97ff"]}, {"created_at": "1599231781", "created_by_id": "5334590", "name": "scp-871", "rating_vote": "4", "rating": "4", "tags": ["en", "keter", "scp", "\u578b\u614b\u8b8a\u5316", "\u7ffb\u8b6f", "\u81ea\u6211\u8907\u88fd", "\u98df\u7269"]}, {"created_at": "1599239559", "created_by_id": "5334590", "name": "scp-052", "rating_vote": "3", "rating": "3", "tags": ["en", "euclid", "scp", "\u5730\u4e0b", "\u5faa\u74b0", "\u6642\u9593\u5f71\u97ff", "\u7ffb\u8b6f", "\u8f09\u5177"]}, {"created_at": "1599292497", "created_by_id": "3979351", "name": "scp-1117", "rating_vote": "2", "rating": "2", "tags": ["en", "euclid", "scp", "\u5473\u89ba\u5f71\u97ff", "\u5bb6\u5177", "\u7cbe\u795e\u5f71\u97ff", "\u7ffb\u8b6f", "\u8a8d\u77e5\u5371\u5bb3", "\u98df\u7269"]}]