[{"TITLE": "\u84ec\u840a\u5cf6\u65b0\u5275\u6c11\u4e3b\u5f62\u5f0f\uff1a\u300c\u5275\u5236\u300d\u9996\u9577\u5c07\u65bc\u4eca\u65e5\u89e3\u51cd", "FULLNAME": "r-sinano-chuo-zhtr-2018-11-19-a222a", "RATING": 18, "COMMENTS": "2"}, {"TITLE": "\u7b2c\u516b\u5c46\u4e16\u754c\u8d85\u885b\u751f\u5927\u6703\u5982\u671f\u8209\u884c\u3000\u8a0e\u8ad6\u300c\u7d42\u5e74\u75c7\u5019\u7fa4\u300d\u518d\u64f4\u6563\u554f\u984c", "FULLNAME": "r-sinano-chuo-co-jp-2030-5-12-f9r324", "RATING": 15, "COMMENTS": "0"}, {"TITLE": "SCP-ZH-410 - \u5316\u5de5\u5ee0\u7684\u9435\u6876", "FULLNAME": "scp-zh-410", "RATING": 13, "COMMENTS": "5"}]