[{"TITLE": "SCP-ZH-60053-J - HONK", "FULLNAME": "scp-zh-60053-j", "RATING": 45, "COMMENTS": "7"}, {"TITLE": "\u6536\u5bb9\u5ba4ZH-S12-E-024\u5be6\u9a57\u7d00\u9304", "FULLNAME": "scp-zh-024", "RATING": 35, "COMMENTS": "0"}, {"TITLE": "SCP-ZH-647 - \u5634\u7832\u8001\u4eba", "FULLNAME": "scp-zh-647", "RATING": 32, "COMMENTS": "4"}, {"TITLE": "SCP-ZH-140 - \u5b57\u7fa9\u76f8\u6096", "FULLNAME": "scp-zh-140", "RATING": 20, "COMMENTS": "7"}, {"TITLE": "SCP-ZH-022-J - \u62dc\u8a17\u8ab0\u4f86\u628a\u5b83\u586b\u4e0a", "FULLNAME": "scp-zh-022-j", "RATING": 37, "COMMENTS": "19"}, {"TITLE": "SCP-ZH-033 - \u25c9", "FULLNAME": "scp-zh-033", "RATING": 2, "COMMENTS": "7"}, {"TITLE": "SCP-ZH-00l", "FULLNAME": "scp-zh-00l", "RATING": 13, "COMMENTS": "5"}, {"TITLE": "SCP-ZH-298 - \u5929\u7a7a\u9be8", "FULLNAME": "scp-zh-298", "RATING": 8, "COMMENTS": "0"}, {"TITLE": "SCP-ZH-052 - \u5fd8\u4e86\u6211\u5427\uff0c\u4f46\u6211\u4e0d\u6703\u5fd8\u8a18\u4f60\u5011\u7684", "FULLNAME": "scp-zh-052", "RATING": 18, "COMMENTS": "0"}, {"TITLE": "SCP-ZH-058 - \u53e6\u4e00\u9053\u8d70\u5eca", "FULLNAME": "scp-zh-058", "RATING": 10, "COMMENTS": "0"}, {"TITLE": "SCP-ZH-054 - \u9999\u8549\uff0c\u50c5\u6b64\u800c\u5df2", "FULLNAME": "scp-zh-054", "RATING": 7, "COMMENTS": "4"}, {"TITLE": "SCP-ZH-110 - \u5730\u677f\u7834\u4e86\u500b\u6d1e", "FULLNAME": "scp-zh-110", "RATING": 19, "COMMENTS": "1"}]