[{"TITLE": "Nx-ZH-17", "FULLNAME": "thinking-and-write", "RATING": 13, "COMMENTS": "0"}, {"TITLE": "\u6c92\u6709\u4eba\u6703\u8ca0\u8cac\u5584\u5f8c", "FULLNAME": "nobodyneedshelp", "RATING": 13, "COMMENTS": "1"}, {"TITLE": "\u5c0d\u6b32\u8089\u6559\u7684\u4eba\u985e\u5b78\u9032\u8def03-\u6848\u4f8b\u7814\u7a7603\uff1a\u9999\u6e2f\u65b0\u8336\u5dba\u7684\u76e7\u4ead\u4eba", "FULLNAME": "sarkic-case-study-03-the-luo-ting-n-a-of-new-cha-ling", "RATING": 19, "COMMENTS": "0"}, {"TITLE": "\u7b2c\u3007\u4e8c\u4e8c\u865f \u5169\u5100\u901a", "FULLNAME": "collected-land-no022", "RATING": 14, "COMMENTS": "2"}, {"TITLE": "\u95dc\u65bc\u90a3\u500b\u5927\u6d77\u602a", "FULLNAME": "about-that-big-guy", "RATING": 15, "COMMENTS": "1"}, {"TITLE": "\u5c0b\u7372\u7269\u54c1\u7de8\u865f\uff1a021", "FULLNAME": "ru021", "RATING": 11, "COMMENTS": "0"}, {"TITLE": "\u6c99\u7687\u5148\u77e5\u5354\u6703\u4e2d\u5fc3\u9801", "FULLNAME": "tsars-hub", "RATING": 21, "COMMENTS": "0"}, {"TITLE": "\u884c\u52d5\u8a08\u5283 \u7b2c\u53c1\u634c\u8086\u5b57\u865f", "FULLNAME": "nsb8-384", "RATING": 22, "COMMENTS": "1"}, {"TITLE": "\u5929\u6b98\u6708\u90e8\u4efd\u85cf\u54c1 (WSGK Q30D75)", "FULLNAME": "collection-of-the-cultural-revolution", "RATING": 11, "COMMENTS": "1"}, {"TITLE": "SCP-ZH-264 - \u7835\u7538\u4e4d\u9632\u7dda", "FULLNAME": "scp-zh-264", "RATING": 9, "COMMENTS": "2"}, {"TITLE": "\u65b0\u9ad8\u5c71\u8a08\u5283\u3001\u662d\u548c\u5341\u4e5d\u5e74", "FULLNAME": "new-takayama-plan", "RATING": 11, "COMMENTS": "6"}, {"TITLE": "\u862d\u6642\u8fd4\u8a08\u5283\u3001\u662d\u548c\u5341\u516d\u5e74", "FULLNAME": "ran-jikan-rupu", "RATING": 7, "COMMENTS": "0"}, {"TITLE": "\u300a\u738b\u9053\u7570\u571f-\u507d\u6eff\u6d32\u570b\u7570\u5e38\u8fa6\u516c\u5ba4\u7279\u5c55\u300b\u5834\u520a", "FULLNAME": "the-collection-of-mck", "RATING": 14, "COMMENTS": "2"}, {"TITLE": "\u6953\u6a39\u6797", "FULLNAME": "maple-forest", "RATING": 8, "COMMENTS": "0"}, {"TITLE": "\u6c92\u6709\u4eba\u8981\u5e36\u5bb6\u4eba\u9003\u96e3\u3002", "FULLNAME": "nobody-s-home", "RATING": 6, "COMMENTS": "0"}, {"TITLE": "SCP-ZH-061 - \u672c\u8eca\u958b\u5f80\u535a\u89bd\u6703", "FULLNAME": "scp-zh-061", "RATING": 13, "COMMENTS": "0"}, {"TITLE": "SCP-ZH-046 - \u5de1\u5c71\u9748", "FULLNAME": "scp-zh-046", "RATING": 18, "COMMENTS": "2"}, {"TITLE": "\u4e00\u4e5d\u4e09\u4e94\u5e8f\u66f2 - \u591c\u96e8", "FULLNAME": "1935-overture-night-rain", "RATING": 9, "COMMENTS": "3"}, {"TITLE": "\u795e\u7570\u535a\u89bd\u6703\u4e00\u4e5d\u4e09\u4e94", "FULLNAME": "taiwan-miracle-exposition", "RATING": 24, "COMMENTS": "3"}, {"TITLE": "\u90a3\u4e9b\u88ab\u7576\u6210\u85e5\u7269\u5bb0\u4f86\u5403\u7684\u4eba\u5011", "FULLNAME": "sh-cannibalism-in-taiwan", "RATING": 13, "COMMENTS": "5"}, {"TITLE": "SCP-ZH-500 - \u8b77\u57ce\u754c\u9580", "FULLNAME": "scp-zh-500", "RATING": 8, "COMMENTS": "0"}, {"TITLE": "\u7b2c\u516b\u5c46\u4e16\u754c\u8d85\u885b\u751f\u5927\u6703\u5982\u671f\u8209\u884c\u3000\u8a0e\u8ad6\u300c\u7d42\u5e74\u75c7\u5019\u7fa4\u300d\u518d\u64f4\u6563\u554f\u984c", "FULLNAME": "r-sinano-chuo-co-jp-2030-5-12-f9r324", "RATING": 15, "COMMENTS": "0"}, {"TITLE": "\u53f0\u7063\u7570\u65b0\u5831\u3001\u662d\u548c\u5341\u5e74\u5341\u4e00\u6708\u4e00\u65e5", "FULLNAME": "taiwan-newspaper", "RATING": 17, "COMMENTS": "4"}, {"TITLE": "SCP-ZH-079 - \u76ee\u6a19\uff0c\u89aa\u738b\uff0c\u64ca\u767c", "FULLNAME": "scp-zh-079", "RATING": 12, "COMMENTS": "1"}, {"TITLE": "SCP-999-JP - \u7b2c\u4e5d\u865f\u7576\u4ee5\u4e5d\u8a00\u8ff0\u4e4b", "FULLNAME": "scp-999-jp-enneametric", "RATING": 15, "COMMENTS": "5"}, {"TITLE": "\u4f69\u68ee\u5c3c\u723e\u7684\u793e\u4ea4\u5a92\u9ad4\u982d\u50cf", "FULLNAME": "pthahnil-s-social-media-user-icon", "RATING": 15, "COMMENTS": "0"}]