[{"TITLE": "SCP-ZH-919 - \u5b88\u9580\u54e1", "FULLNAME": "scp-zh-919", "RATING": 0, "COMMENTS": "3"}, {"TITLE": "\u5b89\u4fdd\u8a2d\u65bd\u6a94\u6848\uff1aSite-ZH-50", "FULLNAME": "site-zh-50", "RATING": 16, "COMMENTS": "1"}, {"TITLE": "SCP-ZH-300 - \u8056\u8a95\u7bc0\u4ea4\u63db\u300c\u5ee2\u300d\u7269", "FULLNAME": "scp-zh-300", "RATING": 15, "COMMENTS": "2"}, {"TITLE": "\u773c\u898b\u4e0d\u4e00\u5b9a\u70ba\u5be6", "FULLNAME": "the-thing-you-can-see-is-not-always-authentic", "RATING": 11, "COMMENTS": "2"}, {"TITLE": "SCP-ZH-042 - \u6368\u8eab\u9935\u4eba", "FULLNAME": "scp-zh-042", "RATING": 17, "COMMENTS": "1"}, {"TITLE": "SCP-ZH-111 - \u81ea\u6211\u4e2d\u5fc3", "FULLNAME": "scp-zh-111", "RATING": 38, "COMMENTS": "0"}, {"TITLE": "\u5ec1\u6240\u88e1\u7684\u81f4\u547d\u6a21\u56e0", "FULLNAME": "the-bottle-in-restroom", "RATING": 32, "COMMENTS": "7"}, {"TITLE": "Ctrl Z\u535a\u58eb\u5f9e\u9031\u520a\u4e0a\u526a\u4e0b\u7684\u56db\u683c\u6f2b\u756b", "FULLNAME": "comic", "RATING": 18, "COMMENTS": "2"}, {"TITLE": "\u975e\u76f8\u95dc\u4eba\u54e1\u7981\u6b62\u95b1\u89bd", "FULLNAME": "adult:unrelated-person-do-not-read", "RATING": 16, "COMMENTS": "2"}, {"TITLE": "\u7e3d\u6709\u4e00\u5929\u6703\u7528\u4e0a", "FULLNAME": "change-irregularly", "RATING": 8, "COMMENTS": "1"}, {"TITLE": "\u300c...\u59b3\u4e0d\u61c9\u8a72\u51fa\u73fe\u5728\u9019\u88e1\u3002\u300d", "FULLNAME": "xina-mas-2020", "RATING": 15, "COMMENTS": "0"}, {"TITLE": "\u96f7\u5c04\u96d5\u523b\u2500\u2500Site-ZH-12", "FULLNAME": "site-zh-12-made-with-wood", "RATING": 17, "COMMENTS": "0"}, {"TITLE": "\u5047\u9762\u9a0e\u58ebAD\u7247\u982d\u4e3b\u984c\u66f2\uff1a\u5922\u60f3\u8207\u7f6a\u60e1\u4e4b\u9593", "FULLNAME": "between-dream-and-sin", "RATING": 13, "COMMENTS": "7"}, {"TITLE": "\u725b\u5976\u62fc\u5716", "FULLNAME": "milk-puzzle", "RATING": 18, "COMMENTS": "0"}, {"TITLE": "\u4f60\u6703\u611f\u5230\u5f8c\u6094\u55ce\uff1f", "FULLNAME": "what-are-you-waiting-for-just-join-goc-dude", "RATING": 36, "COMMENTS": "5"}, {"TITLE": "SCP-ZH-496 - \u5b89\u5168\u6975\u9650\u8ddd\u96e2", "FULLNAME": "scp-zh-496", "RATING": 30, "COMMENTS": "7"}, {"TITLE": "SCP-ZH-207 - \u8ab2\u91d1\u5c31\u50cf\u5403\u4eba\u4e00\u6a23", "FULLNAME": "scp-zh-207", "RATING": 11, "COMMENTS": "5"}, {"TITLE": "SCP-ZH-022-J - \u62dc\u8a17\u8ab0\u4f86\u628a\u5b83\u586b\u4e0a", "FULLNAME": "scp-zh-022-j", "RATING": 37, "COMMENTS": "19"}, {"TITLE": "\u971c\u5bd2", "FULLNAME": "frozencold", "RATING": 11, "COMMENTS": "0"}, {"TITLE": "SCP-ZH-00l", "FULLNAME": "scp-zh-00l", "RATING": 13, "COMMENTS": "5"}, {"TITLE": "\u79c1\u6848\uff1a\u81ea\u7c4c\u8cc7\u91d1", "FULLNAME": "the-plan-of-stonks", "RATING": 10, "COMMENTS": "0"}, {"TITLE": "SCP-V1L3-J \u5be6\u9a57\u7522\u7269\u5099\u4efd \u6c5e\u4e2d\u6bd2", "FULLNAME": "adult:v1l3-j-mercury-poisoning", "RATING": 9, "COMMENTS": "1"}, {"TITLE": "\u5fbd\u7ae0\u5c55\u793a\u5668\u4f7f\u7528\u6559\u5b78\u9801\u9762", "FULLNAME": "bales-brb-teach", "RATING": 6, "COMMENTS": "0"}, {"TITLE": "\u9396\u93c8\u7684\u97f3\u7af9", "FULLNAME": "k1s10r0d-chain-sugoi", "RATING": 29, "COMMENTS": "6"}, {"TITLE": "\u6c5e\u4e2d\u6bd2\u4e3b\u984c\u66f2\uff1a\u6c89\u5728\u540d\u70ba\u4f60\u7684\u6bd2", "FULLNAME": "in-your-poisoning", "RATING": 7, "COMMENTS": "0"}, {"TITLE": "\u7375\u72d0\u884c\u52d5", "FULLNAME": "foxhunt", "RATING": 13, "COMMENTS": "0"}, {"TITLE": "\u7099\u71b1\u7684\u5348\u5f8c\u6642\u5149", "FULLNAME": "the-ss-vs-ss", "RATING": 29, "COMMENTS": "19"}, {"TITLE": "SCP-ZH-057 - \u66b4\u8e81\u5c0f\u884c\u661f", "FULLNAME": "scp-zh-057", "RATING": 21, "COMMENTS": "4"}, {"TITLE": "\u9152\u55ae\uff1a\u98db\u884c", "FULLNAME": "aviation", "RATING": 13, "COMMENTS": "1"}]