[{"TITLE": "SCP-ZH-251 - \u4e09\u6a13\u907a\u5740", "FULLNAME": "scp-zh-251", "RATING": 10, "COMMENTS": "0"}, {"TITLE": "\u767d\u6fa4\u91cd\u751f\u8a08\u5283-2008", "FULLNAME": "2008", "RATING": 9, "COMMENTS": "3"}, {"TITLE": "\u7e41\u4e2d\u5206\u90e8\u6a19\u8a8c", "FULLNAME": "zh-logo", "RATING": 14, "COMMENTS": "0"}, {"TITLE": "Dr.Ray\u7684\u7570\u5e38\u9805\u76ee\u5206\u7d1a\u5716\u6a19", "FULLNAME": "ray-s-logo", "RATING": 19, "COMMENTS": "1"}, {"TITLE": "Dr.Ray\u7684\u7570\u5e38\u9805\u76ee\u5206\u7d1a\u5716\u6a19 - Apollyon", "FULLNAME": "ray-s-logo-apollyon", "RATING": 9, "COMMENTS": "0"}, {"TITLE": "\u85dd\u8853\u7d00\u9304\uff1a\u5354\u548c\u5fa1\u5b88\u3002", "FULLNAME": "art-for-zh258", "RATING": 12, "COMMENTS": "0"}, {"TITLE": "\u85dd\u8853\u7d00\u9304\uff1a\u9019\u4e9b\u5be7\u975c\u7684\u65e5\u5b50\u3002", "FULLNAME": "art-for-3519", "RATING": 11, "COMMENTS": "0"}, {"TITLE": "\u7e41\u5b57Logo", "FULLNAME": "fan-logo", "RATING": 8, "COMMENTS": "1"}, {"TITLE": "SCP-066 \u65b0\u6982\u5ff5\u97f3\u97ff", "FULLNAME": "scp-066-painting", "RATING": 8, "COMMENTS": "0"}, {"TITLE": "\u85dd\u8853\u7d00\u9304\uff1a\u6821\u5916\u6559\u5b78\u3002", "FULLNAME": "art-for-2316", "RATING": 11, "COMMENTS": "0"}, {"TITLE": "\u9ebb\u7cec\u7684SCP\u756b\u4f5c\u9078\u96c6\u4e8c", "FULLNAME": "the-art-work-collection-of-wright-wilson-3", "RATING": 9, "COMMENTS": "0"}, {"TITLE": "1935\u7570\u5e38\u535a\u89bd\u6703-LOGO", "FULLNAME": "the-taiwan-exposition-1935-logo", "RATING": 14, "COMMENTS": "0"}, {"TITLE": "\u5e03\u4e01\u7684\u95dc\u6ce8\u7d44\u7e54LOGO\u9801", "FULLNAME": "pudding-logo", "RATING": 9, "COMMENTS": "0"}, {"TITLE": "\u85dd\u8853\u7d00\u9304\uff1a\u96ea\u4e2d\u9001\u70ad\u3002", "FULLNAME": "art-for-2616-jp", "RATING": 10, "COMMENTS": "0"}, {"TITLE": "GOI\u840c\u5a18\u5316-AWCY\u548cGAW", "FULLNAME": "goi-awcy-gaw", "RATING": 16, "COMMENTS": "4"}, {"TITLE": "GOI\u840c\u5a18\u5316-\u4e0b\u5348\u8336\u6703", "FULLNAME": "goi", "RATING": 16, "COMMENTS": "2"}, {"TITLE": "\u7e41\u4e2d\u5b98\u65b9\u5316\u8cc0\u5716", "FULLNAME": "scp", "RATING": 20, "COMMENTS": "2"}, {"TITLE": "\u84bc\u767d\u7684\u672b\u671f\u60a3\u8005", "FULLNAME": "81q5-sadness-pink", "RATING": 18, "COMMENTS": "0"}, {"TITLE": "Ctrl Z\u535a\u58eb\u7684SCP-ZH\u8a18\u9304-1", "FULLNAME": "creepy-tunnel", "RATING": 24, "COMMENTS": "2"}, {"TITLE": "Ctrl Z\u535a\u58eb\u7684SCP-ZH\u8a18\u9304-2", "FULLNAME": "escape-chess", "RATING": 15, "COMMENTS": "0"}, {"TITLE": "\u85dd\u8853\u7d00\u9304\uff1a\u53d7\u7d5e\u4e4b\u738b\u7684\u60b2\u5287", "FULLNAME": "art-for-701", "RATING": 11, "COMMENTS": "0"}, {"TITLE": "\u6c7d\u6c34\u7684\u85dd\u4f5c\u98011", "FULLNAME": "lillianasoda-artworks1", "RATING": 16, "COMMENTS": "0"}, {"TITLE": "SCP\u57fa\u91d1\u6703\u7e41\u4e2d\u5206\u90e8\u7684\u6a19\u8a8c", "FULLNAME": "logo-zh", "RATING": 15, "COMMENTS": "1"}, {"TITLE": "\u6c7d\u6c34\u7684\u85dd\u4f5c\u98013", "FULLNAME": "lillianasoda-artworks3", "RATING": 15, "COMMENTS": "0"}, {"TITLE": "\u6842\u82b1\u548c\u6d0b\u7518\u83ca", "FULLNAME": "tea-rain-halloween2022", "RATING": 16, "COMMENTS": "1"}, {"TITLE": "\u6211\u56de\u4f86\u56c9", "FULLNAME": "i-m-home", "RATING": 12, "COMMENTS": "0"}, {"TITLE": "\u8b6f\u8005\u521d\u6821\u81ea\u884c\u6aa2\u67e5\u8868", "FULLNAME": "your-first-translation", "RATING": 23, "COMMENTS": "0"}, {"TITLE": "SCP-835-JP", "FULLNAME": "scp-835-jp-art", "RATING": 8, "COMMENTS": "0"}, {"TITLE": "\u85dd\u8853\u4f5c\u54c1\uff1aSCP-ZH-922", "FULLNAME": "scp-zh-922-art", "RATING": 11, "COMMENTS": "0"}, {"TITLE": "\u6c7d\u6c34\u7684\u85dd\u4f5c\u98012", "FULLNAME": "lillianasoda-artworks2", "RATING": 15, "COMMENTS": "0"}]