[{"TITLE": "2021\u611a\u4eba\u7bc0\u4e3b\u9801", "FULLNAME": "super-cooking-pot", "RATING": 24, "COMMENTS": "10"}, {"TITLE": "\u7e41\u5ee3\u5316\u5de5\u7684\u6a19\u8a8c", "FULLNAME": "fan-guang-chemical-logo", "RATING": 8, "COMMENTS": "0"}, {"TITLE": "\u6c92\u6709\u57fa\u91d1\u6703\u7684\u90a3\u6642", "FULLNAME": "the-time-foundation-disappeared", "RATING": 24, "COMMENTS": "0"}, {"TITLE": "\u4f69\u68ee\u5c3c\u723e\u7684\u793e\u4ea4\u5a92\u9ad4\u982d\u50cf", "FULLNAME": "pthahnil-s-social-media-user-icon", "RATING": 15, "COMMENTS": "0"}, {"TITLE": "\u4e2d\u79cb\u591c\u9063\u61f7", "FULLNAME": "wanderers:wandered-at-night", "RATING": 14, "COMMENTS": "1"}]