[{"TITLE": "SCP-ZH-122 - \u87a2\u706b\u87f2\u71c8\u6ce1", "FULLNAME": "scp-zh-122", "RATING": 5, "COMMENTS": "1"}, {"TITLE": "SCP-ZH-130 - \u5fc3", "FULLNAME": "scp-zh-130", "RATING": 7, "COMMENTS": "1"}, {"TITLE": "B3\u51b7\u51cd\u5eab\u5e7d\u9748\u9955\u5ba2", "FULLNAME": "site-zh-02-eater", "RATING": 10, "COMMENTS": "0"}, {"TITLE": "\u5c0f\u52d5\u7269\u7c21\u4ecb\uff1aEsther\uff01", "FULLNAME": "esther", "RATING": 8, "COMMENTS": "2"}, {"TITLE": "SCP-ZH-618 - \u592a\u967d\u9905\u7345", "FULLNAME": "scp-zh-618", "RATING": 42, "COMMENTS": "0"}, {"TITLE": "\u7dad\u5b89\u8a2d\u65bd\u6a94\u6848\uff1aSite-ZH-02", "FULLNAME": "site-zh-02", "RATING": 25, "COMMENTS": "7"}, {"TITLE": "SCP-ZH-888 - \u973e", "FULLNAME": "scp-zh-888", "RATING": 19, "COMMENTS": "1"}, {"TITLE": "SCP-ZH-256 - \u57fa\u6539\u5c71\u6cc9", "FULLNAME": "scp-zh-256", "RATING": 15, "COMMENTS": "0"}, {"TITLE": "SCP-ZH-323 - \u966a\u6211\u73a9", "FULLNAME": "scp-zh-323", "RATING": 10, "COMMENTS": "3"}, {"TITLE": "SCP-ZH-310 - \u7570\u5e38\u86cb\u767d\u8cea\u7d50\u69cb\u57df", "FULLNAME": "scp-zh-310", "RATING": 26, "COMMENTS": "2"}, {"TITLE": "SCP-ZH-105 - \u4e0d\u5b5d\u5b50", "FULLNAME": "scp-zh-105", "RATING": 66, "COMMENTS": "5"}, {"TITLE": "\u82b1\u8a9e\uff1a\u4ed9\u4e39\u82b1", "FULLNAME": "chinese-ixora", "RATING": 20, "COMMENTS": "0"}, {"TITLE": "SCP-ZH-719-J", "FULLNAME": "scp-zh-719-j", "RATING": 16, "COMMENTS": "0"}, {"TITLE": "\u5047\u5982\u4f60\u4f86\u5230\u9019\u500b\u5b87\u5b99\u8acb\u4fdd\u6301\u51b7\u975c", "FULLNAME": "you-need-icecream-in-summer", "RATING": 31, "COMMENTS": "1"}, {"TITLE": "\u5de5\u4f5c\u4eba\u54e1\u53ca\u89d2\u8272\u6a94\u6848-ZH", "FULLNAME": "personnel-and-character-dossier-zh", "RATING": 17, "COMMENTS": "0"}, {"TITLE": "SCP-ZH-925 - \u9b54\u8853\u5e2b\u8863\u6ac3", "FULLNAME": "scp-zh-925", "RATING": 12, "COMMENTS": "1"}, {"TITLE": "\u65b0\u56db\u5c71\u5c0f\u5b78\u8a02\u55ae\uff08SSPS S56Y76\uff09", "FULLNAME": "mcdssps", "RATING": 8, "COMMENTS": "0"}, {"TITLE": "\u842c\u83ef\u93e1\u4e2d\u7684\u8c93", "FULLNAME": "cats-in-kaleidoscopes", "RATING": 18, "COMMENTS": "0"}, {"TITLE": "\u5b69\u5b50\u7684\u4e16\u754c", "FULLNAME": "childhood", "RATING": 14, "COMMENTS": "1"}, {"TITLE": "SCP-ZH-815 - \u4e00\u5bb6\u70e4\u8089\u842c\u5bb6\u9999", "FULLNAME": "scp-zh-815", "RATING": 35, "COMMENTS": "8"}, {"TITLE": "\u9805\u76ee\u7b49\u7d1a\uff1a\u4ed9\u5ea6\u745e\u62c9", "FULLNAME": "cinderella", "RATING": 10, "COMMENTS": "0"}, {"TITLE": "Site-ZH-81\u7684\u767b\u8266\u7533\u8acb\u66f8", "FULLNAME": "boarding", "RATING": 12, "COMMENTS": "1"}, {"TITLE": "SCP-ZH-100 - \u5e03\u694a\u5cf6", "FULLNAME": "scp-zh-100", "RATING": 17, "COMMENTS": "1"}, {"TITLE": "SCP-ZH-998 - \u73fe\u8c61\u5b78", "FULLNAME": "scp-zh-998", "RATING": 38, "COMMENTS": "7"}, {"TITLE": "\u4e09\u751f\u6709\u5e78", "FULLNAME": "third-life", "RATING": 21, "COMMENTS": "0"}, {"TITLE": "\u8abf\u67e5\u4e2d\uff0c\u975e\u8acb\u52ff\u5165", "FULLNAME": "under-investigation-and-keep-out-of-here", "RATING": 9, "COMMENTS": "2"}, {"TITLE": "\u7c60\u4e2d\u9ce5", "FULLNAME": "caged-bird", "RATING": 14, "COMMENTS": "0"}, {"TITLE": "SCP-ZH-9288-EX", "FULLNAME": "scp-zh-9288-ex", "RATING": 45, "COMMENTS": "5"}, {"TITLE": "SCP-ZH-120 - \u865b\u69cb\u7684\u6211\u5011", "FULLNAME": "scp-zh-120", "RATING": 40, "COMMENTS": "4"}, {"TITLE": "SCP-ZH-027 - \u7389\u7c60\u5305", "FULLNAME": "scp-zh-027", "RATING": 16, "COMMENTS": "2"}, {"TITLE": "\u8ab0\u628a\u8056\u8a95\u6a39\u4e0a\u7684\u661f\u661f\u62ff\u8d70\u4e86\uff1f", "FULLNAME": "star-of-bethlehem", "RATING": 14, "COMMENTS": "0"}, {"TITLE": "SCP-ZH-216 - \u62b5\u6297\u907a\u5fd8", "FULLNAME": "scp-zh-216", "RATING": 16, "COMMENTS": "2"}, {"TITLE": "\u51b0\u7bb1", "FULLNAME": "fridge", "RATING": 15, "COMMENTS": "0"}, {"TITLE": "\u7dad\u5b89\u8a2d\u65bd\u6a94\u6848\uff1aSite-ZH-12", "FULLNAME": "site-zh-12", "RATING": 23, "COMMENTS": "3"}, {"TITLE": "\u9a5f\u96e8", "FULLNAME": "downpour", "RATING": 13, "COMMENTS": "0"}, {"TITLE": "\u679d\u8449\u4e0d\u518d\uff0c\u8840\u82b1\u5e38\u9752", "FULLNAME": "alive-evergreen", "RATING": 6, "COMMENTS": "0"}, {"TITLE": "\u96d5\u523b\u4f5c\u54c1\uff1a\u8056\u591c\u76f8\u5b88", "FULLNAME": "handcrafts", "RATING": 18, "COMMENTS": "2"}, {"TITLE": "\u7269\u7406\u5c11\u5e74", "FULLNAME": "science-confusion-puberty", "RATING": 16, "COMMENTS": "7"}, {"TITLE": "\u5b89\u5e03\u7f85\u65af\u9910\u5ef3-\u4f0a\u85a9\u79d1\u592b\u865f\u5206\u5e97 (\u7bc0\u65e5\u9650\u5b9a)", "FULLNAME": "ambrose-isakov", "RATING": 28, "COMMENTS": "9"}, {"TITLE": "\u5982\u4f55\u4f7f\u7528\u7570\u5e38\u5206\u7d1a\u7c21\u8868ALT\u7248", "FULLNAME": "how-to-use-acs-alt", "RATING": 8, "COMMENTS": "0"}, {"TITLE": "SCP-ZH-860 - dado\u7684\u300c\u53d1\u300d\u8ca1\u85e5", "FULLNAME": "scp-zh-860", "RATING": 33, "COMMENTS": "3"}, {"TITLE": "SCP-ZH-60053-J - HONK", "FULLNAME": "scp-zh-60053-j", "RATING": 45, "COMMENTS": "7"}, {"TITLE": "SCP-ZH-807 - \u6625\u7bc0\u52a0\u73ed", "FULLNAME": "scp-zh-807", "RATING": 9, "COMMENTS": "0"}, {"TITLE": "SCP-ZH-051 - \u8acb\u7d66\u6211\u4e00\u9ede\u6eab\u6696", "FULLNAME": "scp-zh-051", "RATING": 16, "COMMENTS": "1"}, {"TITLE": "\u6709\u95dc\u6279\u51c6\u4f7f\u7528\u6a21\u56e0\u88fd\u5291\u5354\u52a9\u5c0d\u9d5d\u5f62\u60e1\u9b54\u5be6\u9ad4\u9032\u884c\u9a45\u9b54\u7684\u7533\u8acb", "FULLNAME": "grant-request-for-utilization-of-memetic-agent-to-assist-per", "RATING": 17, "COMMENTS": "1"}, {"TITLE": "SCP-ZH-261 - \u53e4\u5df4\u7cd6", "FULLNAME": "scp-zh-261", "RATING": 10, "COMMENTS": "1"}, {"TITLE": "\u5f9e\u4eca\u4ee5\u5f8c\uff0c\u5979\u5c07\u6c38\u751f", "FULLNAME": "she-lives-in-my-heart", "RATING": 22, "COMMENTS": "5"}, {"TITLE": "SCP-ZH-109 - \u5f69\u8679\u6a4b", "FULLNAME": "scp-zh-109", "RATING": 16, "COMMENTS": "0"}, {"TITLE": "\u661f\u754c\u4e4b\u524d", "FULLNAME": "before-starsight", "RATING": 13, "COMMENTS": "2"}, {"TITLE": "SCP-ZH-166 - \u505c\u6eef\u5728\u695a\u6cb3\u6f22\u754c", "FULLNAME": "scp-zh-166", "RATING": 21, "COMMENTS": "2"}, {"TITLE": "SCP-ZH-976 - \u8ffd\u61b6\u72c2\u5984", "FULLNAME": "scp-zh-976", "RATING": 14, "COMMENTS": "1"}, {"TITLE": "SCP-ZH-2154-EX - \u5fc3\u4e2d\u90a3\u96e3\u4ee5\u9762\u5c0d\u7684\u9ed1\u6697", "FULLNAME": "scp-zh-2154-ex", "RATING": 10, "COMMENTS": "0"}, {"TITLE": "SCP-ZH-019 - \u6d3b\u614b\u624b\u6a5f", "FULLNAME": "scp-zh-019", "RATING": 11, "COMMENTS": "2"}, {"TITLE": "SCP-\u25cf\u25cf|\u25cf\u25cf\u25cf\u25cf\u25cf|\u25cf\u25cf|\u25cf \u7d20\u63cf", "FULLNAME": "scp-2521-painting", "RATING": 12, "COMMENTS": "4"}, {"TITLE": "\u89e3\u5bc6\uff1aSCP-2998", "FULLNAME": "scp-2998-declassification-zh", "RATING": 12, "COMMENTS": "0"}, {"TITLE": "\u86db\u7db2\u8d77\u6e90\uff1a\u90a3\u662f1993\u5e74", "FULLNAME": "1993-cobweb-international", "RATING": 14, "COMMENTS": "1"}, {"TITLE": "2020 \u8679\u5149\u4e4b\u9593", "FULLNAME": "darkroom-2020", "RATING": 3, "COMMENTS": "5"}, {"TITLE": "Alicia\u5973\u58eb", "FULLNAME": "scp-zh-774", "RATING": 31, "COMMENTS": "0"}, {"TITLE": "SCP-ZH-076 - \u5eff\u8f09\u660e\u662d", "FULLNAME": "scp-zh-076", "RATING": 4, "COMMENTS": "2"}, {"TITLE": "SCP-ZH-150 - \u6096\u8ad6\u751c\u751c\u5708", "FULLNAME": "scp-zh-150", "RATING": 12, "COMMENTS": "1"}, {"TITLE": "SCP-ZH-012 - \u5341\u4e8c", "FULLNAME": "scp-zh-012", "RATING": 19, "COMMENTS": "2"}, {"TITLE": "\u6211\u5728\u842c\u7269\u4e4b\u4e2d", "FULLNAME": "arkwork-3999", "RATING": 38, "COMMENTS": "8"}, {"TITLE": "SCP-ZH-101 - \u4e00\u6a39\u4e00\u4e16\u754c", "FULLNAME": "scp-zh-101", "RATING": 17, "COMMENTS": "1"}, {"TITLE": "SCP-ZH-200 - \u9b3c\u6293\u4eba", "FULLNAME": "scp-zh-200", "RATING": 35, "COMMENTS": "1"}, {"TITLE": "SCP-ZH-103 - \u6613\u5f62\u9d1e\u9b54", "FULLNAME": "scp-zh-103", "RATING": 15, "COMMENTS": "2"}, {"TITLE": "\u6211\u6c92\u80fd\u6551\u5230\u4ed6\u3002", "FULLNAME": "arkwork-zh-200", "RATING": 23, "COMMENTS": "0"}, {"TITLE": "SCP-ZH-053 - \u8b93\u6211\u5011\u64e6\u4e7e\u4f60\u7684\u6dda\u6c34", "FULLNAME": "scp-zh-053", "RATING": 30, "COMMENTS": "0"}, {"TITLE": "SCP-ZH-085 - \u5b88\u8b77\u4e4b\u934a", "FULLNAME": "scp-zh-085", "RATING": 6, "COMMENTS": "5"}, {"TITLE": "\u6e05\u9192\u5922", "FULLNAME": "lucid-dream", "RATING": 13, "COMMENTS": "0"}, {"TITLE": "SCP-ZH-480 - \u5411\u4e0b\u627e", "FULLNAME": "scp-zh-480", "RATING": 10, "COMMENTS": "1"}, {"TITLE": "\u86db\u7db2\u6545\u4e8b\uff1a2014\u5e74\u7684\u963f\u62c9\u4f2f\u5206\u90e8", "FULLNAME": "ci-04-arab-division-2014", "RATING": 10, "COMMENTS": "2"}, {"TITLE": "\u7121\u5922\u4e4b\u4eba\u662f\u5426\u6703\u5922\u5230\u660e\u5929\u7684\u666f\u8272", "FULLNAME": "dream-about-tomorrow", "RATING": 18, "COMMENTS": "5"}, {"TITLE": "\u6d17\u6a19\uff1a\u85cd0428-Dr. V\u7684\u5be6\u9a57\u888d", "FULLNAME": "blue-0428", "RATING": 13, "COMMENTS": "0"}, {"TITLE": "\u65b0\u805e\u5feb\u8a0a\uff1a\u82e5\u6211\u5011\u8981\u9054\u5230\u4ec1\u6148\u7684\u4e0b\u5834\uff0c\u61c9\u8a72\u9075\u5b88\u54ea\u4e9b\u4e8b\u60c5", "FULLNAME": "news-site-zh-81-1", "RATING": 25, "COMMENTS": "5"}, {"TITLE": "File No.HKC454/1", "FULLNAME": "file-no-hkc454", "RATING": 7, "COMMENTS": "0"}, {"TITLE": "\u963f\u723e\u6f22\u683c\u723e\u65af\u514b\u7684\u91d1\u7ae5", "FULLNAME": "sh-alexei", "RATING": 7, "COMMENTS": "2"}, {"TITLE": "\u300a\u6dfa\u8ac7\u7570\u5e38\u8d8a\u5357\u8239\u6c11\u8207\u8fd1\u4ee3\u9999\u6e2f\u7570\u5e38\u793e\u5340\u5c0d\u6b64\u7684\u5404\u754c\u53cd\u61c9\u3002\u300b", "FULLNAME": "report-of-hk-vn-history", "RATING": 10, "COMMENTS": "2"}, {"TITLE": "\u524a\u4e0d\u5b8c\u8089\u7684\u6c99\u5a01\u746a", "FULLNAME": "parawatch-shawarma", "RATING": 22, "COMMENTS": "2"}, {"TITLE": "\u85dd\u8853\u7d00\u9304\uff1a\u6b7b\u4ea1\uff0c\u6c38\u751f-1", "FULLNAME": "art-for-death-eternal-life-1", "RATING": 18, "COMMENTS": "1"}, {"TITLE": "\u5be6\u7fd2", "FULLNAME": "practice", "RATING": 17, "COMMENTS": "0"}, {"TITLE": "\u300c\u4e09\u57a3\u300d\u4e2d\u5fc3\u9801", "FULLNAME": "three-enclosures-hub", "RATING": 19, "COMMENTS": "0"}, {"TITLE": "\u95c7\u58fd\u53f8\u6a94\u6848No.053\u300c\u7d05\u8c46\u8ecd\u8266\u300d", "FULLNAME": "yamizushi-file-053", "RATING": 12, "COMMENTS": "4"}, {"TITLE": "3D\u6cb9\u98ef", "FULLNAME": "sh-3d-glutinous-oil-rice", "RATING": 11, "COMMENTS": "2"}, {"TITLE": "Bright\u535a\u58eb\u6559\u4f60\u5982\u4f55\u6b63\u78ba\u64ca\u9000\u6575\u4eba", "FULLNAME": "how-to-defeat-those-bad-guys-correctly", "RATING": 25, "COMMENTS": "2"}, {"TITLE": "\u6d3b\u52d5\uff1a\u3010\u96c6\u5408\u5566\uff01\u91d1\u5b57\u5854\u6500\u722c\u968a\uff01\u3011", "FULLNAME": "climb-the-pyramid", "RATING": 3, "COMMENTS": "12"}, {"TITLE": "\u6728\u6613\u85cf\u66f8\u95a3\u76ee\u9304 \u507d-\u516d\u4e8c\u4e00\u300a\u9b31\u91d1\u9999\u300b", "FULLNAME": "mu-yi-621", "RATING": 7, "COMMENTS": "0"}, {"TITLE": "SCP-ZH-133 - \u4e0d\u6703\u7528\u812b\u6c34\u4f86\u9a19\u4eba\u7684\u597d\u85e5\u662f\u7684", "FULLNAME": "scp-zh-133", "RATING": 21, "COMMENTS": "7"}, {"TITLE": "SCP-ZH-102 - \u300a\u5f69\u8679\u6a4b\u300b\u4fdd\u5bc6\u689d\u6b3e", "FULLNAME": "scp-zh-102", "RATING": 9, "COMMENTS": "9"}, {"TITLE": "SPC-ZH-795", "FULLNAME": "spc-zh-795", "RATING": 13, "COMMENTS": "9"}, {"TITLE": "\u5bbf\u96e8", "FULLNAME": "the-rain-fell-overnight", "RATING": 21, "COMMENTS": "1"}, {"TITLE": "\u862d\u6642\u8fd4\u8a08\u5283\u3001\u662d\u548c\u5341\u516d\u5e74", "FULLNAME": "ran-jikan-rupu", "RATING": 7, "COMMENTS": "0"}, {"TITLE": "\u81f4\u81ea\u7531", "FULLNAME": "0535-june-4th", "RATING": 9, "COMMENTS": "8"}, {"TITLE": "SCP-ZH-603 - \u8173\u8e0f\u8eca\u4e0a\u7684\u4eba", "FULLNAME": "scp-zh-603", "RATING": 30, "COMMENTS": "5"}, {"TITLE": "SCP-ZH-175 - \u8d0b\u9020\u7684\u5e78\u798f", "FULLNAME": "scp-zh-175", "RATING": 10, "COMMENTS": "2"}, {"TITLE": "SCP-ZH-103 \u76f8\u95dc\u5be6\u9a57\u8a18\u9304", "FULLNAME": "scp-zh-103-experiment-log", "RATING": 16, "COMMENTS": "3"}, {"TITLE": "\u773c\u898b\u4e0d\u4e00\u5b9a\u70ba\u5be6", "FULLNAME": "the-thing-you-can-see-is-not-always-authentic", "RATING": 11, "COMMENTS": "2"}, {"TITLE": "SCP-ZH-007 - \u5e7e\u4f55\u9bca\u9b5a", "FULLNAME": "scp-zh-007", "RATING": 15, "COMMENTS": "0"}, {"TITLE": "47", "FULLNAME": "47", "RATING": 13, "COMMENTS": "0"}, {"TITLE": "\u5fae\u96e8", "FULLNAME": "drizzle", "RATING": 11, "COMMENTS": "2"}, {"TITLE": "\u83c7\u83c7\u57fa\u91d1\u6703", "FULLNAME": "fungi-foundation", "RATING": 22, "COMMENTS": "6"}, {"TITLE": "\u65e5\u74b0\u8755\u8207\u4e3b\u4efb\u8207\u51b0\u6dc7\u51cc", "FULLNAME": "abyssdream-pic-v", "RATING": 12, "COMMENTS": "0"}, {"TITLE": "SCP-ZH-195 - \u89c0\u65e5\u6590\u8a9e", "FULLNAME": "scp-zh-195", "RATING": 9, "COMMENTS": "1"}, {"TITLE": "SCP-ZH-700 - \u9810\u8a00\u5f8c\u4f9d\u7136\u96e3\u4ee5\u907f\u514d", "FULLNAME": "scp-zh-700", "RATING": 11, "COMMENTS": "5"}, {"TITLE": "SCP-ZH-229-EX", "FULLNAME": "scp-zh-229-ex", "RATING": 16, "COMMENTS": "1"}, {"TITLE": "\u7e41\u4e2d\u7ad9\u9ede\u5730\u4e0b\u8857", "FULLNAME": "shopping-arcade", "RATING": 21, "COMMENTS": "3"}, {"TITLE": "\u7b2c\u96f6\u5370\u8c61", "FULLNAME": "zeroth-impression", "RATING": 7, "COMMENTS": "1"}, {"TITLE": "\u5728\u90a3\u5929\uff0c\u59b3\u4ecd\u820a\u5411\u6211\u9053\u4e86\u8072\u665a\u5b89", "FULLNAME": "at-that-day-you-still-wish-me-a-good-dream", "RATING": 22, "COMMENTS": "0"}, {"TITLE": "SCP-ZH-628 - \u7329\u7329\u7684\u96d9\u81c2", "FULLNAME": "scp-zh-628", "RATING": 11, "COMMENTS": "1"}, {"TITLE": "SCP-ZH-471 - \u60e1\u6027\u6bd2\u87f2", "FULLNAME": "scp-zh-471", "RATING": 8, "COMMENTS": "0"}, {"TITLE": "\u7f3a\u5e2d\u8005\u7684\u76db\u5bb4", "FULLNAME": "eclipse-absence", "RATING": 8, "COMMENTS": "0"}, {"TITLE": "SCP-ZH-221 - \u6676\u862d\u9ad8\u4e2d\u7684\u76f2\u4eba\u5c11\u5e74", "FULLNAME": "scp-zh-221", "RATING": 8, "COMMENTS": "1"}, {"TITLE": "SCP-ZH-071 - \u7ffb\u8986\u5df4\u58eb", "FULLNAME": "scp-zh-071", "RATING": 11, "COMMENTS": "1"}, {"TITLE": "SCP-ZH-141 - \u653e\u5c04\u7dda\u75c7\u5019\u7fa4\u6cbb\u7642\u5291", "FULLNAME": "scp-zh-141", "RATING": 10, "COMMENTS": "2"}, {"TITLE": "\u4f60\u4e0d\u61c9\u5728\u6eab\u5ba4\u88cf\u8aaa\u51b7\u7b11\u8a71", "FULLNAME": "nopunsinthegreenhouse", "RATING": 11, "COMMENTS": "0"}, {"TITLE": "\u900d\u9059\u524d", "FULLNAME": "after-the-boom", "RATING": 10, "COMMENTS": "0"}, {"TITLE": "\u6fc3\u6e6f\u7d04\u6703", "FULLNAME": "chowder-date", "RATING": 20, "COMMENTS": "2"}, {"TITLE": "\u904e\u96f2\u96e8", "FULLNAME": "overcast", "RATING": 12, "COMMENTS": "0"}, {"TITLE": "SCP-ZH-008 - \u6c34\u6df1\u52ff\u8fd1", "FULLNAME": "scp-zh-008", "RATING": 12, "COMMENTS": "1"}, {"TITLE": "\u4ee3\u865f\uff1ating129 - \u6d77\u574a\u4e3b\u5de8\u62f3", "FULLNAME": "ting129-s-ko-proposal", "RATING": 8, "COMMENTS": "0"}, {"TITLE": "\u8ddd\u96e2\u4e16\u754c\u672b\u65e5\u9084\u6709\u4e94\u5206\u9418", "FULLNAME": "five-minutes-to-end", "RATING": 26, "COMMENTS": "0"}, {"TITLE": "SCP-ZH-333 - \u5f80\u65e5\u4e0d\u518d", "FULLNAME": "adult:scp-zh-333", "RATING": 8, "COMMENTS": "0"}, {"TITLE": "\u4e8c\u4eba\u5bb6\u5ead", "FULLNAME": "a-family-of-two", "RATING": 9, "COMMENTS": "1"}, {"TITLE": "\u4eba\u7684\u60b2\u6b61\uff0c\u4e26\u4e0d\u76f8\u901a", "FULLNAME": "human-sorrows-and-joys", "RATING": 13, "COMMENTS": "2"}, {"TITLE": "SCP-ZH-014 - \u4eba\u9b5a\u516c\u4e3b\u7684\u6545\u4e8b", "FULLNAME": "scp-zh-014", "RATING": 20, "COMMENTS": "4"}, {"TITLE": "SCP-ZH-451 - \u53cd\u5c0d\u8005\u8207\u8815\u87f2", "FULLNAME": "scp-zh-451", "RATING": 10, "COMMENTS": "7"}, {"TITLE": "\u62cb\u9234\u4eba\u4e2d\u5fc3\u9801", "FULLNAME": "goi-bt", "RATING": 23, "COMMENTS": "1"}, {"TITLE": "SCP-ZH-015 - \u4e03\u4eba\u516b\u7b11", "FULLNAME": "scp-zh-015", "RATING": 23, "COMMENTS": "0"}, {"TITLE": "\u6211\u5011\u5c1a\u672a\u77e5\u9053\u7684\u65c5\u7a0b\u7684\u7d42\u9ede-\u2588\u2588\u2588/9288 km", "FULLNAME": "artwork-of-9288-ex", "RATING": 21, "COMMENTS": "2"}, {"TITLE": "\u6587\u7ae0\u4f7f\u7528\u96f6\u4ef6\u4e2d\u5fc3\u9801", "FULLNAME": "cardinal-hub", "RATING": 6, "COMMENTS": "0"}, {"TITLE": "\u4e2d\u570b\u570b\u5b89\u90e8\uff0c\u4e0d\u61c9\u5b58\u5728\u7684\u5341\u4e5d\u5c40", "FULLNAME": "19th-bureau-of-mss-of-china", "RATING": 19, "COMMENTS": "18"}, {"TITLE": "\u300a\u5fa9\u4ec7\u7684\u8ff4\u8f49\u4e4b\u8def\u300b\u7b2c\u4e03\u8a71\u300c\u6aaf\u9762\u4e0a\u7684\u8ff4\u8f49\uff0c\u6aaf\u9762\u4e0b\u7684\u885d\u649e\u300d", "FULLNAME": "sb-the-road-of-revenge", "RATING": 8, "COMMENTS": "0"}, {"TITLE": "\u8b1d\u5e55\u7684\u984f\u8272", "FULLNAME": "color-of-take-a-bow", "RATING": 15, "COMMENTS": "3"}, {"TITLE": "SCP-ZH-111 - \u81ea\u6211\u4e2d\u5fc3", "FULLNAME": "scp-zh-111", "RATING": 38, "COMMENTS": "0"}, {"TITLE": "\u822a\u6d77\u5b78\u4e2d\u5fc3\u9801", "FULLNAME": "navigation", "RATING": 21, "COMMENTS": "0"}, {"TITLE": "\u8fc4\u7ad9\u8207\u8d77\u7ad9", "FULLNAME": "terminal-and-initial", "RATING": 7, "COMMENTS": "3"}, {"TITLE": "\u6536\u5bb9\u5ba4ZH-S12-E-024\u5be6\u9a57\u7d00\u9304", "FULLNAME": "scp-zh-024", "RATING": 35, "COMMENTS": "0"}, {"TITLE": "\u6bba\u6b7b\u4e00\u96bb\u77e5\u66f4\u9ce5\u3002", "FULLNAME": "it-was-not-my-fault", "RATING": 22, "COMMENTS": "2"}, {"TITLE": "\u7d42\u671f\u6d88\u6bd2\uff0c\u7184\u71c8\u865f", "FULLNAME": "mtf15-14-td1", "RATING": 13, "COMMENTS": "0"}, {"TITLE": "\u751f\u547d\u71c8\u570b\u969b\u707d\u96e3\u6551\u52a9\u6a5f\u69cb\u4f7f\u547d\u5ba3\u8a00", "FULLNAME": "mtf15-21-manifesto", "RATING": 12, "COMMENTS": "2"}, {"TITLE": "\u5b78\u751f\u6a94\u6848-S16905160", "FULLNAME": "st-christina-college", "RATING": 6, "COMMENTS": "1"}, {"TITLE": "SCP-ZH-079 - \u76ee\u6a19\uff0c\u89aa\u738b\uff0c\u64ca\u767c", "FULLNAME": "scp-zh-079", "RATING": 12, "COMMENTS": "1"}, {"TITLE": "SCP-ZH-248 - \u5c24\u65af\u8482\u4e9e\u75c7\u5019\u7fa4", "FULLNAME": "scp-zh-248", "RATING": 21, "COMMENTS": "1"}, {"TITLE": "\u4f0a\u4f3d\u59ca\u59ca\u53bb\u54ea\u4e86?", "FULLNAME": "zh-248-f004", "RATING": 14, "COMMENTS": "0"}, {"TITLE": "\u85dd\u8853\u7d00\u9304\uff1a\u7db2\u8def\u7d05\u4eba\u3002", "FULLNAME": "art-for-zh2005ex", "RATING": 15, "COMMENTS": "0"}, {"TITLE": "Surge\u7684\u63d0\u6848\u4e00", "FULLNAME": "surge-s-proposal-1", "RATING": 33, "COMMENTS": "11"}, {"TITLE": "\u842c\u91cc\u9577\u7a7a", "FULLNAME": "talisman", "RATING": 15, "COMMENTS": "1"}, {"TITLE": "SCP-ZH-231 - \u9ed1\u6697\u5361\u897f", "FULLNAME": "scp-zh-231", "RATING": 9, "COMMENTS": "9"}, {"TITLE": "SCP-ZH-114 - \u585e\u58ec\u6e26\u96f7", "FULLNAME": "scp-zh-114", "RATING": 14, "COMMENTS": "0"}, {"TITLE": "SCP-ZH-448 - \u516d\u8292\u75c7\u5019\u7fa4", "FULLNAME": "scp-zh-448", "RATING": 15, "COMMENTS": "2"}, {"TITLE": "\u60e1\u610f\u884c\u70ba", "FULLNAME": "malicious-behavior", "RATING": 12, "COMMENTS": "2"}, {"TITLE": "2022\u590f\u5b63\u7af6\u8cfd \u4e3b\u984c\u300aX\u300b", "FULLNAME": "summer-contest-2022", "RATING": 11, "COMMENTS": "0"}, {"TITLE": "\u4ed6\u5011\u66fe\u7d93\u975e\u4eba\uff0c\u4e00\u5982\u5f80\u5e38\uff0c\u672a\u5fc5\u5982\u6b64", "FULLNAME": "zh-defying-angel-daily01", "RATING": 12, "COMMENTS": "1"}, {"TITLE": "SCP-ZH-279 - \u611b\u7684\u5f62\u72c0", "FULLNAME": "scp-zh-279", "RATING": 20, "COMMENTS": "1"}, {"TITLE": "\u6d77\u68e0\u4f9d\u820a", "FULLNAME": "lucid-dreams", "RATING": 24, "COMMENTS": "0"}, {"TITLE": "SCP-ZH-119 - \u61f2\u7f70\u4e4b\u706b\u4e0d\u964d\u65bc\u6211", "FULLNAME": "scp-zh-119", "RATING": 14, "COMMENTS": "0"}, {"TITLE": "SCP-ZH-532 - \u7c21\u55ae\u4eba\u751f\u8eab\u5fc3\u8a3a\u6240", "FULLNAME": "scp-zh-532", "RATING": 16, "COMMENTS": "0"}, {"TITLE": "SCP-ZH-902 - \u5012\u6578\u4e4b\u4e2d", "FULLNAME": "scp-zh-902", "RATING": 12, "COMMENTS": "1"}, {"TITLE": "SCP-ZH-318 - \u8a8d\u540c\u7656", "FULLNAME": "scp-zh-318", "RATING": 0, "COMMENTS": "10"}, {"TITLE": "SCP-ZH-115 - \u4eca\u5929\u7684\u5929\u6c23\u662f\u4fc4\u7f85\u65af\u65b9\u584a", "FULLNAME": "scp-zh-115", "RATING": 15, "COMMENTS": "4"}, {"TITLE": "\u6545\u4e8b\u7684\u529b\u91cf\uff5e\u4f60\u70ba\u4ec0\u9ebc\u9700\u8981\u8d85\u5f62\u4e0a\u5b78\uff5e", "FULLNAME": "why-you-need-pataphysics", "RATING": 28, "COMMENTS": "1"}, {"TITLE": "\u646f\u5bd0\u6eb6\u89e3", "FULLNAME": "dreams-always-dissolve", "RATING": 17, "COMMENTS": "0"}, {"TITLE": "\u6728\u6613\u767e\u8f09\uff1a\u798f\u723e\u6469\u6c99\u8fd1\u4ee3\u53f2\u5c55", "FULLNAME": "mu-yi-exhibition-2022", "RATING": 13, "COMMENTS": "1"}, {"TITLE": "Lostwhat\u7684\u63d0\u6848\u4e00", "FULLNAME": "lostwhat-s-proposal", "RATING": 38, "COMMENTS": "2"}, {"TITLE": "SCP-ZH-993 - \u7121\u77e5\u5247\u81ea\u7531", "FULLNAME": "scp-zh-993", "RATING": 25, "COMMENTS": "0"}, {"TITLE": "\u4e03\u5f8b\u2014\u2014\u6b4c\u54ed\u54bd", "FULLNAME": "wanderers:die-in-immortality", "RATING": 22, "COMMENTS": "2"}]