[{"TITLE": "SCP-ZH-255 - \u8cd3\u5c3c\u8cbb\u7684\u6700\u5f8c\u5e87\u8b77\u6240", "FULLNAME": "scp-zh-255", "RATING": 22, "COMMENTS": "5"}, {"TITLE": "SCP-ZH-655 - \u6c38\u9060\u7684\u516d\u9ede\u4e94\u5341\u4e94\u5206", "FULLNAME": "scp-zh-655", "RATING": 8, "COMMENTS": "1"}, {"TITLE": "SCP-ZH-940 - \u7375\u5deb", "FULLNAME": "scp-zh-940", "RATING": 7, "COMMENTS": "4"}, {"TITLE": "SCP-ZH-251 - \u4e09\u6a13\u907a\u5740", "FULLNAME": "scp-zh-251", "RATING": 10, "COMMENTS": "0"}, {"TITLE": "SCP-ZH-017 - \u6c38\u8861\u570b\u5165\u5883\u7533\u8acb\u8868", "FULLNAME": "scp-zh-017", "RATING": 19, "COMMENTS": "1"}, {"TITLE": "SCP-ZH-811 - \u5357\u4e2d\u5b78\u5802", "FULLNAME": "scp-zh-811", "RATING": 10, "COMMENTS": "6"}, {"TITLE": "SCP-ZH-431 - \u56fa\u6709\u984f\u6599", "FULLNAME": "scp-zh-431", "RATING": 4, "COMMENTS": "1"}, {"TITLE": "SCP-ZH-018 - \u7e7c\u627f\u4e4b\u7167", "FULLNAME": "scp-zh-018", "RATING": 10, "COMMENTS": "2"}, {"TITLE": "SCP-ZH-349 - \u5929\u5df2\u904a\u61a9\u5ef3", "FULLNAME": "scp-zh-349", "RATING": 6, "COMMENTS": "1"}, {"TITLE": "SCP-ZH-117 - \u9053\u8def\u4fdd\u6301\u66a2\u901a", "FULLNAME": "scp-zh-117", "RATING": 33, "COMMENTS": "1"}, {"TITLE": "SCP-ZH-572 - \u6587\u8a00\u6587\u647a\u6247", "FULLNAME": "scp-zh-572", "RATING": 12, "COMMENTS": "2"}, {"TITLE": "SCP-ZH-629 - \u56de\u8072\u676f", "FULLNAME": "scp-zh-629", "RATING": 4, "COMMENTS": "1"}, {"TITLE": "SCP-ZH-529 - \u8ffd\u89f4\u98f2\u671b", "FULLNAME": "scp-zh-529", "RATING": 8, "COMMENTS": "2"}, {"TITLE": "SCP-ZH-900 - \u77f3\u7070\u6e26\u8f2a", "FULLNAME": "scp-zh-900", "RATING": 8, "COMMENTS": "1"}, {"TITLE": "SCP-ZH-178 - \u676f\u9ce5", "FULLNAME": "scp-zh-178", "RATING": 11, "COMMENTS": "2"}, {"TITLE": "\u5922\u85dd\u5929\u9053\u884c\uff08TV345/7YUT8/5GDL6\uff09", "FULLNAME": "potehi", "RATING": 8, "COMMENTS": "0"}, {"TITLE": "\u5851\u8eab\u5de7\u62b9\u7cd5\uff08CA521/9CHI3/5FON7\uff09", "FULLNAME": "chocolatecake", "RATING": 8, "COMMENTS": "0"}, {"TITLE": "SCP-ZH-883 - \u8ff7\u60d8", "FULLNAME": "scp-zh-883", "RATING": 8, "COMMENTS": "2"}, {"TITLE": "SCP-ZH-882 - \u8d85\u731b\u53ec\u559a\u5927\u5168", "FULLNAME": "scp-zh-882", "RATING": 13, "COMMENTS": "1"}, {"TITLE": "SCP-ZH-419 - \u6b78\u5c6c\u4e4b\u5730", "FULLNAME": "scp-zh-419", "RATING": 10, "COMMENTS": "1"}, {"TITLE": "SCP-ZH-687 - \u7368\u773c\u767c\u689d\u8c93", "FULLNAME": "scp-zh-687", "RATING": 3, "COMMENTS": "0"}, {"TITLE": "SCP-ZH-825 - \u5947\u840a\u5b64\u5152", "FULLNAME": "scp-zh-825", "RATING": 12, "COMMENTS": "0"}, {"TITLE": "SCP-ZH-029 - \u77c7\u773c\u5c04\u98db\u93e2", "FULLNAME": "scp-zh-029", "RATING": 10, "COMMENTS": "1"}, {"TITLE": "\u6c38\u8861\u6559\u6703(\u820a\u7248) LOGO", "FULLNAME": "valentine-01", "RATING": 11, "COMMENTS": "0"}, {"TITLE": "SCP-ZH-406 - \u4e0d\u7d10\u897f\u862d", "FULLNAME": "scp-zh-406", "RATING": 11, "COMMENTS": "1"}, {"TITLE": "SCP-ZH-618 - \u592a\u967d\u9905\u7345", "FULLNAME": "scp-zh-618", "RATING": 42, "COMMENTS": "0"}, {"TITLE": "\u6e2c\u9a57\u5fc3\u7406\u8aee\u8a62\u5ba4", "FULLNAME": "counseling-room", "RATING": 2, "COMMENTS": "4"}, {"TITLE": "\u7ffb\u8b6f\u4e0d\u53ea\u662f\u584a\u86cb\u7cd5", "FULLNAME": "sth-about-translation", "RATING": 11, "COMMENTS": "6"}, {"TITLE": "SCP-ZH-477 - \u4e0d\u53ef\u6297\u5438\u5f15", "FULLNAME": "scp-zh-477", "RATING": 13, "COMMENTS": "3"}, {"TITLE": "\u7531\u4f86\uff0e\u6b7b\u4ea1\uff0e\u52a0\u5165", "FULLNAME": "from-death-join", "RATING": 5, "COMMENTS": "2"}, {"TITLE": "SCP-ZH-285 - \u81f4\u547d\u8a98\u60d1", "FULLNAME": "scp-zh-285", "RATING": 16, "COMMENTS": "5"}, {"TITLE": "SCP-ZH-069 - \u4f34\u7260\u5de6\u53f3", "FULLNAME": "scp-zh-069", "RATING": 10, "COMMENTS": "5"}, {"TITLE": "\u7dad\u5b89\u8a2d\u65bd\u6a94\u6848\uff1aSite-ZH-02", "FULLNAME": "site-zh-02", "RATING": 25, "COMMENTS": "7"}, {"TITLE": "\u7dad\u5b89\u8a2d\u65bd\u6a94\u6848\uff1aSite-ZH-25", "FULLNAME": "site-zh-25", "RATING": 16, "COMMENTS": "3"}, {"TITLE": "SCP-ZH-087-J", "FULLNAME": "scp-zh-087-j", "RATING": 11, "COMMENTS": "2"}, {"TITLE": "\u540d\u4ee5\u70ba\u4f60\u7684\u907a\u8de1\u2013\u932f\u80a9", "FULLNAME": "ruins-of-your-memories-1", "RATING": 9, "COMMENTS": "7"}, {"TITLE": "SCP-ZH-888 - \u973e", "FULLNAME": "scp-zh-888", "RATING": 19, "COMMENTS": "1"}, {"TITLE": "SCP-ZH-889 - \u6b64\u4e16\u4e4b\u5916", "FULLNAME": "scp-zh-889", "RATING": 13, "COMMENTS": "3"}, {"TITLE": "\u7121\u6708\u4e4b\u591c", "FULLNAME": "no-moon-night", "RATING": 9, "COMMENTS": "0"}, {"TITLE": "Nx-ZH-17", "FULLNAME": "thinking-and-write", "RATING": 13, "COMMENTS": "0"}, {"TITLE": "\u6311\u6230\u50b3\u7d71\u8a55\u5206\u65b9\u5f0f\uff1a\u95dc\u65bc\u81ea\u8a02\u8a55\u5206\u6a21\u7248", "FULLNAME": "rating-against-traditions", "RATING": 25, "COMMENTS": "0"}, {"TITLE": "SCP-ZH-323 - \u966a\u6211\u73a9", "FULLNAME": "scp-zh-323", "RATING": 10, "COMMENTS": "3"}, {"TITLE": "\u6f5b\u5728\u5371\u96aa\u7121\u6cd5\u88ab\u6587\u5b57\u8a18\u9304", "FULLNAME": "disremember", "RATING": 13, "COMMENTS": "1"}, {"TITLE": "\u6700\u597d\u7684\u7d50\u5c40", "FULLNAME": "what-do-you-think", "RATING": 12, "COMMENTS": "3"}, {"TITLE": "\u6c92\u6709\u4eba\u6703\u8ca0\u8cac\u5584\u5f8c", "FULLNAME": "nobodyneedshelp", "RATING": 13, "COMMENTS": "1"}, {"TITLE": "\u7ad9\u9ede\u7da0\u5316\u63d0\u6848", "FULLNAME": "greening", "RATING": 18, "COMMENTS": "1"}, {"TITLE": "SCP-ZH-886 - \u90a3\u4e9b\u8db3\u8de1", "FULLNAME": "scp-zh-886", "RATING": 13, "COMMENTS": "0"}, {"TITLE": "SCP-ZH-972 - \u9435\u7c60", "FULLNAME": "scp-zh-972", "RATING": 8, "COMMENTS": "6"}, {"TITLE": "\u6728\u6613\u85cf\u66f8\u95a3\u76ee\u9304 \u91d1-\u4e5d\u4e03\u516b \u300a\u6572\u982d\u9285\u7897\u300b", "FULLNAME": "yee", "RATING": 16, "COMMENTS": "0"}, {"TITLE": "\u9996\u7d1a", "FULLNAME": "head", "RATING": 16, "COMMENTS": "1"}, {"TITLE": "SCP-ZH-035 - \u8dd1\u9177\u8005", "FULLNAME": "scp-zh-035", "RATING": 21, "COMMENTS": "0"}, {"TITLE": "SCP-ZH-511 - \u671f\u5180\u4e4b\u9db4", "FULLNAME": "scp-zh-511", "RATING": 12, "COMMENTS": "1"}, {"TITLE": "\u6b78\u4f86", "FULLNAME": "the-tales-of-agents", "RATING": 6, "COMMENTS": "0"}, {"TITLE": "Site-ZH-02 \u5927\u5ef3", "FULLNAME": "site-zh-02-front", "RATING": 16, "COMMENTS": "0"}, {"TITLE": "SCP-ZH-005 - \u5047\u5982\u4f60\u6c92\u6709\u8f49\u767c\u9019\u7bc7\u6587\u6a94\u7d66\u5341\u500b\u670b\u53cb\uff0c\u90a3\u9ebc\u2026\u2026\u2026\u2026", "FULLNAME": "scp-zh-005", "RATING": 62, "COMMENTS": "0"}, {"TITLE": "SCP-ZH-199 - \u4e2d\u6c38\u548c\u8ff7\u5bae", "FULLNAME": "scp-zh-199", "RATING": 22, "COMMENTS": "8"}, {"TITLE": "\u6700\u771f\u5be6\u7684\u5f80\u5f80\u7121\u6cd5\u770b\u898b", "FULLNAME": "the-truth-is-usually-invisible", "RATING": 12, "COMMENTS": "0"}, {"TITLE": "SCP-ZH-070 - \u5c0d\u8a71\u6846\u5148\u751f", "FULLNAME": "scp-zh-070", "RATING": 17, "COMMENTS": "0"}, {"TITLE": "SCP-ZH-100", "FULLNAME": "scp-zh-0100", "RATING": 23, "COMMENTS": "0"}, {"TITLE": "\u7c60\u4e2d\u9ce5", "FULLNAME": "caged-bird", "RATING": 14, "COMMENTS": "0"}, {"TITLE": "\u7dad\u5b89\u8a2d\u65bd\u6a94\u6848\uff1aSite-ZH-81", "FULLNAME": "site-zh-81", "RATING": 19, "COMMENTS": "0"}, {"TITLE": "SCP-ZH-9288-EX", "FULLNAME": "scp-zh-9288-ex", "RATING": 45, "COMMENTS": "5"}, {"TITLE": "SCP-ZH-258 - \u5354\u548c\u5fa1\u5b88", "FULLNAME": "scp-zh-258", "RATING": 13, "COMMENTS": "0"}, {"TITLE": "Dr.Ray\u7684\u7570\u5e38\u9805\u76ee\u5206\u7d1a\u5716\u6a19", "FULLNAME": "ray-s-logo", "RATING": 19, "COMMENTS": "1"}, {"TITLE": "SCP-ZH-973 - \u5982\u300c\u6028\u300d\u4ee5\u511f", "FULLNAME": "scp-zh-973", "RATING": 8, "COMMENTS": "0"}, {"TITLE": "SCP-ZH-642 - \u5e0c\u671b\u6253\u706b\u6a5f", "FULLNAME": "scp-zh-642", "RATING": 14, "COMMENTS": "0"}, {"TITLE": "\u5c0b\u7372\u7269\u54c1\u7de8\u865f\uff1a021", "FULLNAME": "ru021", "RATING": 11, "COMMENTS": "0"}, {"TITLE": "SCP-ZH-027 - \u7389\u7c60\u5305", "FULLNAME": "scp-zh-027", "RATING": 16, "COMMENTS": "2"}, {"TITLE": "SCP-ZH-002 - \u53f0\u7063\u7368\u89d2\u7378", "FULLNAME": "scp-zh-002", "RATING": 37, "COMMENTS": "13"}, {"TITLE": "\u9918\u6ce2", "FULLNAME": "aftermath-zh", "RATING": 12, "COMMENTS": "1"}, {"TITLE": "\u6c99\u7687\u5148\u77e5\u5354\u6703\u4e2d\u5fc3\u9801", "FULLNAME": "tsars-hub", "RATING": 21, "COMMENTS": "0"}, {"TITLE": "SCP-ZH-670 - \u660e\u77e5\u6545\u72af", "FULLNAME": "scp-zh-670", "RATING": 15, "COMMENTS": "0"}, {"TITLE": "SCP-ZH-300 - \u8056\u8a95\u7bc0\u4ea4\u63db\u300c\u5ee2\u300d\u7269", "FULLNAME": "scp-zh-300", "RATING": 15, "COMMENTS": "2"}, {"TITLE": "\u8056\u8a95\u8ecd\u6f14", "FULLNAME": "xmas-exercise", "RATING": 24, "COMMENTS": "7"}, {"TITLE": "\u5b89\u5e03\u7f85\u65af\u9910\u5ef3-\u5d07\u6587\u9928", "FULLNAME": "ambrose-chung-wen-kuan", "RATING": 21, "COMMENTS": "2"}, {"TITLE": "\u8ab0\u628a\u8056\u8a95\u6a39\u4e0a\u7684\u661f\u661f\u62ff\u8d70\u4e86\uff1f", "FULLNAME": "star-of-bethlehem", "RATING": 14, "COMMENTS": "0"}, {"TITLE": "SCP-ZH-026 - \u9169\u914a\u8857\u7684\u5154\u5154", "FULLNAME": "scp-zh-026", "RATING": 7, "COMMENTS": "0"}, {"TITLE": "\u9d28\u9d28\u7684\u8056\u8a95\u8cc0\u5716", "FULLNAME": "duck-s-xmas", "RATING": 17, "COMMENTS": "0"}, {"TITLE": "SCP-ZH-626 - \u8996\u91ce\u5916", "FULLNAME": "scp-zh-626", "RATING": 23, "COMMENTS": "0"}, {"TITLE": "\u8056\u591c\u665a\u9910", "FULLNAME": "so-i-said-that-dinner", "RATING": 21, "COMMENTS": "2"}, {"TITLE": "SCP-ZH-044 - \u77f3\u7011\u72fb\u730a", "FULLNAME": "scp-zh-044", "RATING": 22, "COMMENTS": "3"}, {"TITLE": "\u9a5f\u96e8", "FULLNAME": "downpour", "RATING": 13, "COMMENTS": "0"}, {"TITLE": "\u5c0b\u7372\u5730\u9ede\u7de8\u865f\uff1a001", "FULLNAME": "article-number-001", "RATING": 0, "COMMENTS": "1"}, {"TITLE": "Off Work", "FULLNAME": "pry", "RATING": 18, "COMMENTS": "2"}, {"TITLE": "Viken-K\u7684\u6a21\u56e0\u6a19\u793a\u56de\u6536\u5834", "FULLNAME": "viken-k-arts", "RATING": 12, "COMMENTS": "2"}, {"TITLE": "\u5b89\u5e03\u7f85\u65af\u9910\u5ef3-\u4f0a\u85a9\u79d1\u592b\u865f\u5206\u5e97 (\u7bc0\u65e5\u9650\u5b9a)", "FULLNAME": "ambrose-isakov", "RATING": 28, "COMMENTS": "9"}, {"TITLE": "SCP-ZH-278 - \u4f60\u5fc5\u9808\u4fe1\u4efb\u7684\u9580\u885b", "FULLNAME": "scp-zh-278", "RATING": 14, "COMMENTS": "3"}, {"TITLE": "\u5982\u4f55\u4f7f\u7528\u7570\u5e38\u5206\u7d1a\u7c21\u8868ALT\u7248", "FULLNAME": "how-to-use-acs-alt", "RATING": 8, "COMMENTS": "0"}, {"TITLE": "SCP-ZH-860 - dado\u7684\u300c\u53d1\u300d\u8ca1\u85e5", "FULLNAME": "scp-zh-860", "RATING": 33, "COMMENTS": "3"}, {"TITLE": "\u884c\u52d5\u8a08\u5283 \u7b2c\u53c1\u634c\u8086\u5b57\u865f", "FULLNAME": "nsb8-384", "RATING": 22, "COMMENTS": "1"}, {"TITLE": "SCP-ZH-807 - \u6625\u7bc0\u52a0\u73ed", "FULLNAME": "scp-zh-807", "RATING": 9, "COMMENTS": "0"}, {"TITLE": "SCP-ZH-168 - \u4e0b\u96e8\u559d\u5949\u8336", "FULLNAME": "scp-zh-168", "RATING": 11, "COMMENTS": "1"}, {"TITLE": "\u884c\u52d5\u7c21\u5831 \u7b2c916\u5b57\u865f", "FULLNAME": "nsb8-916", "RATING": 8, "COMMENTS": "2"}, {"TITLE": "SCP-ZH-051 - \u8acb\u7d66\u6211\u4e00\u9ede\u6eab\u6696", "FULLNAME": "scp-zh-051", "RATING": 16, "COMMENTS": "1"}, {"TITLE": "SCP-ZH-314 - \u5584\u826f\u7684\u6975\u9650\uff1f", "FULLNAME": "scp-zh-314", "RATING": 11, "COMMENTS": "2"}, {"TITLE": "SCP-ZH-2588-J", "FULLNAME": "scp-zh-2588-j", "RATING": 6, "COMMENTS": "0"}, {"TITLE": "\u5b89\u5854\u96f7\u65af\u904b\u52d5\u5ba3\u5c0e", "FULLNAME": "propaganda-of-the-antares-movement", "RATING": 12, "COMMENTS": "0"}, {"TITLE": "\u6d17\u6a19\uff1a\u9ed14473-Shaman Surge \u7684\u7fbd\u7d68\u5927\u8863", "FULLNAME": "wanderers:surge-the-duck-god", "RATING": 8, "COMMENTS": "2"}, {"TITLE": "\u4e03\u5f8b\u2014\u2014\u6b4c\u54ed\u54bd", "FULLNAME": "wanderers:die-in-immortality", "RATING": 22, "COMMENTS": "2"}]