[{"TITLE": "SCP-ZH-618 - \u592a\u967d\u9905\u7345", "FULLNAME": "scp-zh-618", "RATING": 42, "COMMENTS": "0"}, {"TITLE": "SCP-ZH-323 - \u966a\u6211\u73a9", "FULLNAME": "scp-zh-323", "RATING": 10, "COMMENTS": "3"}, {"TITLE": "SCP-ZH-070 - \u5c0d\u8a71\u6846\u5148\u751f", "FULLNAME": "scp-zh-070", "RATING": 17, "COMMENTS": "0"}, {"TITLE": "\u6d17\u6a19\uff1a\u6a59-0754", "FULLNAME": "0754", "RATING": 6, "COMMENTS": "0"}, {"TITLE": "SCP-ZH-098 - \u300c\u5be7\u975c\u300d", "FULLNAME": "scp-zh-098", "RATING": 16, "COMMENTS": "5"}, {"TITLE": "\u6d17\u6a19\uff1a\u85cd-0815", "FULLNAME": "blue-0815", "RATING": 7, "COMMENTS": "1"}, {"TITLE": "\u6d17\u6a19\uff1a\u85cd0428-Dr. V\u7684\u5be6\u9a57\u888d", "FULLNAME": "blue-0428", "RATING": 13, "COMMENTS": "0"}, {"TITLE": "SCP-ZH-282 - \u9955\u5ba2", "FULLNAME": "scp-zh-282", "RATING": 19, "COMMENTS": "3"}, {"TITLE": "\u8acb\u554f\u6709\u8ab0\u80fd\u628a\u5730\u4e0b\u8857\u7684\u63db\u5e63\u6a5f\u4fee\u4e00\u4e0b", "FULLNAME": "artwork-shopping-arcade", "RATING": 19, "COMMENTS": "1"}, {"TITLE": "SCP-ZH-980 - \u7bc9\u5922\u5c0f\u68e7", "FULLNAME": "scp-zh-980", "RATING": 10, "COMMENTS": "2"}, {"TITLE": "SCP-ZH-880 - \u963f\u5b24\u89ba\u5f97\u4f60\u51b7", "FULLNAME": "scp-zh-880", "RATING": 30, "COMMENTS": "2"}, {"TITLE": "Surge\u7684\u63d0\u6848\u4e00", "FULLNAME": "surge-s-proposal-1", "RATING": 33, "COMMENTS": "11"}, {"TITLE": "SCP-ZH-104 - \u4eba\u5de5\u9020\u5b50", "FULLNAME": "scp-zh-104", "RATING": 12, "COMMENTS": "4"}, {"TITLE": "SCP-ZH-750 - \u795e\u8aaa\uff1a\u300c\u8981\u6709\u6cb9\u3002\u300d\u5c31\u6709\u4e86\u6cb9\u3002", "FULLNAME": "scp-zh-750", "RATING": 31, "COMMENTS": "5"}]