[{"TITLE": "SCP-ZH-029 - \u77c7\u773c\u5c04\u98db\u93e2", "FULLNAME": "scp-zh-029", "RATING": 10, "COMMENTS": "1"}, {"TITLE": "\u7dad\u5b89\u8a2d\u65bd\u6a94\u6848\uff1aSite-ZH-25", "FULLNAME": "site-zh-25", "RATING": 16, "COMMENTS": "3"}, {"TITLE": "\u5c0b\u7372\u7269\u54c1\u7de8\u865f\uff1a021", "FULLNAME": "ru021", "RATING": 11, "COMMENTS": "0"}, {"TITLE": "\u6211\u5728\u842c\u7269\u4e4b\u4e2d", "FULLNAME": "arkwork-3999", "RATING": 38, "COMMENTS": "8"}, {"TITLE": "\u6211\u6c92\u80fd\u6551\u5230\u4ed6\u3002", "FULLNAME": "arkwork-zh-200", "RATING": 23, "COMMENTS": "0"}, {"TITLE": "\u95c7\u58fd\u53f8\u6a94\u6848No.053\u300c\u7d05\u8c46\u8ecd\u8266\u300d", "FULLNAME": "yamizushi-file-053", "RATING": 12, "COMMENTS": "4"}]