[{"TITLE": "SCP-ZH-017 - \u6c38\u8861\u570b\u5165\u5883\u7533\u8acb\u8868", "FULLNAME": "scp-zh-017", "RATING": 19, "COMMENTS": "1"}, {"TITLE": "SCP-ZH-004 - \u99ac\u65af\u6d1b\u7684\u5973\u5152", "FULLNAME": "scp-zh-004", "RATING": 9, "COMMENTS": "5"}, {"TITLE": "SCP-ZH-222-J", "FULLNAME": "scp-zh-222-j", "RATING": 27, "COMMENTS": "0"}, {"TITLE": "SCP-ZH-069 - \u4f34\u7260\u5de6\u53f3", "FULLNAME": "scp-zh-069", "RATING": 10, "COMMENTS": "5"}, {"TITLE": "\u7dad\u5b89\u8a2d\u65bd\u6a94\u6848\uff1aSite-ZH-25", "FULLNAME": "site-zh-25", "RATING": 16, "COMMENTS": "3"}, {"TITLE": "SCP-ZH-888 - \u973e", "FULLNAME": "scp-zh-888", "RATING": 19, "COMMENTS": "1"}, {"TITLE": "SCP-ZH-256 - \u57fa\u6539\u5c71\u6cc9", "FULLNAME": "scp-zh-256", "RATING": 15, "COMMENTS": "0"}, {"TITLE": "\u6728\u6613\u85cf\u66f8\u95a3\u76ee\u9304 \u91d1-\u4e5d\u4e03\u516b \u300a\u6572\u982d\u9285\u7897\u300b", "FULLNAME": "yee", "RATING": 16, "COMMENTS": "0"}, {"TITLE": "\u5206\u5ee0\u642c\u9077\uff08K-05324\uff09", "FULLNAME": "k-05324", "RATING": 12, "COMMENTS": "0"}, {"TITLE": "\u76f4\u9762\u6050\u61fc\u7684\u8db3\u8de1", "FULLNAME": "courageous-footprints", "RATING": 6, "COMMENTS": "1"}, {"TITLE": "SCP-ZH-257 - \u9752\u82b1\u9f3b\u7159\u58fa", "FULLNAME": "scp-zh-257", "RATING": 8, "COMMENTS": "0"}, {"TITLE": "\u9060\u6771\u96f6\u865f\u5c08\u968a\u5377\u5b97\uff1aE-0249", "FULLNAME": "e-0249", "RATING": 9, "COMMENTS": "0"}, {"TITLE": "\u9060\u6771\u96f6\u865f\u5c08\u968a\u5377\u5b97\uff1aE-021", "FULLNAME": "e-021", "RATING": 4, "COMMENTS": "0"}, {"TITLE": "\u7687\u5bb6\u9999\u6e2f\u8b66\u5bdf\u968a\u96f6\u865f\u5c08\u968a \u4e2d\u5fc3\u9801", "FULLNAME": "zero-team-hub", "RATING": 10, "COMMENTS": "0"}, {"TITLE": "\u5c0d\u6b32\u8089\u6559\u7684\u4eba\u985e\u5b78\u9032\u8def03-\u6848\u4f8b\u7814\u7a7603\uff1a\u9999\u6e2f\u65b0\u8336\u5dba\u7684\u76e7\u4ead\u4eba", "FULLNAME": "sarkic-case-study-03-the-luo-ting-n-a-of-new-cha-ling", "RATING": 19, "COMMENTS": "0"}, {"TITLE": "SCP-ZH-254 - \u82b1\u9732\u6c34", "FULLNAME": "scp-zh-254", "RATING": 11, "COMMENTS": "1"}, {"TITLE": "\u65b0\u56db\u5c71\u5c0f\u5b78\u8a02\u55ae\uff08SSPS S56Y76\uff09", "FULLNAME": "mcdssps", "RATING": 8, "COMMENTS": "0"}, {"TITLE": "SCP-ZH-259 - \u4eba\u53bb\u9905\u7a7a", "FULLNAME": "scp-zh-259", "RATING": 11, "COMMENTS": "0"}, {"TITLE": "\u6709\u95dc\u6279\u51c6\u958b\u767c\u5f9e\u57fa\u6e96\u4e16\u754c\u9023\u63a5\u81f3\u7570\u5e38\u7a7a\u9593\u6c34\u7ba1\u4e4b\u7533\u8acb", "FULLNAME": "water-pipe", "RATING": 8, "COMMENTS": "0"}, {"TITLE": "SCP-ZH-258 - \u5354\u548c\u5fa1\u5b88", "FULLNAME": "scp-zh-258", "RATING": 13, "COMMENTS": "0"}]