[{"TITLE": "SCP-ZH-255 - \u8cd3\u5c3c\u8cbb\u7684\u6700\u5f8c\u5e87\u8b77\u6240", "FULLNAME": "scp-zh-255", "RATING": 22, "COMMENTS": "5"}, {"TITLE": "SCP-ZH-940 - \u7375\u5deb", "FULLNAME": "scp-zh-940", "RATING": 7, "COMMENTS": "4"}, {"TITLE": "\u6728\u6613\u85cf\u66f8\u95a3 \u4e2d\u5fc3\u9801", "FULLNAME": "mu-yi-hub", "RATING": 13, "COMMENTS": "0"}, {"TITLE": "SCP-ZH-251 - \u4e09\u6a13\u907a\u5740", "FULLNAME": "scp-zh-251", "RATING": 10, "COMMENTS": "0"}, {"TITLE": "SCP-ZH-252 - \u70ba\u4ec0\u9ebc\u4f60\u4e0d\u5716\u7247\u8c37\u6b4c\u4e00\u4e0b\uff1f", "FULLNAME": "scp-zh-252", "RATING": 15, "COMMENTS": "0"}, {"TITLE": "SCP-ZH-253 - \u6211\u7684\u6ed1\u9f20\u793e\u6703\u8d77\u4f86\u4e86\uff01", "FULLNAME": "scp-zh-253", "RATING": 12, "COMMENTS": "0"}, {"TITLE": "SCP-ZH-017 - \u6c38\u8861\u570b\u5165\u5883\u7533\u8acb\u8868", "FULLNAME": "scp-zh-017", "RATING": 19, "COMMENTS": "1"}, {"TITLE": "SCP-ZH-919 - \u5b88\u9580\u54e1", "FULLNAME": "scp-zh-919", "RATING": 0, "COMMENTS": "3"}, {"TITLE": "SCP-ZH-811 - \u5357\u4e2d\u5b78\u5802", "FULLNAME": "scp-zh-811", "RATING": 10, "COMMENTS": "6"}, {"TITLE": "SCP-ZH-551 - \u5c0f\u77f3\u6f6d\u8a18", "FULLNAME": "scp-zh-551", "RATING": 8, "COMMENTS": "3"}, {"TITLE": "SCP-ZH-431 - \u56fa\u6709\u984f\u6599", "FULLNAME": "scp-zh-431", "RATING": 4, "COMMENTS": "1"}, {"TITLE": "SCP-ZH-408 - \u5507\u679c\u6a39", "FULLNAME": "scp-zh-408", "RATING": 6, "COMMENTS": "1"}, {"TITLE": "SCP-ZH-229 - \u85cd\u4e7e\u916a", "FULLNAME": "scp-zh-229", "RATING": 14, "COMMENTS": "3"}, {"TITLE": "SCP-ZH-346 - \u76ae\u958b\u8089\u7dbb\u68d2", "FULLNAME": "scp-zh-346", "RATING": 5, "COMMENTS": "1"}, {"TITLE": "SCP-ZH-666 - \u88ab\u751f\u547d\u6240\u53ad\u60e1\u8005", "FULLNAME": "scp-zh-666", "RATING": 15, "COMMENTS": "2"}, {"TITLE": "SCP-ZH-953 - \u901a\u4fe1\u6c60", "FULLNAME": "scp-zh-953", "RATING": 8, "COMMENTS": "0"}, {"TITLE": "SCP-ZH-018 - \u7e7c\u627f\u4e4b\u7167", "FULLNAME": "scp-zh-018", "RATING": 10, "COMMENTS": "2"}, {"TITLE": "SCP-ZH-122 - \u87a2\u706b\u87f2\u71c8\u6ce1", "FULLNAME": "scp-zh-122", "RATING": 5, "COMMENTS": "1"}, {"TITLE": "SCP-ZH-954 - \u9ec3\u8272\u4fbf\u689d\u7d19", "FULLNAME": "scp-zh-954", "RATING": 17, "COMMENTS": "2"}, {"TITLE": "SCP-ZH-555", "FULLNAME": "scp-zh-555", "RATING": 1, "COMMENTS": "5"}, {"TITLE": "SCP-ZH-349 - \u5929\u5df2\u904a\u61a9\u5ef3", "FULLNAME": "scp-zh-349", "RATING": 6, "COMMENTS": "1"}, {"TITLE": "SCP-ZH-521 - \u647a\u7d19\u5c4b", "FULLNAME": "scp-zh-521", "RATING": 3, "COMMENTS": "2"}, {"TITLE": "SCP-ZH-421 - \u56de\u6714\u9336", "FULLNAME": "scp-zh-421", "RATING": 6, "COMMENTS": "1"}, {"TITLE": "SCP-ZH-117 - \u9053\u8def\u4fdd\u6301\u66a2\u901a", "FULLNAME": "scp-zh-117", "RATING": 33, "COMMENTS": "1"}, {"TITLE": "SCP-ZH-572 - \u6587\u8a00\u6587\u647a\u6247", "FULLNAME": "scp-zh-572", "RATING": 12, "COMMENTS": "2"}, {"TITLE": "SCP-ZH-024-ARC", "FULLNAME": "scp-zh-024-arc", "RATING": 6, "COMMENTS": "1"}, {"TITLE": "SCP-ZH-629 - \u56de\u8072\u676f", "FULLNAME": "scp-zh-629", "RATING": 4, "COMMENTS": "1"}, {"TITLE": "SCP-ZH-529 - \u8ffd\u89f4\u98f2\u671b", "FULLNAME": "scp-zh-529", "RATING": 8, "COMMENTS": "2"}, {"TITLE": "SCP-ZH-401 - \u8272\u925b\u7b46", "FULLNAME": "scp-zh-401", "RATING": 9, "COMMENTS": "2"}, {"TITLE": "SCP-ZH-900 - \u77f3\u7070\u6e26\u8f2a", "FULLNAME": "scp-zh-900", "RATING": 8, "COMMENTS": "1"}, {"TITLE": "SCP-ZH-124 - \u660e\u65e5\u90f5\u7bb1", "FULLNAME": "scp-zh-124", "RATING": 5, "COMMENTS": "1"}, {"TITLE": "SCP-ZH-178 - \u676f\u9ce5", "FULLNAME": "scp-zh-178", "RATING": 11, "COMMENTS": "2"}, {"TITLE": "SCP-ZH-003 - \u6975\u7aef\u5f0f\u4fe1\u4ef0", "FULLNAME": "scp-zh-003", "RATING": 7, "COMMENTS": "4"}, {"TITLE": "UIU\u6a94\u6848\uff1a1970-005", "FULLNAME": "uiu-1970-005", "RATING": 7, "COMMENTS": "0"}, {"TITLE": "\u767d\u6fa4\u91cd\u751f\u8a08\u5283-2008", "FULLNAME": "2008", "RATING": 9, "COMMENTS": "3"}, {"TITLE": "\u5c0f\u52d5\u7269\u7c21\u4ecb\uff1aDoris\uff01", "FULLNAME": "doris", "RATING": 6, "COMMENTS": "3"}, {"TITLE": "SCP-ZH-213 - \u9078\u64c7\u773c\u93e1", "FULLNAME": "scp-zh-213", "RATING": 4, "COMMENTS": "1"}, {"TITLE": "SCP-ZH-130 - \u5fc3", "FULLNAME": "scp-zh-130", "RATING": 7, "COMMENTS": "1"}, {"TITLE": "SCP-ZH-439 - \u5d4c\u5408\u6a5f\u8eca", "FULLNAME": "scp-zh-439", "RATING": 2, "COMMENTS": "1"}, {"TITLE": "\u5922\u85dd\u5929\u9053\u884c\uff08TV345/7YUT8/5GDL6\uff09", "FULLNAME": "potehi", "RATING": 8, "COMMENTS": "0"}, {"TITLE": "\u5851\u8eab\u5de7\u62b9\u7cd5\uff08CA521/9CHI3/5FON7\uff09", "FULLNAME": "chocolatecake", "RATING": 8, "COMMENTS": "0"}, {"TITLE": "SCP-ZH-127 - \u5deb\u6bd2\u68c9\u82b1\u7cd6", "FULLNAME": "scp-zh-127", "RATING": 12, "COMMENTS": "0"}, {"TITLE": "\u5be6\u9a57\u8a18\u9304 ZH-666", "FULLNAME": "zh-666", "RATING": 6, "COMMENTS": "0"}, {"TITLE": "SCP-ZH-883 - \u8ff7\u60d8", "FULLNAME": "scp-zh-883", "RATING": 8, "COMMENTS": "2"}, {"TITLE": "SCP-ZH-372 - \u9ed1\u9ad4\u7fa4", "FULLNAME": "scp-zh-372", "RATING": 15, "COMMENTS": "9"}, {"TITLE": "SCP-ZH-004 - \u99ac\u65af\u6d1b\u7684\u5973\u5152", "FULLNAME": "scp-zh-004", "RATING": 9, "COMMENTS": "5"}, {"TITLE": "SCP-ZH-748 - \u6dda\u9b54", "FULLNAME": "scp-zh-748", "RATING": 5, "COMMENTS": "2"}, {"TITLE": "SCP-ZH-089 - \u4e0d\u5b58\u5728\u7684ACG\u8cfc\u7269\u7db2", "FULLNAME": "scp-zh-089", "RATING": 14, "COMMENTS": "1"}, {"TITLE": "SCP-ZH-587-J", "FULLNAME": "scp-zh-587-j", "RATING": 23, "COMMENTS": "1"}, {"TITLE": "SCP-ZH-472-J", "FULLNAME": "scp-zh-472-j", "RATING": 4, "COMMENTS": "1"}, {"TITLE": "SCP-ZH-419 - \u6b78\u5c6c\u4e4b\u5730", "FULLNAME": "scp-zh-419", "RATING": 10, "COMMENTS": "1"}, {"TITLE": "SCP-ZH-724 - \u8377\u74e6\u4f0a\u7684\u6eab\u5ba4\u7403", "FULLNAME": "scp-zh-724", "RATING": 5, "COMMENTS": "3"}, {"TITLE": "SCP-ZH-064 - \u4eba\u9762\u85e4", "FULLNAME": "scp-zh-064", "RATING": 5, "COMMENTS": "0"}, {"TITLE": "SCP-ZH-582 - \u4e16\u4e0a\u6700\u8a0e\u4eba\u559c\u611b\u7684\u4e0d\u660e\u751f\u7269", "FULLNAME": "scp-zh-582", "RATING": 15, "COMMENTS": "0"}, {"TITLE": "SCP-ZH-222-J", "FULLNAME": "scp-zh-222-j", "RATING": 27, "COMMENTS": "0"}, {"TITLE": "SCP-ZH-687 - \u7368\u773c\u767c\u689d\u8c93", "FULLNAME": "scp-zh-687", "RATING": 3, "COMMENTS": "0"}, {"TITLE": "\u63a7\u5236\u3002", "FULLNAME": "secure-zh", "RATING": 6, "COMMENTS": "1"}, {"TITLE": "\u6728\u6613\u85cf\u66f8\u95a3\u76ee\u9304 \u66f8-\u4e94\u96f6\u4e09 \u300a\u738b\u6c0f\u6613\u300b", "FULLNAME": "wong-magical-book", "RATING": 10, "COMMENTS": "2"}, {"TITLE": "\u9577\u5eca", "FULLNAME": "cdbeta05", "RATING": 6, "COMMENTS": "1"}, {"TITLE": "SCP-ZH-825 - \u5947\u840a\u5b64\u5152", "FULLNAME": "scp-zh-825", "RATING": 12, "COMMENTS": "0"}, {"TITLE": "\u6536\u5bb9\u3002", "FULLNAME": "contain-zh", "RATING": 7, "COMMENTS": "2"}, {"TITLE": "SCP-ZH-029 - \u77c7\u773c\u5c04\u98db\u93e2", "FULLNAME": "scp-zh-029", "RATING": 10, "COMMENTS": "1"}, {"TITLE": "SCP\u57fa\u91d1\u6703\u4e0d\u77e5\u9053\u7684\u90a3\u4e9b\u4e8b\u4ef6", "FULLNAME": "ocd-virus01", "RATING": 19, "COMMENTS": "1"}, {"TITLE": "SCP\u57fa\u91d1\u6703\u4e0d\u77e5\u9053\u7684\u90a3\u4e9b\u4e8b\u4ef6\uff0d02", "FULLNAME": "ocd-virus02", "RATING": 4, "COMMENTS": "1"}, {"TITLE": "\u7d44\u7e54\u4ee3\u865f\uff1a\u70cf\u6258\u90a6", "FULLNAME": "organization-code-utopia", "RATING": 5, "COMMENTS": "3"}, {"TITLE": "SCP-ZH-009 - \u81fa\u5f0f\u65e9\u9ede", "FULLNAME": "scp-zh-009", "RATING": 20, "COMMENTS": "3"}, {"TITLE": "Eco-09\u5354\u8b70", "FULLNAME": "eco-09", "RATING": 8, "COMMENTS": "0"}, {"TITLE": "SCP-ZH-510 - \u907a\u8a00", "FULLNAME": "scp-zh-510", "RATING": 10, "COMMENTS": "1"}, {"TITLE": "SCP-ZH-406 - \u4e0d\u7d10\u897f\u862d", "FULLNAME": "scp-zh-406", "RATING": 11, "COMMENTS": "1"}, {"TITLE": "B3\u51b7\u51cd\u5eab\u5e7d\u9748\u9955\u5ba2", "FULLNAME": "site-zh-02-eater", "RATING": 10, "COMMENTS": "0"}, {"TITLE": "\u5c0f\u52d5\u7269\u7c21\u4ecb\uff1aEsther\uff01", "FULLNAME": "esther", "RATING": 8, "COMMENTS": "2"}, {"TITLE": "SCP-ZH-618 - \u592a\u967d\u9905\u7345", "FULLNAME": "scp-zh-618", "RATING": 42, "COMMENTS": "0"}, {"TITLE": "\u6e2c\u9a57\u5fc3\u7406\u8aee\u8a62\u5ba4", "FULLNAME": "counseling-room", "RATING": 2, "COMMENTS": "4"}, {"TITLE": "\u6a21\u677f\u6307\u5357\uff08\u901a\u7528/\u7ffb\u8b6f\uff09", "FULLNAME": "template-translation", "RATING": 6, "COMMENTS": "0"}, {"TITLE": "\u7ffb\u8b6f\u4e0d\u53ea\u662f\u584a\u86cb\u7cd5", "FULLNAME": "sth-about-translation", "RATING": 11, "COMMENTS": "6"}, {"TITLE": "SCP-ZH-118 - \u8352\u8b2c\u7684\u548c\u5e73\u9d3f", "FULLNAME": "scp-zh-118", "RATING": 6, "COMMENTS": "3"}, {"TITLE": "SCP-ZH-583 - \u58ef\u70c8\u6210\u4ec1", "FULLNAME": "scp-zh-583", "RATING": 12, "COMMENTS": "6"}, {"TITLE": "SCP-ZH-477 - \u4e0d\u53ef\u6297\u5438\u5f15", "FULLNAME": "scp-zh-477", "RATING": 13, "COMMENTS": "3"}, {"TITLE": "\u7531\u4f86\uff0e\u6b7b\u4ea1\uff0e\u52a0\u5165", "FULLNAME": "from-death-join", "RATING": 5, "COMMENTS": "2"}, {"TITLE": "SCP-ZH-285 - \u81f4\u547d\u8a98\u60d1", "FULLNAME": "scp-zh-285", "RATING": 16, "COMMENTS": "5"}, {"TITLE": "SCP-ZH-069 - \u4f34\u7260\u5de6\u53f3", "FULLNAME": "scp-zh-069", "RATING": 10, "COMMENTS": "5"}, {"TITLE": "\u7dad\u5b89\u8a2d\u65bd\u6a94\u6848\uff1aSite-ZH-02", "FULLNAME": "site-zh-02", "RATING": 25, "COMMENTS": "7"}, {"TITLE": "\u7dad\u5b89\u8a2d\u65bd\u6a94\u6848\uff1aSite-ZH-25", "FULLNAME": "site-zh-25", "RATING": 16, "COMMENTS": "3"}, {"TITLE": "SCP-ZH-087-J", "FULLNAME": "scp-zh-087-j", "RATING": 11, "COMMENTS": "2"}, {"TITLE": "\u540d\u4ee5\u70ba\u4f60\u7684\u907a\u8de1\u2013\u932f\u80a9", "FULLNAME": "ruins-of-your-memories-1", "RATING": 9, "COMMENTS": "7"}, {"TITLE": "SCP-ZH-888 - \u973e", "FULLNAME": "scp-zh-888", "RATING": 19, "COMMENTS": "1"}, {"TITLE": "SCP-ZH-256 - \u57fa\u6539\u5c71\u6cc9", "FULLNAME": "scp-zh-256", "RATING": 15, "COMMENTS": "0"}, {"TITLE": "SCP-ZH-889 - \u6b64\u4e16\u4e4b\u5916", "FULLNAME": "scp-zh-889", "RATING": 13, "COMMENTS": "3"}, {"TITLE": "SCP-ZH-720 - \u6df1\u6f6d\u6c34\u9b45", "FULLNAME": "scp-zh-720", "RATING": 9, "COMMENTS": "2"}, {"TITLE": "Nx-ZH-17", "FULLNAME": "thinking-and-write", "RATING": 13, "COMMENTS": "0"}, {"TITLE": "SCP-ZH-501 - \u6c38\u6046\u4e4b\u5fc3", "FULLNAME": "scp-zh-501", "RATING": 4, "COMMENTS": "0"}, {"TITLE": "SCP-ZH-823 - \u5ba4\u53cb", "FULLNAME": "scp-zh-823", "RATING": 14, "COMMENTS": "0"}, {"TITLE": "\u6f5b\u5728\u5371\u96aa\u7121\u6cd5\u88ab\u6587\u5b57\u8a18\u9304", "FULLNAME": "disremember", "RATING": 13, "COMMENTS": "1"}, {"TITLE": "\u6c92\u6709\u4eba\u6703\u8ca0\u8cac\u5584\u5f8c", "FULLNAME": "nobodyneedshelp", "RATING": 13, "COMMENTS": "1"}, {"TITLE": "\u7ad9\u9ede\u7da0\u5316\u63d0\u6848", "FULLNAME": "greening", "RATING": 18, "COMMENTS": "1"}, {"TITLE": "\u6728\u6613\u85cf\u66f8\u95a3\u76ee\u9304 \u91d1-\u4e5d\u4e03\u516b \u300a\u6572\u982d\u9285\u7897\u300b", "FULLNAME": "yee", "RATING": 16, "COMMENTS": "0"}, {"TITLE": "\u9996\u7d1a", "FULLNAME": "head", "RATING": 16, "COMMENTS": "1"}, {"TITLE": "SCP-ZH-035 - \u8dd1\u9177\u8005", "FULLNAME": "scp-zh-035", "RATING": 21, "COMMENTS": "0"}, {"TITLE": "\u7dad\u5b89\u8a2d\u65bd\u6a94\u6848\uff1aSite-ZH-16", "FULLNAME": "site-zh-16", "RATING": 14, "COMMENTS": "2"}, {"TITLE": "Site-ZH-02 \u5927\u5ef3", "FULLNAME": "site-zh-02-front", "RATING": 16, "COMMENTS": "0"}, {"TITLE": "SCP-ZH-310 - \u7570\u5e38\u86cb\u767d\u8cea\u7d50\u69cb\u57df", "FULLNAME": "scp-zh-310", "RATING": 26, "COMMENTS": "2"}, {"TITLE": "SCP-ZH-105 - \u4e0d\u5b5d\u5b50", "FULLNAME": "scp-zh-105", "RATING": 66, "COMMENTS": "5"}, {"TITLE": "NSB-8\u65b0\u9032\u4eba\u54e1\u6559\u7a0b: \u4f55\u8b02colony", "FULLNAME": "nsb8-teach-colony", "RATING": 9, "COMMENTS": "0"}, {"TITLE": "SCP-ZH-661 - \u6c5f\u5cb3\u5996\u8a2a\u884c", "FULLNAME": "scp-zh-661", "RATING": 10, "COMMENTS": "0"}, {"TITLE": "\u8840\u8de1-\u4e0a", "FULLNAME": "bloodstain-1", "RATING": 8, "COMMENTS": "0"}, {"TITLE": "\u8840\u8de1-\u4e0b", "FULLNAME": "bloodstain-2", "RATING": 9, "COMMENTS": "0"}, {"TITLE": "SCP-ZH-125 - \u535a\u611b\u5ea7", "FULLNAME": "scp-zh-125", "RATING": 22, "COMMENTS": "2"}, {"TITLE": "\u6d17\u6a19\uff1a\u9ed10419-Dr.Metha\u7684\u624b\u5e15\uff0c\u85b0\u8863\u8349\u5473", "FULLNAME": "black-0419", "RATING": 11, "COMMENTS": "0"}, {"TITLE": "SCP-ZH-050 - \u6399\u624e\u5200\u7247", "FULLNAME": "scp-zh-050", "RATING": 16, "COMMENTS": "0"}, {"TITLE": "\u8a8d\u990a\u6d77\u5831\uff1aChoco\uff01", "FULLNAME": "adoption-poster-choco", "RATING": 15, "COMMENTS": "0"}, {"TITLE": "\u5206\u5ee0\u642c\u9077\uff08K-05324\uff09", "FULLNAME": "k-05324", "RATING": 12, "COMMENTS": "0"}, {"TITLE": "\u6700\u771f\u5be6\u7684\u5f80\u5f80\u7121\u6cd5\u770b\u898b", "FULLNAME": "the-truth-is-usually-invisible", "RATING": 12, "COMMENTS": "0"}, {"TITLE": "\u76f4\u9762\u6050\u61fc\u7684\u8db3\u8de1", "FULLNAME": "courageous-footprints", "RATING": 6, "COMMENTS": "1"}, {"TITLE": "\u5230\u8077", "FULLNAME": "arrival", "RATING": 18, "COMMENTS": "5"}, {"TITLE": "SCP-ZH-515 - \u5e73\u5b89\u7b26", "FULLNAME": "scp-zh-515", "RATING": 44, "COMMENTS": "2"}, {"TITLE": "\u719f\u6089\u7684\u964c\u751f\u4eba\u5011", "FULLNAME": "familiar-strangers", "RATING": 12, "COMMENTS": "0"}, {"TITLE": "\u6d17\u6a19\uff1a\u6a582147-Dr. Bales\u7684\u5be6\u9a57\u8863", "FULLNAME": "orange-2147", "RATING": 11, "COMMENTS": "0"}, {"TITLE": "KZ\u6536\u5bb9\u7a81\u7834", "FULLNAME": "kz-containment-breach", "RATING": 7, "COMMENTS": "3"}, {"TITLE": "SCP-ZH-257 - \u9752\u82b1\u9f3b\u7159\u58fa", "FULLNAME": "scp-zh-257", "RATING": 8, "COMMENTS": "0"}, {"TITLE": "SCP-ZH-194 - \u7fa9\u9ad4\u83cc\u7fa4", "FULLNAME": "scp-zh-194", "RATING": 12, "COMMENTS": "1"}, {"TITLE": "\u8a08\u5283\u5831\u544a{01-728}", "FULLNAME": "nsb8-01728", "RATING": 9, "COMMENTS": "0"}, {"TITLE": "\u5de5\u4f5c\u4eba\u54e1\u53ca\u89d2\u8272\u6a94\u6848-ZH", "FULLNAME": "personnel-and-character-dossier-zh", "RATING": 17, "COMMENTS": "0"}, {"TITLE": "\u6d17\u6a19\uff1a\u6a583041-Dr. Owen\u7684\u5be6\u9a57\u888d", "FULLNAME": "owens-clothes", "RATING": 14, "COMMENTS": "0"}, {"TITLE": "Dr. Kris\u7684\u6587\u6a94\u5c71\u6d77\uff0dSCP-2940-B", "FULLNAME": "k1s10r0d-2940-b-art", "RATING": 12, "COMMENTS": "0"}, {"TITLE": "Kondraki\u7684\u56db\u6b21\u65b9\u9ebb\u7169", "FULLNAME": "four-konnies-four-troubles", "RATING": 10, "COMMENTS": "3"}, {"TITLE": "SCP-ZH-545 - \u6211\u4e0d\u662f\u6050\u9f8d", "FULLNAME": "scp-zh-545", "RATING": 17, "COMMENTS": "1"}, {"TITLE": "\u7ae0\u7bc0\u540d\uff1a\u83ef\u846c", "FULLNAME": "i-hate-myself", "RATING": 11, "COMMENTS": "0"}, {"TITLE": "\u6211\u4e0d\u8a8d\u8b58\u6e38\u6cf3\u6c60\u88e1\u7684\u5c4d\u9ad4", "FULLNAME": "i-don-t-know-the-body-in-the-swim-pool", "RATING": 11, "COMMENTS": "0"}, {"TITLE": "\u6df5\u5922\u7684\u9ed1\u767d\u5716\u96c601", "FULLNAME": "abyssdream-pic-01", "RATING": 14, "COMMENTS": "0"}, {"TITLE": "SCP-ZH-810 - \u6d77\u6d0b\u4e4b\u8166", "FULLNAME": "scp-zh-810", "RATING": 15, "COMMENTS": "2"}, {"TITLE": "SCP-ZH-111 - \u81ea\u6211\u4e2d\u5fc3", "FULLNAME": "scp-zh-111", "RATING": 38, "COMMENTS": "0"}, {"TITLE": "\u70ba\u4f55\u6211\u5011\u4e0d\u80fd\u6feb\u7528\u73fe\u5be6\u7a69\u5b9a\u9328\uff1f", "FULLNAME": "about-scranton-reality-anchors", "RATING": 17, "COMMENTS": "3"}]