[{"TITLE": "\u6728\u6613\u85cf\u66f8\u95a3\u76ee\u9304 \u96dc-\u4e94\u4e5d\u516d \u300a\u5bdf\u4f55\u81fa\u7684\u884c\u8ecd\u5957\u88dd\u300b", "FULLNAME": "mu-yi-596", "RATING": 5, "COMMENTS": "0"}, {"TITLE": "\u5c0f\u52d5\u7269\u7c21\u4ecb\uff1a\u041c\u043e\u0440\u044c\uff01", "FULLNAME": "critter-profile-mor", "RATING": 6, "COMMENTS": "3"}, {"TITLE": "SCP-ZH-017 - \u6c38\u8861\u570b\u5165\u5883\u7533\u8acb\u8868", "FULLNAME": "scp-zh-017", "RATING": 19, "COMMENTS": "1"}, {"TITLE": "SCP-ZH-117 - \u9053\u8def\u4fdd\u6301\u66a2\u901a", "FULLNAME": "scp-zh-117", "RATING": 33, "COMMENTS": "1"}, {"TITLE": "SCP-ZH-529 - \u8ffd\u89f4\u98f2\u671b", "FULLNAME": "scp-zh-529", "RATING": 8, "COMMENTS": "2"}, {"TITLE": "SCP-ZH-009 - \u81fa\u5f0f\u65e9\u9ede", "FULLNAME": "scp-zh-009", "RATING": 20, "COMMENTS": "3"}, {"TITLE": "SCP-ZH-618 - \u592a\u967d\u9905\u7345", "FULLNAME": "scp-zh-618", "RATING": 42, "COMMENTS": "0"}, {"TITLE": "SCP-ZH-069 - \u4f34\u7260\u5de6\u53f3", "FULLNAME": "scp-zh-069", "RATING": 10, "COMMENTS": "5"}, {"TITLE": "\u7dad\u5b89\u8a2d\u65bd\u6a94\u6848\uff1aSite-ZH-02", "FULLNAME": "site-zh-02", "RATING": 25, "COMMENTS": "7"}, {"TITLE": "\u7dad\u5b89\u8a2d\u65bd\u6a94\u6848\uff1aSite-ZH-25", "FULLNAME": "site-zh-25", "RATING": 16, "COMMENTS": "3"}, {"TITLE": "SCP-ZH-087-J", "FULLNAME": "scp-zh-087-j", "RATING": 11, "COMMENTS": "2"}, {"TITLE": "SCP-ZH-888 - \u973e", "FULLNAME": "scp-zh-888", "RATING": 19, "COMMENTS": "1"}, {"TITLE": "SCP-ZH-256 - \u57fa\u6539\u5c71\u6cc9", "FULLNAME": "scp-zh-256", "RATING": 15, "COMMENTS": "0"}, {"TITLE": "SCP-ZH-889 - \u6b64\u4e16\u4e4b\u5916", "FULLNAME": "scp-zh-889", "RATING": 13, "COMMENTS": "3"}, {"TITLE": "SCP-ZH-9288-EX", "FULLNAME": "scp-zh-9288-ex", "RATING": 45, "COMMENTS": "5"}, {"TITLE": "\u4ed6\u5011\u628a\u4eba\u6254\u9032\u4e86\u6d77\u88e1", "FULLNAME": "they-throw-them-into-the-sea", "RATING": 11, "COMMENTS": "4"}, {"TITLE": "SCP-ZH-053 - \u8b93\u6211\u5011\u64e6\u4e7e\u4f60\u7684\u6dda\u6c34", "FULLNAME": "scp-zh-053", "RATING": 30, "COMMENTS": "0"}, {"TITLE": "\u6211\u4e0d\u8a8d\u8b58\u6c34\u88e1\u7684AD", "FULLNAME": "i-don-t-recognize-that-ad-in-the-water", "RATING": 13, "COMMENTS": "0"}, {"TITLE": "\u7121\u5922\u4e4b\u4eba\u662f\u5426\u6703\u5922\u5230\u660e\u5929\u7684\u666f\u8272", "FULLNAME": "dream-about-tomorrow", "RATING": 18, "COMMENTS": "5"}, {"TITLE": "\u65b0\u805e\u5feb\u8a0a\uff1a\u82e5\u6211\u5011\u8981\u9054\u5230\u4ec1\u6148\u7684\u4e0b\u5834\uff0c\u61c9\u8a72\u9075\u5b88\u54ea\u4e9b\u4e8b\u60c5", "FULLNAME": "news-site-zh-81-1", "RATING": 25, "COMMENTS": "5"}, {"TITLE": "Dr. Kris\u7684\u6587\u6a94\u5c71\u6d77\uff0d\u7246\u4e0a\u7684\u6cb9\u756b", "FULLNAME": "k1s10r0d-oil-painting-on-the-wall", "RATING": 14, "COMMENTS": "0"}, {"TITLE": "Dr. Kris\u7684\u6587\u6a94\u5c71\u6d77\uff0dDr. \u8d85\u8870\u5e03\u840a\u6069Vol.1", "FULLNAME": "k1s10r0d-dr-suck-luck-bryan-vol-1", "RATING": 11, "COMMENTS": "0"}]