[{"TITLE": "SCP-ZH-024-ARC", "FULLNAME": "scp-zh-024-arc", "RATING": 6, "COMMENTS": "1"}, {"TITLE": "SCP-ZH-587-J", "FULLNAME": "scp-zh-587-j", "RATING": 23, "COMMENTS": "1"}, {"TITLE": "SCP-ZH-582 - \u4e16\u4e0a\u6700\u8a0e\u4eba\u559c\u611b\u7684\u4e0d\u660e\u751f\u7269", "FULLNAME": "scp-zh-582", "RATING": 15, "COMMENTS": "0"}, {"TITLE": "SCP-ZH-510 - \u907a\u8a00", "FULLNAME": "scp-zh-510", "RATING": 10, "COMMENTS": "1"}, {"TITLE": "SCP-ZH-406 - \u4e0d\u7d10\u897f\u862d", "FULLNAME": "scp-zh-406", "RATING": 11, "COMMENTS": "1"}, {"TITLE": "B3\u51b7\u51cd\u5eab\u5e7d\u9748\u9955\u5ba2", "FULLNAME": "site-zh-02-eater", "RATING": 10, "COMMENTS": "0"}, {"TITLE": "\u5c0f\u52d5\u7269\u7c21\u4ecb\uff1aEsther\uff01", "FULLNAME": "esther", "RATING": 8, "COMMENTS": "2"}, {"TITLE": "SCP-ZH-618 - \u592a\u967d\u9905\u7345", "FULLNAME": "scp-zh-618", "RATING": 42, "COMMENTS": "0"}]