[{"TITLE": "SCP-ZH-009 - \u81fa\u5f0f\u65e9\u9ede", "FULLNAME": "scp-zh-009", "RATING": 20, "COMMENTS": "3"}, {"TITLE": "SCP-ZH-005 - \u5047\u5982\u4f60\u6c92\u6709\u8f49\u767c\u9019\u7bc7\u6587\u6a94\u7d66\u5341\u500b\u670b\u53cb\uff0c\u90a3\u9ebc\u2026\u2026\u2026\u2026", "FULLNAME": "scp-zh-005", "RATING": 62, "COMMENTS": "0"}, {"TITLE": "SCP-ZH-105 - \u4e0d\u5b5d\u5b50", "FULLNAME": "scp-zh-105", "RATING": 66, "COMMENTS": "5"}, {"TITLE": "SCP-ZH-515 - \u5e73\u5b89\u7b26", "FULLNAME": "scp-zh-515", "RATING": 44, "COMMENTS": "2"}, {"TITLE": "SCP-ZH-194 - \u7fa9\u9ad4\u83cc\u7fa4", "FULLNAME": "scp-zh-194", "RATING": 12, "COMMENTS": "1"}, {"TITLE": "SCP-ZH-120 - \u865b\u69cb\u7684\u6211\u5011", "FULLNAME": "scp-zh-120", "RATING": 40, "COMMENTS": "4"}, {"TITLE": "SCP-ZH-166 - \u505c\u6eef\u5728\u695a\u6cb3\u6f22\u754c", "FULLNAME": "scp-zh-166", "RATING": 21, "COMMENTS": "2"}, {"TITLE": "SCP-ZH-2005-EX", "FULLNAME": "scp-zh-2005-ex", "RATING": 58, "COMMENTS": "1"}, {"TITLE": "SCP-ZH-912-J - \u5927\u5fcc", "FULLNAME": "scp-zh-912-j", "RATING": 21, "COMMENTS": "6"}]