[{"TITLE": "SCP-ZH-629 - \u56de\u8072\u676f", "FULLNAME": "scp-zh-629", "RATING": 4, "COMMENTS": "1"}, {"TITLE": "SCP-ZH-510 - \u907a\u8a00", "FULLNAME": "scp-zh-510", "RATING": 10, "COMMENTS": "1"}, {"TITLE": "SCP-ZH-618 - \u592a\u967d\u9905\u7345", "FULLNAME": "scp-zh-618", "RATING": 42, "COMMENTS": "0"}, {"TITLE": "SCP-ZH-823 - \u5ba4\u53cb", "FULLNAME": "scp-zh-823", "RATING": 14, "COMMENTS": "0"}, {"TITLE": "\u76f4\u9762\u6050\u61fc\u7684\u8db3\u8de1", "FULLNAME": "courageous-footprints", "RATING": 6, "COMMENTS": "1"}, {"TITLE": "SCP-ZH-711 - \u9020\u53e5\u6a21\u64ec\u5668", "FULLNAME": "scp-zh-711", "RATING": 9, "COMMENTS": "1"}, {"TITLE": "SCP-ZH-564 - \u4e0d\u60f3\u96e2\u958b\u7684\u4ed9\u90a3\u5ea6", "FULLNAME": "scp-zh-564", "RATING": 5, "COMMENTS": "7"}, {"TITLE": "SCP-ZH-973 - \u5982\u300c\u6028\u300d\u4ee5\u511f", "FULLNAME": "scp-zh-973", "RATING": 8, "COMMENTS": "0"}, {"TITLE": "SCP-ZH-011 - \u611b\u5b83\u5c31\u63a5\u53d7\u5b83", "FULLNAME": "scp-zh-011", "RATING": 8, "COMMENTS": "3"}, {"TITLE": "SCP-1678 UnLondon \u93e1\u50cf\u502b\u6566", "FULLNAME": "the-london-from-eternal2018", "RATING": 9, "COMMENTS": "0"}, {"TITLE": "SCP-073 Cain \u8a72\u96b1 & SCP-076 Abel \u4e9e\u4f2f", "FULLNAME": "the-cain-from-eternal2018", "RATING": 6, "COMMENTS": "0"}, {"TITLE": "SCP-191 Cyborg Child\u6a5f\u68b0\u5973\u5b69&SCP-2845 The Deer\u7261\u9e7f", "FULLNAME": "the-eternal2018-artwork-3", "RATING": 4, "COMMENTS": "0"}]