[{"TITLE": "SCP-ZH-255 - \u8cd3\u5c3c\u8cbb\u7684\u6700\u5f8c\u5e87\u8b77\u6240", "FULLNAME": "scp-zh-255", "RATING": 22, "COMMENTS": "5"}, {"TITLE": "\u6728\u6613\u85cf\u66f8\u95a3 \u4e2d\u5fc3\u9801", "FULLNAME": "mu-yi-hub", "RATING": 13, "COMMENTS": "0"}, {"TITLE": "SCP-ZH-811 - \u5357\u4e2d\u5b78\u5802", "FULLNAME": "scp-zh-811", "RATING": 10, "COMMENTS": "6"}, {"TITLE": "\u767d\u6fa4\u91cd\u751f\u8a08\u5283-2008", "FULLNAME": "2008", "RATING": 9, "COMMENTS": "3"}, {"TITLE": "SCP-ZH-439 - \u5d4c\u5408\u6a5f\u8eca", "FULLNAME": "scp-zh-439", "RATING": 2, "COMMENTS": "1"}, {"TITLE": "\u5922\u85dd\u5929\u9053\u884c\uff08TV345/7YUT8/5GDL6\uff09", "FULLNAME": "potehi", "RATING": 8, "COMMENTS": "0"}, {"TITLE": "SCP-ZH-127 - \u5deb\u6bd2\u68c9\u82b1\u7cd6", "FULLNAME": "scp-zh-127", "RATING": 12, "COMMENTS": "0"}, {"TITLE": "SCP-ZH-372 - \u9ed1\u9ad4\u7fa4", "FULLNAME": "scp-zh-372", "RATING": 15, "COMMENTS": "9"}, {"TITLE": "SCP-ZH-222-J", "FULLNAME": "scp-zh-222-j", "RATING": 27, "COMMENTS": "0"}, {"TITLE": "\u6536\u5bb9\u3002", "FULLNAME": "contain-zh", "RATING": 7, "COMMENTS": "2"}, {"TITLE": "SCP-ZH-029 - \u77c7\u773c\u5c04\u98db\u93e2", "FULLNAME": "scp-zh-029", "RATING": 10, "COMMENTS": "1"}, {"TITLE": "Eco-09\u5354\u8b70", "FULLNAME": "eco-09", "RATING": 8, "COMMENTS": "0"}, {"TITLE": "\u6e2c\u9a57\u5fc3\u7406\u8aee\u8a62\u5ba4", "FULLNAME": "counseling-room", "RATING": 2, "COMMENTS": "4"}, {"TITLE": "\u6a21\u677f\u6307\u5357\uff08\u901a\u7528/\u7ffb\u8b6f\uff09", "FULLNAME": "template-translation", "RATING": 6, "COMMENTS": "0"}, {"TITLE": "\u7ffb\u8b6f\u4e0d\u53ea\u662f\u584a\u86cb\u7cd5", "FULLNAME": "sth-about-translation", "RATING": 11, "COMMENTS": "6"}, {"TITLE": "SCP-ZH-583 - \u58ef\u70c8\u6210\u4ec1", "FULLNAME": "scp-zh-583", "RATING": 12, "COMMENTS": "6"}, {"TITLE": "\u6311\u6230\u50b3\u7d71\u8a55\u5206\u65b9\u5f0f\uff1a\u95dc\u65bc\u81ea\u8a02\u8a55\u5206\u6a21\u7248", "FULLNAME": "rating-against-traditions", "RATING": 25, "COMMENTS": "0"}, {"TITLE": "\u95dc\u65bc\u5716\u7247\u4f86\u6e90\u8207\u6b78\u5c6c\u7684\u6ce8\u610f\u4e8b\u9805", "FULLNAME": "feitag-give-attribution-for-images", "RATING": 6, "COMMENTS": "0"}, {"TITLE": "SCP-ZH-515 - \u5e73\u5b89\u7b26", "FULLNAME": "scp-zh-515", "RATING": 44, "COMMENTS": "2"}, {"TITLE": "Ctrl Z\u535a\u58eb\u7684SCP\u8a18\u9304\uff1aSCP-343 \u795e", "FULLNAME": "bangyen343", "RATING": 6, "COMMENTS": "0"}, {"TITLE": "\u4e09\u751f\u6709\u5e78", "FULLNAME": "third-life", "RATING": 21, "COMMENTS": "0"}]