[{"TITLE": "SCP-ZH-953 - \u901a\u4fe1\u6c60", "FULLNAME": "scp-zh-953", "RATING": 8, "COMMENTS": "0"}, {"TITLE": "SCP-ZH-954 - \u9ec3\u8272\u4fbf\u689d\u7d19", "FULLNAME": "scp-zh-954", "RATING": 17, "COMMENTS": "2"}, {"TITLE": "SCP-ZH-572 - \u6587\u8a00\u6587\u647a\u6247", "FULLNAME": "scp-zh-572", "RATING": 12, "COMMENTS": "2"}, {"TITLE": "SCP-ZH-582 - \u4e16\u4e0a\u6700\u8a0e\u4eba\u559c\u611b\u7684\u4e0d\u660e\u751f\u7269", "FULLNAME": "scp-zh-582", "RATING": 15, "COMMENTS": "0"}, {"TITLE": "\u6c38\u8861\u6559\u6703(\u820a\u7248) LOGO", "FULLNAME": "valentine-01", "RATING": 11, "COMMENTS": "0"}, {"TITLE": "SCP-ZH-583 - \u58ef\u70c8\u6210\u4ec1", "FULLNAME": "scp-zh-583", "RATING": 12, "COMMENTS": "6"}, {"TITLE": "SCP-ZH-823 - \u5ba4\u53cb", "FULLNAME": "scp-zh-823", "RATING": 14, "COMMENTS": "0"}, {"TITLE": "SCP-ZH-310 - \u7570\u5e38\u86cb\u767d\u8cea\u7d50\u69cb\u57df", "FULLNAME": "scp-zh-310", "RATING": 26, "COMMENTS": "2"}, {"TITLE": "SCP-ZH-005 - \u5047\u5982\u4f60\u6c92\u6709\u8f49\u767c\u9019\u7bc7\u6587\u6a94\u7d66\u5341\u500b\u670b\u53cb\uff0c\u90a3\u9ebc\u2026\u2026\u2026\u2026", "FULLNAME": "scp-zh-005", "RATING": 62, "COMMENTS": "0"}, {"TITLE": "SCP-ZH-199 - \u4e2d\u6c38\u548c\u8ff7\u5bae", "FULLNAME": "scp-zh-199", "RATING": 22, "COMMENTS": "8"}, {"TITLE": "SCP-ZH-006 - \u771f\u6b63\u610f\u7fa9\u4e0a\u7684\u7206\u7c73\u82b1", "FULLNAME": "scp-zh-006", "RATING": 10, "COMMENTS": "6"}, {"TITLE": "SCP-ZH-259 - \u4eba\u53bb\u9905\u7a7a", "FULLNAME": "scp-zh-259", "RATING": 11, "COMMENTS": "0"}, {"TITLE": "SCP-ZH-815 - \u4e00\u5bb6\u70e4\u8089\u842c\u5bb6\u9999", "FULLNAME": "scp-zh-815", "RATING": 35, "COMMENTS": "8"}]