[{"TITLE": "SCP-ZH-889 - \u6b64\u4e16\u4e4b\u5916", "FULLNAME": "scp-zh-889", "RATING": 13, "COMMENTS": "3"}, {"TITLE": "\u6311\u6230\u50b3\u7d71\u8a55\u5206\u65b9\u5f0f\uff1a\u95dc\u65bc\u81ea\u8a02\u8a55\u5206\u6a21\u7248", "FULLNAME": "rating-against-traditions", "RATING": 25, "COMMENTS": "0"}, {"TITLE": "SCP-ZH-105 - \u4e0d\u5b5d\u5b50", "FULLNAME": "scp-zh-105", "RATING": 66, "COMMENTS": "5"}, {"TITLE": "\u9050\u9087\u9031\u520a \u7b2c011\u671f", "FULLNAME": "the-weekly-011", "RATING": 13, "COMMENTS": "3"}, {"TITLE": "\u6728\u6613\u85cf\u66f8\u95a3\u76ee\u9304 \u6728-\u4e00\u4e00\u4e94 \u300a\u671b\u6708\u7bb8\u300b", "FULLNAME": "mu-yi-115", "RATING": 16, "COMMENTS": "2"}, {"TITLE": "SCP-ZH-998 - \u73fe\u8c61\u5b78", "FULLNAME": "scp-zh-998", "RATING": 38, "COMMENTS": "7"}, {"TITLE": "\u8655\u9280\u767d\u4e4b\u4e2d\uff0c\u65bc\u8679\u5149\u4e4b\u9593", "FULLNAME": "in-the-snow-in-the-iris", "RATING": 20, "COMMENTS": "0"}, {"TITLE": "\u4e09\u751f\u6709\u5e78", "FULLNAME": "third-life", "RATING": 21, "COMMENTS": "0"}, {"TITLE": "\u5439\u97ff\u865f\u89d2\u7684\u7121\u540d\u5c71\u8108", "FULLNAME": "the-non-names-town", "RATING": 14, "COMMENTS": "3"}, {"TITLE": "SCP-ZH-301 - \u99ac\u65af\u5217\u5c3c\u67e5", "FULLNAME": "scp-zh-301", "RATING": 17, "COMMENTS": "0"}, {"TITLE": "\u95dc\u65bc\u90a3\u500b\u5927\u6d77\u602a", "FULLNAME": "about-that-big-guy", "RATING": 15, "COMMENTS": "1"}, {"TITLE": "\u6b7b\u8c93\u540a\u6a39\u982d", "FULLNAME": "on-the-tree", "RATING": 17, "COMMENTS": "0"}, {"TITLE": "\u6211\u5728\u9019\u88e1\u4e00\u9663\u5b50\u4e86", "FULLNAME": "been-a-while", "RATING": 17, "COMMENTS": "1"}, {"TITLE": "\u5c0b\u7372\u7269\u54c1\u7de8\u865f\uff1a037", "FULLNAME": "article-number-037", "RATING": 11, "COMMENTS": "2"}, {"TITLE": "SCP-ZH-959 - \u6851\u683c\u62c9\u65af-\u963f\u6bd4\u65af\u83ab\u5f0f\u5206\u88c2", "FULLNAME": "scp-zh-959", "RATING": 10, "COMMENTS": "2"}, {"TITLE": "\u5c0b\u7372\u7269\u54c1\u7de8\u865f\uff1a021", "FULLNAME": "ru021", "RATING": 11, "COMMENTS": "0"}, {"TITLE": "\u5c0b\u7372\u7269\u54c1\u7de8\u865f\uff1a065", "FULLNAME": "article-number-065", "RATING": 10, "COMMENTS": "0"}, {"TITLE": "\u9918\u6ce2", "FULLNAME": "aftermath-zh", "RATING": 12, "COMMENTS": "1"}, {"TITLE": "\u8056\u8a95\u8ecd\u6f14", "FULLNAME": "xmas-exercise", "RATING": 24, "COMMENTS": "7"}, {"TITLE": "\u5b89\u5e03\u7f85\u65af\u9910\u5ef3-\u5d07\u6587\u9928", "FULLNAME": "ambrose-chung-wen-kuan", "RATING": 21, "COMMENTS": "2"}, {"TITLE": "SCP-ZH-044 - \u77f3\u7011\u72fb\u730a", "FULLNAME": "scp-zh-044", "RATING": 22, "COMMENTS": "3"}, {"TITLE": "\u5c0b\u7372\u5730\u9ede\u7de8\u865f\uff1a001", "FULLNAME": "article-number-001", "RATING": 0, "COMMENTS": "1"}, {"TITLE": "\u96d5\u523b\u4f5c\u54c1\uff1a\u8056\u591c\u76f8\u5b88", "FULLNAME": "handcrafts", "RATING": 18, "COMMENTS": "2"}, {"TITLE": "\u5e74\u7378\u722d\u596a\u6230", "FULLNAME": "year-critical-strike", "RATING": 15, "COMMENTS": "0"}, {"TITLE": "SCP-ZH-60053-J - HONK", "FULLNAME": "scp-zh-60053-j", "RATING": 45, "COMMENTS": "7"}, {"TITLE": "\u884c\u52d5\u8a08\u5283 \u7b2c\u53c1\u634c\u8086\u5b57\u865f", "FULLNAME": "nsb8-384", "RATING": 22, "COMMENTS": "1"}, {"TITLE": "SCP-ZH-108 - \u5718\u5713", "FULLNAME": "scp-zh-108", "RATING": 19, "COMMENTS": "0"}, {"TITLE": "\u6d17\u6a19\uff1a\u85cd2020-\u767d\u5e03\u7684\u5510\u4eba\u88dd", "FULLNAME": "blue-2020", "RATING": 13, "COMMENTS": "2"}, {"TITLE": "\u6975\u5149\u7684\u984f\u8272", "FULLNAME": "color-of-aurora", "RATING": 15, "COMMENTS": "1"}, {"TITLE": "\u5c0b\u7372\u7269\u54c1\u7de8\u865f\uff1a097/\u6d17\u6a19\uff1a\u9ed10117", "FULLNAME": "article-number-097-black-0117", "RATING": 16, "COMMENTS": "4"}, {"TITLE": "\u5979\u4e00\u76f4\u90fd\u5728\uff0c\u7121\u9808\u7dec\u61f7", "FULLNAME": "she-s-always-here", "RATING": 14, "COMMENTS": "0"}, {"TITLE": "Dr. Kris\u7684\u6587\u6a94\u5c71\u6d77\uff0dSCP-2940-B", "FULLNAME": "k1s10r0d-2940-b-art", "RATING": 12, "COMMENTS": "0"}, {"TITLE": "Kondraki\u7684\u56db\u6b21\u65b9\u9ebb\u7169", "FULLNAME": "four-konnies-four-troubles", "RATING": 10, "COMMENTS": "3"}, {"TITLE": "SCP-\u25cf\u25cf|\u25cf\u25cf\u25cf\u25cf\u25cf|\u25cf\u25cf|\u25cf \u7d20\u63cf", "FULLNAME": "scp-2521-painting", "RATING": 12, "COMMENTS": "4"}, {"TITLE": "\u7f8e\u9e97\u7684\u8774\u8776\u4ed9\u5b50Kondraki\u535a\u58eb", "FULLNAME": "oh-god-this-is-kondraki", "RATING": 12, "COMMENTS": "0"}, {"TITLE": "\u4ed6\u5011\u628a\u4eba\u6254\u9032\u4e86\u6d77\u88e1", "FULLNAME": "they-throw-them-into-the-sea", "RATING": 11, "COMMENTS": "4"}, {"TITLE": "\u4e3b\u7ad9\u535a\u58eb\u76f8\u95dc\u63d2\u5716", "FULLNAME": "qmario-artwork-1", "RATING": 16, "COMMENTS": "1"}, {"TITLE": "\u7d42\u7ae0\uff1a2020\u5e74", "FULLNAME": "part0-in-the-end", "RATING": 12, "COMMENTS": "0"}, {"TITLE": "\u6211\u5728\u842c\u7269\u4e4b\u4e2d", "FULLNAME": "arkwork-3999", "RATING": 38, "COMMENTS": "8"}, {"TITLE": "SCP-ZH-103 - \u6613\u5f62\u9d1e\u9b54", "FULLNAME": "scp-zh-103", "RATING": 15, "COMMENTS": "2"}, {"TITLE": "\u6211\u6c92\u80fd\u6551\u5230\u4ed6\u3002", "FULLNAME": "arkwork-zh-200", "RATING": 23, "COMMENTS": "0"}, {"TITLE": "SCP-ZH-053 - \u8b93\u6211\u5011\u64e6\u4e7e\u4f60\u7684\u6dda\u6c34", "FULLNAME": "scp-zh-053", "RATING": 30, "COMMENTS": "0"}, {"TITLE": "\u6e05\u9192\u5922", "FULLNAME": "lucid-dream", "RATING": 13, "COMMENTS": "0"}, {"TITLE": "SCP-ZH-480 - \u5411\u4e0b\u627e", "FULLNAME": "scp-zh-480", "RATING": 10, "COMMENTS": "1"}, {"TITLE": "Bright\u535a\u58eb\u6559\u4f60\u5982\u4f55\u6b63\u78ba\u64ca\u9000\u6575\u4eba", "FULLNAME": "how-to-defeat-those-bad-guys-correctly", "RATING": 25, "COMMENTS": "2"}, {"TITLE": "\u5bbf\u96e8", "FULLNAME": "the-rain-fell-overnight", "RATING": 21, "COMMENTS": "1"}, {"TITLE": "SCP-ZH-603 - \u8173\u8e0f\u8eca\u4e0a\u7684\u4eba", "FULLNAME": "scp-zh-603", "RATING": 30, "COMMENTS": "5"}, {"TITLE": "SCP-ZH-103 \u76f8\u95dc\u5be6\u9a57\u8a18\u9304", "FULLNAME": "scp-zh-103-experiment-log", "RATING": 16, "COMMENTS": "3"}, {"TITLE": "\u5de7\u9054Clef!", "FULLNAME": "arkwork-chowderclef", "RATING": 25, "COMMENTS": "0"}, {"TITLE": "\u8a18\u61b6\u7684\u6d2a\u6d41", "FULLNAME": "stream-of-memory", "RATING": 13, "COMMENTS": "2"}, {"TITLE": "\u624b\u88e1\u7684\u91cd\u91cf", "FULLNAME": "the-weight-on-his-hands", "RATING": 8, "COMMENTS": "0"}, {"TITLE": "\u83c7\u83c7\u57fa\u91d1\u6703", "FULLNAME": "fungi-foundation", "RATING": 22, "COMMENTS": "6"}, {"TITLE": "\u7259\u79d1\u5b9a\u671f\u6aa2\u8a3a", "FULLNAME": "teeth-checked", "RATING": 12, "COMMENTS": "3"}, {"TITLE": "SCP-ZH-221 - \u6676\u862d\u9ad8\u4e2d\u7684\u76f2\u4eba\u5c11\u5e74", "FULLNAME": "scp-zh-221", "RATING": 8, "COMMENTS": "1"}, {"TITLE": "\u8da8\u5149", "FULLNAME": "phototaxis", "RATING": 10, "COMMENTS": "0"}, {"TITLE": "SCP-ZH-451 - \u53cd\u5c0d\u8005\u8207\u8815\u87f2", "FULLNAME": "scp-zh-451", "RATING": 10, "COMMENTS": "7"}, {"TITLE": "\u4e2d\u570b\u570b\u5b89\u90e8\uff0c\u4e0d\u61c9\u5b58\u5728\u7684\u5341\u4e5d\u5c40", "FULLNAME": "19th-bureau-of-mss-of-china", "RATING": 19, "COMMENTS": "18"}, {"TITLE": "\u6d77\u795e\u60b2\u9cf4\u6642", "FULLNAME": "wadatsumi-no-naku-koroni", "RATING": 17, "COMMENTS": "3"}, {"TITLE": "\u77e2\u5c16", "FULLNAME": "arrowhead", "RATING": 12, "COMMENTS": "0"}, {"TITLE": "\u4e5f\u8a31\uff0c\u4e00\u500b\u6eab\u6696\u7684\u5348\u5f8c\uff0c\u5728\u6d77\u6d0b\u516c\u5712\u555c\u98f2\u5496\u5561", "FULLNAME": "maybe-some-coffee-in-the-ocean-park", "RATING": 12, "COMMENTS": "0"}, {"TITLE": "\u7d00\u5f8b\u56b4\u660e", "FULLNAME": "discipline", "RATING": 8, "COMMENTS": "2"}, {"TITLE": "\u96e8\u71d5", "FULLNAME": "swift", "RATING": 10, "COMMENTS": "2"}, {"TITLE": "\u51cc\u96f2\u5fa1\u98a8\u8d77", "FULLNAME": "rocaf", "RATING": 8, "COMMENTS": "0"}, {"TITLE": "\u84ec\u840a\u5cf6\u65b0\u5275\u6c11\u4e3b\u5f62\u5f0f\uff1a\u300c\u5275\u5236\u300d\u9996\u9577\u5c07\u65bc\u4eca\u65e5\u89e3\u51cd", "FULLNAME": "r-sinano-chuo-zhtr-2018-11-19-a222a", "RATING": 18, "COMMENTS": "2"}, {"TITLE": "\u7e41\u4e2d\u5b98\u65b9\u5316\u8cc0\u5716", "FULLNAME": "scp", "RATING": 20, "COMMENTS": "2"}, {"TITLE": "SCP-ZH-791 - \u9322\u6e90", "FULLNAME": "scp-zh-791", "RATING": 9, "COMMENTS": "0"}, {"TITLE": "\u975e\u76f8\u95dc\u4eba\u54e1\u7981\u6b62\u95b1\u89bd", "FULLNAME": "adult:unrelated-person-do-not-read", "RATING": 16, "COMMENTS": "2"}, {"TITLE": "\u52a0\u5195\u70ba\u4ea1", "FULLNAME": "crown", "RATING": 11, "COMMENTS": "2"}, {"TITLE": "\u8056\u591c\u76f8\u5b88\u6642", "FULLNAME": "formytreasure", "RATING": 18, "COMMENTS": "0"}, {"TITLE": "Polaris", "FULLNAME": "polaris", "RATING": 17, "COMMENTS": "1"}, {"TITLE": "\u6240\u6709\u7684\u6a4b\u90fd\u88ab\u71d2\u6389\u4e86", "FULLNAME": "all-the-bridges-were-burned", "RATING": 13, "COMMENTS": "1"}, {"TITLE": "\u9280\u88dd\u7d20\u88f9", "FULLNAME": "end-of-heavy-snow", "RATING": 11, "COMMENTS": "0"}, {"TITLE": "\u5e0c\u671b\u7684\u984f\u8272", "FULLNAME": "color-of-hope", "RATING": 10, "COMMENTS": "0"}, {"TITLE": "SCP-ZH-971 - \u611f\u6069seafood\u8b9a\u5606seafood", "FULLNAME": "scp-zh-971", "RATING": 10, "COMMENTS": "0"}, {"TITLE": "Reverberate_a\u7684\u63d0\u6848", "FULLNAME": "reverberate-a-s-proposal-1", "RATING": 23, "COMMENTS": "2"}, {"TITLE": "SCP-ZH-646 - \u5348\u591c\u81ea\u756b", "FULLNAME": "scp-zh-646", "RATING": 15, "COMMENTS": "0"}, {"TITLE": "SCP-ZH-911 - \u4f60\u6240\u634d\u885b\u7684\u81ea\u7531", "FULLNAME": "scp-zh-911", "RATING": 22, "COMMENTS": "0"}, {"TITLE": "\u592a\u967d\u7981\u6b62\u9032\u5165", "FULLNAME": "wanderers:eos-and-sun", "RATING": 20, "COMMENTS": "1"}, {"TITLE": "\u74f6\u4e2d\u7684\u78a7\u7fe0\u6602", "FULLNAME": "wanderers:homunculus", "RATING": 20, "COMMENTS": "0"}, {"TITLE": "\u4e58\u7269\u4e4b\u7269", "FULLNAME": "wanderers:gerens-paxillum", "RATING": 11, "COMMENTS": "0"}]