[{"TITLE": "SCP-ZH-251 - \u4e09\u6a13\u907a\u5740", "FULLNAME": "scp-zh-251", "RATING": 10, "COMMENTS": "0"}, {"TITLE": "SCP-ZH-252 - \u70ba\u4ec0\u9ebc\u4f60\u4e0d\u5716\u7247\u8c37\u6b4c\u4e00\u4e0b\uff1f", "FULLNAME": "scp-zh-252", "RATING": 15, "COMMENTS": "0"}, {"TITLE": "SCP-ZH-017 - \u6c38\u8861\u570b\u5165\u5883\u7533\u8acb\u8868", "FULLNAME": "scp-zh-017", "RATING": 19, "COMMENTS": "1"}, {"TITLE": "SCP-ZH-551 - \u5c0f\u77f3\u6f6d\u8a18", "FULLNAME": "scp-zh-551", "RATING": 8, "COMMENTS": "3"}, {"TITLE": "SCP-ZH-229 - \u85cd\u4e7e\u916a", "FULLNAME": "scp-zh-229", "RATING": 14, "COMMENTS": "3"}, {"TITLE": "SCP-ZH-666 - \u88ab\u751f\u547d\u6240\u53ad\u60e1\u8005", "FULLNAME": "scp-zh-666", "RATING": 15, "COMMENTS": "2"}, {"TITLE": "SCP-ZH-018 - \u7e7c\u627f\u4e4b\u7167", "FULLNAME": "scp-zh-018", "RATING": 10, "COMMENTS": "2"}, {"TITLE": "SCP-ZH-117 - \u9053\u8def\u4fdd\u6301\u66a2\u901a", "FULLNAME": "scp-zh-117", "RATING": 33, "COMMENTS": "1"}, {"TITLE": "SCP-ZH-572 - \u6587\u8a00\u6587\u647a\u6247", "FULLNAME": "scp-zh-572", "RATING": 12, "COMMENTS": "2"}, {"TITLE": "SCP-ZH-024-ARC", "FULLNAME": "scp-zh-024-arc", "RATING": 6, "COMMENTS": "1"}, {"TITLE": "SCP-ZH-003 - \u6975\u7aef\u5f0f\u4fe1\u4ef0", "FULLNAME": "scp-zh-003", "RATING": 7, "COMMENTS": "4"}, {"TITLE": "SCP-ZH-127 - \u5deb\u6bd2\u68c9\u82b1\u7cd6", "FULLNAME": "scp-zh-127", "RATING": 12, "COMMENTS": "0"}, {"TITLE": "SCP-ZH-372 - \u9ed1\u9ad4\u7fa4", "FULLNAME": "scp-zh-372", "RATING": 15, "COMMENTS": "9"}, {"TITLE": "SCP-ZH-004 - \u99ac\u65af\u6d1b\u7684\u5973\u5152", "FULLNAME": "scp-zh-004", "RATING": 9, "COMMENTS": "5"}, {"TITLE": "SCP-ZH-089 - \u4e0d\u5b58\u5728\u7684ACG\u8cfc\u7269\u7db2", "FULLNAME": "scp-zh-089", "RATING": 14, "COMMENTS": "1"}, {"TITLE": "SCP-ZH-472-J", "FULLNAME": "scp-zh-472-j", "RATING": 4, "COMMENTS": "1"}, {"TITLE": "SCP-ZH-419 - \u6b78\u5c6c\u4e4b\u5730", "FULLNAME": "scp-zh-419", "RATING": 10, "COMMENTS": "1"}, {"TITLE": "SCP-ZH-064 - \u4eba\u9762\u85e4", "FULLNAME": "scp-zh-064", "RATING": 5, "COMMENTS": "0"}, {"TITLE": "SCP-ZH-825 - \u5947\u840a\u5b64\u5152", "FULLNAME": "scp-zh-825", "RATING": 12, "COMMENTS": "0"}, {"TITLE": "SCP\u57fa\u91d1\u6703\u4e0d\u77e5\u9053\u7684\u90a3\u4e9b\u4e8b\u4ef6", "FULLNAME": "ocd-virus01", "RATING": 19, "COMMENTS": "1"}, {"TITLE": "\u7d44\u7e54\u4ee3\u865f\uff1a\u70cf\u6258\u90a6", "FULLNAME": "organization-code-utopia", "RATING": 5, "COMMENTS": "3"}, {"TITLE": "\u6c38\u8861\u6559\u6703(\u820a\u7248) LOGO", "FULLNAME": "valentine-01", "RATING": 11, "COMMENTS": "0"}, {"TITLE": "\u5c0f\u52d5\u7269\u7c21\u4ecb\uff1aEsther\uff01", "FULLNAME": "esther", "RATING": 8, "COMMENTS": "2"}, {"TITLE": "SCP-ZH-618 - \u592a\u967d\u9905\u7345", "FULLNAME": "scp-zh-618", "RATING": 42, "COMMENTS": "0"}, {"TITLE": "SCP-ZH-118 - \u8352\u8b2c\u7684\u548c\u5e73\u9d3f", "FULLNAME": "scp-zh-118", "RATING": 6, "COMMENTS": "3"}, {"TITLE": "\u7531\u4f86\uff0e\u6b7b\u4ea1\uff0e\u52a0\u5165", "FULLNAME": "from-death-join", "RATING": 5, "COMMENTS": "2"}, {"TITLE": "SCP-ZH-069 - \u4f34\u7260\u5de6\u53f3", "FULLNAME": "scp-zh-069", "RATING": 10, "COMMENTS": "5"}, {"TITLE": "SCP-ZH-087-J", "FULLNAME": "scp-zh-087-j", "RATING": 11, "COMMENTS": "2"}, {"TITLE": "SCP-ZH-888 - \u973e", "FULLNAME": "scp-zh-888", "RATING": 19, "COMMENTS": "1"}, {"TITLE": "SCP-ZH-256 - \u57fa\u6539\u5c71\u6cc9", "FULLNAME": "scp-zh-256", "RATING": 15, "COMMENTS": "0"}, {"TITLE": "SCP-ZH-889 - \u6b64\u4e16\u4e4b\u5916", "FULLNAME": "scp-zh-889", "RATING": 13, "COMMENTS": "3"}, {"TITLE": "SCP-ZH-020 - \u767e\u4e8b\u53ef\u6a02\u85af", "FULLNAME": "scp-zh-020", "RATING": 13, "COMMENTS": "5"}, {"TITLE": "SCP-ZH-323 - \u966a\u6211\u73a9", "FULLNAME": "scp-zh-323", "RATING": 10, "COMMENTS": "3"}, {"TITLE": "\u6f5b\u5728\u5371\u96aa\u7121\u6cd5\u88ab\u6587\u5b57\u8a18\u9304", "FULLNAME": "disremember", "RATING": 13, "COMMENTS": "1"}, {"TITLE": "\u6728\u6613\u85cf\u66f8\u95a3\u76ee\u9304 \u91d1-\u4e5d\u4e03\u516b \u300a\u6572\u982d\u9285\u7897\u300b", "FULLNAME": "yee", "RATING": 16, "COMMENTS": "0"}, {"TITLE": "SCP-ZH-199 - \u4e2d\u6c38\u548c\u8ff7\u5bae", "FULLNAME": "scp-zh-199", "RATING": 22, "COMMENTS": "8"}, {"TITLE": "\u5206\u5ee0\u642c\u9077\uff08K-05324\uff09", "FULLNAME": "k-05324", "RATING": 12, "COMMENTS": "0"}, {"TITLE": "\u719f\u6089\u7684\u964c\u751f\u4eba\u5011", "FULLNAME": "familiar-strangers", "RATING": 12, "COMMENTS": "0"}, {"TITLE": "\u82b1\u8a9e\uff1a\u4ed9\u4e39\u82b1", "FULLNAME": "chinese-ixora", "RATING": 20, "COMMENTS": "0"}, {"TITLE": "\u7687\u5bb6\u9999\u6e2f\u8b66\u5bdf\u968a\u96f6\u865f\u5c08\u968a \u4e2d\u5fc3\u9801", "FULLNAME": "zero-team-hub", "RATING": 10, "COMMENTS": "0"}, {"TITLE": "\u9999\u6e2f\u7279\u5340\u7570\u5e38\u653f\u6cbb\u7d44\u7e54\u8cc7\u6599\uff1a\u8336\u5dba\u6c11\u751f\u95dc\u6ce8\u7d44", "FULLNAME": "concern-group-for-cha-ling-people-s-livelihood", "RATING": 9, "COMMENTS": "0"}, {"TITLE": "SCP-ZH-045 - \u842c\u80fd\u80e1\u6912", "FULLNAME": "scp-zh-045", "RATING": 19, "COMMENTS": "0"}, {"TITLE": "SCP-ZH-925 - \u9b54\u8853\u5e2b\u8863\u6ac3", "FULLNAME": "scp-zh-925", "RATING": 12, "COMMENTS": "1"}, {"TITLE": "Ctrl Z\u535a\u58eb\u7684SCP\u8a18\u9304\uff1aSCP-085 \u624b\u7e6a\u7684''Cassy''", "FULLNAME": "bangyen085", "RATING": 6, "COMMENTS": "0"}, {"TITLE": "Ctrl Z\u535a\u58eb\u7684SCP\u8a18\u9304\uff1aSCP-343 \u795e", "FULLNAME": "bangyen343", "RATING": 6, "COMMENTS": "0"}, {"TITLE": "Ctrl Z\u535a\u58eb\u7684SCP\u8a18\u9304\uff1aSCP-093 \u7d05\u6d77\u7269\u4ef6", "FULLNAME": "bangyen093", "RATING": 8, "COMMENTS": "0"}, {"TITLE": "SCP-ZH-036 - \u8336\u766e\u6d63\u718a", "FULLNAME": "scp-zh-036", "RATING": 15, "COMMENTS": "0"}, {"TITLE": "\u842c\u83ef\u93e1\u4e2d\u7684\u8c93", "FULLNAME": "cats-in-kaleidoscopes", "RATING": 18, "COMMENTS": "0"}, {"TITLE": "SCP-ZH-259 - \u4eba\u53bb\u9905\u7a7a", "FULLNAME": "scp-zh-259", "RATING": 11, "COMMENTS": "0"}, {"TITLE": "\u6d17\u6a19\uff1a\u6a588963-\u8a31\u975c\u6c60\u7684\u7d72\u8cea\u7761\u8863", "FULLNAME": "orange-8963", "RATING": 9, "COMMENTS": "1"}, {"TITLE": "\u7b2c\u3007\u4e8c\u4e8c\u865f \u5169\u5100\u901a", "FULLNAME": "collected-land-no022", "RATING": 14, "COMMENTS": "2"}, {"TITLE": "\u9a5a\u87c4", "FULLNAME": "snake-s-wake", "RATING": 11, "COMMENTS": "0"}, {"TITLE": "SCP-ZH-626 - \u8996\u91ce\u5916", "FULLNAME": "scp-zh-626", "RATING": 23, "COMMENTS": "0"}, {"TITLE": "SCP-ZH-216 - \u62b5\u6297\u907a\u5fd8", "FULLNAME": "scp-zh-216", "RATING": 16, "COMMENTS": "2"}, {"TITLE": "\u5713\u4e4b\u5922\uff0c\u5922\u4e2d\u4e4b\u9ec3\u4e0d\u662f\u5409\u7965", "FULLNAME": "no-cooked-yolk-is-life", "RATING": 12, "COMMENTS": "1"}, {"TITLE": "SCP-ZH-099 - \u8150\u673d\u7684\u5893\u7891", "FULLNAME": "scp-zh-099", "RATING": 12, "COMMENTS": "1"}, {"TITLE": "SCP-ZH-097 - \u7d44\u7e54\u683c\u5f0f", "FULLNAME": "scp-zh-097", "RATING": 14, "COMMENTS": "1"}, {"TITLE": "\u5b89\u5e03\u7f85\u65af\u9910\u5ef3-\u4f0a\u85a9\u79d1\u592b\u865f\u5206\u5e97 (\u7bc0\u65e5\u9650\u5b9a)", "FULLNAME": "ambrose-isakov", "RATING": 28, "COMMENTS": "9"}, {"TITLE": "SCP-ZH-591 - \u8840\u6e90\u4e4b\u5305", "FULLNAME": "scp-zh-591", "RATING": 12, "COMMENTS": "2"}, {"TITLE": "SCP-ZH-278 - \u4f60\u5fc5\u9808\u4fe1\u4efb\u7684\u9580\u885b", "FULLNAME": "scp-zh-278", "RATING": 14, "COMMENTS": "3"}, {"TITLE": "SCP-ZH-860 - dado\u7684\u300c\u53d1\u300d\u8ca1\u85e5", "FULLNAME": "scp-zh-860", "RATING": 33, "COMMENTS": "3"}, {"TITLE": "\u5e74\u7378\u722d\u596a\u6230", "FULLNAME": "year-critical-strike", "RATING": 15, "COMMENTS": "0"}, {"TITLE": "SCP-ZH-60053-J - HONK", "FULLNAME": "scp-zh-60053-j", "RATING": 45, "COMMENTS": "7"}, {"TITLE": "\u884c\u52d5\u8a08\u5283 \u7b2c\u53c1\u634c\u8086\u5b57\u865f", "FULLNAME": "nsb8-384", "RATING": 22, "COMMENTS": "1"}, {"TITLE": "\u683c\u9b6f\u70cf-P \u500b\u6848\u5377\u5b97 \"\u5922\u5831\u6a5f \u0422\u0435\u043b\u0435\u0433\u0440\u0430\u0444 \u0441\u043d\u043e\u0432\"", "FULLNAME": "dream-messages", "RATING": 7, "COMMENTS": "0"}, {"TITLE": "\u8d6b\u52d2\u00b7\u5bcc\u66fc\u7684\u5c55\u51fa\uff1a\u9023\u9ad4\u821e\u7345", "FULLNAME": "new-year-lion", "RATING": 11, "COMMENTS": "0"}, {"TITLE": "\u6d17\u6a19\uff1a\u85cd2020-\u767d\u5e03\u7684\u5510\u4eba\u88dd", "FULLNAME": "blue-2020", "RATING": 13, "COMMENTS": "2"}, {"TITLE": "\u5c0b\u7372\u7269\u54c1\u7de8\u865f\uff1a097/\u6d17\u6a19\uff1a\u9ed10117", "FULLNAME": "article-number-097-black-0117", "RATING": 16, "COMMENTS": "4"}, {"TITLE": "\u5f9e\u4eca\u4ee5\u5f8c\uff0c\u5979\u5c07\u6c38\u751f", "FULLNAME": "she-lives-in-my-heart", "RATING": 22, "COMMENTS": "5"}, {"TITLE": "SCP-ZH-109 - \u5f69\u8679\u6a4b", "FULLNAME": "scp-zh-109", "RATING": 16, "COMMENTS": "0"}, {"TITLE": "\u661f\u754c\u4e4b\u524d", "FULLNAME": "before-starsight", "RATING": 13, "COMMENTS": "2"}, {"TITLE": "SCP-ZH-166 - \u505c\u6eef\u5728\u695a\u6cb3\u6f22\u754c", "FULLNAME": "scp-zh-166", "RATING": 21, "COMMENTS": "2"}, {"TITLE": "SCP-ZH-987 - \u4e00\u5339\u99f1\u99dd\u5f15\u767c\u7684\u6158\u6848", "FULLNAME": "scp-zh-987", "RATING": 11, "COMMENTS": "9"}, {"TITLE": "File No.HKC454/1", "FULLNAME": "file-no-hkc454", "RATING": 7, "COMMENTS": "0"}, {"TITLE": "\u300a\u6dfa\u8ac7\u7570\u5e38\u8d8a\u5357\u8239\u6c11\u8207\u8fd1\u4ee3\u9999\u6e2f\u7570\u5e38\u793e\u5340\u5c0d\u6b64\u7684\u5404\u754c\u53cd\u61c9\u3002\u300b", "FULLNAME": "report-of-hk-vn-history", "RATING": 10, "COMMENTS": "2"}, {"TITLE": "\u5361\u5693\u2026\u2026\u5361\u5693\u2026\u2026", "FULLNAME": "kacha", "RATING": 11, "COMMENTS": "0"}, {"TITLE": "\u6210\u70ba\u4e00\u500b\u5de5\u5ee0\u9818\u5de5", "FULLNAME": "the-foreman", "RATING": 9, "COMMENTS": "0"}, {"TITLE": "SCP-ZH-405 - \u9ad4\u9a57\u795e\u66f2", "FULLNAME": "scp-zh-405", "RATING": 5, "COMMENTS": "0"}, {"TITLE": "\u5c0f\u52d5\u7269\u6a94\u6848\uff1aAmber \uff01", "FULLNAME": "the-electronic-dog", "RATING": 9, "COMMENTS": "3"}, {"TITLE": "SCP-ZH-011 - \u611b\u5b83\u5c31\u63a5\u53d7\u5b83", "FULLNAME": "scp-zh-011", "RATING": 8, "COMMENTS": "3"}, {"TITLE": "\u6fc3\u6e6f\u7d04\u6703", "FULLNAME": "chowder-date", "RATING": 20, "COMMENTS": "2"}, {"TITLE": "\u8ddd\u96e2\u4e16\u754c\u672b\u65e5\u9084\u6709\u4e94\u5206\u9418", "FULLNAME": "five-minutes-to-end", "RATING": 26, "COMMENTS": "0"}, {"TITLE": "\u62cb\u9234\u4eba\u4e2d\u5fc3\u9801", "FULLNAME": "goi-bt", "RATING": 23, "COMMENTS": "1"}, {"TITLE": "SCP-ZH-015 - \u4e03\u4eba\u516b\u7b11", "FULLNAME": "scp-zh-015", "RATING": 23, "COMMENTS": "0"}, {"TITLE": "\u4e2d\u570b\u570b\u5b89\u90e8\uff0c\u4e0d\u61c9\u5b58\u5728\u7684\u5341\u4e5d\u5c40", "FULLNAME": "19th-bureau-of-mss-of-china", "RATING": 19, "COMMENTS": "18"}, {"TITLE": "SCP-ZH-729 - \u6027\u611f\u9b23\u8725", "FULLNAME": "scp-zh-729", "RATING": 14, "COMMENTS": "2"}, {"TITLE": "SCP-ZH-061 - \u672c\u8eca\u958b\u5f80\u535a\u89bd\u6703", "FULLNAME": "scp-zh-061", "RATING": 13, "COMMENTS": "0"}, {"TITLE": "\u7b2c\u3007\u516d\u516d\u4e94\u865f", "FULLNAME": "collected-item-no0665", "RATING": 7, "COMMENTS": "0"}, {"TITLE": "SCP-ZH-282 - \u9955\u5ba2", "FULLNAME": "scp-zh-282", "RATING": 19, "COMMENTS": "3"}, {"TITLE": "SCP-ZH-147 - \u6642\u9593\u5c0f\u5077", "FULLNAME": "scp-zh-147", "RATING": 19, "COMMENTS": "2"}, {"TITLE": "\u8b1d\u5e55\u7684\u984f\u8272", "FULLNAME": "color-of-take-a-bow", "RATING": 15, "COMMENTS": "3"}, {"TITLE": "\u6b7b\u9727", "FULLNAME": "dead-fog", "RATING": 11, "COMMENTS": "2"}, {"TITLE": "SCP-ZH-046 - \u5de1\u5c71\u9748", "FULLNAME": "scp-zh-046", "RATING": 18, "COMMENTS": "2"}, {"TITLE": "\u5c0f\u52d5\u7269\u7c21\u4ecb\uff1aSurge\uff01", "FULLNAME": "critter-profile-surge", "RATING": 25, "COMMENTS": "2"}, {"TITLE": "\u53f0\u7063\u9435\u9053\u98ef\u5e97\u7684\u5b89\u5e03\u7f85\u65af\u9910\u5ef3", "FULLNAME": "ambrose-taiwan-railway-hotel", "RATING": 17, "COMMENTS": "3"}, {"TITLE": "\u4e0d\u6703\u5fae\u7b11\u7684\u6d0b\u5a03\u5a03", "FULLNAME": "her-avatar", "RATING": 12, "COMMENTS": "0"}, {"TITLE": "\u6d77\u795e\u60b2\u9cf4\u6642", "FULLNAME": "wadatsumi-no-naku-koroni", "RATING": 17, "COMMENTS": "3"}, {"TITLE": "\u4e00\u4e5d\u4e09\u4e94\u5e8f\u66f2 - \u591c\u96e8", "FULLNAME": "1935-overture-night-rain", "RATING": 9, "COMMENTS": "3"}, {"TITLE": "\u5ec1\u6240\u88e1\u7684\u81f4\u547d\u6a21\u56e0", "FULLNAME": "the-bottle-in-restroom", "RATING": 32, "COMMENTS": "7"}, {"TITLE": "\u7f85\u5a01\u723e\u7684\u7897\u8207\u5929\u9d5d", "FULLNAME": "wanderers:outer-space-marketing-articles-tyrosine", "RATING": 16, "COMMENTS": "5"}, {"TITLE": "\u4e03\u5f8b\u2014\u2014\u6b4c\u54ed\u54bd", "FULLNAME": "wanderers:die-in-immortality", "RATING": 22, "COMMENTS": "2"}, {"TITLE": "\u5982\u662f\u6211\u805e", "FULLNAME": "wanderers:flowers-thus-have-i-heard", "RATING": 18, "COMMENTS": "0"}]