[{"TITLE": "SCP-ZH-346 - \u76ae\u958b\u8089\u7dbb\u68d2", "FULLNAME": "scp-zh-346", "RATING": 5, "COMMENTS": "1"}, {"TITLE": "SCP-ZH-018 - \u7e7c\u627f\u4e4b\u7167", "FULLNAME": "scp-zh-018", "RATING": 10, "COMMENTS": "2"}, {"TITLE": "SCP-ZH-003 - \u6975\u7aef\u5f0f\u4fe1\u4ef0", "FULLNAME": "scp-zh-003", "RATING": 7, "COMMENTS": "4"}, {"TITLE": "SCP-ZH-130 - \u5fc3", "FULLNAME": "scp-zh-130", "RATING": 7, "COMMENTS": "1"}, {"TITLE": "\u6c38\u8861\u6559\u6703(\u820a\u7248) LOGO", "FULLNAME": "valentine-01", "RATING": 11, "COMMENTS": "0"}, {"TITLE": "SCP-ZH-406 - \u4e0d\u7d10\u897f\u862d", "FULLNAME": "scp-zh-406", "RATING": 11, "COMMENTS": "1"}, {"TITLE": "SCP-ZH-972 - \u9435\u7c60", "FULLNAME": "scp-zh-972", "RATING": 8, "COMMENTS": "6"}, {"TITLE": "SCP-ZH-035 - \u8dd1\u9177\u8005", "FULLNAME": "scp-zh-035", "RATING": 21, "COMMENTS": "0"}, {"TITLE": "SCP-ZH-005 - \u5047\u5982\u4f60\u6c92\u6709\u8f49\u767c\u9019\u7bc7\u6587\u6a94\u7d66\u5341\u500b\u670b\u53cb\uff0c\u90a3\u9ebc\u2026\u2026\u2026\u2026", "FULLNAME": "scp-zh-005", "RATING": 62, "COMMENTS": "0"}, {"TITLE": "SCP-ZH-194 - \u7fa9\u9ad4\u83cc\u7fa4", "FULLNAME": "scp-zh-194", "RATING": 12, "COMMENTS": "1"}, {"TITLE": "SCP-ZH-610 - \u731b\u7206\u6027\u7e41\u884d\u7d44\u7e54\u7624", "FULLNAME": "scp-zh-610", "RATING": 21, "COMMENTS": "7"}, {"TITLE": "\u8a8d\u8b58\u6bb5\u843d\u5beb\u4f5c", "FULLNAME": "understanding-paragraph", "RATING": 11, "COMMENTS": "0"}, {"TITLE": "Ctrl Z\u535a\u58eb\u7684SCP\u8a18\u9304\uff1aSCP-106 \u6050\u6016\u8001\u4eba", "FULLNAME": "iambangyen", "RATING": 4, "COMMENTS": "0"}, {"TITLE": "Ctrl Z\u535a\u58eb\u7684SCP\u8a18\u9304\uff1aSCP-999 The Tickle Monster", "FULLNAME": "yenyen", "RATING": 7, "COMMENTS": "0"}, {"TITLE": "Ctrl Z\u535a\u58eb\u7684SCP\u8a18\u9304\uff1aSCP-1048 Builder Bear", "FULLNAME": "bangyenbangyenyen", "RATING": 6, "COMMENTS": "0"}, {"TITLE": "\u5c0d\u6b32\u8089\u6559\u7684\u4eba\u985e\u5b78\u9032\u8def03-\u6848\u4f8b\u7814\u7a7603\uff1a\u9999\u6e2f\u65b0\u8336\u5dba\u7684\u76e7\u4ead\u4eba", "FULLNAME": "sarkic-case-study-03-the-luo-ting-n-a-of-new-cha-ling", "RATING": 19, "COMMENTS": "0"}, {"TITLE": "\u6728\u6613\u85cf\u66f8\u95a3\u76ee\u9304 \u6728-\u4e00\u4e00\u4e94 \u300a\u671b\u6708\u7bb8\u300b", "FULLNAME": "mu-yi-115", "RATING": 16, "COMMENTS": "2"}, {"TITLE": "\u4e2d\u570b\u570b\u5b89\u90e8\uff0c\u4e0d\u61c9\u5b58\u5728\u7684\u5341\u4e5d\u5c40", "FULLNAME": "19th-bureau-of-mss-of-china", "RATING": 19, "COMMENTS": "18"}, {"TITLE": "SCP-ZH-736 - \u4f60\u4e0d\u80fd\u518d\u5f80\u524d\u4e86", "FULLNAME": "scp-zh-736", "RATING": 32, "COMMENTS": "14"}]