[{"TITLE": "\u4e00\u822c\u8207\u7570\u5e38\u63a2\u52d8\u8b1b\u5ea7", "FULLNAME": "how-to-survive-in-the-wild", "RATING": 19, "COMMENTS": "3"}, {"TITLE": "\u6b98\u5f71", "FULLNAME": "afterimage", "RATING": 14, "COMMENTS": "2"}, {"TITLE": "\u7206\u65cb\u58fd\u53f8 \u9752\u9f8d\u821e\u516e \u6731\u96c0\u98db\u7fd4", "FULLNAME": "sushi-dragon-phoenix", "RATING": 15, "COMMENTS": "0"}, {"TITLE": "D-10201", "FULLNAME": "d-10201", "RATING": 16, "COMMENTS": "2"}, {"TITLE": "SCP-ZH-962 - \u4f3c\u662f\u800c\u975e", "FULLNAME": "scp-zh-962", "RATING": 19, "COMMENTS": "2"}, {"TITLE": "\u557c\u8840\u9ce5", "FULLNAME": "flock-of-bloods", "RATING": 13, "COMMENTS": "2"}, {"TITLE": "\u7f85\u5a01\u723e\u7684\u7897\u8207\u5929\u9d5d", "FULLNAME": "wanderers:outer-space-marketing-articles-tyrosine", "RATING": 16, "COMMENTS": "5"}]