[{"TITLE": "SCP-ZH-587-J", "FULLNAME": "scp-zh-587-j", "RATING": 23, "COMMENTS": "1"}, {"TITLE": "SCP-ZH-105 - \u4e0d\u5b5d\u5b50", "FULLNAME": "scp-zh-105", "RATING": 66, "COMMENTS": "5"}, {"TITLE": "SCP-ZH-050 - \u6399\u624e\u5200\u7247", "FULLNAME": "scp-zh-050", "RATING": 16, "COMMENTS": "0"}, {"TITLE": "\u9999\u6e2f\u7279\u5340\u7570\u5e38\u653f\u6cbb\u7d44\u7e54\u8cc7\u6599\uff1a\u8336\u5dba\u6c11\u751f\u95dc\u6ce8\u7d44", "FULLNAME": "concern-group-for-cha-ling-people-s-livelihood", "RATING": 9, "COMMENTS": "0"}, {"TITLE": "Colmod \u7d44\u4ef6\u6307\u5357", "FULLNAME": "colmod-guide", "RATING": 8, "COMMENTS": "0"}]