[{"TITLE": "\u7dad\u5b89\u8a2d\u65bd\u6a94\u6848\uff1aSite-ZH-02", "FULLNAME": "site-zh-02", "RATING": 25, "COMMENTS": "7"}, {"TITLE": "\u7ad9\u9ede\u7da0\u5316\u63d0\u6848", "FULLNAME": "greening", "RATING": 18, "COMMENTS": "1"}, {"TITLE": "\u9996\u7d1a", "FULLNAME": "head", "RATING": 16, "COMMENTS": "1"}, {"TITLE": "SCP-ZH-310 - \u7570\u5e38\u86cb\u767d\u8cea\u7d50\u69cb\u57df", "FULLNAME": "scp-zh-310", "RATING": 26, "COMMENTS": "2"}, {"TITLE": "SCP-ZH-005 - \u5047\u5982\u4f60\u6c92\u6709\u8f49\u767c\u9019\u7bc7\u6587\u6a94\u7d66\u5341\u500b\u670b\u53cb\uff0c\u90a3\u9ebc\u2026\u2026\u2026\u2026", "FULLNAME": "scp-zh-005", "RATING": 62, "COMMENTS": "0"}, {"TITLE": "SCP-ZH-105 - \u4e0d\u5b5d\u5b50", "FULLNAME": "scp-zh-105", "RATING": 66, "COMMENTS": "5"}, {"TITLE": "SCP-ZH-077", "FULLNAME": "scp-zh-077", "RATING": 17, "COMMENTS": "3"}, {"TITLE": "\u8a08\u5283\u5831\u544a{01-728}", "FULLNAME": "nsb8-01728", "RATING": 9, "COMMENTS": "0"}, {"TITLE": "\u82b1\u8a9e\uff1a\u4ed9\u4e39\u82b1", "FULLNAME": "chinese-ixora", "RATING": 20, "COMMENTS": "0"}, {"TITLE": "SCP-ZH-719-J", "FULLNAME": "scp-zh-719-j", "RATING": 16, "COMMENTS": "0"}, {"TITLE": "SCP-ZH-193 - \u4eba\u8207\u96fb\u8207\u92fc\u4e4b\u4e00\u65cf", "FULLNAME": "scp-zh-193", "RATING": 15, "COMMENTS": "0"}, {"TITLE": "\u842c\u83ef\u93e1\u4e2d\u7684\u8c93", "FULLNAME": "cats-in-kaleidoscopes", "RATING": 18, "COMMENTS": "0"}, {"TITLE": "\u4e00\u5982\u5f80\u5e38", "FULLNAME": "v", "RATING": 9, "COMMENTS": "0"}, {"TITLE": "SCP-ZH-174 - \u975e\u5e38\u666e\u901a\uff0c\u518d\u666e\u901a\u4e0d\u904e\u7684\u7dda\u9999", "FULLNAME": "scp-zh-174", "RATING": 26, "COMMENTS": "4"}, {"TITLE": "\u53ea\u4e0d\u904e\u662f\u4eba\u751f\u3001\u53ea\u4e0d\u904e\u662f\u7f6a\u60e1\u3001\u53ea\u4e0d\u904e\u662f\u4e00\u5834\u6feb\u7528\u8077\u6b0a\u7684\u666e\u901a\u5be6\u9a57", "FULLNAME": "no-door-open-for-me", "RATING": 13, "COMMENTS": "0"}, {"TITLE": "\u4e2d\u79cb\u7bc0\u7684\u904e\u52de\u7ad9\u9ede\u8207NB\u5340\u7814\u7a76\u54e1\u8207\u4e00\u7fa4\u7570\u5e38\u6d63\u718a", "FULLNAME": "nb", "RATING": 12, "COMMENTS": "0"}, {"TITLE": "\u6d17\u6a19\uff1a\u6a581114-Mad\u535a\u58eb\u7684\u896f\u886b", "FULLNAME": "orange-1114", "RATING": 8, "COMMENTS": "4"}, {"TITLE": "\u4e8b\u4ef6\u4ee3\u865f\uff1a\u6838\u88c2\u64e0\u514c-\u72fc\u568e", "FULLNAME": "blackwolf-may-cry", "RATING": 9, "COMMENTS": "1"}, {"TITLE": "SCP-ZH-041 - \u5922\u60f3", "FULLNAME": "scp-zh-041", "RATING": 20, "COMMENTS": "4"}, {"TITLE": "SCP-ZH-087 - \u68c4\u7a3f", "FULLNAME": "scp-zh-087", "RATING": 31, "COMMENTS": "4"}, {"TITLE": "SCP-ZH-047 - \u4f60\u7684\u6240\u4f5c\u6240\u70ba", "FULLNAME": "scp-zh-047", "RATING": 12, "COMMENTS": "3"}, {"TITLE": "SCP-ZH-100", "FULLNAME": "scp-zh-0100", "RATING": 23, "COMMENTS": "0"}, {"TITLE": "\u82b1\u8a9e\uff1a\u6a89\u67f3", "FULLNAME": "tamaricaceae", "RATING": 13, "COMMENTS": "0"}, {"TITLE": "SCP-ZH-9288-EX", "FULLNAME": "scp-zh-9288-ex", "RATING": 45, "COMMENTS": "5"}, {"TITLE": "SCP-ZH-762 - \u611f\u540c\u66fe\u53d7", "FULLNAME": "scp-zh-762", "RATING": 7, "COMMENTS": "2"}, {"TITLE": "\u6b7b\u8c93\u540a\u6a39\u982d", "FULLNAME": "on-the-tree", "RATING": 17, "COMMENTS": "0"}, {"TITLE": "\u9a5a\u87c4", "FULLNAME": "snake-s-wake", "RATING": 11, "COMMENTS": "0"}, {"TITLE": "\u57fa\u91d1\u6703\u4e4b\u524d", "FULLNAME": "k-before", "RATING": 5, "COMMENTS": "0"}, {"TITLE": "\u5c71\u59c6\u7684ZH\u5206\u90e8\u89d2\u8272\u7d00\u9304\u672c", "FULLNAME": "doodles-from-sam", "RATING": 25, "COMMENTS": "3"}, {"TITLE": "Dr.Ray\u7684\u7570\u5e38\u9805\u76ee\u5206\u7d1a\u5716\u6a19", "FULLNAME": "ray-s-logo", "RATING": 19, "COMMENTS": "1"}, {"TITLE": "SCP-ZH-973 - \u5982\u300c\u6028\u300d\u4ee5\u511f", "FULLNAME": "scp-zh-973", "RATING": 8, "COMMENTS": "0"}, {"TITLE": "SCP-ZH-075 \u2014 \u2014- \u2026 -\u2026 ..- .-. \u2014\u2026-.", "FULLNAME": "scp-zh-075", "RATING": 13, "COMMENTS": "0"}, {"TITLE": "\u8056\u8a95\u8ecd\u6f14", "FULLNAME": "xmas-exercise", "RATING": 24, "COMMENTS": "7"}, {"TITLE": "\u5b89\u5e03\u7f85\u65af\u9910\u5ef3-\u5d07\u6587\u9928", "FULLNAME": "ambrose-chung-wen-kuan", "RATING": 21, "COMMENTS": "2"}, {"TITLE": "\u8056\u591c\u665a\u9910", "FULLNAME": "so-i-said-that-dinner", "RATING": 21, "COMMENTS": "2"}, {"TITLE": "SCP-ZH-044 - \u77f3\u7011\u72fb\u730a", "FULLNAME": "scp-zh-044", "RATING": 22, "COMMENTS": "3"}, {"TITLE": "\u53e3\u8ff0\u7570\u5e38\u53f2\uff1a\u8fb2\u9593\u4e4b\u6b98\u6708", "FULLNAME": "the-moon-voice-1", "RATING": 13, "COMMENTS": "0"}, {"TITLE": "SCP-ZH-400 - \u6708\u795e\u861a", "FULLNAME": "scp-zh-400", "RATING": 14, "COMMENTS": "1"}, {"TITLE": "\u51b0\u7bb1", "FULLNAME": "fridge", "RATING": 15, "COMMENTS": "0"}, {"TITLE": "\u5f26\u97f3\u672a\u6b62", "FULLNAME": "keepthere", "RATING": 7, "COMMENTS": "1"}, {"TITLE": "\u8056\u8a95\u6a39\u68a2\u4e0a\u7684\u9996\u7d1a", "FULLNAME": "head-on-the-tree", "RATING": 8, "COMMENTS": "3"}, {"TITLE": "\u5f26\u97f3\u672a\u6b62\uff0c\u9918\u82b3\u7336\u5b58", "FULLNAME": "keepthere-art", "RATING": 12, "COMMENTS": "1"}, {"TITLE": "\u8c93\u8033\u65e5", "FULLNAME": "cat-day", "RATING": 15, "COMMENTS": "0"}, {"TITLE": "\u96d5\u523b\u4f5c\u54c1\uff1a\u8056\u591c\u76f8\u5b88", "FULLNAME": "handcrafts", "RATING": 18, "COMMENTS": "2"}, {"TITLE": "\u5e74\u7378\u722d\u596a\u6230", "FULLNAME": "year-critical-strike", "RATING": 15, "COMMENTS": "0"}, {"TITLE": "\u6d17\u6a19\uff1a\u85cd2020-\u767d\u5e03\u7684\u5510\u4eba\u88dd", "FULLNAME": "blue-2020", "RATING": 13, "COMMENTS": "2"}, {"TITLE": "\u6700\u5f8c\u4e00\u6839\u83f8", "FULLNAME": "last-one-cigarette", "RATING": 14, "COMMENTS": "1"}, {"TITLE": "SCP-ZH-236 - \u7d42\u5e74\u75c5", "FULLNAME": "scp-zh-236", "RATING": 11, "COMMENTS": "3"}, {"TITLE": "SCP-ZH-200 - \u9b3c\u6293\u4eba", "FULLNAME": "scp-zh-200", "RATING": 35, "COMMENTS": "1"}, {"TITLE": "SCP-ZH-810 - \u6d77\u6d0b\u4e4b\u8166", "FULLNAME": "scp-zh-810", "RATING": 15, "COMMENTS": "2"}, {"TITLE": "\u5200\u4e0b\u5fc3\uff0c\u53c8\u540d\u53db\u72fc\u8fd4\u5de2", "FULLNAME": "cleguisbt", "RATING": 10, "COMMENTS": "3"}, {"TITLE": "\u7d05\u5875\u7d1b\u64fe", "FULLNAME": "thedream", "RATING": 3, "COMMENTS": "1"}, {"TITLE": "\u9999\u8106\u590f\u5a01\u5937\u62ab\u85a9", "FULLNAME": "sh-crispy-pineapple-pizza", "RATING": 11, "COMMENTS": "0"}, {"TITLE": "\u843d\u78d0", "FULLNAME": "fall-stable", "RATING": 7, "COMMENTS": "0"}, {"TITLE": "\u82b1\u8a9e\uff1a\u7409\u7483\u82e3", "FULLNAME": "borage", "RATING": 11, "COMMENTS": "0"}, {"TITLE": "Dr. Kris\u7684\u6587\u6a94\u5c71\u6d77\uff0d\u7246\u4e0a\u7684\u6cb9\u756b", "FULLNAME": "k1s10r0d-oil-painting-on-the-wall", "RATING": 14, "COMMENTS": "0"}, {"TITLE": "\u5be6\u7fd2", "FULLNAME": "practice", "RATING": 17, "COMMENTS": "0"}, {"TITLE": "SCP-ZH-133 - \u4e0d\u6703\u7528\u812b\u6c34\u4f86\u9a19\u4eba\u7684\u597d\u85e5\u662f\u7684", "FULLNAME": "scp-zh-133", "RATING": 21, "COMMENTS": "7"}, {"TITLE": "47", "FULLNAME": "47", "RATING": 13, "COMMENTS": "0"}, {"TITLE": "\u7259\u79d1\u5b9a\u671f\u6aa2\u8a3a", "FULLNAME": "teeth-checked", "RATING": 12, "COMMENTS": "3"}, {"TITLE": "\u5728\u90a3\u5929\uff0c\u59b3\u4ecd\u820a\u5411\u6211\u9053\u4e86\u8072\u665a\u5b89", "FULLNAME": "at-that-day-you-still-wish-me-a-good-dream", "RATING": 22, "COMMENTS": "0"}, {"TITLE": "SCP-ZH-471 - \u60e1\u6027\u6bd2\u87f2", "FULLNAME": "scp-zh-471", "RATING": 8, "COMMENTS": "0"}, {"TITLE": "\u7f3a\u5e2d\u8005\u7684\u76db\u5bb4", "FULLNAME": "eclipse-absence", "RATING": 8, "COMMENTS": "0"}, {"TITLE": "SCP-ZH-141 - \u653e\u5c04\u7dda\u75c7\u5019\u7fa4\u6cbb\u7642\u5291", "FULLNAME": "scp-zh-141", "RATING": 10, "COMMENTS": "2"}, {"TITLE": "\u6fc3\u6e6f\u7d04\u6703", "FULLNAME": "chowder-date", "RATING": 20, "COMMENTS": "2"}, {"TITLE": "SCP-ZH-935-J", "FULLNAME": "scp-zh-935-j", "RATING": 5, "COMMENTS": "0"}, {"TITLE": "SCP-ZH-042 - \u6368\u8eab\u9935\u4eba", "FULLNAME": "scp-zh-042", "RATING": 17, "COMMENTS": "1"}, {"TITLE": "\u9053\u5177\u90e8\u9580\u7684\u8336\u6c34\u9593", "FULLNAME": "the-pantry-in-the-props-department", "RATING": -1, "COMMENTS": "4"}, {"TITLE": "SCP-ZH-147 - \u6642\u9593\u5c0f\u5077", "FULLNAME": "scp-zh-147", "RATING": 19, "COMMENTS": "2"}, {"TITLE": "\u8b1d\u5e55\u7684\u984f\u8272", "FULLNAME": "color-of-take-a-bow", "RATING": 15, "COMMENTS": "3"}, {"TITLE": "SCP-ZH-046 - \u5de1\u5c71\u9748", "FULLNAME": "scp-zh-046", "RATING": 18, "COMMENTS": "2"}, {"TITLE": "\u5c0f\u52d5\u7269\u7c21\u4ecb\uff1aSurge\uff01", "FULLNAME": "critter-profile-surge", "RATING": 25, "COMMENTS": "2"}, {"TITLE": "\u9006\u5149\u7684\u99ac\u723e\u5730\u592b", "FULLNAME": "backlit-maldives", "RATING": 8, "COMMENTS": "1"}, {"TITLE": "SCP-ZH-111 - \u81ea\u6211\u4e2d\u5fc3", "FULLNAME": "scp-zh-111", "RATING": 38, "COMMENTS": "0"}, {"TITLE": "\u4e0d\u6703\u5fae\u7b11\u7684\u6d0b\u5a03\u5a03", "FULLNAME": "her-avatar", "RATING": 12, "COMMENTS": "0"}, {"TITLE": "Ctrl Z\u535a\u58eb\u7684SCP\u8cbc\u7d19\u6536\u96c6\u7c3f-Safe", "FULLNAME": "sticker", "RATING": 12, "COMMENTS": "0"}, {"TITLE": "Ctrl Z\u535a\u58eb\u7684SCP\u8cbc\u7d19\u6536\u96c6\u7c3f-Euclid", "FULLNAME": "sticker2", "RATING": 11, "COMMENTS": "0"}, {"TITLE": "Ctrl Z\u535a\u58eb\u7684SCP\u8cbc\u7d19\u6536\u96c6\u7c3f-Keter", "FULLNAME": "sticker3", "RATING": 12, "COMMENTS": "0"}, {"TITLE": "\u7121\u785d\u7684\u6c99\u5834", "FULLNAME": "a-battlefield-without-gunpowder", "RATING": 17, "COMMENTS": "0"}, {"TITLE": "SCP-ZH-021 - \u4f60\u6709\u4ec0\u9ebc\u7169\u60f1\u55ce\uff1f", "FULLNAME": "scp-zh-021", "RATING": 22, "COMMENTS": "1"}, {"TITLE": "\u6708\u4e2d\u79cb\uff0c\u79cb\u7cdc\u4e4b\u9905\u4e0d\u898b\u6b23\u559c", "FULLNAME": "not-a-mooncake", "RATING": 17, "COMMENTS": "0"}, {"TITLE": "SCP-ZH-163 - \u5ee3\u5bd2\u5e7d\u9589", "FULLNAME": "scp-zh-163", "RATING": 13, "COMMENTS": "2"}, {"TITLE": "\u4e5f\u8a31\uff0c\u4e00\u500b\u6eab\u6696\u7684\u5348\u5f8c\uff0c\u5728\u6d77\u6d0b\u516c\u5712\u555c\u98f2\u5496\u5561", "FULLNAME": "maybe-some-coffee-in-the-ocean-park", "RATING": 12, "COMMENTS": "0"}, {"TITLE": "SCP-ZH-912 - \u770b\u898b", "FULLNAME": "scp-zh-912", "RATING": 14, "COMMENTS": "4"}, {"TITLE": "Ctrl Z\u535a\u58eb\u5f9e\u9031\u520a\u4e0a\u526a\u4e0b\u7684\u56db\u683c\u6f2b\u756b", "FULLNAME": "comic", "RATING": 18, "COMMENTS": "2"}, {"TITLE": "\u8acb\u554f\u6709\u8ab0\u80fd\u628a\u5730\u4e0b\u8857\u7684\u63db\u5e63\u6a5f\u4fee\u4e00\u4e0b", "FULLNAME": "artwork-shopping-arcade", "RATING": 19, "COMMENTS": "1"}, {"TITLE": "\u4e9e\u7d30\u4e9e\u7684\u5b64\u5152\u662f\u8ab0", "FULLNAME": "who-is-the-asian-orphan", "RATING": 14, "COMMENTS": "1"}, {"TITLE": "SCP-ZH-426 - \u82b1\u5712\u4e2d\u7684\u86c7\u662f\u7d55\u4e0d\u4f4e\u982d\u7684", "FULLNAME": "scp-zh-426", "RATING": 15, "COMMENTS": "17"}, {"TITLE": "GOI\u840c\u5a18\u5316-\u4e0b\u5348\u8336\u6703", "FULLNAME": "goi", "RATING": 16, "COMMENTS": "2"}, {"TITLE": "\u84ec\u840a\u5cf6\u65b0\u5275\u6c11\u4e3b\u5f62\u5f0f\uff1a\u300c\u5275\u5236\u300d\u9996\u9577\u5c07\u65bc\u4eca\u65e5\u89e3\u51cd", "FULLNAME": "r-sinano-chuo-zhtr-2018-11-19-a222a", "RATING": 18, "COMMENTS": "2"}, {"TITLE": "\u7e41\u4e2d\u5b98\u65b9\u5316\u8cc0\u5716", "FULLNAME": "scp", "RATING": 20, "COMMENTS": "2"}, {"TITLE": "\u767d\u65e5\u5922\u904a\u8005", "FULLNAME": "daydream-walker", "RATING": 7, "COMMENTS": "0"}, {"TITLE": "\u82b1\u8a9e\uff1a\u82b1\u6bdb\u831b", "FULLNAME": "ranunculus", "RATING": 18, "COMMENTS": "3"}, {"TITLE": "\u62dc\u8a2a\u8207\u5de7\u9047", "FULLNAME": "meeting", "RATING": 11, "COMMENTS": "0"}, {"TITLE": "SCP-ZH-446 - \u5316\u87f2", "FULLNAME": "scp-zh-446", "RATING": 27, "COMMENTS": "0"}, {"TITLE": "\u96f2\u6e67", "FULLNAME": "cloud-well", "RATING": 13, "COMMENTS": "0"}, {"TITLE": "SCP-ZH-878 - \u5a03\u5a03\u6536\u96c6\u8005", "FULLNAME": "scp-zh-878", "RATING": 20, "COMMENTS": "0"}, {"TITLE": "\u8056\u591c\u76f8\u5b88\uff1a\u54aa\u5440\u65b9\u584a\u548c\u8c9d\u7238\u9945\u982d", "FULLNAME": "researcher-hg-s-christmas-3dpaint-art", "RATING": 10, "COMMENTS": "0"}, {"TITLE": "\u975e\u76f8\u95dc\u4eba\u54e1\u7981\u6b62\u95b1\u89bd", "FULLNAME": "adult:unrelated-person-do-not-read", "RATING": 16, "COMMENTS": "2"}, {"TITLE": "\u8056\u8a95\u8207\u842c\u8056\u50c5\u6709\u4e00\u7dda\u4e4b\u9694", "FULLNAME": "christmas-or-halloween", "RATING": 17, "COMMENTS": "2"}, {"TITLE": "\u8056\u8a95\u6e05\u5922", "FULLNAME": "xmas-dream", "RATING": 10, "COMMENTS": "1"}, {"TITLE": "ZH\uff0c025\uff0c1225", "FULLNAME": "zh-025-xmas", "RATING": 18, "COMMENTS": "4"}, {"TITLE": "\u6674\u96e8", "FULLNAME": "sun-shower-metha", "RATING": 12, "COMMENTS": "2"}, {"TITLE": "\u52a0\u5195\u70ba\u4ea1", "FULLNAME": "crown", "RATING": 11, "COMMENTS": "2"}, {"TITLE": "\u8056\u591c\u76f8\u5b88\uff1a\u7d79\u5370\u5341\u516d\u7ad9", "FULLNAME": "researcher-hg-s-silkscreen-site-zh-16", "RATING": 9, "COMMENTS": "1"}, {"TITLE": "\u540a\u904b", "FULLNAME": "lifting", "RATING": 12, "COMMENTS": "0"}, {"TITLE": "\u300c...\u59b3\u4e0d\u61c9\u8a72\u51fa\u73fe\u5728\u9019\u88e1\u3002\u300d", "FULLNAME": "xina-mas-2020", "RATING": 15, "COMMENTS": "0"}, {"TITLE": "\u8056\u591c\u76f8\u5b88\u6642", "FULLNAME": "formytreasure", "RATING": 18, "COMMENTS": "0"}, {"TITLE": "\u7bc0\u6176\u7684\u984f\u8272", "FULLNAME": "festive-colors", "RATING": 16, "COMMENTS": "1"}, {"TITLE": "SCP-ZH-526 - \u6211\u5c31\u662f\u4e00\u53f0\u70e4\u571f\u53f8\u6a5f", "FULLNAME": "scp-zh-526", "RATING": 18, "COMMENTS": "1"}, {"TITLE": "SCP-ZH-140 - \u5b57\u7fa9\u76f8\u6096", "FULLNAME": "scp-zh-140", "RATING": 20, "COMMENTS": "7"}, {"TITLE": "\u6d17\u6a19\uff1a\u7d051354-\u6df1\u5165\u50b3\u7d71\u7d0d\u9913\u5361\u90e8\u843d", "FULLNAME": "red-1354", "RATING": 17, "COMMENTS": "1"}, {"TITLE": "\u4ed6\u8072\u4e4b\u75d5", "FULLNAME": "trace-of-many-voices", "RATING": 8, "COMMENTS": "0"}, {"TITLE": "Dr. Bales\u7684\u65e5\u5e38\u5c0f\u54c1\u96c6\u9326 \u4e8c", "FULLNAME": "bales-s-daily-2", "RATING": 17, "COMMENTS": "1"}, {"TITLE": "2010\u5e74\u7684\u90a3\u5e7e\u500b\u5be6\u7fd2\u751f", "FULLNAME": "source-of-chaos", "RATING": 18, "COMMENTS": "0"}, {"TITLE": "Ctrl Z\u535a\u58eb\u7684SCP-ZH\u8a18\u9304-1", "FULLNAME": "creepy-tunnel", "RATING": 24, "COMMENTS": "2"}, {"TITLE": "\u725b\u5976\u62fc\u5716", "FULLNAME": "milk-puzzle", "RATING": 18, "COMMENTS": "0"}, {"TITLE": "\u4f60\u6703\u611f\u5230\u5f8c\u6094\u55ce\uff1f", "FULLNAME": "what-are-you-waiting-for-just-join-goc-dude", "RATING": 36, "COMMENTS": "5"}, {"TITLE": "SCP-ZH-322 - \u7121\u6c34\u4e4b\u676f", "FULLNAME": "scp-zh-322", "RATING": 12, "COMMENTS": "2"}, {"TITLE": "SCP-ZH-022-J - \u62dc\u8a17\u8ab0\u4f86\u628a\u5b83\u586b\u4e0a", "FULLNAME": "scp-zh-022-j", "RATING": 37, "COMMENTS": "19"}, {"TITLE": "\u5929\u7a79\u4e4b\u4e0b\uff0c\u5343\u9ce5\u56db\u6563", "FULLNAME": "flock-shatters-beneath-the-skydome", "RATING": 12, "COMMENTS": "3"}, {"TITLE": "SCP-ZH-066 - \u6709\u501f\u6709\u9084", "FULLNAME": "scp-zh-066", "RATING": 11, "COMMENTS": "5"}, {"TITLE": "\u611a\u4eba\u7bc0\u7684\u81f4\u547d\u6a21\u56e0", "FULLNAME": "the-bottle-in-april-fools", "RATING": 22, "COMMENTS": "2"}, {"TITLE": "SCP-ZH-00l", "FULLNAME": "scp-zh-00l", "RATING": 13, "COMMENTS": "5"}, {"TITLE": "\u92d2\u8292\u969b\u6703", "FULLNAME": "jie-men-convocation", "RATING": 6, "COMMENTS": "1"}, {"TITLE": "\u9592\u6687\u4e4b\u9918", "FULLNAME": "maimai-first-time", "RATING": 10, "COMMENTS": "0"}, {"TITLE": "SCP-ZH-975 - \u57fa\u6e96\u73fe\u5be6\u51fd\u6578\uff1a\u8f38\u5165", "FULLNAME": "scp-zh-975", "RATING": 10, "COMMENTS": "6"}, {"TITLE": "\u82b1\u8a9e\uff1a\u84b2\u516c\u82f1", "FULLNAME": "taraxacum", "RATING": 18, "COMMENTS": "0"}, {"TITLE": "SCP-ZH-440 - Site-ZH-04", "FULLNAME": "scp-zh-440", "RATING": 12, "COMMENTS": "6"}, {"TITLE": "SCP-ZH-880 - \u963f\u5b24\u89ba\u5f97\u4f60\u51b7", "FULLNAME": "scp-zh-880", "RATING": 30, "COMMENTS": "2"}, {"TITLE": "SCP-ZH-162 - TEIC\u6f14\u7b97\u6cd5", "FULLNAME": "scp-zh-162", "RATING": 10, "COMMENTS": "2"}, {"TITLE": "SCP-ZH-185 - \u4e56\u4e56\u7a69\u5b9a\u5668", "FULLNAME": "scp-zh-185", "RATING": 19, "COMMENTS": "11"}, {"TITLE": "\u9396\u93c8\u7684\u97f3\u7af9", "FULLNAME": "k1s10r0d-chain-sugoi", "RATING": 29, "COMMENTS": "6"}, {"TITLE": "Polaris", "FULLNAME": "polaris", "RATING": 17, "COMMENTS": "1"}, {"TITLE": "Surge\u7684\u63d0\u6848\u4e00", "FULLNAME": "surge-s-proposal-1", "RATING": 33, "COMMENTS": "11"}, {"TITLE": "\u7099\u71b1\u7684\u5348\u5f8c\u6642\u5149", "FULLNAME": "the-ss-vs-ss", "RATING": 29, "COMMENTS": "19"}, {"TITLE": "\u4e8b\u4ef6\u4ee3\u865f\uff1a\u6838\u88c2\u64e0\u514c-\u4e3b\u4efbSemibreve\u7684\u8996\u89d2", "FULLNAME": "operation-nucleon-bank-semibreve", "RATING": 10, "COMMENTS": "2"}, {"TITLE": "SCP-ZH-903 - \u7076\u795e\u98df\u8b5c\uff08\u96f6\u5931\u6557\uff09", "FULLNAME": "scp-zh-903", "RATING": 18, "COMMENTS": "4"}, {"TITLE": "SCP-ZH-509 - \u566c\u4eba\u8089\u5718\u54bd\u82e6\u5410\u8089", "FULLNAME": "scp-zh-509", "RATING": 8, "COMMENTS": "1"}, {"TITLE": "\u7827\u677f\u4e0a\u7684\u58a8\u8de1", "FULLNAME": "finger-test-warrior", "RATING": 5, "COMMENTS": "0"}, {"TITLE": "SCP-ZH-369 - dado\u7684\u4e2d\u85e5\u7cbd\u5408\u7279\u6548\u7d44", "FULLNAME": "scp-zh-369", "RATING": 4, "COMMENTS": "5"}, {"TITLE": "SCP-ZH-620 - \u761f\u75ab\u71c3\u71d2\u65bc\u751f\u547d\u4e4b\u6cc9", "FULLNAME": "scp-zh-620", "RATING": 16, "COMMENTS": "7"}, {"TITLE": "\u4f60\u8ddf\u6211\u8aaa\u771f\u7684\u55ce?", "FULLNAME": "dr-willow", "RATING": 7, "COMMENTS": "1"}, {"TITLE": "\u82b1\u8a9e\uff1a\u66c7\u83ef", "FULLNAME": "flower-language-canna-indica", "RATING": 7, "COMMENTS": "0"}, {"TITLE": "\u89aa\u8fce\u8f15\u76c8\u4e4b\u71df\u706b\u7469", "FULLNAME": "bt-fly", "RATING": 13, "COMMENTS": "3"}, {"TITLE": "SCP-ZH-034 - \u98db\u982d\u883b", "FULLNAME": "scp-zh-034", "RATING": 24, "COMMENTS": "3"}, {"TITLE": "SCP-ZH-037 - \u73b3\u7441\u4e4b\u6dda", "FULLNAME": "scp-zh-037", "RATING": 20, "COMMENTS": "0"}, {"TITLE": "\u5929\u4eae\u524d\u7684\u6200\u611b\u6545\u4e8b", "FULLNAME": "taisho150-lovestorybeforedawn", "RATING": 20, "COMMENTS": "2"}, {"TITLE": "SCP-ZH-096 - \u7d05\u79fb\u7834\u6ec5", "FULLNAME": "scp-zh-096", "RATING": 25, "COMMENTS": "2"}, {"TITLE": "\u63a2\u8a2a\u5b89\u5730\u7f85\u8332\u8def\u65af", "FULLNAME": "visit-eindeloze-lucht", "RATING": 12, "COMMENTS": "2"}, {"TITLE": "SCP-ZH-060-J - Re:\u5728\u97f3\u7af9\u5b87\u5b99\u91cd\u751f\u7684\u7169\u4eba\u7f8e\u5c11\u5973\u5230\u5e95\u662f\u751a\u9ebc\u6771\u897f\u5440?!", "FULLNAME": "scp-zh-060-j", "RATING": 22, "COMMENTS": "10"}, {"TITLE": "\u89e3\u5bc6\uff1aSCP-ZH-096", "FULLNAME": "scp-zh-096-declassification", "RATING": 16, "COMMENTS": "4"}, {"TITLE": "SCP-ZH-1000-EX", "FULLNAME": "scp-zh-1000-ex", "RATING": 18, "COMMENTS": "5"}, {"TITLE": "SCP-ZH-409 - \u9435\u8863\u85fb", "FULLNAME": "scp-zh-409", "RATING": 12, "COMMENTS": "6"}, {"TITLE": "SCP-ZH-299 - \u5927\u8005\u9577\u5343\u91cc\uff0c\u5c0f\u8005\u6578\u5341\u5206\u3002", "FULLNAME": "scp-zh-299", "RATING": 12, "COMMENTS": "6"}, {"TITLE": "SCP-ZH-114 - \u585e\u58ec\u6e26\u96f7", "FULLNAME": "scp-zh-114", "RATING": 14, "COMMENTS": "0"}, {"TITLE": "\u7570\u5e38\u9805\u76ee\u7d00\u9304\uff1a\u300c\u9632\u66b4\u8b66\u5bdf\u982d\u76d4\u300d", "FULLNAME": "anomalous-item-hk-police-helmet", "RATING": 37, "COMMENTS": "5"}, {"TITLE": "SCP-ZH-128 - \u6b64\u5473\u4e26\u975e\u60e1\u9b54\u4e4b\u4f5c", "FULLNAME": "scp-zh-128", "RATING": 20, "COMMENTS": "3"}, {"TITLE": "\u599d\u93e1\u8efc\u4e8b", "FULLNAME": "story-of-mirror", "RATING": 7, "COMMENTS": "0"}, {"TITLE": "SCP-ZH-377 - \u6d77\u6258\u4e16\u7684\u6350\u8840\u8eca", "FULLNAME": "scp-zh-377", "RATING": 14, "COMMENTS": "4"}, {"TITLE": "\u71c8\u706b\u8a18\u61b6", "FULLNAME": "memory-of-light", "RATING": 13, "COMMENTS": "1"}, {"TITLE": "69\u5e74\u7684\u4e0d\u582a\u56de\u61b6", "FULLNAME": "year-69-of-unbearable-memories", "RATING": 9, "COMMENTS": "0"}, {"TITLE": "SCP-ZH-243 - \u6960\u6893\u767e\u6155\u9054", "FULLNAME": "scp-zh-243", "RATING": 18, "COMMENTS": "0"}, {"TITLE": "\u55ae\u884c\u65c5\u7a0b", "FULLNAME": "singlelinetrip", "RATING": 7, "COMMENTS": "0"}, {"TITLE": "\u70ba\u4e86\u66f4\u597d\u7684\u7d50\u5c40\u800c\u96e2\u8077", "FULLNAME": "resign-in-navigation", "RATING": 8, "COMMENTS": "1"}, {"TITLE": "SCP-ZH-121 - \u9867\u4eba\u6028\u5148\u751f", "FULLNAME": "scp-zh-121", "RATING": 2, "COMMENTS": "0"}, {"TITLE": "\u8001\u8c93\u904a\u8a18\uff0c\u96f6", "FULLNAME": "old-cat-travel-1", "RATING": 9, "COMMENTS": "3"}, {"TITLE": "SCP-ZH-804 - \u6843\u82b1\u5712", "FULLNAME": "scp-zh-804", "RATING": 9, "COMMENTS": "3"}, {"TITLE": "SCP-ZH-402 - \u6210\u9577", "FULLNAME": "scp-zh-402", "RATING": 16, "COMMENTS": "4"}, {"TITLE": "SCP-ZH-969 - \u6f2b\u9577\u7684\u544a\u5225", "FULLNAME": "scp-zh-969", "RATING": 15, "COMMENTS": "1"}, {"TITLE": "What The Fuck", "FULLNAME": "what-the-fuck", "RATING": 25, "COMMENTS": "3"}, {"TITLE": "SCP-ZH-991 - \u9b45\u9b54\u5f8c\u88d4", "FULLNAME": "adult:scp-zh-991", "RATING": 13, "COMMENTS": "4"}, {"TITLE": "SCP-ZH-048 - \u528d\u8207\u9b54\u6cd5\u8207\u8336\u4e4b\u9b54\u624b", "FULLNAME": "scp-zh-048", "RATING": 21, "COMMENTS": "2"}, {"TITLE": "SCP-ZH-144 - \u5341\u4e8c\u9032\u4f4d\u6cd5", "FULLNAME": "scp-zh-144", "RATING": 25, "COMMENTS": "6"}, {"TITLE": "SCP-ZH-427 - \u6df1\u57cb\u7684\u9ed1\u76d2\u5f9e\u672a\u958b\u555f", "FULLNAME": "scp-zh-427", "RATING": 9, "COMMENTS": "0"}, {"TITLE": "SCP-ZH-829 - \u7121\u5f62\u5e72\u6208", "FULLNAME": "scp-zh-829", "RATING": 12, "COMMENTS": "2"}, {"TITLE": "\u300c\u8f49\u4e16\u8a08\u5283\u300d", "FULLNAME": "project-reincarnation", "RATING": 17, "COMMENTS": "1"}, {"TITLE": "\u672b\u65e5\u908a\u7de3\u7684Perdu", "FULLNAME": "perdu-by-the-daylight", "RATING": 8, "COMMENTS": "0"}, {"TITLE": "SCP-ZH-776 - \u6697\u9ed1\u6697\u9ed1\u6697\u9ed1\u4e4b\u528d", "FULLNAME": "scp-zh-776", "RATING": 7, "COMMENTS": "6"}, {"TITLE": "\u85dd\u8853\u7d00\u9304\uff1a\u53d7\u7d5e\u4e4b\u738b\u7684\u60b2\u5287", "FULLNAME": "art-for-701", "RATING": 11, "COMMENTS": "0"}, {"TITLE": "SCP-ZH-676 - \u7ad9\u5167\u6709\u9f20", "FULLNAME": "scp-zh-676", "RATING": 8, "COMMENTS": "0"}, {"TITLE": "\u300c\u6211\u8166\u4e2d\u552f\u4e00\u4e00\u4ef6\u4e8b\u300d", "FULLNAME": "the-only-thing-in-my-head", "RATING": 8, "COMMENTS": "2"}, {"TITLE": "\u9ed1\u6697\u7684\u623f\u9593", "FULLNAME": "dark-room", "RATING": 9, "COMMENTS": "3"}, {"TITLE": "\u8cc7\u672c\u4e3b\u7fa9\u3001\u4f86\u8972", "FULLNAME": "capitalism-attack", "RATING": 13, "COMMENTS": "3"}, {"TITLE": "SCP-ZH-052 - \u5fd8\u4e86\u6211\u5427\uff0c\u4f46\u6211\u4e0d\u6703\u5fd8\u8a18\u4f60\u5011\u7684", "FULLNAME": "scp-zh-052", "RATING": 18, "COMMENTS": "0"}, {"TITLE": "SCP-ZH-035\u6536\u5bb9\u7d00\u9304", "FULLNAME": "how-did-we-catch-scp-zh-035", "RATING": 7, "COMMENTS": "3"}, {"TITLE": "\u5de8\u97ff", "FULLNAME": "graduation", "RATING": 5, "COMMENTS": "0"}, {"TITLE": "SCP-ZH-228 - \u7fe0\u57d4\uff0c1947\u3002", "FULLNAME": "scp-zh-228", "RATING": 26, "COMMENTS": "7"}, {"TITLE": "SCP-ZH-832 - \u56de\u6eab", "FULLNAME": "scp-zh-832", "RATING": 10, "COMMENTS": "3"}, {"TITLE": "\u5e03\u9b6f\u514b\u6797\u7b2c\u96f6\u5340\uff1a\u5929\u5802", "FULLNAME": "boorklyn-00-the-heaven", "RATING": 16, "COMMENTS": "0"}, {"TITLE": "SCP-ZH-226 - \u51ac\u65e5\u5973\u5b69", "FULLNAME": "scp-zh-226", "RATING": 14, "COMMENTS": "0"}, {"TITLE": "SCP-ZH-110 - \u5730\u677f\u7834\u4e86\u500b\u6d1e", "FULLNAME": "scp-zh-110", "RATING": 19, "COMMENTS": "1"}, {"TITLE": "SCP-ZH-352 - \u7d55\u547d\u516d\u9f9c\u8461\u8404", "FULLNAME": "scp-zh-352", "RATING": 17, "COMMENTS": "4"}, {"TITLE": "\uff33\u4e4b\u6b7b", "FULLNAME": "the-death-of-sam-or-semibreve-etc", "RATING": 18, "COMMENTS": "4"}, {"TITLE": "\u9805\u76ee\u4f01\u5283\u66f8 2017-47\uff1a\u300a\u5065\u5eb7\u7684\u4ee3\u50f9\u300b", "FULLNAME": "project-proposal-2017-47-zh", "RATING": 24, "COMMENTS": "3"}, {"TITLE": "\u690d\u6728\u7149\u91d1", "FULLNAME": "pelia-start", "RATING": 13, "COMMENTS": "0"}, {"TITLE": "SCP-ZH-399 - \u6211\u5011\u5fc3\u4e2d\u7684444\u865f\u8996\u807d\u6559\u5ba4", "FULLNAME": "scp-zh-399", "RATING": 32, "COMMENTS": "0"}, {"TITLE": "\u85dd\u8853\u5275\u4f5c\uff1a\u8056\u8a95\u7bc0\u96ea\u55b5", "FULLNAME": "xmax-x", "RATING": 19, "COMMENTS": "0"}, {"TITLE": "SCP-ZH-999-J - \u5de5", "FULLNAME": "scp-zh-999-j", "RATING": 6, "COMMENTS": "19"}, {"TITLE": "\u66d9\u5149\u6771\u555f", "FULLNAME": "dawn-of-east", "RATING": 17, "COMMENTS": "0"}, {"TITLE": "\u7e41\u4e2d\u7ba1\u7406\u54e1\u7b46\u8a18\uff1a2021\u5e74\u56de\u9867", "FULLNAME": "note-for-u-guys-2021", "RATING": 35, "COMMENTS": "4"}, {"TITLE": "\u300c\u7d66\u6211\u4e00\u675f\u9bae\u82b1\u5427\u3002\u300d", "FULLNAME": "quantum-suicide-art", "RATING": 15, "COMMENTS": "0"}, {"TITLE": "SCP-ZH-499 - \u5eb7\u4e43\u99a8\u76d4\u7532\u5de5\u85dd", "FULLNAME": "scp-zh-499", "RATING": 37, "COMMENTS": "3"}, {"TITLE": "SCP-ZH-909 - \u8a55\u5206\u6a21\u584a", "FULLNAME": "scp-zh-909", "RATING": 8, "COMMENTS": "4"}, {"TITLE": "\u4e0d\u61c9\u88ab\u8a18\u61b6\u7684\u90a3\u4eba", "FULLNAME": "fan-made-zh12-fiction", "RATING": 11, "COMMENTS": "2"}, {"TITLE": "SCP-ZH-082 - \u5c0f\u871c\u8702\u9910\u8eca", "FULLNAME": "scp-zh-082", "RATING": 24, "COMMENTS": "0"}, {"TITLE": "SCP-ZH-065 - \u8461\u63d0\u85a9\u57f5", "FULLNAME": "scp-zh-065", "RATING": 9, "COMMENTS": "4"}, {"TITLE": "\u4eba\u7684\u5169\u9762", "FULLNAME": "duality-of-man", "RATING": 12, "COMMENTS": "0"}, {"TITLE": "\u8d85\u6558\u4e8b\u5c64\u5e72\u9810\u89c0\u6e2c\u7d00\u9304", "FULLNAME": "pao-mian-s-retribution", "RATING": 11, "COMMENTS": "6"}, {"TITLE": "SCP-ZH-999\uff0d\u4eba\u5011\u6b20\u4ed6\u500b\u7e3d\u7d71\u5e2d\u4f4d", "FULLNAME": "scp-zh-999", "RATING": 57, "COMMENTS": "13"}, {"TITLE": "SCP-ZH-131 - \u5f7c\u5cb8\u82b1\u958b", "FULLNAME": "scp-zh-131", "RATING": 9, "COMMENTS": "0"}, {"TITLE": "SCP-ZH-517 - One More Time, One More Chance", "FULLNAME": "scp-zh-517", "RATING": 22, "COMMENTS": "1"}, {"TITLE": "SCP-ZH-337 - \u5922\u5de5\u5ee0", "FULLNAME": "scp-zh-337", "RATING": 28, "COMMENTS": "6"}, {"TITLE": "\u767d\u96f2\u5b64\u98db", "FULLNAME": "i-ll-come-back-to-the-earth-and-bring-the-piece-of-the-star", "RATING": 19, "COMMENTS": "0"}, {"TITLE": "\u5152\u7ae5\u8d70\u5931\u8655\u7406\u7d00\u9304", "FULLNAME": "snowcatflyhighhigh", "RATING": 27, "COMMENTS": "3"}, {"TITLE": "\u8056\u5973\u6190\u5b50", "FULLNAME": "kz-la-pieta", "RATING": 15, "COMMENTS": "0"}, {"TITLE": "\u4ee3\u9054\u6d1b\u65af\u7684\u9006\u5929\u4f7f", "FULLNAME": "zh-daedalus-defyingangel", "RATING": 15, "COMMENTS": "0"}, {"TITLE": "SCP-ZH-074 - \u6d77\u62c9\u7684\u6536\u5bb9\u9593", "FULLNAME": "scp-zh-074", "RATING": 12, "COMMENTS": "7"}, {"TITLE": "\u767d\u88e1\u900f\u7d05\u7684\u8eab\u5f71", "FULLNAME": "zh-daedalus-f004", "RATING": 15, "COMMENTS": "0"}, {"TITLE": "SCP-ZH-413 - \u542b\u7898\u6674\u5929\u5a03\u5a03", "FULLNAME": "scp-zh-413", "RATING": 17, "COMMENTS": "0"}, {"TITLE": "SCP-ZH-432 - \u66f4\u597d\u7684\u4f60", "FULLNAME": "scp-zh-432", "RATING": 21, "COMMENTS": "2"}, {"TITLE": "SCP-ZH-302 - \u542b\u7898\u6c34\u5996\u7cbe", "FULLNAME": "scp-zh-302", "RATING": 16, "COMMENTS": "0"}, {"TITLE": "SCP-ZH-123 - \u7d66\u81ea\u5df1\u7684\u7b46\u8a18", "FULLNAME": "scp-zh-123", "RATING": 13, "COMMENTS": "0"}, {"TITLE": "SCP-ZH-798 - \u591c\u66f2\u4e4b\u5f8c", "FULLNAME": "scp-zh-798", "RATING": 8, "COMMENTS": "0"}, {"TITLE": "\u6642\u9593\u523b", "FULLNAME": "counting-down", "RATING": 12, "COMMENTS": "5"}, {"TITLE": "\u8654\u8aa0\u795e\u7236\u8207\u793e\u755c\u8f14\u5c0e\u54e1\u4e0d\u6703\u649e\u7834\u8499\u81c9\u4e0a\u53f8\u5011\u505a\u7f9e\u7f9e\u7684\u4e8b", "FULLNAME": "one-night-four-broken-hearts-in-12", "RATING": 20, "COMMENTS": "0"}, {"TITLE": "SCP-ZH-466 - \u9b54\u8853\u7898\u8207\u5922\u5e7b\u6ce1\u5f71", "FULLNAME": "scp-zh-466", "RATING": 15, "COMMENTS": "0"}, {"TITLE": "SCP-ZH-448 - \u516d\u8292\u75c7\u5019\u7fa4", "FULLNAME": "scp-zh-448", "RATING": 15, "COMMENTS": "2"}, {"TITLE": "SCP-ZH-968 - \u57fa\u8f14\u6230\u9b3c\u986f\u73fe\u4e4b\u6642", "FULLNAME": "scp-zh-968", "RATING": 25, "COMMENTS": "4"}, {"TITLE": "SCP-ZH-179 - \u51a4\u6789", "FULLNAME": "scp-zh-179", "RATING": 16, "COMMENTS": "0"}, {"TITLE": "\u5047\u9762\u9a0e\u58ebTheseus\uff1a\u4e00\u610f\u5b64\u884c", "FULLNAME": "kamen-rider-theseus-alone-in-the-dark", "RATING": 13, "COMMENTS": "1"}, {"TITLE": "SCP-ZH-106-\u300c\u9006\u6a21\u56e0\u300d", "FULLNAME": "scp-zh-106", "RATING": 23, "COMMENTS": "7"}, {"TITLE": "\u5c71\u672c\u7814\u7a76\u54e1\u7684ZH-922\u89c0\u5bdf\u65e5\u8a8c", "FULLNAME": "romiamiad-ni-cidal", "RATING": 17, "COMMENTS": "0"}, {"TITLE": "\u6211\u5011\u90fd\u53ea\u662f\u8840\u8089\u4e4b\u8ec0", "FULLNAME": "we-are-no-more-than-mortal-souls", "RATING": 15, "COMMENTS": "1"}, {"TITLE": "\u6d41\u9023\u5fd8\u8fd4", "FULLNAME": "the-forsaken-lake", "RATING": 9, "COMMENTS": "1"}, {"TITLE": "\u665a\u5b8912\u7ad9", "FULLNAME": "adult:oyasumi-site-zh-12", "RATING": 11, "COMMENTS": "1"}, {"TITLE": "SCP-ZH-126 - \u300c\u7f8a\u300d\u828b\u7247\u888b", "FULLNAME": "scp-zh-126", "RATING": 11, "COMMENTS": "0"}, {"TITLE": "\u6b61\u8fce\uff0c\u656c\u555f\u8005", "FULLNAME": "multiversal-valentine", "RATING": 18, "COMMENTS": "0"}, {"TITLE": "Myosotis", "FULLNAME": "myosotis", "RATING": 17, "COMMENTS": "0"}, {"TITLE": "SCP-ZH-132 - \u8981\u4f60\u547d\u7684007\u904a\u6232", "FULLNAME": "scp-zh-132", "RATING": 13, "COMMENTS": "0"}, {"TITLE": "SCP-ZH-382 - \u72a7\u7272\u54c1", "FULLNAME": "scp-zh-382", "RATING": 13, "COMMENTS": "0"}, {"TITLE": "\u6c92\u6709\u57fa\u91d1\u6703\u7684\u90a3\u6642", "FULLNAME": "the-time-foundation-disappeared", "RATING": 24, "COMMENTS": "0"}, {"TITLE": "\u5225\u60f9\u6211", "FULLNAME": "don-t-tread-on-me", "RATING": 11, "COMMENTS": "0"}, {"TITLE": "\u7dad\u5b89\u4e8b\u6545ZH-330-2", "FULLNAME": "incident-zh-330-2", "RATING": 11, "COMMENTS": "0"}, {"TITLE": "SCP-ZH-196 - \u8207\u3164\u3164\u3164\u3164\u5a46\u5a11\u8d77\u821e", "FULLNAME": "scp-zh-196", "RATING": 17, "COMMENTS": "0"}, {"TITLE": "SCP-ZH-895\u2014\u5875\u5c01\u4e4b\u5922\u8207\u6096\u8ad6", "FULLNAME": "scp-zh-895", "RATING": 10, "COMMENTS": "0"}, {"TITLE": "\u4ea4\u6703\uff0c\u7136\u5f8c\u6f38\u884c\u6f38\u9060", "FULLNAME": "go-to-sus-hi-po", "RATING": 11, "COMMENTS": "1"}, {"TITLE": "\u6d77\u68e0\u4f9d\u820a", "FULLNAME": "lucid-dreams", "RATING": 24, "COMMENTS": "0"}, {"TITLE": "SCP-ZH-184 - \u5954\u8eca\u673d\u7d22", "FULLNAME": "scp-zh-184", "RATING": 22, "COMMENTS": "1"}, {"TITLE": "SCP-ZH-119 - \u61f2\u7f70\u4e4b\u706b\u4e0d\u964d\u65bc\u6211", "FULLNAME": "scp-zh-119", "RATING": 14, "COMMENTS": "0"}, {"TITLE": "SCP-ZH-532 - \u7c21\u55ae\u4eba\u751f\u8eab\u5fc3\u8a3a\u6240", "FULLNAME": "scp-zh-532", "RATING": 16, "COMMENTS": "0"}, {"TITLE": "SCP-ZH-902 - \u5012\u6578\u4e4b\u4e2d", "FULLNAME": "scp-zh-902", "RATING": 12, "COMMENTS": "1"}, {"TITLE": "SCP-ZH-318 - \u8a8d\u540c\u7656", "FULLNAME": "scp-zh-318", "RATING": 0, "COMMENTS": "10"}, {"TITLE": "\u5047\u9762\u9a0e\u58ebTheseus\uff1a\u96d9\u8ecc\u96e3\u984c", "FULLNAME": "kamen-rider-theseus-double-tracks-problem", "RATING": 14, "COMMENTS": "0"}, {"TITLE": "\u646f\u5bd0\u6eb6\u89e3", "FULLNAME": "dreams-always-dissolve", "RATING": 17, "COMMENTS": "0"}, {"TITLE": "SCP-ZH-134 - \u7fa4", "FULLNAME": "scp-zh-134", "RATING": 13, "COMMENTS": "0"}, {"TITLE": "D-10201", "FULLNAME": "d-10201", "RATING": 16, "COMMENTS": "2"}, {"TITLE": "\u7121\u5e8f\u5922\u56c8", "FULLNAME": "disorder-flapdoodle", "RATING": 18, "COMMENTS": "0"}, {"TITLE": "\u6211\u7684\u8d16\u7f6a", "FULLNAME": "my-atonement", "RATING": 8, "COMMENTS": "0"}, {"TITLE": "SCP-ZH-750 - \u795e\u8aaa\uff1a\u300c\u8981\u6709\u6cb9\u3002\u300d\u5c31\u6709\u4e86\u6cb9\u3002", "FULLNAME": "scp-zh-750", "RATING": 31, "COMMENTS": "5"}, {"TITLE": "SCP-ZH-441 - \u53ea\u80fd\u4ee5\u9019\u7a2e\u65b9\u5f0f\u932f\u8aa4\u5730\u60e6\u8a18\u88ab\u78be\u58d3\u800c\u4ea1\u7684\u5c4d\u9ad4", "FULLNAME": "scp-zh-441", "RATING": 17, "COMMENTS": "1"}, {"TITLE": "\u5bd0\u5074\u64f4\u5f35", "FULLNAME": "extension-of-dream", "RATING": 12, "COMMENTS": "2"}, {"TITLE": "SCP-ZH-820 - \u5fcc\u5992\u9ebb\u4ed4\u53f0", "FULLNAME": "scp-zh-820", "RATING": 5, "COMMENTS": "1"}, {"TITLE": "SCP-ZH-912-J - \u5927\u5fcc", "FULLNAME": "scp-zh-912-j", "RATING": 21, "COMMENTS": "6"}, {"TITLE": "\u80cc\u9762\u7684\u96fb\u8a71\u4ead", "FULLNAME": "phone-booth5", "RATING": 17, "COMMENTS": "0"}, {"TITLE": "SCP-ZH-180 - \u5b89 \u59ae :-)", "FULLNAME": "scp-zh-180", "RATING": 23, "COMMENTS": "2"}, {"TITLE": "SCP-ZH-583-J - \u54ea\u4f86\u7684\u7334\u5b50.SCiP", "FULLNAME": "scp-zh-583-j", "RATING": 14, "COMMENTS": "4"}, {"TITLE": "\u646f\u5bd0\u8ff8\u88c2", "FULLNAME": "dreams-always-explode", "RATING": 14, "COMMENTS": "0"}, {"TITLE": "SCP-ZH-155 - \u72c2\u66b4\u9be8\u9748", "FULLNAME": "scp-zh-155", "RATING": 12, "COMMENTS": "0"}, {"TITLE": "SCP-ZH-328 - Dark Soups", "FULLNAME": "scp-zh-328", "RATING": 20, "COMMENTS": "3"}, {"TITLE": "Lostwhat\u7684\u63d0\u6848\u4e00", "FULLNAME": "lostwhat-s-proposal", "RATING": 38, "COMMENTS": "2"}, {"TITLE": "SCP-ZH-176 - \u300a\u6d77\u9dd7\u7684\u5927\u64a4\u9000\u300b", "FULLNAME": "scp-zh-176", "RATING": 22, "COMMENTS": "0"}, {"TITLE": "SCP-ZH-135 - \u8c93\u54aa\u4e0d\u548c\u6211\u73a9", "FULLNAME": "scp-zh-135", "RATING": 22, "COMMENTS": "2"}, {"TITLE": "SCP-ZH-767 - \u9ed1\u65d7\u63a5\u99c1\u8eca", "FULLNAME": "scp-zh-767", "RATING": 15, "COMMENTS": "1"}, {"TITLE": "SCP-ZH-971 - \u611f\u6069seafood\u8b9a\u5606seafood", "FULLNAME": "scp-zh-971", "RATING": 10, "COMMENTS": "0"}, {"TITLE": "SCP-ZH-993 - \u7121\u77e5\u5247\u81ea\u7531", "FULLNAME": "scp-zh-993", "RATING": 25, "COMMENTS": "0"}, {"TITLE": "SCP-ZH-712 - \u8d85\u9ad8\u901f\u95b1\u8b80\u773c\u93e1", "FULLNAME": "scp-zh-712", "RATING": 15, "COMMENTS": "0"}, {"TITLE": "\u8f38\u5165\u5bc6\u5319\uff1a67337-94-505", "FULLNAME": "scp-zh-505", "RATING": 13, "COMMENTS": "0"}, {"TITLE": "\u4f75\u767c\u75c7", "FULLNAME": "complication", "RATING": 6, "COMMENTS": "1"}, {"TITLE": "\u57f7\u5de6\u9053\u8005\u7684\u81ea\u6211\u653f\u8b8a", "FULLNAME": "self-coup-of-the-knavish", "RATING": 17, "COMMENTS": "2"}, {"TITLE": "SCP-ZH-989 - \u6211\u5011\u8166\u4e2d\u7684\u592a\u967d", "FULLNAME": "scp-zh-989", "RATING": 20, "COMMENTS": "1"}, {"TITLE": "SCP-ZH-911 - \u4f60\u6240\u634d\u885b\u7684\u81ea\u7531", "FULLNAME": "scp-zh-911", "RATING": 22, "COMMENTS": "0"}, {"TITLE": "SCP-ZH-210 - \u7121\u76e1\u84bc\u7a79", "FULLNAME": "scp-zh-210", "RATING": 9, "COMMENTS": "2"}, {"TITLE": "SCP-ZH-244 - \u6211\u56de\u4f86\u4e86", "FULLNAME": "scp-zh-244", "RATING": 24, "COMMENTS": "1"}, {"TITLE": "\u9152\u55ae\uff1a\u6ce2\u65c1\u5a01\u58eb\u5fcc", "FULLNAME": "bourbon-whiskey", "RATING": 11, "COMMENTS": "0"}, {"TITLE": "\u6211\u5011\u4e4b\u4e2d\u6709\u500b\u9593\u8adc", "FULLNAME": "there-is-a-imposter-among-us", "RATING": 21, "COMMENTS": "1"}, {"TITLE": "\u65c5\u8005\u7684\u8b1d\u5e55", "FULLNAME": "wanderers:curtain-down", "RATING": 12, "COMMENTS": "0"}, {"TITLE": "\u57c3\u8389\u7d72\u5922\u904a\u4ed9\u5883", "FULLNAME": "wanderers:ellis-in-wonderland", "RATING": 8, "COMMENTS": "0"}, {"TITLE": "\u661f\u661f\u88fd\u9020\u8005", "FULLNAME": "wanderers:star-maker", "RATING": 23, "COMMENTS": "4"}, {"TITLE": "\u516c\u5712\u9577\u6905\u4e0a\u7684\u7537\u4eba", "FULLNAME": "wanderers:man-on-the-bench", "RATING": 10, "COMMENTS": "3"}, {"TITLE": "\u661f\u661f\u96e8\u7684\u6545\u4e8b", "FULLNAME": "wanderers:they-me-you-stars", "RATING": 11, "COMMENTS": "0"}, {"TITLE": "\u592a\u967d\u7981\u6b62\u9032\u5165", "FULLNAME": "wanderers:eos-and-sun", "RATING": 20, "COMMENTS": "1"}, {"TITLE": "\u74f6\u4e2d\u7684\u78a7\u7fe0\u6602", "FULLNAME": "wanderers:homunculus", "RATING": 20, "COMMENTS": "0"}, {"TITLE": "\u6885\u723e\u8207\u73cd\u73e0", "FULLNAME": "wanderers:pearl", "RATING": 19, "COMMENTS": "2"}, {"TITLE": "\u7d2f\u4e16\u71fc\u901d", "FULLNAME": "wanderers:farewell", "RATING": 15, "COMMENTS": "1"}, {"TITLE": "\u9577\u51ac", "FULLNAME": "wanderers:long-winter", "RATING": 11, "COMMENTS": "0"}]