[{"TITLE": "SCP-ZH-666 - \u88ab\u751f\u547d\u6240\u53ad\u60e1\u8005", "FULLNAME": "scp-zh-666", "RATING": 15, "COMMENTS": "2"}, {"TITLE": "SCP-ZH-572 - \u6587\u8a00\u6587\u647a\u6247", "FULLNAME": "scp-zh-572", "RATING": 12, "COMMENTS": "2"}, {"TITLE": "SCP-ZH-130 - \u5fc3", "FULLNAME": "scp-zh-130", "RATING": 7, "COMMENTS": "1"}, {"TITLE": "SCP-ZH-510 - \u907a\u8a00", "FULLNAME": "scp-zh-510", "RATING": 10, "COMMENTS": "1"}, {"TITLE": "SCP-ZH-515 - \u5e73\u5b89\u7b26", "FULLNAME": "scp-zh-515", "RATING": 44, "COMMENTS": "2"}, {"TITLE": "SCP-ZH-610 - \u731b\u7206\u6027\u7e41\u884d\u7d44\u7e54\u7624", "FULLNAME": "scp-zh-610", "RATING": 21, "COMMENTS": "7"}, {"TITLE": "SCP-ZH-002 - \u53f0\u7063\u7368\u89d2\u7378", "FULLNAME": "scp-zh-002", "RATING": 37, "COMMENTS": "13"}, {"TITLE": "SCP-ZH-300 - \u8056\u8a95\u7bc0\u4ea4\u63db\u300c\u5ee2\u300d\u7269", "FULLNAME": "scp-zh-300", "RATING": 15, "COMMENTS": "2"}, {"TITLE": "SCP-ZH-044 - \u77f3\u7011\u72fb\u730a", "FULLNAME": "scp-zh-044", "RATING": 22, "COMMENTS": "3"}, {"TITLE": "SCP-ZH-400 - \u6708\u795e\u861a", "FULLNAME": "scp-zh-400", "RATING": 14, "COMMENTS": "1"}, {"TITLE": "SCP-ZH-136 - \u4ed9\u5973\u6728\u4e4b\u68ee", "FULLNAME": "scp-zh-136", "RATING": 13, "COMMENTS": "1"}, {"TITLE": "SCP-ZH-860 - dado\u7684\u300c\u53d1\u300d\u8ca1\u85e5", "FULLNAME": "scp-zh-860", "RATING": 33, "COMMENTS": "3"}, {"TITLE": "SCP-ZH-012 - \u5341\u4e8c", "FULLNAME": "scp-zh-012", "RATING": 19, "COMMENTS": "2"}, {"TITLE": "SCP-ZH-200 - \u9b3c\u6293\u4eba", "FULLNAME": "scp-zh-200", "RATING": 35, "COMMENTS": "1"}, {"TITLE": "\u7e41\u4e2d\u7ad9\u9ede\u5730\u4e0b\u8857", "FULLNAME": "shopping-arcade", "RATING": 21, "COMMENTS": "3"}, {"TITLE": "SCP-ZH-113 - \u62b9\u6bba\u4e8b\u60c5\u7684\u771f\u76f8", "FULLNAME": "scp-zh-113", "RATING": 30, "COMMENTS": "2"}, {"TITLE": "SCP-ZH-461 - \u4eba\u5011\u7dca\u6293\u8457\u51b0\u584a", "FULLNAME": "scp-zh-461", "RATING": 9, "COMMENTS": "1"}, {"TITLE": "SCP-ZH-015 - \u4e03\u4eba\u516b\u7b11", "FULLNAME": "scp-zh-015", "RATING": 23, "COMMENTS": "0"}, {"TITLE": "SCP-ZH-147 - \u6642\u9593\u5c0f\u5077", "FULLNAME": "scp-zh-147", "RATING": 19, "COMMENTS": "2"}, {"TITLE": "SCP-ZH-046 - \u5de1\u5c71\u9748", "FULLNAME": "scp-zh-046", "RATING": 18, "COMMENTS": "2"}, {"TITLE": "\u53f0\u7063\u9435\u9053\u98ef\u5e97\u7684\u5b89\u5e03\u7f85\u65af\u9910\u5ef3", "FULLNAME": "ambrose-taiwan-railway-hotel", "RATING": 17, "COMMENTS": "3"}, {"TITLE": "SCP-ZH-111 - \u81ea\u6211\u4e2d\u5fc3", "FULLNAME": "scp-zh-111", "RATING": 38, "COMMENTS": "0"}, {"TITLE": "SCP-ZH-021 - \u4f60\u6709\u4ec0\u9ebc\u7169\u60f1\u55ce\uff1f", "FULLNAME": "scp-zh-021", "RATING": 22, "COMMENTS": "1"}, {"TITLE": "1935\u7570\u5e38\u535a\u89bd\u6703-LOGO", "FULLNAME": "the-taiwan-exposition-1935-logo", "RATING": 14, "COMMENTS": "0"}, {"TITLE": "\u85dd\u8853\u7d00\u9304\uff1a\u96ea\u4e2d\u9001\u70ad\u3002", "FULLNAME": "art-for-2616-jp", "RATING": 10, "COMMENTS": "0"}, {"TITLE": "SCP-ZH-617 - \u897f\u65b9\u7684\u52c7\u8005", "FULLNAME": "scp-zh-617", "RATING": 14, "COMMENTS": "8"}, {"TITLE": "SCP-ZH-163 - \u5ee3\u5bd2\u5e7d\u9589", "FULLNAME": "scp-zh-163", "RATING": 13, "COMMENTS": "2"}, {"TITLE": "SCP-ZH-831 - \u5341\u4e00\u5e74\u9593\u7684\u5b55\u5a66", "FULLNAME": "scp-zh-831", "RATING": 18, "COMMENTS": "0"}, {"TITLE": "\u8acb\u554f\u6709\u8ab0\u80fd\u628a\u5730\u4e0b\u8857\u7684\u63db\u5e63\u6a5f\u4fee\u4e00\u4e0b", "FULLNAME": "artwork-shopping-arcade", "RATING": 19, "COMMENTS": "1"}, {"TITLE": "SCP-ZH-426 - \u82b1\u5712\u4e2d\u7684\u86c7\u662f\u7d55\u4e0d\u4f4e\u982d\u7684", "FULLNAME": "scp-zh-426", "RATING": 15, "COMMENTS": "17"}, {"TITLE": "GOI\u840c\u5a18\u5316-\u4e0b\u5348\u8336\u6703", "FULLNAME": "goi", "RATING": 16, "COMMENTS": "2"}, {"TITLE": "SCP-ZH-060 - \u9e7f\u8def\u96a7\u9053", "FULLNAME": "scp-zh-060", "RATING": 21, "COMMENTS": "1"}, {"TITLE": "\u7e41\u4e2d\u5b98\u65b9\u5316\u8cc0\u5716", "FULLNAME": "scp", "RATING": 20, "COMMENTS": "2"}, {"TITLE": "SCP-ZH-446 - \u5316\u87f2", "FULLNAME": "scp-zh-446", "RATING": 27, "COMMENTS": "0"}, {"TITLE": "Nihilmace\u7d66\u65b0\u4eba\u7684\u4e00\u4e9b\u5275\u4f5c\u5efa\u8b70\uff1a\u6211\u8a72\u5982\u4f55\u8b93\u6587\u7ae0\u5408\u683c\uff1f", "FULLNAME": "plz-fuck-off-mary-sue", "RATING": 13, "COMMENTS": "0"}, {"TITLE": "\u9858\u541b\u5b89\u597d", "FULLNAME": "wish-you-safe-and-sound", "RATING": 24, "COMMENTS": "0"}, {"TITLE": "SCP-ZH-878 - \u5a03\u5a03\u6536\u96c6\u8005", "FULLNAME": "scp-zh-878", "RATING": 20, "COMMENTS": "0"}, {"TITLE": "SCP-ZH-023 - \u672b\u72c0\u8a18\u61b6", "FULLNAME": "scp-zh-023", "RATING": 11, "COMMENTS": "1"}, {"TITLE": "2021\u51ac\u5b63\u7af6\u8cfd \u4e3b\u984c\u300a\u7d05\u300b", "FULLNAME": "winter-ace-2021", "RATING": 9, "COMMENTS": "0"}, {"TITLE": "SCP-ZH-248 - \u5c24\u65af\u8482\u4e9e\u75c7\u5019\u7fa4", "FULLNAME": "scp-zh-248", "RATING": 21, "COMMENTS": "1"}, {"TITLE": "SCP-ZH-2005-EX", "FULLNAME": "scp-zh-2005-ex", "RATING": 58, "COMMENTS": "1"}, {"TITLE": "\u751f\u91ab\u5275\u4f5c\u8207\u4f60\uff1a\u5beb\u7d66\u57fa\u91d1\u6703\u4f5c\u5bb6\u7684\u540d\u8a5e\u8fa8\u6790", "FULLNAME": "biomedical-sense-zh", "RATING": 14, "COMMENTS": "1"}, {"TITLE": "SCP-ZH-404 - \u7121\u6cd5\u9003\u96e2", "FULLNAME": "scp-zh-404", "RATING": 8, "COMMENTS": "6"}, {"TITLE": "SCP-ZH-950 - \u7da0\u795e\u7d93", "FULLNAME": "scp-zh-950", "RATING": 17, "COMMENTS": "1"}, {"TITLE": "Ctrl Z\u535a\u58eb\u7684SCP-ZH\u8a18\u9304-1", "FULLNAME": "creepy-tunnel", "RATING": 24, "COMMENTS": "2"}, {"TITLE": "SCP-ZH-593 - \u5761\u9802", "FULLNAME": "scp-zh-593", "RATING": 15, "COMMENTS": "0"}, {"TITLE": "\u4f60\u6703\u611f\u5230\u5f8c\u6094\u55ce\uff1f", "FULLNAME": "what-are-you-waiting-for-just-join-goc-dude", "RATING": 36, "COMMENTS": "5"}, {"TITLE": "SCP-ZH-496 - \u5b89\u5168\u6975\u9650\u8ddd\u96e2", "FULLNAME": "scp-zh-496", "RATING": 30, "COMMENTS": "7"}, {"TITLE": "SCP-ZH-835 - \u71e6\u85cd\u795e\u5316\u5929\u7a79", "FULLNAME": "scp-zh-835", "RATING": 22, "COMMENTS": "2"}, {"TITLE": "2021\u611a\u4eba\u7bc0\u4e3b\u9801", "FULLNAME": "super-cooking-pot", "RATING": 24, "COMMENTS": "10"}, {"TITLE": "SCP-ZH-185 - \u4e56\u4e56\u7a69\u5b9a\u5668", "FULLNAME": "scp-zh-185", "RATING": 19, "COMMENTS": "11"}, {"TITLE": "SCP-ZH-946 - \u9ed1\u5154\u5927\u6230\u722d\ud83d\udc07", "FULLNAME": "scp-zh-946", "RATING": 27, "COMMENTS": "13"}, {"TITLE": "SCP-ZH-736 - \u4f60\u4e0d\u80fd\u518d\u5f80\u524d\u4e86", "FULLNAME": "scp-zh-736", "RATING": 32, "COMMENTS": "14"}, {"TITLE": "SCP-ZH-620 - \u761f\u75ab\u71c3\u71d2\u65bc\u751f\u547d\u4e4b\u6cc9", "FULLNAME": "scp-zh-620", "RATING": 16, "COMMENTS": "7"}, {"TITLE": "2021 \u590f\u5b63\u7af6\u8cfd \u4e3b\u984c\u300a\u7570\u805e\u9304\u300b", "FULLNAME": "summer-contest-2021", "RATING": 13, "COMMENTS": "7"}, {"TITLE": "SCP-ZH-576 - \u82b1\u8a9e", "FULLNAME": "scp-zh-576", "RATING": 12, "COMMENTS": "2"}, {"TITLE": "SCP-ZH-037 - \u73b3\u7441\u4e4b\u6dda", "FULLNAME": "scp-zh-037", "RATING": 20, "COMMENTS": "0"}, {"TITLE": "SCP-ZH-112 - \u795d\u4f60\u751f\u65e5\u5feb\u6a02", "FULLNAME": "scp-zh-112", "RATING": 19, "COMMENTS": "3"}, {"TITLE": "SCP-ZH-684 - Kangic", "FULLNAME": "scp-zh-684", "RATING": 13, "COMMENTS": "1"}, {"TITLE": "SCP-ZH-339 - \u907f\u98a8\u6e2f", "FULLNAME": "scp-zh-339", "RATING": 16, "COMMENTS": "6"}, {"TITLE": "SCP-ZH-1000-EX", "FULLNAME": "scp-zh-1000-ex", "RATING": 18, "COMMENTS": "5"}, {"TITLE": "\u7570\u5e38\u9805\u76ee\u7d00\u9304\uff1a\u300c\u9632\u66b4\u8b66\u5bdf\u982d\u76d4\u300d", "FULLNAME": "anomalous-item-hk-police-helmet", "RATING": 37, "COMMENTS": "5"}, {"TITLE": "SCP-ZH-177 - \u6df1\u4e95", "FULLNAME": "scp-zh-177", "RATING": 13, "COMMENTS": "1"}, {"TITLE": "\u6709\u4eba\u770b\u4e00\u4e0b\u6211\u7684\u756b\u55ce", "FULLNAME": "can-anyone-explain-it", "RATING": 15, "COMMENTS": "7"}, {"TITLE": "SCP-ZH-969 - \u6f2b\u9577\u7684\u544a\u5225", "FULLNAME": "scp-zh-969", "RATING": 15, "COMMENTS": "1"}, {"TITLE": "What The Fuck", "FULLNAME": "what-the-fuck", "RATING": 25, "COMMENTS": "3"}, {"TITLE": "SCP-ZH-991 - \u9b45\u9b54\u5f8c\u88d4", "FULLNAME": "adult:scp-zh-991", "RATING": 13, "COMMENTS": "4"}, {"TITLE": "\u5c0d\u5411\u5217\u8eca\u7684\u72c2\u5954\u4eba\u5f71", "FULLNAME": "running-shadow-of-the-opposite-train", "RATING": 14, "COMMENTS": "8"}, {"TITLE": "SCP-ZH-228 - \u7fe0\u57d4\uff0c1947\u3002", "FULLNAME": "scp-zh-228", "RATING": 26, "COMMENTS": "7"}, {"TITLE": "SCP-ZH-808 - \u9b3c\u9580\u95dc", "FULLNAME": "scp-zh-808", "RATING": 15, "COMMENTS": "2"}, {"TITLE": "\u7dad\u5b89\u8a2d\u65bd\u6a94\u6848\uff1aSite-ZH-44", "FULLNAME": "site-zh-44", "RATING": 14, "COMMENTS": "5"}, {"TITLE": "SCP-ZH-399 - \u6211\u5011\u5fc3\u4e2d\u7684444\u865f\u8996\u807d\u6559\u5ba4", "FULLNAME": "scp-zh-399", "RATING": 32, "COMMENTS": "0"}, {"TITLE": "\u300cSCP-ZH-999\u300d \uff1a\u300a\u5de5\u300b", "FULLNAME": "zh999-contest", "RATING": 13, "COMMENTS": "0"}, {"TITLE": "\u7e41\u4e2d\u7ba1\u7406\u54e1\u7b46\u8a18\uff1a2021\u5e74\u56de\u9867", "FULLNAME": "note-for-u-guys-2021", "RATING": 35, "COMMENTS": "4"}, {"TITLE": "SCP-ZH-499 - \u5eb7\u4e43\u99a8\u76d4\u7532\u5de5\u85dd", "FULLNAME": "scp-zh-499", "RATING": 37, "COMMENTS": "3"}, {"TITLE": "SCP-ZH-909 - \u8a55\u5206\u6a21\u584a", "FULLNAME": "scp-zh-909", "RATING": 8, "COMMENTS": "4"}, {"TITLE": "SCP-ZH-082 - \u5c0f\u871c\u8702\u9910\u8eca", "FULLNAME": "scp-zh-082", "RATING": 24, "COMMENTS": "0"}, {"TITLE": "Unsigned Draft #799 - N/A", "FULLNAME": "scp-zh-799", "RATING": 15, "COMMENTS": "1"}, {"TITLE": "SCP-ZH-999\uff0d\u4eba\u5011\u6b20\u4ed6\u500b\u7e3d\u7d71\u5e2d\u4f4d", "FULLNAME": "scp-zh-999", "RATING": 57, "COMMENTS": "13"}, {"TITLE": "SCP-ZH-340 - \u751f\u547d\u4e4b\u6c99\uff0c\u7e41\u661f\u4e4b\u76d2", "FULLNAME": "scp-zh-340", "RATING": 20, "COMMENTS": "1"}, {"TITLE": "SCP-ZH-062 - \u71c8\u7334", "FULLNAME": "scp-zh-062", "RATING": 17, "COMMENTS": "0"}, {"TITLE": "SCP-ZH-059 - \u7121\u5f62\u7684\u5974\u96b8\u8207\u53cd\u6297", "FULLNAME": "scp-zh-059", "RATING": 20, "COMMENTS": "0"}, {"TITLE": "SCP-ZH-094 - \u5931\u6557\u4f5c", "FULLNAME": "scp-zh-094", "RATING": 17, "COMMENTS": "1"}, {"TITLE": "SCP-ZH-517 - One More Time, One More Chance", "FULLNAME": "scp-zh-517", "RATING": 22, "COMMENTS": "1"}, {"TITLE": "SCP-ZH-337 - \u5922\u5de5\u5ee0", "FULLNAME": "scp-zh-337", "RATING": 28, "COMMENTS": "6"}, {"TITLE": "Matini\uff012022\uff01\u7e41\u4e2d\uff01\u6025\u8feb\u7af6\u8cfd\uff01", "FULLNAME": "jamcon-zh-2022", "RATING": 9, "COMMENTS": "2"}, {"TITLE": "SCP-ZH-107 - \u6355\u9ce5\u96f2", "FULLNAME": "scp-zh-107", "RATING": 19, "COMMENTS": "0"}, {"TITLE": "SCP-ZH-086 - \u8acb\u4f60\u5225\u8aaa\u898b\u904e\u6211", "FULLNAME": "scp-zh-086", "RATING": 22, "COMMENTS": "2"}, {"TITLE": "SCP-ZH-609 - \u7761\u524d\u6aa2\u67e5", "FULLNAME": "scp-zh-609", "RATING": 14, "COMMENTS": "0"}, {"TITLE": "SCP-ZH-968 - \u57fa\u8f14\u6230\u9b3c\u986f\u73fe\u4e4b\u6642", "FULLNAME": "scp-zh-968", "RATING": 25, "COMMENTS": "4"}, {"TITLE": "SCP-ZH-922 - \u99ac\u862d\u59d1\u5a18", "FULLNAME": "scp-zh-922", "RATING": 26, "COMMENTS": "1"}, {"TITLE": "2022\u611a\u4eba\u7bc0\u4e3b\u9801", "FULLNAME": "soup-chicken-power", "RATING": 16, "COMMENTS": "4"}, {"TITLE": "SCP-ZH-196 - \u8207\u3164\u3164\u3164\u3164\u5a46\u5a11\u8d77\u821e", "FULLNAME": "scp-zh-196", "RATING": 17, "COMMENTS": "0"}, {"TITLE": "\u6c7d\u6c34\u7684\u85dd\u4f5c\u98013", "FULLNAME": "lillianasoda-artworks3", "RATING": 15, "COMMENTS": "0"}, {"TITLE": "SCP-ZH-180 - \u5b89 \u59ae :-)", "FULLNAME": "scp-zh-180", "RATING": 23, "COMMENTS": "2"}, {"TITLE": "SCP-ZH-244 - \u6211\u56de\u4f86\u4e86", "FULLNAME": "scp-zh-244", "RATING": 24, "COMMENTS": "1"}]