[{"TITLE": "SCP-ZH-666 - \u88ab\u751f\u547d\u6240\u53ad\u60e1\u8005", "FULLNAME": "scp-zh-666", "RATING": 15, "COMMENTS": "2"}, {"TITLE": "SCP-ZH-954 - \u9ec3\u8272\u4fbf\u689d\u7d19", "FULLNAME": "scp-zh-954", "RATING": 17, "COMMENTS": "2"}, {"TITLE": "SCP-ZH-572 - \u6587\u8a00\u6587\u647a\u6247", "FULLNAME": "scp-zh-572", "RATING": 12, "COMMENTS": "2"}, {"TITLE": "SCP-ZH-213 - \u9078\u64c7\u773c\u93e1", "FULLNAME": "scp-zh-213", "RATING": 4, "COMMENTS": "1"}, {"TITLE": "SCP-ZH-419 - \u6b78\u5c6c\u4e4b\u5730", "FULLNAME": "scp-zh-419", "RATING": 10, "COMMENTS": "1"}, {"TITLE": "SCP-ZH-582 - \u4e16\u4e0a\u6700\u8a0e\u4eba\u559c\u611b\u7684\u4e0d\u660e\u751f\u7269", "FULLNAME": "scp-zh-582", "RATING": 15, "COMMENTS": "0"}, {"TITLE": "SCP\u57fa\u91d1\u6703\u4e0d\u77e5\u9053\u7684\u90a3\u4e9b\u4e8b\u4ef6", "FULLNAME": "ocd-virus01", "RATING": 19, "COMMENTS": "1"}, {"TITLE": "SCP-ZH-510 - \u907a\u8a00", "FULLNAME": "scp-zh-510", "RATING": 10, "COMMENTS": "1"}, {"TITLE": "SCP-ZH-618 - \u592a\u967d\u9905\u7345", "FULLNAME": "scp-zh-618", "RATING": 42, "COMMENTS": "0"}, {"TITLE": "SCP-ZH-477 - \u4e0d\u53ef\u6297\u5438\u5f15", "FULLNAME": "scp-zh-477", "RATING": 13, "COMMENTS": "3"}, {"TITLE": "SCP-ZH-285 - \u81f4\u547d\u8a98\u60d1", "FULLNAME": "scp-zh-285", "RATING": 16, "COMMENTS": "5"}, {"TITLE": "SCP-ZH-720 - \u6df1\u6f6d\u6c34\u9b45", "FULLNAME": "scp-zh-720", "RATING": 9, "COMMENTS": "2"}, {"TITLE": "SCP-ZH-323 - \u966a\u6211\u73a9", "FULLNAME": "scp-zh-323", "RATING": 10, "COMMENTS": "3"}, {"TITLE": "SCP-ZH-823 - \u5ba4\u53cb", "FULLNAME": "scp-zh-823", "RATING": 14, "COMMENTS": "0"}, {"TITLE": "SCP-ZH-886 - \u90a3\u4e9b\u8db3\u8de1", "FULLNAME": "scp-zh-886", "RATING": 13, "COMMENTS": "0"}, {"TITLE": "Site-ZH-02 \u5927\u5ef3", "FULLNAME": "site-zh-02-front", "RATING": 16, "COMMENTS": "0"}, {"TITLE": "SCP-ZH-199 - \u4e2d\u6c38\u548c\u8ff7\u5bae", "FULLNAME": "scp-zh-199", "RATING": 22, "COMMENTS": "8"}, {"TITLE": "SCP-ZH-105 - \u4e0d\u5b5d\u5b50", "FULLNAME": "scp-zh-105", "RATING": 66, "COMMENTS": "5"}, {"TITLE": "SCP-ZH-661 - \u6c5f\u5cb3\u5996\u8a2a\u884c", "FULLNAME": "scp-zh-661", "RATING": 10, "COMMENTS": "0"}, {"TITLE": "SCP-ZH-719-J", "FULLNAME": "scp-zh-719-j", "RATING": 16, "COMMENTS": "0"}, {"TITLE": "SCP-ZH-610 - \u731b\u7206\u6027\u7e41\u884d\u7d44\u7e54\u7624", "FULLNAME": "scp-zh-610", "RATING": 21, "COMMENTS": "7"}, {"TITLE": "SCP-ZH-201 - \u81a8\u5927\u7684\u98e2\u9913", "FULLNAME": "scp-zh-201", "RATING": 10, "COMMENTS": "0"}, {"TITLE": "\u4e8b\u4ef6\u4ee3\u865f\uff1a\u6838\u88c2\u64e0\u514c-SCP-ZH-899\u8996\u9ede", "FULLNAME": "operation-nucleon-bank-899", "RATING": 13, "COMMENTS": "2"}, {"TITLE": "SCP-ZH-193 - \u4eba\u8207\u96fb\u8207\u92fc\u4e4b\u4e00\u65cf", "FULLNAME": "scp-zh-193", "RATING": 15, "COMMENTS": "0"}, {"TITLE": "SCP-ZH-045 - \u842c\u80fd\u80e1\u6912", "FULLNAME": "scp-zh-045", "RATING": 19, "COMMENTS": "0"}, {"TITLE": "\u5de5\u4f5c\u4eba\u54e1\u53ca\u89d2\u8272\u6a94\u6848-ZH", "FULLNAME": "personnel-and-character-dossier-zh", "RATING": 17, "COMMENTS": "0"}, {"TITLE": "SCP-ZH-913 - \u56de\u5bb6\u6708\u9905", "FULLNAME": "scp-zh-913", "RATING": 17, "COMMENTS": "0"}, {"TITLE": "SCP-ZH-217 - \u8207\u904e\u53bb\u76f8\u4f34\u7684\u7a3b\u8349\u4eba", "FULLNAME": "scp-zh-217", "RATING": 10, "COMMENTS": "0"}, {"TITLE": "SCP-ZH-087 - \u68c4\u7a3f", "FULLNAME": "scp-zh-087", "RATING": 31, "COMMENTS": "4"}, {"TITLE": "SCP-ZH-070 - \u5c0d\u8a71\u6846\u5148\u751f", "FULLNAME": "scp-zh-070", "RATING": 17, "COMMENTS": "0"}, {"TITLE": "SCP-ZH-998 - \u73fe\u8c61\u5b78", "FULLNAME": "scp-zh-998", "RATING": 38, "COMMENTS": "7"}, {"TITLE": "SCP-ZH-301 - \u99ac\u65af\u5217\u5c3c\u67e5", "FULLNAME": "scp-zh-301", "RATING": 17, "COMMENTS": "0"}, {"TITLE": "SCP-ZH-9288-EX", "FULLNAME": "scp-zh-9288-ex", "RATING": 45, "COMMENTS": "5"}, {"TITLE": "SCP-ZH-120 - \u865b\u69cb\u7684\u6211\u5011", "FULLNAME": "scp-zh-120", "RATING": 40, "COMMENTS": "4"}, {"TITLE": "\u6211\u5728\u9019\u88e1\u4e00\u9663\u5b50\u4e86", "FULLNAME": "been-a-while", "RATING": 17, "COMMENTS": "1"}, {"TITLE": "SCP-ZH-025 - \u96ea\u82b1\u5c0f\u8c93\u54aa", "FULLNAME": "scp-zh-025", "RATING": 16, "COMMENTS": "2"}, {"TITLE": "SCP-ZH-216 - \u62b5\u6297\u907a\u5fd8", "FULLNAME": "scp-zh-216", "RATING": 16, "COMMENTS": "2"}, {"TITLE": "\u7269\u7406\u5c11\u5e74", "FULLNAME": "science-confusion-puberty", "RATING": 16, "COMMENTS": "7"}, {"TITLE": "Viken-K\u7684\u6a21\u56e0\u6a19\u793a\u56de\u6536\u5834", "FULLNAME": "viken-k-arts", "RATING": 12, "COMMENTS": "2"}, {"TITLE": "SCP-ZH-278 - \u4f60\u5fc5\u9808\u4fe1\u4efb\u7684\u9580\u885b", "FULLNAME": "scp-zh-278", "RATING": 14, "COMMENTS": "3"}, {"TITLE": "SCP-ZH-60053-J - HONK", "FULLNAME": "scp-zh-60053-j", "RATING": 45, "COMMENTS": "7"}, {"TITLE": "SCP-ZH-108 - \u5718\u5713", "FULLNAME": "scp-zh-108", "RATING": 19, "COMMENTS": "0"}, {"TITLE": "\u6709\u95dc\u6279\u51c6\u4f7f\u7528\u6a21\u56e0\u88fd\u5291\u5354\u52a9\u5c0d\u9d5d\u5f62\u60e1\u9b54\u5be6\u9ad4\u9032\u884c\u9a45\u9b54\u7684\u7533\u8acb", "FULLNAME": "grant-request-for-utilization-of-memetic-agent-to-assist-per", "RATING": 17, "COMMENTS": "1"}, {"TITLE": "SCP-ZH-747 - \u8da8\u51f6\u907f\u51f6", "FULLNAME": "scp-zh-747", "RATING": 15, "COMMENTS": "1"}, {"TITLE": "\u901a\u8a0a\u8a18\u9304 ZH-747-331", "FULLNAME": "communication-log-zh-747-331", "RATING": 9, "COMMENTS": "0"}, {"TITLE": "SCP-ZH-166 - \u505c\u6eef\u5728\u695a\u6cb3\u6f22\u754c", "FULLNAME": "scp-zh-166", "RATING": 21, "COMMENTS": "2"}, {"TITLE": "SCP-ZH-545 - \u6211\u4e0d\u662f\u6050\u9f8d", "FULLNAME": "scp-zh-545", "RATING": 17, "COMMENTS": "1"}, {"TITLE": "SCP-ZH-019 - \u6d3b\u614b\u624b\u6a5f", "FULLNAME": "scp-zh-019", "RATING": 11, "COMMENTS": "2"}, {"TITLE": "\u89e3\u5bc6\uff1aSCP-2998", "FULLNAME": "scp-2998-declassification-zh", "RATING": 12, "COMMENTS": "0"}, {"TITLE": "Alicia\u5973\u58eb", "FULLNAME": "scp-zh-774", "RATING": 31, "COMMENTS": "0"}, {"TITLE": "SCP-ZH-150 - \u6096\u8ad6\u751c\u751c\u5708", "FULLNAME": "scp-zh-150", "RATING": 12, "COMMENTS": "1"}, {"TITLE": "SCP-ZH-012 - \u5341\u4e8c", "FULLNAME": "scp-zh-012", "RATING": 19, "COMMENTS": "2"}, {"TITLE": "\u6211\u5728\u842c\u7269\u4e4b\u4e2d", "FULLNAME": "arkwork-3999", "RATING": 38, "COMMENTS": "8"}, {"TITLE": "SCP-ZH-101 - \u4e00\u6a39\u4e00\u4e16\u754c", "FULLNAME": "scp-zh-101", "RATING": 17, "COMMENTS": "1"}, {"TITLE": "\u6df5\u5922\u7684\u9ed1\u767d\u5716\u96c601", "FULLNAME": "abyssdream-pic-01", "RATING": 14, "COMMENTS": "0"}, {"TITLE": "SCP-ZH-200 - \u9b3c\u6293\u4eba", "FULLNAME": "scp-zh-200", "RATING": 35, "COMMENTS": "1"}, {"TITLE": "SCP-ZH-103 - \u6613\u5f62\u9d1e\u9b54", "FULLNAME": "scp-zh-103", "RATING": 15, "COMMENTS": "2"}, {"TITLE": "\u6211\u6c92\u80fd\u6551\u5230\u4ed6\u3002", "FULLNAME": "arkwork-zh-200", "RATING": 23, "COMMENTS": "0"}, {"TITLE": "SCP-ZH-810 - \u6d77\u6d0b\u4e4b\u8166", "FULLNAME": "scp-zh-810", "RATING": 15, "COMMENTS": "2"}, {"TITLE": "SCP-ZH-133 - \u4e0d\u6703\u7528\u812b\u6c34\u4f86\u9a19\u4eba\u7684\u597d\u85e5\u662f\u7684", "FULLNAME": "scp-zh-133", "RATING": 21, "COMMENTS": "7"}, {"TITLE": "SCP-ZH-222 - \u6708\u7403\u4e0a\u7684\u8d85\u97f3\u6ce2\u55b5\u2764", "FULLNAME": "scp-zh-222", "RATING": 13, "COMMENTS": "2"}, {"TITLE": "\u5bbf\u96e8", "FULLNAME": "the-rain-fell-overnight", "RATING": 21, "COMMENTS": "1"}, {"TITLE": "SCP-ZH-603 - \u8173\u8e0f\u8eca\u4e0a\u7684\u4eba", "FULLNAME": "scp-zh-603", "RATING": 30, "COMMENTS": "5"}, {"TITLE": "SCP-ZH-103 \u76f8\u95dc\u5be6\u9a57\u8a18\u9304", "FULLNAME": "scp-zh-103-experiment-log", "RATING": 16, "COMMENTS": "3"}, {"TITLE": "SCP-ZH-007 - \u5e7e\u4f55\u9bca\u9b5a", "FULLNAME": "scp-zh-007", "RATING": 15, "COMMENTS": "0"}, {"TITLE": "\u5de7\u9054Clef!", "FULLNAME": "arkwork-chowderclef", "RATING": 25, "COMMENTS": "0"}, {"TITLE": "47", "FULLNAME": "47", "RATING": 13, "COMMENTS": "0"}, {"TITLE": "SCP-ZH-031 - \u7d05\u6cb9\u9ef4\u83cc", "FULLNAME": "scp-zh-031", "RATING": 7, "COMMENTS": "0"}, {"TITLE": "SCP-ZH-141 - \u653e\u5c04\u7dda\u75c7\u5019\u7fa4\u6cbb\u7642\u5291", "FULLNAME": "scp-zh-141", "RATING": 10, "COMMENTS": "2"}, {"TITLE": "\u904e\u96f2\u96e8", "FULLNAME": "overcast", "RATING": 12, "COMMENTS": "0"}, {"TITLE": "SCP-ZH-113 - \u62b9\u6bba\u4e8b\u60c5\u7684\u771f\u76f8", "FULLNAME": "scp-zh-113", "RATING": 30, "COMMENTS": "2"}, {"TITLE": "SCP-ZH-013 - \u597d\uff0c\u73fe\u5728\u6211\u5011\u6709\u7b2c\u4e8c\u500b\u6ac3\u5b50", "FULLNAME": "scp-zh-013", "RATING": 11, "COMMENTS": "1"}, {"TITLE": "SCP-ZH-717 - \u8ab2\u5802\u4e2d\u8acb\u52ff\u4f38\u51fa\u9644\u80a2", "FULLNAME": "scp-zh-717", "RATING": 17, "COMMENTS": "0"}, {"TITLE": "SCP-ZH-014 - \u4eba\u9b5a\u516c\u4e3b\u7684\u6545\u4e8b", "FULLNAME": "scp-zh-014", "RATING": 20, "COMMENTS": "4"}, {"TITLE": "SCP-ZH-015 - \u4e03\u4eba\u516b\u7b11", "FULLNAME": "scp-zh-015", "RATING": 23, "COMMENTS": "0"}, {"TITLE": "SCP-ZH-040 - \u89c0\u773e\u8996\u89d2", "FULLNAME": "scp-zh-040", "RATING": 12, "COMMENTS": "1"}, {"TITLE": "\u6b7b\u9727", "FULLNAME": "dead-fog", "RATING": 11, "COMMENTS": "2"}, {"TITLE": "SCP-ZH-046 - \u5de1\u5c71\u9748", "FULLNAME": "scp-zh-046", "RATING": 18, "COMMENTS": "2"}, {"TITLE": "SCP-ZH-111 - \u81ea\u6211\u4e2d\u5fc3", "FULLNAME": "scp-zh-111", "RATING": 38, "COMMENTS": "0"}, {"TITLE": "\u822a\u6d77\u5b78\u4e2d\u5fc3\u9801", "FULLNAME": "navigation", "RATING": 21, "COMMENTS": "0"}, {"TITLE": "SCP-ZH-444 - \u9b3c\u5dee", "FULLNAME": "scp-zh-444", "RATING": 17, "COMMENTS": "3"}, {"TITLE": "1935\u7570\u5e38\u535a\u89bd\u6703-LOGO", "FULLNAME": "the-taiwan-exposition-1935-logo", "RATING": 14, "COMMENTS": "0"}, {"TITLE": "SCP-ZH-617 - \u897f\u65b9\u7684\u52c7\u8005", "FULLNAME": "scp-zh-617", "RATING": 14, "COMMENTS": "8"}, {"TITLE": "SCP-ZH-831 - \u5341\u4e00\u5e74\u9593\u7684\u5b55\u5a66", "FULLNAME": "scp-zh-831", "RATING": 18, "COMMENTS": "0"}, {"TITLE": "\u85dd\u8853@(&\u02ca\u7d00\u2588\uff1a\u81ea\u6211\u4e2d\u5fc3\u3002", "FULLNAME": "art-for-zh-111", "RATING": 11, "COMMENTS": "0"}, {"TITLE": "\u8acb\u554f\u6709\u8ab0\u80fd\u628a\u5730\u4e0b\u8857\u7684\u63db\u5e63\u6a5f\u4fee\u4e00\u4e0b", "FULLNAME": "artwork-shopping-arcade", "RATING": 19, "COMMENTS": "1"}, {"TITLE": "SCP-ZH-426 - \u82b1\u5712\u4e2d\u7684\u86c7\u662f\u7d55\u4e0d\u4f4e\u982d\u7684", "FULLNAME": "scp-zh-426", "RATING": 15, "COMMENTS": "17"}, {"TITLE": "\u795e\u7570\u535a\u89bd\u6703\u4e00\u4e5d\u4e09\u4e94", "FULLNAME": "taiwan-miracle-exposition", "RATING": 24, "COMMENTS": "3"}, {"TITLE": "\u6bba\u4eba\u8005\u8207\u88ab\u6bba\u7684\u6bba\u4eba\u8005", "FULLNAME": "artwork-ageantaa1", "RATING": 14, "COMMENTS": "0"}, {"TITLE": "SCP-ZH-060 - \u9e7f\u8def\u96a7\u9053", "FULLNAME": "scp-zh-060", "RATING": 21, "COMMENTS": "1"}, {"TITLE": "SCP-ZH-321 - \u746f\u5b0c\u9748\u8c93", "FULLNAME": "scp-zh-321", "RATING": 7, "COMMENTS": "4"}, {"TITLE": "\u6536\u5bb9\u5ba4ZH-S12-E-024\u5be6\u9a57\u7d00\u9304", "FULLNAME": "scp-zh-024", "RATING": 35, "COMMENTS": "0"}, {"TITLE": "Dr. Kris\u7684\u6587\u6a94\u5c71\u6d77\uff0dDr. Kris\u7684\u756b\u96c6", "FULLNAME": "k1s10r0d-dr-kris-s-sketchbook", "RATING": 13, "COMMENTS": "0"}, {"TITLE": "SCP-ZH-500 - \u8b77\u57ce\u754c\u9580", "FULLNAME": "scp-zh-500", "RATING": 8, "COMMENTS": "0"}, {"TITLE": "\u7d00\u9304\u53ca\u8a0a\u606f\u5b89\u5168\u7ba1\u7406\u90e8\u9580\u7279\u6b8a\u6587\u4ef6\uff0d\u8207\u674e\u7e3d\u7d71\u767b\u8f1d\u5148\u751f\u76f8\u95dc\u7684\u5c08\u8a2a", "FULLNAME": "raisa-lee-teng-hui", "RATING": 17, "COMMENTS": "1"}, {"TITLE": "SCP-ZH-446 - \u5316\u87f2", "FULLNAME": "scp-zh-446", "RATING": 27, "COMMENTS": "0"}, {"TITLE": "\u9858\u541b\u5b89\u597d", "FULLNAME": "wish-you-safe-and-sound", "RATING": 24, "COMMENTS": "0"}, {"TITLE": "SCP-ZH-791 - \u9322\u6e90", "FULLNAME": "scp-zh-791", "RATING": 9, "COMMENTS": "0"}, {"TITLE": "\u8056\u8a95\u8207\u842c\u8056\u50c5\u6709\u4e00\u7dda\u4e4b\u9694", "FULLNAME": "christmas-or-halloween", "RATING": 17, "COMMENTS": "2"}, {"TITLE": "ZH\uff0c025\uff0c1225", "FULLNAME": "zh-025-xmas", "RATING": 18, "COMMENTS": "4"}, {"TITLE": "\u6674\u96e8", "FULLNAME": "sun-shower-metha", "RATING": 12, "COMMENTS": "2"}, {"TITLE": "SCP-ZH-647 - \u5634\u7832\u8001\u4eba", "FULLNAME": "scp-zh-647", "RATING": 32, "COMMENTS": "4"}, {"TITLE": "\u96f7\u5c04\u96d5\u523b\u2500\u2500Site-ZH-12", "FULLNAME": "site-zh-12-made-with-wood", "RATING": 17, "COMMENTS": "0"}, {"TITLE": "\u8ce6\u5176\u4ee5\u5f62", "FULLNAME": "give-it-shape", "RATING": 19, "COMMENTS": "1"}, {"TITLE": "SCP-ZH-023 - \u672b\u72c0\u8a18\u61b6", "FULLNAME": "scp-zh-023", "RATING": 11, "COMMENTS": "1"}, {"TITLE": "\u5047\u9762\u9a0e\u58ebAD\u7247\u982d\u4e3b\u984c\u66f2\uff1a\u5922\u60f3\u8207\u7f6a\u60e1\u4e4b\u9593", "FULLNAME": "between-dream-and-sin", "RATING": 13, "COMMENTS": "7"}, {"TITLE": "SCP-ZH-091 - \u9003\u5175", "FULLNAME": "scp-zh-091", "RATING": 20, "COMMENTS": "3"}, {"TITLE": "SCP-ZH-079 - \u76ee\u6a19\uff0c\u89aa\u738b\uff0c\u64ca\u767c", "FULLNAME": "scp-zh-079", "RATING": 12, "COMMENTS": "1"}, {"TITLE": "SCP-ZH-248 - \u5c24\u65af\u8482\u4e9e\u75c7\u5019\u7fa4", "FULLNAME": "scp-zh-248", "RATING": 21, "COMMENTS": "1"}, {"TITLE": "SCP-ZH-2005-EX", "FULLNAME": "scp-zh-2005-ex", "RATING": 58, "COMMENTS": "1"}, {"TITLE": "\u6c92\u4ec0\u9ebc\uff0c\u53ea\u662f\u4e00\u5f35\u8001\u7167\u7247", "FULLNAME": "nothing-just-a-old-picture", "RATING": 16, "COMMENTS": "0"}, {"TITLE": "SCP-ZH-204 - \u7d05\u5305\u9999", "FULLNAME": "scp-zh-204", "RATING": 17, "COMMENTS": "0"}, {"TITLE": "\u7236\u89aa\u548c\u5152\u5b50", "FULLNAME": "fatherandson", "RATING": 14, "COMMENTS": "0"}, {"TITLE": "\u85dd\u8853\u7d00\u9304\uff1a\u7db2\u8def\u7d05\u4eba\u3002", "FULLNAME": "art-for-zh2005ex", "RATING": 15, "COMMENTS": "0"}, {"TITLE": "Dr. Kris\u7684\u6587\u6a94\u5c71\u6d77\uff0dDr.Apoyn\u7684\u901f\u5beb", "FULLNAME": "k1s10r0d-quick-sketch-of-dr-apoyn", "RATING": 14, "COMMENTS": "2"}, {"TITLE": "\u6211\u662f\u8ab0\uff1f", "FULLNAME": "k1s10r0d-what-am-i", "RATING": 14, "COMMENTS": "2"}, {"TITLE": "Nihilmace\u8207Valmua", "FULLNAME": "k1s10r0d-nihilmace-and-valmua", "RATING": 16, "COMMENTS": "3"}, {"TITLE": "\u6c34\u65cf\u9928\u7d04\u6703", "FULLNAME": "aquarium-date-art", "RATING": 15, "COMMENTS": "0"}, {"TITLE": "SCP-ZH-235 - \u6703\u98db\u7684\u5c0f\u9ec3\u66f8", "FULLNAME": "adult:scp-zh-235", "RATING": 22, "COMMENTS": "10"}, {"TITLE": "SCP-ZH-980 - \u7bc9\u5922\u5c0f\u68e7", "FULLNAME": "scp-zh-980", "RATING": 10, "COMMENTS": "2"}, {"TITLE": "SCP-ZH-240 - \u660e\u71c8", "FULLNAME": "scp-zh-240", "RATING": 11, "COMMENTS": "1"}, {"TITLE": "SCP-ZH-950 - \u7da0\u795e\u7d93", "FULLNAME": "scp-zh-950", "RATING": 17, "COMMENTS": "1"}, {"TITLE": "Dr. Kris\u7684\u6587\u6a94\u5c71\u6d77\uff0dDr. Kris\u7684\u96a8\u624b\u5857\u9d09", "FULLNAME": "k1s10r0d-kris-doodle", "RATING": 14, "COMMENTS": "0"}, {"TITLE": "\u98df\u5802\u7d04\u6703", "FULLNAME": "canteen-date", "RATING": 22, "COMMENTS": "3"}, {"TITLE": "2013\u5e74\u7684\u96d9\u4eba\u81ea\u62cd", "FULLNAME": "selfie-of-metha-and-kris-in-2013", "RATING": 16, "COMMENTS": "0"}, {"TITLE": "\u8fa6\u516c\u5ba4\u88e1\u7684\u81f4\u547d\u6a21\u56e0", "FULLNAME": "the-bottle-in-office", "RATING": 18, "COMMENTS": "2"}, {"TITLE": "\u96f7\u9663\u96e8", "FULLNAME": "thunderstorm", "RATING": 14, "COMMENTS": "0"}, {"TITLE": "SCP-ZH-593 - \u5761\u9802", "FULLNAME": "scp-zh-593", "RATING": 15, "COMMENTS": "0"}, {"TITLE": "\u725b\u5976\u62fc\u5716", "FULLNAME": "milk-puzzle", "RATING": 18, "COMMENTS": "0"}, {"TITLE": "\u4f60\u6703\u611f\u5230\u5f8c\u6094\u55ce\uff1f", "FULLNAME": "what-are-you-waiting-for-just-join-goc-dude", "RATING": 36, "COMMENTS": "5"}, {"TITLE": "SCP-ZH-496 - \u5b89\u5168\u6975\u9650\u8ddd\u96e2", "FULLNAME": "scp-zh-496", "RATING": 30, "COMMENTS": "7"}, {"TITLE": "SCP-ZH-322 - \u7121\u6c34\u4e4b\u676f", "FULLNAME": "scp-zh-322", "RATING": 12, "COMMENTS": "2"}, {"TITLE": "SCP-ZH-207 - \u8ab2\u91d1\u5c31\u50cf\u5403\u4eba\u4e00\u6a23", "FULLNAME": "scp-zh-207", "RATING": 11, "COMMENTS": "5"}, {"TITLE": "SCP-ZH-835 - \u71e6\u85cd\u795e\u5316\u5929\u7a79", "FULLNAME": "scp-zh-835", "RATING": 22, "COMMENTS": "2"}, {"TITLE": "SCP-ZH-022-J - \u62dc\u8a17\u8ab0\u4f86\u628a\u5b83\u586b\u4e0a", "FULLNAME": "scp-zh-022-j", "RATING": 37, "COMMENTS": "19"}, {"TITLE": "\u5929\u7a79\u4e4b\u4e0b\uff0c\u5343\u9ce5\u56db\u6563", "FULLNAME": "flock-shatters-beneath-the-skydome", "RATING": 12, "COMMENTS": "3"}, {"TITLE": "SCP-ZH-066 - \u6709\u501f\u6709\u9084", "FULLNAME": "scp-zh-066", "RATING": 11, "COMMENTS": "5"}, {"TITLE": "\u5f8c\u73fe\u4ee3\u57fa\u91d1\u6703\u540c\u4eba\u6200\u611b\u5411\u8f15\u5c0f\u8aaa", "FULLNAME": "k1s10r0d-april-fool-project-2021", "RATING": 18, "COMMENTS": "5"}, {"TITLE": "\u611a\u4eba\u7bc0\u7684\u81f4\u547d\u6a21\u56e0", "FULLNAME": "the-bottle-in-april-fools", "RATING": 22, "COMMENTS": "2"}, {"TITLE": "2021\u611a\u4eba\u7bc0\u4e3b\u9801", "FULLNAME": "super-cooking-pot", "RATING": 24, "COMMENTS": "10"}, {"TITLE": "SCP-ZH-250 - \u4eba\u9020\u7684\u96ea\u8272\u9762\u5177", "FULLNAME": "scp-zh-250", "RATING": 10, "COMMENTS": "1"}, {"TITLE": "Valm\u00faa\u5c0f\u5408\u96c6", "FULLNAME": "valmua-compilation", "RATING": 13, "COMMENTS": "2"}, {"TITLE": "SCP-ZH-873 - \u9435\u93fd\u5473", "FULLNAME": "scp-zh-873", "RATING": 7, "COMMENTS": "7"}, {"TITLE": "\u79c1\u6848\uff1a\u5c31\u5730\u6b63\u6cd5", "FULLNAME": "the-plan-of-execution", "RATING": 7, "COMMENTS": "0"}, {"TITLE": "\u4eca\u5929\u4e5f\u662f\u666e\u901a\u7684\u4e00\u5929", "FULLNAME": "today-is-just-another-ordinary-day", "RATING": 12, "COMMENTS": "4"}, {"TITLE": "SCP-ZH-975 - \u57fa\u6e96\u73fe\u5be6\u51fd\u6578\uff1a\u8f38\u5165", "FULLNAME": "scp-zh-975", "RATING": 10, "COMMENTS": "6"}, {"TITLE": "\u82b1\u8a9e\uff1a\u84b2\u516c\u82f1", "FULLNAME": "taraxacum", "RATING": 18, "COMMENTS": "0"}, {"TITLE": "SCP-ZH-440 - Site-ZH-04", "FULLNAME": "scp-zh-440", "RATING": 12, "COMMENTS": "6"}, {"TITLE": "SCP-ZH-880 - \u963f\u5b24\u89ba\u5f97\u4f60\u51b7", "FULLNAME": "scp-zh-880", "RATING": 30, "COMMENTS": "2"}, {"TITLE": "SCP-ZH-162 - TEIC\u6f14\u7b97\u6cd5", "FULLNAME": "scp-zh-162", "RATING": 10, "COMMENTS": "2"}, {"TITLE": "\u624b\u7e6a\u7684Valm\u00faa", "FULLNAME": "k1s10r0d-hand-drawn-valmua", "RATING": 15, "COMMENTS": "0"}, {"TITLE": "\u9396\u93c8\u7684\u97f3\u7af9", "FULLNAME": "k1s10r0d-chain-sugoi", "RATING": 29, "COMMENTS": "6"}, {"TITLE": "Polaris", "FULLNAME": "polaris", "RATING": 17, "COMMENTS": "1"}, {"TITLE": "SCP-ZH-488 - \u7926\u755c", "FULLNAME": "scp-zh-488", "RATING": 9, "COMMENTS": "0"}, {"TITLE": "SCP-ZH-946 - \u9ed1\u5154\u5927\u6230\u722d\ud83d\udc07", "FULLNAME": "scp-zh-946", "RATING": 27, "COMMENTS": "13"}, {"TITLE": "Surge\u7684\u63d0\u6848\u4e00", "FULLNAME": "surge-s-proposal-1", "RATING": 33, "COMMENTS": "11"}, {"TITLE": "SCP-ZH-297 - \u9ef4\u83cc\uff0c\u9709\u83cc", "FULLNAME": "scp-zh-297", "RATING": 11, "COMMENTS": "6"}, {"TITLE": "SCP-ZH-736 - \u4f60\u4e0d\u80fd\u518d\u5f80\u524d\u4e86", "FULLNAME": "scp-zh-736", "RATING": 32, "COMMENTS": "14"}, {"TITLE": "SCP-ZH-903 - \u7076\u795e\u98df\u8b5c\uff08\u96f6\u5931\u6557\uff09", "FULLNAME": "scp-zh-903", "RATING": 18, "COMMENTS": "4"}, {"TITLE": "\u597d\u9913\u597d\u9913\u7684\u514b\u91cc\u65af\u535a\u58eb", "FULLNAME": "the-very-hungry-dr-kris", "RATING": 17, "COMMENTS": "2"}, {"TITLE": "SCP-V1L3-J\u5be6\u9a57\u7522\u7269\u5099\u4efd \u71c3\u71d2\u5361\u8def\u91cc", "FULLNAME": "adult:v1l3-j-burning-calories", "RATING": 12, "COMMENTS": "0"}, {"TITLE": "\u85dd\u8853\u7d00\u9304\uff1aAttempts to Assassinate Thought", "FULLNAME": "art-for-3002", "RATING": 10, "COMMENTS": "0"}, {"TITLE": "\u5c71\u59c6\u7684ZH\u5206\u90e8\u9805\u76ee\u7d00\u9304\u672c", "FULLNAME": "samscript-scp-artwork", "RATING": 16, "COMMENTS": "1"}, {"TITLE": "SCP-ZH-527 - \u96b1\u5f62\u7684\u5947\u5947\u6469\u62c9", "FULLNAME": "scp-zh-527", "RATING": 14, "COMMENTS": "1"}, {"TITLE": "\u9060\u5df1\u4e2d\u5fc3\u9801", "FULLNAME": "yuanji-hub", "RATING": 15, "COMMENTS": "9"}, {"TITLE": "SCP-ZH-533 - \u60e1\u6027\u806f\u7d50\u8eca", "FULLNAME": "scp-zh-533", "RATING": 8, "COMMENTS": "0"}, {"TITLE": "SCP-ZH-782 - \u725b\u89d2\u6cf0\u68ee", "FULLNAME": "scp-zh-782", "RATING": 8, "COMMENTS": "1"}, {"TITLE": "SCP-ZH-338 - \u6c89\u8239\u88e1\u7684\u624b\u5929\u4f7f", "FULLNAME": "adult:scp-zh-338", "RATING": 15, "COMMENTS": "4"}, {"TITLE": "SCP-ZH-800 - \u96f7\u66b4", "FULLNAME": "scp-zh-800", "RATING": 8, "COMMENTS": "3"}, {"TITLE": "SCP-ZH-369 - dado\u7684\u4e2d\u85e5\u7cbd\u5408\u7279\u6548\u7d44", "FULLNAME": "scp-zh-369", "RATING": 4, "COMMENTS": "5"}, {"TITLE": "SCP-V1L3-J\u5be6\u9a57\u7522\u7269\u9644\u5716\u5099\u4efd", "FULLNAME": "adult:k1s10r0d-art-of-v1l3-j-burning-calories", "RATING": 10, "COMMENTS": "0"}, {"TITLE": "SCP-ZH-327 - \u82b1\u5152\u8207\u6ab3\u6994", "FULLNAME": "scp-zh-327", "RATING": 12, "COMMENTS": "3"}, {"TITLE": "SCP-ZH-270 - \u6492\u5947\u840a\u96c5\u7684\u523a\u7af9\u6797", "FULLNAME": "scp-zh-270", "RATING": 8, "COMMENTS": "1"}, {"TITLE": "SCP-ZH-709 - \u5b78\u97f3\u6a02\u7684\u5c0f\u5b69\u4e0d\u6703\u8b8a\u58de", "FULLNAME": "scp-zh-709", "RATING": 9, "COMMENTS": "1"}, {"TITLE": "SCP-ZH-614 - 4D\u7cbd\u5b50", "FULLNAME": "scp-zh-614", "RATING": 11, "COMMENTS": "8"}, {"TITLE": "\u90a3\u4e26\u4e0d\u662f\u4eba\u985e", "FULLNAME": "zh-111-egocentric", "RATING": 7, "COMMENTS": "0"}, {"TITLE": "SCP-ZH-988 - \u6301\u69cd\u7684\u5b69\u5b50", "FULLNAME": "scp-zh-988", "RATING": 7, "COMMENTS": "2"}, {"TITLE": "SCP-ZH-115 - \u4eca\u5929\u7684\u5929\u6c23\u662f\u4fc4\u7f85\u65af\u65b9\u584a", "FULLNAME": "scp-zh-115", "RATING": 15, "COMMENTS": "4"}, {"TITLE": "SCP-ZH-620 - \u761f\u75ab\u71c3\u71d2\u65bc\u751f\u547d\u4e4b\u6cc9", "FULLNAME": "scp-zh-620", "RATING": 16, "COMMENTS": "7"}, {"TITLE": "SCP-ZH-390 - \u81fa\u7063\u5beb\u4f5c\u6e2c\u9a57", "FULLNAME": "scp-zh-390", "RATING": 9, "COMMENTS": "6"}, {"TITLE": "SCP-ZH-410 - \u5316\u5de5\u5ee0\u7684\u9435\u6876", "FULLNAME": "scp-zh-410", "RATING": 13, "COMMENTS": "5"}, {"TITLE": "SCP-ZH-576 - \u82b1\u8a9e", "FULLNAME": "scp-zh-576", "RATING": 12, "COMMENTS": "2"}, {"TITLE": "SCP-ZH-571 - \u4e0d\u53ef\u8996\u7684\u8ffd\u8de1\u8005", "FULLNAME": "scp-zh-571", "RATING": 12, "COMMENTS": "5"}, {"TITLE": "\u89aa\u8fce\u8f15\u76c8\u4e4b\u71df\u706b\u7469", "FULLNAME": "bt-fly", "RATING": 13, "COMMENTS": "3"}, {"TITLE": "SCP-ZH-034 - \u98db\u982d\u883b", "FULLNAME": "scp-zh-034", "RATING": 24, "COMMENTS": "3"}, {"TITLE": "\u6eab\u548c\u7684\u4eba\uff0c\u5f85\u5728\u6eab\u548c\u7684\u5730\u65b9\u5373\u53ef", "FULLNAME": "mild-people", "RATING": 8, "COMMENTS": "1"}, {"TITLE": "0226\u865f\u75c5\u60a3", "FULLNAME": "patient0226", "RATING": 8, "COMMENTS": "4"}, {"TITLE": "SCP-ZH-037 - \u73b3\u7441\u4e4b\u6dda", "FULLNAME": "scp-zh-037", "RATING": 20, "COMMENTS": "0"}, {"TITLE": "SCP-ZH-112 - \u795d\u4f60\u751f\u65e5\u5feb\u6a02", "FULLNAME": "scp-zh-112", "RATING": 19, "COMMENTS": "3"}, {"TITLE": "SCP-ZH-0601-J", "FULLNAME": "scp-zh-0601-j", "RATING": 16, "COMMENTS": "4"}, {"TITLE": "\u5929\u4eae\u524d\u7684\u6200\u611b\u6545\u4e8b", "FULLNAME": "taisho150-lovestorybeforedawn", "RATING": 20, "COMMENTS": "2"}, {"TITLE": "SCP-ZH-684 - Kangic", "FULLNAME": "scp-zh-684", "RATING": 13, "COMMENTS": "1"}, {"TITLE": "SCP-ZH-096 - \u7d05\u79fb\u7834\u6ec5", "FULLNAME": "scp-zh-096", "RATING": 25, "COMMENTS": "2"}, {"TITLE": "\u63a2\u8a2a\u5b89\u5730\u7f85\u8332\u8def\u65af", "FULLNAME": "visit-eindeloze-lucht", "RATING": 12, "COMMENTS": "2"}, {"TITLE": "SCP-ZH-060-J - Re:\u5728\u97f3\u7af9\u5b87\u5b99\u91cd\u751f\u7684\u7169\u4eba\u7f8e\u5c11\u5973\u5230\u5e95\u662f\u751a\u9ebc\u6771\u897f\u5440?!", "FULLNAME": "scp-zh-060-j", "RATING": 22, "COMMENTS": "10"}, {"TITLE": "\u89e3\u5bc6\uff1aSCP-ZH-096", "FULLNAME": "scp-zh-096-declassification", "RATING": 16, "COMMENTS": "4"}, {"TITLE": "SCP-ZH-339 - \u907f\u98a8\u6e2f", "FULLNAME": "scp-zh-339", "RATING": 16, "COMMENTS": "6"}, {"TITLE": "\u6a5f\u52d5\u7279\u9063\u968a\u64f4\u5145\u7cfb\u7d71\uff1a\u9ec3\u9053\u4e8c\u5341\u516b\u5bbf", "FULLNAME": "task-forces-zh-28-xiu", "RATING": 8, "COMMENTS": "4"}, {"TITLE": "\u4e2d\u6e2f\u8def\u4e0a\u6c92\u6709\u4eba\u53ea\u6709\u91ce\u72fc", "FULLNAME": "wolf-125", "RATING": 16, "COMMENTS": "3"}, {"TITLE": "SCP-ZH-409 - \u9435\u8863\u85fb", "FULLNAME": "scp-zh-409", "RATING": 12, "COMMENTS": "6"}, {"TITLE": "SCP-ZH-635 - \u4f60\u6709\u6c92\u6709\u807d\u5230", "FULLNAME": "scp-zh-635", "RATING": 7, "COMMENTS": "3"}, {"TITLE": "SCP-ZH-299 - \u5927\u8005\u9577\u5343\u91cc\uff0c\u5c0f\u8005\u6578\u5341\u5206\u3002", "FULLNAME": "scp-zh-299", "RATING": 12, "COMMENTS": "6"}, {"TITLE": "\u7570\u5e38\u9805\u76ee\u7d00\u9304\uff1a\u300c\u9632\u66b4\u8b66\u5bdf\u982d\u76d4\u300d", "FULLNAME": "anomalous-item-hk-police-helmet", "RATING": 37, "COMMENTS": "5"}, {"TITLE": "SCP-ZH-067 - \u85cd\u5716", "FULLNAME": "scp-zh-067", "RATING": 10, "COMMENTS": "9"}, {"TITLE": "SCP-ZH-128 - \u6b64\u5473\u4e26\u975e\u60e1\u9b54\u4e4b\u4f5c", "FULLNAME": "scp-zh-128", "RATING": 20, "COMMENTS": "3"}, {"TITLE": "SCP-ZH-377 - \u6d77\u6258\u4e16\u7684\u6350\u8840\u8eca", "FULLNAME": "scp-zh-377", "RATING": 14, "COMMENTS": "4"}, {"TITLE": "SCP-ZH-177 - \u6df1\u4e95", "FULLNAME": "scp-zh-177", "RATING": 13, "COMMENTS": "1"}, {"TITLE": "\u85dd\u8853\u7d00\u9304\uff1a\u7d5e\u798f\u8ad6", "FULLNAME": "art-for-1062-jp", "RATING": 12, "COMMENTS": "0"}, {"TITLE": "\u5947\u8e5f\u5b78\u7149\u91d1\u8853\u5c0e\u8ad6\uff1a\u5982\u4f55\u628a\u6c34\u9280\u7149\u6210\u9ec3\u91d1", "FULLNAME": "thaumatalchemy", "RATING": 15, "COMMENTS": "4"}, {"TITLE": "SCP-ZH-243 - \u6960\u6893\u767e\u6155\u9054", "FULLNAME": "scp-zh-243", "RATING": 18, "COMMENTS": "0"}, {"TITLE": "\u5348\u5f8c\u9593\u6b47", "FULLNAME": "midsummer-the-plants-and-you", "RATING": 15, "COMMENTS": "4"}, {"TITLE": "SCP-ZH-266 - \u8d70\u5411\u7406\u60f3\u4e4b\u8def", "FULLNAME": "scp-zh-266", "RATING": 12, "COMMENTS": "4"}, {"TITLE": "SCP-ZH-402 - \u6210\u9577", "FULLNAME": "scp-zh-402", "RATING": 16, "COMMENTS": "4"}, {"TITLE": "\u6709\u4eba\u770b\u4e00\u4e0b\u6211\u7684\u756b\u55ce", "FULLNAME": "can-anyone-explain-it", "RATING": 15, "COMMENTS": "7"}, {"TITLE": "SCP-ZH-220 - H.K.\u6c38\u9060\u7684\u5bb6", "FULLNAME": "scp-zh-220", "RATING": 21, "COMMENTS": "0"}, {"TITLE": "\u5f15\u865f\u4e4b\u9593", "FULLNAME": "in-the-quotation", "RATING": 13, "COMMENTS": "0"}, {"TITLE": "SCP-ZH-144 - \u5341\u4e8c\u9032\u4f4d\u6cd5", "FULLNAME": "scp-zh-144", "RATING": 25, "COMMENTS": "6"}, {"TITLE": "SCP-ZH-427 - \u6df1\u57cb\u7684\u9ed1\u76d2\u5f9e\u672a\u958b\u555f", "FULLNAME": "scp-zh-427", "RATING": 9, "COMMENTS": "0"}, {"TITLE": "\u300c\u8f49\u4e16\u8a08\u5283\u300d", "FULLNAME": "project-reincarnation", "RATING": 17, "COMMENTS": "1"}, {"TITLE": "\u300c\u6211\u8166\u4e2d\u552f\u4e00\u4e00\u4ef6\u4e8b\u300d", "FULLNAME": "the-only-thing-in-my-head", "RATING": 8, "COMMENTS": "2"}, {"TITLE": "\u8df3\u821e\u7684\u6ce2\u862d\u725b", "FULLNAME": "polish-dancing-cow", "RATING": 11, "COMMENTS": "0"}, {"TITLE": "\u8056\u591c\u51fa\u904a", "FULLNAME": "merry-christmas-aya-and-mayaw", "RATING": 16, "COMMENTS": "0"}, {"TITLE": "SCP-ZH-999\uff0d\u4eba\u5011\u6b20\u4ed6\u500b\u7e3d\u7d71\u5e2d\u4f4d", "FULLNAME": "scp-zh-999", "RATING": 57, "COMMENTS": "13"}, {"TITLE": "k1s10r0d\u7684\u63d0\u6848 - IMMOLARI", "FULLNAME": "k1s10r0d-s-proposal", "RATING": 36, "COMMENTS": "3"}, {"TITLE": "\u5152\u7ae5\u8d70\u5931\u8655\u7406\u7d00\u9304", "FULLNAME": "snowcatflyhighhigh", "RATING": 27, "COMMENTS": "3"}, {"TITLE": "\u8056\u5973\u6190\u5b50", "FULLNAME": "kz-la-pieta", "RATING": 15, "COMMENTS": "0"}, {"TITLE": "025O\u7684\u756b", "FULLNAME": "025o-s-painting", "RATING": 18, "COMMENTS": "1"}, {"TITLE": "SCP-ZH-106-\u300c\u9006\u6a21\u56e0\u300d", "FULLNAME": "scp-zh-106", "RATING": 23, "COMMENTS": "7"}, {"TITLE": "URA-995 - \u6d88 \u5931 \u7684 \u4e94 \u5206 \u9418", "FULLNAME": "scp-zh-995", "RATING": 12, "COMMENTS": "4"}, {"TITLE": "SCP-ZH-132 - \u8981\u4f60\u547d\u7684007\u904a\u6232", "FULLNAME": "scp-zh-132", "RATING": 13, "COMMENTS": "0"}, {"TITLE": "SCP-ZH-382 - \u72a7\u7272\u54c1", "FULLNAME": "scp-zh-382", "RATING": 13, "COMMENTS": "0"}, {"TITLE": "\u4f69\u68ee\u5c3c\u723e\u7684\u793e\u4ea4\u5a92\u9ad4\u982d\u50cf", "FULLNAME": "pthahnil-s-social-media-user-icon", "RATING": 15, "COMMENTS": "0"}, {"TITLE": "SCP-ZH-182 - \u5f15\u8a98\u589c\u6a13\u7684\u8033\u8a9e", "FULLNAME": "scp-zh-182", "RATING": 1, "COMMENTS": "6"}, {"TITLE": "\u523a\u875f\u7b46\u8a18\u672c\uff1aZH\u5206\u90e8\u4eba\u7269\u5408\u8f2f\uff08ZH-12\u7ad9\u7bc7\uff09", "FULLNAME": "hedgehog-note-site-zh-12", "RATING": 14, "COMMENTS": "0"}, {"TITLE": "\u5225\u60f9\u6211", "FULLNAME": "don-t-tread-on-me", "RATING": 11, "COMMENTS": "0"}, {"TITLE": "\u5b89\u5854\u96f7\u65af\u904b\u52d5\u5ba3\u5c0e", "FULLNAME": "propaganda-of-the-antares-movement", "RATING": 12, "COMMENTS": "0"}, {"TITLE": "SCP-ZH-330 - \u820a\u65e5\u7684\u8a18\u61b6\u6a02\u7ae0", "FULLNAME": "scp-zh-330", "RATING": 9, "COMMENTS": "1"}, {"TITLE": "SCP-ZH-895\u2014\u5875\u5c01\u4e4b\u5922\u8207\u6096\u8ad6", "FULLNAME": "scp-zh-895", "RATING": 10, "COMMENTS": "0"}, {"TITLE": "SCP-ZH-801 - \u6e6e\u6ec5\u516c\u5206\u6bcd", "FULLNAME": "scp-zh-801", "RATING": 10, "COMMENTS": "0"}, {"TITLE": "SCP-ZH-180 - \u5b89 \u59ae :-)", "FULLNAME": "scp-zh-180", "RATING": 23, "COMMENTS": "2"}, {"TITLE": "Lostwhat\u7684\u63d0\u6848\u4e00", "FULLNAME": "lostwhat-s-proposal", "RATING": 38, "COMMENTS": "2"}, {"TITLE": "SCP-ZH-244 - \u6211\u56de\u4f86\u4e86", "FULLNAME": "scp-zh-244", "RATING": 24, "COMMENTS": "1"}, {"TITLE": "\u6211\u56de\u4f86\u56c9", "FULLNAME": "i-m-home", "RATING": 12, "COMMENTS": "0"}, {"TITLE": "\u57c3\u8389\u7d72\u5922\u904a\u4ed9\u5883", "FULLNAME": "wanderers:ellis-in-wonderland", "RATING": 8, "COMMENTS": "0"}, {"TITLE": "\u661f\u661f\u88fd\u9020\u8005", "FULLNAME": "wanderers:star-maker", "RATING": 23, "COMMENTS": "4"}, {"TITLE": "\u592a\u967d\u7981\u6b62\u9032\u5165", "FULLNAME": "wanderers:eos-and-sun", "RATING": 20, "COMMENTS": "1"}, {"TITLE": "SCP-ZH-432 - \u66f4\u597d\u7684\u4f60", "FULLNAME": "scp-zh-432", "RATING": 21, "COMMENTS": "2"}, {"TITLE": "SCP-ZH-848 - \u8840\u6d78\u5cf6", "FULLNAME": "scp-zh-848", "RATING": 12, "COMMENTS": "0"}]