[{"TITLE": "\u5b69\u5b50\u7684\u4e16\u754c", "FULLNAME": "childhood", "RATING": 14, "COMMENTS": "1"}, {"TITLE": "SCP-ZH-174 - \u975e\u5e38\u666e\u901a\uff0c\u518d\u666e\u901a\u4e0d\u904e\u7684\u7dda\u9999", "FULLNAME": "scp-zh-174", "RATING": 26, "COMMENTS": "4"}, {"TITLE": "\u6728\u6613\u85cf\u66f8\u95a3\u76ee\u9304 \u6728-\u4e00\u4e00\u4e94 \u300a\u671b\u6708\u7bb8\u300b", "FULLNAME": "mu-yi-115", "RATING": 16, "COMMENTS": "2"}, {"TITLE": "SCP-ZH-098 - \u300c\u5be7\u975c\u300d", "FULLNAME": "scp-zh-098", "RATING": 16, "COMMENTS": "5"}, {"TITLE": "SCP-ZH-987 - \u4e00\u5339\u99f1\u99dd\u5f15\u767c\u7684\u6158\u6848", "FULLNAME": "scp-zh-987", "RATING": 11, "COMMENTS": "9"}]