[{"TITLE": "SCP-ZH-252 - \u70ba\u4ec0\u9ebc\u4f60\u4e0d\u5716\u7247\u8c37\u6b4c\u4e00\u4e0b\uff1f", "FULLNAME": "scp-zh-252", "RATING": 15, "COMMENTS": "0"}, {"TITLE": "B3\u51b7\u51cd\u5eab\u5e7d\u9748\u9955\u5ba2", "FULLNAME": "site-zh-02-eater", "RATING": 10, "COMMENTS": "0"}, {"TITLE": "\u6c92\u6709\u4eba\u6703\u8ca0\u8cac\u5584\u5f8c", "FULLNAME": "nobodyneedshelp", "RATING": 13, "COMMENTS": "1"}, {"TITLE": "\u6700\u771f\u5be6\u7684\u5f80\u5f80\u7121\u6cd5\u770b\u898b", "FULLNAME": "the-truth-is-usually-invisible", "RATING": 12, "COMMENTS": "0"}, {"TITLE": "\u5230\u8077", "FULLNAME": "arrival", "RATING": 18, "COMMENTS": "5"}, {"TITLE": "\u82b1\u8a9e\uff1a\u4ed9\u4e39\u82b1", "FULLNAME": "chinese-ixora", "RATING": 20, "COMMENTS": "0"}, {"TITLE": "\u6d17\u8863\u90e8\u9580", "FULLNAME": "laundry-of-miya", "RATING": 13, "COMMENTS": "2"}, {"TITLE": "SCP-ZH-045 - \u842c\u80fd\u80e1\u6912", "FULLNAME": "scp-zh-045", "RATING": 19, "COMMENTS": "0"}, {"TITLE": "\u5c0d\u6b32\u8089\u6559\u7684\u4eba\u985e\u5b78\u9032\u8def03-\u6848\u4f8b\u7814\u7a7603\uff1a\u9999\u6e2f\u65b0\u8336\u5dba\u7684\u76e7\u4ead\u4eba", "FULLNAME": "sarkic-case-study-03-the-luo-ting-n-a-of-new-cha-ling", "RATING": 19, "COMMENTS": "0"}, {"TITLE": "SCP-ZH-815 - \u4e00\u5bb6\u70e4\u8089\u842c\u5bb6\u9999", "FULLNAME": "scp-zh-815", "RATING": 35, "COMMENTS": "8"}, {"TITLE": "\u8655\u9280\u767d\u4e4b\u4e2d\uff0c\u65bc\u8679\u5149\u4e4b\u9593", "FULLNAME": "in-the-snow-in-the-iris", "RATING": 20, "COMMENTS": "0"}, {"TITLE": "\u4e09\u751f\u6709\u5e78", "FULLNAME": "third-life", "RATING": 21, "COMMENTS": "0"}, {"TITLE": "\u9109\u9593\u5c0f\u5f91", "FULLNAME": "dreamcatcher", "RATING": 9, "COMMENTS": "1"}, {"TITLE": "\u8abf\u67e5\u4e2d\uff0c\u975e\u8acb\u52ff\u5165", "FULLNAME": "under-investigation-and-keep-out-of-here", "RATING": 9, "COMMENTS": "2"}, {"TITLE": "Valentine\u7684Logo\u9801", "FULLNAME": "valentine-logo", "RATING": 22, "COMMENTS": "1"}, {"TITLE": "\u82b1\u8a9e\uff1a\u6a89\u67f3", "FULLNAME": "tamaricaceae", "RATING": 13, "COMMENTS": "0"}, {"TITLE": "SCP-ZH-9288-EX", "FULLNAME": "scp-zh-9288-ex", "RATING": 45, "COMMENTS": "5"}, {"TITLE": "SCP-ZH-120 - \u865b\u69cb\u7684\u6211\u5011", "FULLNAME": "scp-zh-120", "RATING": 40, "COMMENTS": "4"}, {"TITLE": "\u6211\u5728\u9019\u88e1\u4e00\u9663\u5b50\u4e86", "FULLNAME": "been-a-while", "RATING": 17, "COMMENTS": "1"}, {"TITLE": "\u5c71\u59c6\u7684ZH\u5206\u90e8\u89d2\u8272\u7d00\u9304\u672c", "FULLNAME": "doodles-from-sam", "RATING": 25, "COMMENTS": "3"}, {"TITLE": "SCP-ZH-973 - \u5982\u300c\u6028\u300d\u4ee5\u511f", "FULLNAME": "scp-zh-973", "RATING": 8, "COMMENTS": "0"}, {"TITLE": "\u6c99\u7687\u5148\u77e5\u5354\u6703\u4e2d\u5fc3\u9801", "FULLNAME": "tsars-hub", "RATING": 21, "COMMENTS": "0"}, {"TITLE": "SCP-ZH-300 - \u8056\u8a95\u7bc0\u4ea4\u63db\u300c\u5ee2\u300d\u7269", "FULLNAME": "scp-zh-300", "RATING": 15, "COMMENTS": "2"}, {"TITLE": "\u8056\u8a95\u5e3d\uff0c\u9019\u662fDr. Xmas\u7684\u65e5\u5b50", "FULLNAME": "xina-mas-2019", "RATING": 19, "COMMENTS": "0"}, {"TITLE": "SCP-ZH-626 - \u8996\u91ce\u5916", "FULLNAME": "scp-zh-626", "RATING": 23, "COMMENTS": "0"}, {"TITLE": "\u8056\u591c\u665a\u9910", "FULLNAME": "so-i-said-that-dinner", "RATING": 21, "COMMENTS": "2"}, {"TITLE": "\u7814\u7a76\u54e1LostWhat\u89d2\u8272\u6b4c\uff1a\u5728\u788e\u7247\u88e1\u9762", "FULLNAME": "in-the-shard", "RATING": 14, "COMMENTS": "1"}, {"TITLE": "SCP-ZH-216 - \u62b5\u6297\u907a\u5fd8", "FULLNAME": "scp-zh-216", "RATING": 16, "COMMENTS": "2"}, {"TITLE": "\u7dad\u5b89\u8a2d\u65bd\u6a94\u6848\uff1aSite-ZH-12", "FULLNAME": "site-zh-12", "RATING": 23, "COMMENTS": "3"}, {"TITLE": "\u85dd\u8853\u7d00\u9304\uff1aSCP-ZH-100", "FULLNAME": "art-for-0100", "RATING": 8, "COMMENTS": "0"}, {"TITLE": "\u96d5\u523b\u4f5c\u54c1\uff1a\u8056\u591c\u76f8\u5b88", "FULLNAME": "handcrafts", "RATING": 18, "COMMENTS": "2"}, {"TITLE": "SCP-ZH-097 - \u7d44\u7e54\u683c\u5f0f", "FULLNAME": "scp-zh-097", "RATING": 14, "COMMENTS": "1"}, {"TITLE": "\u5df2\u88ab\u5ee2\u9664\u7684\u570b\u5b89\u5c40\u7b2c\u516b\u8655 \u4e2d\u5fc3\u9801", "FULLNAME": "old-nsb8-hub", "RATING": 13, "COMMENTS": "2"}, {"TITLE": "\u5b89\u5e03\u7f85\u65af\u9910\u5ef3-\u4f0a\u85a9\u79d1\u592b\u865f\u5206\u5e97 (\u7bc0\u65e5\u9650\u5b9a)", "FULLNAME": "ambrose-isakov", "RATING": 28, "COMMENTS": "9"}, {"TITLE": "SCP-ZH-860 - dado\u7684\u300c\u53d1\u300d\u8ca1\u85e5", "FULLNAME": "scp-zh-860", "RATING": 33, "COMMENTS": "3"}, {"TITLE": "\u5e74\u7378\u722d\u596a\u6230", "FULLNAME": "year-critical-strike", "RATING": 15, "COMMENTS": "0"}, {"TITLE": "SCP-ZH-202 - \u601d\u60f3\u626d\u86cb\u6a5f", "FULLNAME": "scp-zh-202", "RATING": 12, "COMMENTS": "1"}, {"TITLE": "Dr. Bales\u7684\u65e5\u5e38\u5c0f\u54c1\u96c6\u9326 \u4e00", "FULLNAME": "bales-s-daily-1", "RATING": 10, "COMMENTS": "0"}, {"TITLE": "\u5f9e\u4eca\u4ee5\u5f8c\uff0c\u5979\u5c07\u6c38\u751f", "FULLNAME": "she-lives-in-my-heart", "RATING": 22, "COMMENTS": "5"}, {"TITLE": "SCP-ZH-055 - \u505a\u4f60\u81ea\u5df1\u7684\u4e3b\u5eda\uff0c\u96a8\u6642\u96a8\u5730\u958b\u52d5\u5427\uff01", "FULLNAME": "scp-zh-055", "RATING": 18, "COMMENTS": "3"}, {"TITLE": "Kondraki\u7684\u56db\u6b21\u65b9\u9ebb\u7169", "FULLNAME": "four-konnies-four-troubles", "RATING": 10, "COMMENTS": "3"}, {"TITLE": "\u4eba\u4e4b\u5929\u4f7f\uff0c\u795e\u4e4b\u5974", "FULLNAME": "three-faced-servant", "RATING": 7, "COMMENTS": "0"}, {"TITLE": "SCP-066 \u65b0\u6982\u5ff5\u97f3\u97ff", "FULLNAME": "scp-066-painting", "RATING": 8, "COMMENTS": "0"}, {"TITLE": "\u7f8e\u9e97\u7684\u8774\u8776\u4ed9\u5b50Kondraki\u535a\u58eb", "FULLNAME": "oh-god-this-is-kondraki", "RATING": 12, "COMMENTS": "0"}, {"TITLE": "\u8cd3\u4e3b\u76e1\u6b61", "FULLNAME": "fools-wine", "RATING": 11, "COMMENTS": "1"}, {"TITLE": "\u86db\u7db2\u8d77\u6e90\uff1a\u90a3\u662f1993\u5e74", "FULLNAME": "1993-cobweb-international", "RATING": 14, "COMMENTS": "1"}, {"TITLE": "Alicia\u5973\u58eb", "FULLNAME": "scp-zh-774", "RATING": 31, "COMMENTS": "0"}, {"TITLE": "SCP-ZH-150 - \u6096\u8ad6\u751c\u751c\u5708", "FULLNAME": "scp-zh-150", "RATING": 12, "COMMENTS": "1"}, {"TITLE": "\u7d42\u7ae0\uff1a2020\u5e74", "FULLNAME": "part0-in-the-end", "RATING": 12, "COMMENTS": "0"}, {"TITLE": "\u7ae0\u7bc0\u540d\uff1a\u83ef\u846c", "FULLNAME": "i-hate-myself", "RATING": 11, "COMMENTS": "0"}, {"TITLE": "\u6211\u4e0d\u8a8d\u8b58\u6e38\u6cf3\u6c60\u88e1\u7684\u5c4d\u9ad4", "FULLNAME": "i-don-t-know-the-body-in-the-swim-pool", "RATING": 11, "COMMENTS": "0"}, {"TITLE": "SCP-ZH-012 - \u5341\u4e8c", "FULLNAME": "scp-zh-012", "RATING": 19, "COMMENTS": "2"}, {"TITLE": "\u6211\u5728\u842c\u7269\u4e4b\u4e2d", "FULLNAME": "arkwork-3999", "RATING": 38, "COMMENTS": "8"}, {"TITLE": "\u6211\u7684\u723a\u723a", "FULLNAME": "my-grandpa", "RATING": 9, "COMMENTS": "5"}, {"TITLE": "\u6df5\u5922\u7684\u9ed1\u767d\u5716\u96c601", "FULLNAME": "abyssdream-pic-01", "RATING": 14, "COMMENTS": "0"}, {"TITLE": "SCP-ZH-200 - \u9b3c\u6293\u4eba", "FULLNAME": "scp-zh-200", "RATING": 35, "COMMENTS": "1"}, {"TITLE": "\u6211\u6c92\u80fd\u6551\u5230\u4ed6\u3002", "FULLNAME": "arkwork-zh-200", "RATING": 23, "COMMENTS": "0"}, {"TITLE": "\u5662\u4e0d\uff01\u5c4d\u9ad4\u6b63\u5728\u9003\u8dd1\uff01", "FULLNAME": "oh-no-body-is-running", "RATING": 11, "COMMENTS": "2"}, {"TITLE": "\u7814\u7a76\u54e1\u9ec3\u7fbd\u9706\u7684\u8fa6\u516c\u5ba4", "FULLNAME": "cnblack-s-laboratory", "RATING": 15, "COMMENTS": "0"}, {"TITLE": "\u5200\u4e0b\u5fc3\uff0c\u53c8\u540d\u53db\u72fc\u8fd4\u5de2", "FULLNAME": "cleguisbt", "RATING": 10, "COMMENTS": "3"}, {"TITLE": "SCP-ZH-2588-J", "FULLNAME": "scp-zh-2588-j", "RATING": 6, "COMMENTS": "0"}, {"TITLE": "\u7121\u5922\u4e4b\u4eba\u662f\u5426\u6703\u5922\u5230\u660e\u5929\u7684\u666f\u8272", "FULLNAME": "dream-about-tomorrow", "RATING": 18, "COMMENTS": "5"}, {"TITLE": "\u9999\u8106\u590f\u5a01\u5937\u62ab\u85a9", "FULLNAME": "sh-crispy-pineapple-pizza", "RATING": 11, "COMMENTS": "0"}, {"TITLE": "\u65b0\u805e\u5feb\u8a0a\uff1a\u82e5\u6211\u5011\u8981\u9054\u5230\u4ec1\u6148\u7684\u4e0b\u5834\uff0c\u61c9\u8a72\u9075\u5b88\u54ea\u4e9b\u4e8b\u60c5", "FULLNAME": "news-site-zh-81-1", "RATING": 25, "COMMENTS": "5"}, {"TITLE": "\u843d\u78d0", "FULLNAME": "fall-stable", "RATING": 7, "COMMENTS": "0"}, {"TITLE": "File No.HKC454/1", "FULLNAME": "file-no-hkc454", "RATING": 7, "COMMENTS": "0"}, {"TITLE": "\u5f15\u8840\u9999\uff1a\u6211\u7b49\u9700\u7d66\u4e88\u7f6a\u4eba\u61f2\u7f70", "FULLNAME": "sh-zh174", "RATING": 7, "COMMENTS": "2"}, {"TITLE": "\u82b1\u8a9e\uff1a\u7409\u7483\u82e3", "FULLNAME": "borage", "RATING": 11, "COMMENTS": "0"}, {"TITLE": "\u524a\u4e0d\u5b8c\u8089\u7684\u6c99\u5a01\u746a", "FULLNAME": "parawatch-shawarma", "RATING": 22, "COMMENTS": "2"}, {"TITLE": "\u5be6\u7fd2", "FULLNAME": "practice", "RATING": 17, "COMMENTS": "0"}, {"TITLE": "\u95c7\u58fd\u53f8\u6a94\u6848No.053\u300c\u7d05\u8c46\u8ecd\u8266\u300d", "FULLNAME": "yamizushi-file-053", "RATING": 12, "COMMENTS": "4"}, {"TITLE": "3D\u6cb9\u98ef", "FULLNAME": "sh-3d-glutinous-oil-rice", "RATING": 11, "COMMENTS": "2"}, {"TITLE": "SCP-ZH-264 - \u7835\u7538\u4e4d\u9632\u7dda", "FULLNAME": "scp-zh-264", "RATING": 9, "COMMENTS": "2"}, {"TITLE": "\u5361\u5693\u2026\u2026\u5361\u5693\u2026\u2026", "FULLNAME": "kacha", "RATING": 11, "COMMENTS": "0"}, {"TITLE": "SCP-ZH-289 - 17^2", "FULLNAME": "scp-zh-289", "RATING": 15, "COMMENTS": "4"}, {"TITLE": "SCP-ZH-078 - \u8001\u5e2b\u8aaa\u904e\u4e0d\u53ef\u4ee5\u7ff9\u5169\u8173\u6905", "FULLNAME": "scp-zh-078", "RATING": 16, "COMMENTS": "1"}, {"TITLE": "\u6210\u70ba\u4e00\u500b\u5de5\u5ee0\u9818\u5de5", "FULLNAME": "the-foreman", "RATING": 9, "COMMENTS": "0"}, {"TITLE": "SCP-ZH-175 - \u8d0b\u9020\u7684\u5e78\u798f", "FULLNAME": "scp-zh-175", "RATING": 10, "COMMENTS": "2"}, {"TITLE": "SCP-ZH-103 \u76f8\u95dc\u5be6\u9a57\u8a18\u9304", "FULLNAME": "scp-zh-103-experiment-log", "RATING": 16, "COMMENTS": "3"}, {"TITLE": "\u5de7\u9054Clef!", "FULLNAME": "arkwork-chowderclef", "RATING": 25, "COMMENTS": "0"}, {"TITLE": "\u8a18\u61b6\u7684\u6d2a\u6d41", "FULLNAME": "stream-of-memory", "RATING": 13, "COMMENTS": "2"}, {"TITLE": "\u500b\u4eba\u65e5\u8a8c", "FULLNAME": "personal-diary-of-iceberg-and-gears", "RATING": 11, "COMMENTS": "2"}, {"TITLE": "47", "FULLNAME": "47", "RATING": 13, "COMMENTS": "0"}, {"TITLE": "\u6eff\u6d32\u570b\u7570\u5e38\u8fa6\u516c\u5ba4\u968a\u6b4c", "FULLNAME": "the-song-of-mckao", "RATING": 10, "COMMENTS": "4"}, {"TITLE": "\u65e5\u74b0\u8755\u8207\u4e3b\u4efb\u8207\u51b0\u6dc7\u51cc", "FULLNAME": "abyssdream-pic-v", "RATING": 12, "COMMENTS": "0"}, {"TITLE": "SCP-ZH-700 - \u9810\u8a00\u5f8c\u4f9d\u7136\u96e3\u4ee5\u907f\u514d", "FULLNAME": "scp-zh-700", "RATING": 11, "COMMENTS": "5"}, {"TITLE": "SCP-ZH-229-EX", "FULLNAME": "scp-zh-229-ex", "RATING": 16, "COMMENTS": "1"}, {"TITLE": "\u70ba\u4f55\u6211\u5011\u4e0d\u80fd\u6feb\u7528\u73fe\u5be6\u7a69\u5b9a\u9328\uff1f", "FULLNAME": "about-scranton-reality-anchors", "RATING": 17, "COMMENTS": "3"}, {"TITLE": "\u7e41\u4e2d\u7ad9\u9ede\u5730\u4e0b\u8857", "FULLNAME": "shopping-arcade", "RATING": 21, "COMMENTS": "3"}, {"TITLE": "\u5728\u90a3\u5929\uff0c\u59b3\u4ecd\u820a\u5411\u6211\u9053\u4e86\u8072\u665a\u5b89", "FULLNAME": "at-that-day-you-still-wish-me-a-good-dream", "RATING": 22, "COMMENTS": "0"}, {"TITLE": "\u7f3a\u5e2d\u8005\u7684\u76db\u5bb4", "FULLNAME": "eclipse-absence", "RATING": 8, "COMMENTS": "0"}, {"TITLE": "\u86db\u7db2\u570b\u969b\u5b89\u4fdd\u5831\u544a\u66f8 CI-S-057\uff1a\u9713\u8679\u5154\u96fb\u5b50\u904a\u6a02\u5834", "FULLNAME": "cobweb-ci-s-057", "RATING": 7, "COMMENTS": "1"}, {"TITLE": "\u85dd\u8853\u7d00\u9304\uff1a\u6821\u5916\u6559\u5b78\u3002", "FULLNAME": "art-for-2316", "RATING": 11, "COMMENTS": "0"}, {"TITLE": "\u9ebb\u7cec\u7684\u7e41\u4e2d\u4eba\u54e1\u756b\u4f5c\u9078\u96c6\u00b7\u4e00", "FULLNAME": "the-art-work-collection-of-wright-wilson-2", "RATING": 11, "COMMENTS": "0"}, {"TITLE": "\u6fc3\u6e6f\u7d04\u6703", "FULLNAME": "chowder-date", "RATING": 20, "COMMENTS": "2"}, {"TITLE": "\u7a79\u9802\u4e4b\u4e0b\u7684\u90a3\u4eba", "FULLNAME": "hbd-to-vik", "RATING": 11, "COMMENTS": "2"}, {"TITLE": "\u5f97\u4ee5\u6c38\u751f\u3002", "FULLNAME": "wanderers:the-first-named-adam", "RATING": 13, "COMMENTS": "1"}, {"TITLE": "\u975e\u4eba\u8207\u975e\u795e\u5171\u821e\u3002", "FULLNAME": "wanderers:before-ad", "RATING": 13, "COMMENTS": "1"}, {"TITLE": "\u5982\u662f\u6211\u805e", "FULLNAME": "wanderers:flowers-thus-have-i-heard", "RATING": 18, "COMMENTS": "0"}]