[{"TITLE": "\u6728\u6613\u85cf\u66f8\u95a3\u76ee\u9304 \u96dc-\u4e94\u4e5d\u516d \u300a\u5bdf\u4f55\u81fa\u7684\u884c\u8ecd\u5957\u88dd\u300b", "FULLNAME": "mu-yi-596", "RATING": 5, "COMMENTS": "0"}, {"TITLE": "\u5c0f\u52d5\u7269\u7c21\u4ecb\uff1a\u041c\u043e\u0440\u044c\uff01", "FULLNAME": "critter-profile-mor", "RATING": 6, "COMMENTS": "3"}, {"TITLE": "SCP-ZH-255 - \u8cd3\u5c3c\u8cbb\u7684\u6700\u5f8c\u5e87\u8b77\u6240", "FULLNAME": "scp-zh-255", "RATING": 22, "COMMENTS": "5"}, {"TITLE": "\u6728\u6613\u85cf\u66f8\u95a3 \u4e2d\u5fc3\u9801", "FULLNAME": "mu-yi-hub", "RATING": 13, "COMMENTS": "0"}, {"TITLE": "SCP-ZH-408 - \u5507\u679c\u6a39", "FULLNAME": "scp-zh-408", "RATING": 6, "COMMENTS": "1"}, {"TITLE": "SCP-ZH-122 - \u87a2\u706b\u87f2\u71c8\u6ce1", "FULLNAME": "scp-zh-122", "RATING": 5, "COMMENTS": "1"}, {"TITLE": "SCP-ZH-977 - \u6551\u8d16\u8056\u7d93", "FULLNAME": "scp-zh-977", "RATING": 5, "COMMENTS": "1"}, {"TITLE": "UIU\u6a94\u6848\uff1a1970-005", "FULLNAME": "uiu-1970-005", "RATING": 7, "COMMENTS": "0"}, {"TITLE": "\u767d\u6fa4\u91cd\u751f\u8a08\u5283-2008", "FULLNAME": "2008", "RATING": 9, "COMMENTS": "3"}, {"TITLE": "SCP-ZH-748 - \u6dda\u9b54", "FULLNAME": "scp-zh-748", "RATING": 5, "COMMENTS": "2"}, {"TITLE": "Eco-09\u5354\u8b70", "FULLNAME": "eco-09", "RATING": 8, "COMMENTS": "0"}, {"TITLE": "\u5c0f\u52d5\u7269\u7c21\u4ecb\uff1aEsther\uff01", "FULLNAME": "esther", "RATING": 8, "COMMENTS": "2"}, {"TITLE": "\u7dad\u5b89\u8a2d\u65bd\u6a94\u6848\uff1aSite-ZH-25", "FULLNAME": "site-zh-25", "RATING": 16, "COMMENTS": "3"}, {"TITLE": "\uff08\u672a\u7f72\u540d\uff09", "FULLNAME": "prtp14", "RATING": 2, "COMMENTS": "1"}, {"TITLE": "SCP-ZH-105 - \u4e0d\u5b5d\u5b50", "FULLNAME": "scp-zh-105", "RATING": 66, "COMMENTS": "5"}, {"TITLE": "\u8840\u8de1-\u4e0a", "FULLNAME": "bloodstain-1", "RATING": 8, "COMMENTS": "0"}, {"TITLE": "\u8840\u8de1-\u4e0b", "FULLNAME": "bloodstain-2", "RATING": 9, "COMMENTS": "0"}, {"TITLE": "\u8a8d\u990a\u6d77\u5831\uff1aChoco\uff01", "FULLNAME": "adoption-poster-choco", "RATING": 15, "COMMENTS": "0"}, {"TITLE": "\u6d17\u6a19\uff1a\u6a582147-Dr. Bales\u7684\u5be6\u9a57\u8863", "FULLNAME": "orange-2147", "RATING": 11, "COMMENTS": "0"}, {"TITLE": "\u6d17\u6a19\uff1a\u85cd9102-\u52a9\u7406\u7814\u7a76\u54e1Liesbeth\u7684\u896f\u886b", "FULLNAME": "blue-9102", "RATING": 11, "COMMENTS": "0"}, {"TITLE": "\u82b1\u8a9e\uff1a\u4ed9\u4e39\u82b1", "FULLNAME": "chinese-ixora", "RATING": 20, "COMMENTS": "0"}, {"TITLE": "\u9060\u6771\u96f6\u865f\u5c08\u968a\u5377\u5b97\uff1aE-0249", "FULLNAME": "e-0249", "RATING": 9, "COMMENTS": "0"}, {"TITLE": "\u6d17\u8863\u90e8\u9580", "FULLNAME": "laundry-of-miya", "RATING": 13, "COMMENTS": "2"}, {"TITLE": "\u7687\u5bb6\u9999\u6e2f\u8b66\u5bdf\u968a\u96f6\u865f\u5c08\u968a \u4e2d\u5fc3\u9801", "FULLNAME": "zero-team-hub", "RATING": 10, "COMMENTS": "0"}, {"TITLE": "\u9050\u9087\u9031\u520a \u7b2c011\u671f", "FULLNAME": "the-weekly-011", "RATING": 13, "COMMENTS": "3"}, {"TITLE": "\u9999\u6e2f\u7279\u5340\u7570\u5e38\u653f\u6cbb\u7d44\u7e54\u8cc7\u6599\uff1a\u8336\u5dba\u6c11\u751f\u95dc\u6ce8\u7d44", "FULLNAME": "concern-group-for-cha-ling-people-s-livelihood", "RATING": 9, "COMMENTS": "0"}, {"TITLE": "SCP-ZH-899 - \u7a7f\u8d8a\u7684\u7279\u5de5", "FULLNAME": "scp-zh-899", "RATING": 13, "COMMENTS": "1"}, {"TITLE": "SCP-ZH-045 - \u842c\u80fd\u80e1\u6912", "FULLNAME": "scp-zh-045", "RATING": 19, "COMMENTS": "0"}, {"TITLE": "\u5de5\u4f5c\u4eba\u54e1\u53ca\u89d2\u8272\u6a94\u6848-ZH", "FULLNAME": "personnel-and-character-dossier-zh", "RATING": 17, "COMMENTS": "0"}, {"TITLE": "\u5c0d\u6b32\u8089\u6559\u7684\u4eba\u985e\u5b78\u9032\u8def03-\u6848\u4f8b\u7814\u7a7603\uff1a\u9999\u6e2f\u65b0\u8336\u5dba\u7684\u76e7\u4ead\u4eba", "FULLNAME": "sarkic-case-study-03-the-luo-ting-n-a-of-new-cha-ling", "RATING": 19, "COMMENTS": "0"}, {"TITLE": "\u65b0\u56db\u5c71\u5c0f\u5b78\u8a02\u55ae\uff08SSPS S56Y76\uff09", "FULLNAME": "mcdssps", "RATING": 8, "COMMENTS": "0"}, {"TITLE": "SCP-ZH-036 - \u8336\u766e\u6d63\u718a", "FULLNAME": "scp-zh-036", "RATING": 15, "COMMENTS": "0"}, {"TITLE": "\u98a8\u8d77", "FULLNAME": "wind-blows", "RATING": 5, "COMMENTS": "2"}, {"TITLE": "SCP-ZH-348 - \u843d\u5c71\u98a8\u72ac", "FULLNAME": "scp-zh-348", "RATING": 5, "COMMENTS": "2"}, {"TITLE": "SCP-ZH-174 - \u975e\u5e38\u666e\u901a\uff0c\u518d\u666e\u901a\u4e0d\u904e\u7684\u7dda\u9999", "FULLNAME": "scp-zh-174", "RATING": 26, "COMMENTS": "4"}, {"TITLE": "SCP-ZH-815 - \u4e00\u5bb6\u70e4\u8089\u842c\u5bb6\u9999", "FULLNAME": "scp-zh-815", "RATING": 35, "COMMENTS": "8"}, {"TITLE": "\u4e2d\u79cb\u7bc0\u7684\u904e\u52de\u7ad9\u9ede\u8207NB\u5340\u7814\u7a76\u54e1\u8207\u4e00\u7fa4\u7570\u5e38\u6d63\u718a", "FULLNAME": "nb", "RATING": 12, "COMMENTS": "0"}, {"TITLE": "\u6728\u6613\u85cf\u66f8\u95a3\u76ee\u9304 \u6728-\u4e00\u4e00\u4e94 \u300a\u671b\u6708\u7bb8\u300b", "FULLNAME": "mu-yi-115", "RATING": 16, "COMMENTS": "2"}, {"TITLE": "SCP-ZH-217 - \u8207\u904e\u53bb\u76f8\u4f34\u7684\u7a3b\u8349\u4eba", "FULLNAME": "scp-zh-217", "RATING": 10, "COMMENTS": "0"}, {"TITLE": "SCP-ZH-041 - \u5922\u60f3", "FULLNAME": "scp-zh-041", "RATING": 20, "COMMENTS": "4"}, {"TITLE": "SCP-ZH-087 - \u68c4\u7a3f", "FULLNAME": "scp-zh-087", "RATING": 31, "COMMENTS": "4"}, {"TITLE": "SCP-ZH-070 - \u5c0d\u8a71\u6846\u5148\u751f", "FULLNAME": "scp-zh-070", "RATING": 17, "COMMENTS": "0"}, {"TITLE": "SCP-ZH-043 - \u5fa9\u539f\u80a5\u7682", "FULLNAME": "scp-zh-043", "RATING": 4, "COMMENTS": "3"}, {"TITLE": "SCP-ZH-047 - \u4f60\u7684\u6240\u4f5c\u6240\u70ba", "FULLNAME": "scp-zh-047", "RATING": 12, "COMMENTS": "3"}, {"TITLE": "\u5b89\u4fdd\u8a2d\u65bd\u6a94\u6848\uff1aSite-ZH-50", "FULLNAME": "site-zh-50", "RATING": 16, "COMMENTS": "1"}, {"TITLE": "Site-ZH-81\u7684\u767b\u8266\u7533\u8acb\u66f8", "FULLNAME": "boarding", "RATING": 12, "COMMENTS": "1"}, {"TITLE": "SCP-ZH-100", "FULLNAME": "scp-zh-0100", "RATING": 23, "COMMENTS": "0"}, {"TITLE": "SCP-ZH-100 - \u5e03\u694a\u5cf6", "FULLNAME": "scp-zh-100", "RATING": 17, "COMMENTS": "1"}, {"TITLE": "2019\u5e74\u5340\u8b70\u6703\u9078\u8209 \u8336\u5dba\u8b70\u54e1\u53c3\u9078\u55ae\u5f35", "FULLNAME": "voting-of-cha", "RATING": 7, "COMMENTS": "2"}, {"TITLE": "SCP-ZH-998 - \u73fe\u8c61\u5b78", "FULLNAME": "scp-zh-998", "RATING": 38, "COMMENTS": "7"}, {"TITLE": "\u6d17\u6a19\uff1a\u6a588963-\u8a31\u975c\u6c60\u7684\u7d72\u8cea\u7761\u8863", "FULLNAME": "orange-8963", "RATING": 9, "COMMENTS": "1"}, {"TITLE": "\u8655\u9280\u767d\u4e4b\u4e2d\uff0c\u65bc\u8679\u5149\u4e4b\u9593", "FULLNAME": "in-the-snow-in-the-iris", "RATING": 20, "COMMENTS": "0"}, {"TITLE": "\u4e09\u751f\u6709\u5e78", "FULLNAME": "third-life", "RATING": 21, "COMMENTS": "0"}, {"TITLE": "SCP-ZH-010 - \u8ff7\u8d70\u795e\u7d93\u5bc4\u751f\u9ad4", "FULLNAME": "scp-zh-010", "RATING": 18, "COMMENTS": "0"}, {"TITLE": "\u7b2c\u3007\u4e8c\u4e8c\u865f \u5169\u5100\u901a", "FULLNAME": "collected-land-no022", "RATING": 14, "COMMENTS": "2"}, {"TITLE": "SCP-ZH-711 - \u9020\u53e5\u6a21\u64ec\u5668", "FULLNAME": "scp-zh-711", "RATING": 9, "COMMENTS": "1"}, {"TITLE": "SCP-ZH-564 - \u4e0d\u60f3\u96e2\u958b\u7684\u4ed9\u90a3\u5ea6", "FULLNAME": "scp-zh-564", "RATING": 5, "COMMENTS": "7"}, {"TITLE": "\u5439\u97ff\u865f\u89d2\u7684\u7121\u540d\u5c71\u8108", "FULLNAME": "the-non-names-town", "RATING": 14, "COMMENTS": "3"}, {"TITLE": "\u8abf\u67e5\u4e2d\uff0c\u975e\u8acb\u52ff\u5165", "FULLNAME": "under-investigation-and-keep-out-of-here", "RATING": 9, "COMMENTS": "2"}, {"TITLE": "\u7c60\u4e2d\u9ce5", "FULLNAME": "caged-bird", "RATING": 14, "COMMENTS": "0"}, {"TITLE": "\u7dad\u5b89\u8a2d\u65bd\u6a94\u6848\uff1aSite-ZH-81", "FULLNAME": "site-zh-81", "RATING": 19, "COMMENTS": "0"}, {"TITLE": "SCP-ZH-301 - \u99ac\u65af\u5217\u5c3c\u67e5", "FULLNAME": "scp-zh-301", "RATING": 17, "COMMENTS": "0"}, {"TITLE": "\u95dc\u65bc\u90a3\u500b\u5927\u6d77\u602a", "FULLNAME": "about-that-big-guy", "RATING": 15, "COMMENTS": "1"}, {"TITLE": "Valentine\u7684Logo\u9801", "FULLNAME": "valentine-logo", "RATING": 22, "COMMENTS": "1"}, {"TITLE": "SCP-ZH-9288-EX", "FULLNAME": "scp-zh-9288-ex", "RATING": 45, "COMMENTS": "5"}, {"TITLE": "SCP-ZH-762 - \u611f\u540c\u66fe\u53d7", "FULLNAME": "scp-zh-762", "RATING": 7, "COMMENTS": "2"}, {"TITLE": "\u6b7b\u8c93\u540a\u6a39\u982d", "FULLNAME": "on-the-tree", "RATING": 17, "COMMENTS": "0"}, {"TITLE": "\u9a5a\u87c4", "FULLNAME": "snake-s-wake", "RATING": 11, "COMMENTS": "0"}, {"TITLE": "\u57fa\u91d1\u6703\u4e4b\u524d", "FULLNAME": "k-before", "RATING": 5, "COMMENTS": "0"}, {"TITLE": "SCP-ZH-120 - \u865b\u69cb\u7684\u6211\u5011", "FULLNAME": "scp-zh-120", "RATING": 40, "COMMENTS": "4"}, {"TITLE": "SCP-ZH-258 - \u5354\u548c\u5fa1\u5b88", "FULLNAME": "scp-zh-258", "RATING": 13, "COMMENTS": "0"}, {"TITLE": "\u6211\u5728\u9019\u88e1\u4e00\u9663\u5b50\u4e86", "FULLNAME": "been-a-while", "RATING": 17, "COMMENTS": "1"}, {"TITLE": "\u5c0b\u7372\u7269\u54c1\u7de8\u865f\uff1a000", "FULLNAME": "article-number-000", "RATING": 13, "COMMENTS": "2"}, {"TITLE": "\u5c71\u59c6\u7684ZH\u5206\u90e8\u89d2\u8272\u7d00\u9304\u672c", "FULLNAME": "doodles-from-sam", "RATING": 25, "COMMENTS": "3"}, {"TITLE": "\u6838\u88c2\u64e0\u514c\u4e2d\u5fc3\u9801", "FULLNAME": "operation-nucleon-bank", "RATING": 16, "COMMENTS": "0"}, {"TITLE": "\u521d\u6b21\u898b\u9762", "FULLNAME": "mystery", "RATING": 12, "COMMENTS": "2"}, {"TITLE": "Dr.Ray\u7684\u7570\u5e38\u9805\u76ee\u5206\u7d1a\u5716\u6a19", "FULLNAME": "ray-s-logo", "RATING": 19, "COMMENTS": "1"}, {"TITLE": "\u56de\u61b6\u8679\u5f69\u2014\u53c3\u8cfd\u8a2a\u8ac7\uff1a\u6df5\u5922", "FULLNAME": "memories-in-iris-abyssdream", "RATING": 10, "COMMENTS": "2"}, {"TITLE": "SCP-ZH-642 - \u5e0c\u671b\u6253\u706b\u6a5f", "FULLNAME": "scp-zh-642", "RATING": 14, "COMMENTS": "0"}, {"TITLE": "SCP-ZH-025 - \u96ea\u82b1\u5c0f\u8c93\u54aa", "FULLNAME": "scp-zh-025", "RATING": 16, "COMMENTS": "2"}, {"TITLE": "\u5c0b\u7372\u7269\u54c1\u7de8\u865f\uff1a021", "FULLNAME": "ru021", "RATING": 11, "COMMENTS": "0"}, {"TITLE": "SCP-ZH-027 - \u7389\u7c60\u5305", "FULLNAME": "scp-zh-027", "RATING": 16, "COMMENTS": "2"}, {"TITLE": "\u5c0b\u7372\u7269\u54c1\u7de8\u865f\uff1a065", "FULLNAME": "article-number-065", "RATING": 10, "COMMENTS": "0"}, {"TITLE": "SCP-ZH-002 - \u53f0\u7063\u7368\u89d2\u7378", "FULLNAME": "scp-zh-002", "RATING": 37, "COMMENTS": "13"}, {"TITLE": "Dr.Ray\u7684\u7570\u5e38\u9805\u76ee\u5206\u7d1a\u5716\u6a19 - Apollyon", "FULLNAME": "ray-s-logo-apollyon", "RATING": 9, "COMMENTS": "0"}, {"TITLE": "\u6c99\u7687\u5148\u77e5\u5354\u6703\u4e2d\u5fc3\u9801", "FULLNAME": "tsars-hub", "RATING": 21, "COMMENTS": "0"}, {"TITLE": "SCP-ZH-670 - \u660e\u77e5\u6545\u72af", "FULLNAME": "scp-zh-670", "RATING": 15, "COMMENTS": "0"}, {"TITLE": "SCP-ZH-300 - \u8056\u8a95\u7bc0\u4ea4\u63db\u300c\u5ee2\u300d\u7269", "FULLNAME": "scp-zh-300", "RATING": 15, "COMMENTS": "2"}, {"TITLE": "\u8056\u8a95\u8ecd\u6f14", "FULLNAME": "xmas-exercise", "RATING": 24, "COMMENTS": "7"}, {"TITLE": "\u5b89\u5e03\u7f85\u65af\u9910\u5ef3-\u5d07\u6587\u9928", "FULLNAME": "ambrose-chung-wen-kuan", "RATING": 21, "COMMENTS": "2"}, {"TITLE": "Site-ZH-17 Ananke\u5340\u6a19\u8a8c", "FULLNAME": "site-zh-17-ananke-area-logo", "RATING": 8, "COMMENTS": "0"}, {"TITLE": "\u67e5\u770b\u5f71\u50cf\u6a94\u6848\u3002", "FULLNAME": "what-is-site-zh12", "RATING": 12, "COMMENTS": "2"}, {"TITLE": "\u8ab0\u628a\u8056\u8a95\u6a39\u4e0a\u7684\u661f\u661f\u62ff\u8d70\u4e86\uff1f", "FULLNAME": "star-of-bethlehem", "RATING": 14, "COMMENTS": "0"}, {"TITLE": "\u85dd\u8853\u7d00\u9304\uff1a\u5354\u548c\u5fa1\u5b88\u3002", "FULLNAME": "art-for-zh258", "RATING": 12, "COMMENTS": "0"}, {"TITLE": "SCP-ZH-026 - \u9169\u914a\u8857\u7684\u5154\u5154", "FULLNAME": "scp-zh-026", "RATING": 7, "COMMENTS": "0"}, {"TITLE": "\u51ac\u5b63\u8cc0\u5716", "FULLNAME": "xmas-zh-2019", "RATING": 13, "COMMENTS": "0"}, {"TITLE": "\u8056\u8a95\u5e3d\uff0c\u9019\u662fDr. Xmas\u7684\u65e5\u5b50", "FULLNAME": "xina-mas-2019", "RATING": 19, "COMMENTS": "0"}, {"TITLE": "\u67e5\u770b\u5bc4\u4ef6\u5099\u4efd\u3002", "FULLNAME": "something-you-cant-forget", "RATING": 10, "COMMENTS": "0"}, {"TITLE": "\u9d28\u9d28\u7684\u8056\u8a95\u8cc0\u5716", "FULLNAME": "duck-s-xmas", "RATING": 17, "COMMENTS": "0"}, {"TITLE": "\u63d0\u6848\uff1a\u8056\u8a95\u8edf\u6696\u8c82", "FULLNAME": "christmas-marten", "RATING": 14, "COMMENTS": "4"}, {"TITLE": "SCP-ZH-626 - \u8996\u91ce\u5916", "FULLNAME": "scp-zh-626", "RATING": 23, "COMMENTS": "0"}, {"TITLE": "\u5b89\u4fdd\u8a2d\u65bd\u6a94\u6848\uff1aSite-ZH-31", "FULLNAME": "site-zh-31", "RATING": 9, "COMMENTS": "0"}, {"TITLE": "\u8056\u591c\u665a\u9910", "FULLNAME": "so-i-said-that-dinner", "RATING": 21, "COMMENTS": "2"}, {"TITLE": "\u9060\u6771\u96f6\u865f\u90e8\u9580\u5377\u5b97\uff1aE-830", "FULLNAME": "e-830", "RATING": 12, "COMMENTS": "1"}, {"TITLE": "SCP-ZH-044 - \u77f3\u7011\u72fb\u730a", "FULLNAME": "scp-zh-044", "RATING": 22, "COMMENTS": "3"}, {"TITLE": "\u53e3\u8ff0\u7570\u5e38\u53f2\uff1a\u8fb2\u9593\u4e4b\u6b98\u6708", "FULLNAME": "the-moon-voice-1", "RATING": 13, "COMMENTS": "0"}, {"TITLE": "\u7814\u7a76\u54e1LostWhat\u89d2\u8272\u6b4c\uff1a\u5728\u788e\u7247\u88e1\u9762", "FULLNAME": "in-the-shard", "RATING": 14, "COMMENTS": "1"}, {"TITLE": "SCP-ZH-216 - \u62b5\u6297\u907a\u5fd8", "FULLNAME": "scp-zh-216", "RATING": 16, "COMMENTS": "2"}, {"TITLE": "SCP-ZH-400 - \u6708\u795e\u861a", "FULLNAME": "scp-zh-400", "RATING": 14, "COMMENTS": "1"}, {"TITLE": "\u7dad\u5b89\u8a2d\u65bd\u6a94\u6848\uff1aSite-ZH-12", "FULLNAME": "site-zh-12", "RATING": 23, "COMMENTS": "3"}, {"TITLE": "\u5f26\u97f3\u672a\u6b62", "FULLNAME": "keepthere", "RATING": 7, "COMMENTS": "1"}, {"TITLE": "\u8056\u8a95\u6a39\u68a2\u4e0a\u7684\u9996\u7d1a", "FULLNAME": "head-on-the-tree", "RATING": 8, "COMMENTS": "3"}, {"TITLE": "SCP-ZH-600 - \u50b3\u9001\u9580\u5148\u751f", "FULLNAME": "scp-zh-600", "RATING": 22, "COMMENTS": "0"}, {"TITLE": "\u9a5f\u96e8", "FULLNAME": "downpour", "RATING": 13, "COMMENTS": "0"}, {"TITLE": "\u85dd\u8853\u7d00\u9304\uff1a\u9019\u4e9b\u5be7\u975c\u7684\u65e5\u5b50\u3002", "FULLNAME": "art-for-3519", "RATING": 11, "COMMENTS": "0"}, {"TITLE": "\u5713\u4e4b\u5922\uff0c\u5922\u4e2d\u4e4b\u9ec3\u4e0d\u662f\u5409\u7965", "FULLNAME": "no-cooked-yolk-is-life", "RATING": 12, "COMMENTS": "1"}, {"TITLE": "\u6d17\u6a19\uff1a\u9ed16666-Dr.Semibreve\u7684\u86c7\u9c57\u76aeAT4\u6536\u7d0d\u888b", "FULLNAME": "black-6666", "RATING": 6, "COMMENTS": "1"}, {"TITLE": "\u85dd\u8853\u7d00\u9304\uff1a\u8cd3\u5c3c\u8cbb\u7684\u6700\u5f8c\u5e87\u8b77\u6240\u3002", "FULLNAME": "art-for-zh255", "RATING": 7, "COMMENTS": "2"}, {"TITLE": "\u5c0b\u7372\u5730\u9ede\u88dc\u907a\uff1a\u7de8\u865f001", "FULLNAME": "a-mysterious-road", "RATING": 12, "COMMENTS": "0"}, {"TITLE": "\u7b2c\u4e00\u865f \u6728\u6613\u85cf\u66f8\u95a3\u7684\u6350\u8d08\u54c1", "FULLNAME": "first-mu-yi-donation", "RATING": 11, "COMMENTS": "0"}, {"TITLE": "Off Work", "FULLNAME": "pry", "RATING": 18, "COMMENTS": "2"}, {"TITLE": "\u5f26\u97f3\u672a\u6b62\uff0c\u9918\u82b3\u7336\u5b58", "FULLNAME": "keepthere-art", "RATING": 12, "COMMENTS": "1"}, {"TITLE": "SCP-ZH-260 - \u8fa6\u58a8\u6dcc\u6c60\u786f", "FULLNAME": "scp-zh-260", "RATING": 9, "COMMENTS": "1"}, {"TITLE": "\u8c93\u8033\u65e5", "FULLNAME": "cat-day", "RATING": 15, "COMMENTS": "0"}, {"TITLE": "\u96d5\u523b\u4f5c\u54c1\uff1a\u8056\u591c\u76f8\u5b88", "FULLNAME": "handcrafts", "RATING": 18, "COMMENTS": "2"}, {"TITLE": "\u7269\u7406\u5c11\u5e74", "FULLNAME": "science-confusion-puberty", "RATING": 16, "COMMENTS": "7"}, {"TITLE": "Viken-K\u7684\u6a21\u56e0\u6a19\u793a\u56de\u6536\u5834", "FULLNAME": "viken-k-arts", "RATING": 12, "COMMENTS": "2"}, {"TITLE": "\u6d17\u6a19\uff1a\u6a59-0754", "FULLNAME": "0754", "RATING": 6, "COMMENTS": "0"}, {"TITLE": "SCP-ZH-099 - \u8150\u673d\u7684\u5893\u7891", "FULLNAME": "scp-zh-099", "RATING": 12, "COMMENTS": "1"}, {"TITLE": "SCP-ZH-098 - \u300c\u5be7\u975c\u300d", "FULLNAME": "scp-zh-098", "RATING": 16, "COMMENTS": "5"}, {"TITLE": "SCP-ZH-097 - \u7d44\u7e54\u683c\u5f0f", "FULLNAME": "scp-zh-097", "RATING": 14, "COMMENTS": "1"}, {"TITLE": "\u5df2\u88ab\u5ee2\u9664\u7684\u570b\u5b89\u5c40\u7b2c\u516b\u8655 \u4e2d\u5fc3\u9801", "FULLNAME": "old-nsb8-hub", "RATING": 13, "COMMENTS": "2"}, {"TITLE": "SC-19/465/SC-19/486", "FULLNAME": "sc-19", "RATING": 9, "COMMENTS": "0"}, {"TITLE": "SCP-ZH-591 - \u8840\u6e90\u4e4b\u5305", "FULLNAME": "scp-zh-591", "RATING": 12, "COMMENTS": "2"}, {"TITLE": "SCP-ZH-136 - \u4ed9\u5973\u6728\u4e4b\u68ee", "FULLNAME": "scp-zh-136", "RATING": 13, "COMMENTS": "1"}, {"TITLE": "SCP-ZH-278 - \u4f60\u5fc5\u9808\u4fe1\u4efb\u7684\u9580\u885b", "FULLNAME": "scp-zh-278", "RATING": 14, "COMMENTS": "3"}, {"TITLE": "SCP-ZH-860 - dado\u7684\u300c\u53d1\u300d\u8ca1\u85e5", "FULLNAME": "scp-zh-860", "RATING": 33, "COMMENTS": "3"}, {"TITLE": "\u5e74\u7378\u722d\u596a\u6230", "FULLNAME": "year-critical-strike", "RATING": 15, "COMMENTS": "0"}, {"TITLE": "SCP-ZH-60053-J - HONK", "FULLNAME": "scp-zh-60053-j", "RATING": 45, "COMMENTS": "7"}, {"TITLE": "\u884c\u52d5\u8a08\u5283 \u7b2c\u53c1\u634c\u8086\u5b57\u865f", "FULLNAME": "nsb8-384", "RATING": 22, "COMMENTS": "1"}, {"TITLE": "SCP-ZH-108 - \u5718\u5713", "FULLNAME": "scp-zh-108", "RATING": 19, "COMMENTS": "0"}, {"TITLE": "Site-ZH-50 \u7ad9\u9ede\u6a19\u8a8c", "FULLNAME": "sitezh50-icon", "RATING": 5, "COMMENTS": "1"}, {"TITLE": "\u683c\u9b6f\u70cf-P \u500b\u6848\u5377\u5b97 \"\u5922\u5831\u6a5f \u0422\u0435\u043b\u0435\u0433\u0440\u0430\u0444 \u0441\u043d\u043e\u0432\"", "FULLNAME": "dream-messages", "RATING": 7, "COMMENTS": "0"}, {"TITLE": "\u8d6b\u52d2\u00b7\u5bcc\u66fc\u7684\u5c55\u51fa\uff1a\u9023\u9ad4\u821e\u7345", "FULLNAME": "new-year-lion", "RATING": 11, "COMMENTS": "0"}, {"TITLE": "SCP-ZH-202 - \u601d\u60f3\u626d\u86cb\u6a5f", "FULLNAME": "scp-zh-202", "RATING": 12, "COMMENTS": "1"}, {"TITLE": "SCP-ZH-168 - \u4e0b\u96e8\u559d\u5949\u8336", "FULLNAME": "scp-zh-168", "RATING": 11, "COMMENTS": "1"}, {"TITLE": "\u6d17\u6a19\uff1a\u85cd2020-\u767d\u5e03\u7684\u5510\u4eba\u88dd", "FULLNAME": "blue-2020", "RATING": 13, "COMMENTS": "2"}, {"TITLE": "SCP-ZH-169 - \u6028\u96e8\u6613\u7a4d\u81f3\u5e74\u7bc0\uff0c\u55dc\u8336\u5de7\u7378\u9858\u89ba\u7720", "FULLNAME": "scp-zh-169", "RATING": 5, "COMMENTS": "4"}, {"TITLE": "\u523a\u875f\u7b46\u8a18\u672c\uff1aZH\u5206\u90e8\u52d5\u7269\u5408\u8f2f", "FULLNAME": "hedgehog-note-a", "RATING": 15, "COMMENTS": "0"}, {"TITLE": "\u884c\u52d5\u7c21\u5831 \u7b2c916\u5b57\u865f", "FULLNAME": "nsb8-916", "RATING": 8, "COMMENTS": "2"}, {"TITLE": "SCP-ZH-051 - \u8acb\u7d66\u6211\u4e00\u9ede\u6eab\u6696", "FULLNAME": "scp-zh-051", "RATING": 16, "COMMENTS": "1"}, {"TITLE": "\u6700\u5f8c\u4e00\u6839\u83f8", "FULLNAME": "last-one-cigarette", "RATING": 14, "COMMENTS": "1"}, {"TITLE": "\u4e0d\u66fe\u505c\u6b47", "FULLNAME": "88-step", "RATING": 13, "COMMENTS": "1"}, {"TITLE": "\u6d17\u6a19\uff1a\u6a583041-Dr. Owen\u7684\u5be6\u9a57\u888d", "FULLNAME": "owens-clothes", "RATING": 14, "COMMENTS": "0"}, {"TITLE": "\u6709\u95dc\u6279\u51c6\u4f7f\u7528\u6a21\u56e0\u88fd\u5291\u5354\u52a9\u5c0d\u9d5d\u5f62\u60e1\u9b54\u5be6\u9ad4\u9032\u884c\u9a45\u9b54\u7684\u7533\u8acb", "FULLNAME": "grant-request-for-utilization-of-memetic-agent-to-assist-per", "RATING": 17, "COMMENTS": "1"}, {"TITLE": "\u6975\u5149\u7684\u984f\u8272", "FULLNAME": "color-of-aurora", "RATING": 15, "COMMENTS": "1"}, {"TITLE": "SCP-ZH-261 - \u53e4\u5df4\u7cd6", "FULLNAME": "scp-zh-261", "RATING": 10, "COMMENTS": "1"}, {"TITLE": "Dr. Bales\u7684\u65e5\u5e38\u5c0f\u54c1\u96c6\u9326 \u4e00", "FULLNAME": "bales-s-daily-1", "RATING": 10, "COMMENTS": "0"}, {"TITLE": "\u5c0b\u7372\u7269\u54c1\u7de8\u865f\uff1a097/\u6d17\u6a19\uff1a\u9ed10117", "FULLNAME": "article-number-097-black-0117", "RATING": 16, "COMMENTS": "4"}, {"TITLE": "SCP-ZH-028 - \u7e2e\u9aa8\u8863\u9b5a", "FULLNAME": "scp-zh-028", "RATING": 7, "COMMENTS": "0"}, {"TITLE": "SCP-ZH-445 - \u624b\u52d5\u586b\u58a8", "FULLNAME": "scp-zh-445", "RATING": 10, "COMMENTS": "0"}, {"TITLE": "SCP-ZH-167 - \u75db\u5fb9\u5fc3\u6249\u9078\u4e09\u9580", "FULLNAME": "scp-zh-167", "RATING": 12, "COMMENTS": "0"}, {"TITLE": "\u5f9e\u4eca\u4ee5\u5f8c\uff0c\u5979\u5c07\u6c38\u751f", "FULLNAME": "she-lives-in-my-heart", "RATING": 22, "COMMENTS": "5"}, {"TITLE": "SCP-ZH-262 - \u7af9\u89e3", "FULLNAME": "scp-zh-262", "RATING": 12, "COMMENTS": "1"}, {"TITLE": "SCP-ZH-095 - \u5b88\u8b77, \u611b, \u795d\u798f", "FULLNAME": "scp-zh-095", "RATING": 11, "COMMENTS": "0"}, {"TITLE": "SCP-ZH-109 - \u5f69\u8679\u6a4b", "FULLNAME": "scp-zh-109", "RATING": 16, "COMMENTS": "0"}, {"TITLE": "\u661f\u754c\u4e4b\u524d", "FULLNAME": "before-starsight", "RATING": 13, "COMMENTS": "2"}, {"TITLE": "SCP-ZH-166 - \u505c\u6eef\u5728\u695a\u6cb3\u6f22\u754c", "FULLNAME": "scp-zh-166", "RATING": 21, "COMMENTS": "2"}, {"TITLE": "\u5979\u4e00\u76f4\u90fd\u5728\uff0c\u7121\u9808\u7dec\u61f7", "FULLNAME": "she-s-always-here", "RATING": 14, "COMMENTS": "0"}, {"TITLE": "SCP-ZH-153 - \u984d\u6eab\u69cd", "FULLNAME": "scp-zh-153", "RATING": 8, "COMMENTS": "0"}, {"TITLE": "SCP-ZH-0404", "FULLNAME": "scp-zh-0404", "RATING": 7, "COMMENTS": "3"}, {"TITLE": "Dr. Kris\u7684\u6587\u6a94\u5c71\u6d77\uff0dSCP-2940-B", "FULLNAME": "k1s10r0d-2940-b-art", "RATING": 12, "COMMENTS": "0"}, {"TITLE": "SCP-ZH-976 - \u8ffd\u61b6\u72c2\u5984", "FULLNAME": "scp-zh-976", "RATING": 14, "COMMENTS": "1"}, {"TITLE": "Kondraki\u7684\u56db\u6b21\u65b9\u9ebb\u7169", "FULLNAME": "four-konnies-four-troubles", "RATING": 10, "COMMENTS": "3"}, {"TITLE": "Sitestuck - Intro002", "FULLNAME": "sitestuck002", "RATING": 10, "COMMENTS": "0"}, {"TITLE": "SCP-ZH-545 - \u6211\u4e0d\u662f\u6050\u9f8d", "FULLNAME": "scp-zh-545", "RATING": 17, "COMMENTS": "1"}, {"TITLE": "\u706b\u4e4b\u5f8c\u88d4", "FULLNAME": "descendant-of-fire", "RATING": 8, "COMMENTS": "0"}, {"TITLE": "\u4eba\u4e4b\u5929\u4f7f\uff0c\u795e\u4e4b\u5974", "FULLNAME": "three-faced-servant", "RATING": 7, "COMMENTS": "0"}, {"TITLE": "SCP-ZH-2154-EX - \u5fc3\u4e2d\u90a3\u96e3\u4ee5\u9762\u5c0d\u7684\u9ed1\u6697", "FULLNAME": "scp-zh-2154-ex", "RATING": 10, "COMMENTS": "0"}, {"TITLE": "SCP-ZH-019 - \u6d3b\u614b\u624b\u6a5f", "FULLNAME": "scp-zh-019", "RATING": 11, "COMMENTS": "2"}, {"TITLE": "SCP-ZH-372-11 \u5929\u7a7a\u6a39 \u7d20\u63cf", "FULLNAME": "sky-tree", "RATING": 7, "COMMENTS": "0"}, {"TITLE": "SCP-\u25cf\u25cf|\u25cf\u25cf\u25cf\u25cf\u25cf|\u25cf\u25cf|\u25cf \u7d20\u63cf", "FULLNAME": "scp-2521-painting", "RATING": 12, "COMMENTS": "4"}, {"TITLE": "\u89e3\u5bc6\uff1aSCP-2998", "FULLNAME": "scp-2998-declassification-zh", "RATING": 12, "COMMENTS": "0"}, {"TITLE": "\u7f8e\u9e97\u7684\u8774\u8776\u4ed9\u5b50Kondraki\u535a\u58eb", "FULLNAME": "oh-god-this-is-kondraki", "RATING": 12, "COMMENTS": "0"}, {"TITLE": "SCP-ZH-987 - \u4e00\u5339\u99f1\u99dd\u5f15\u767c\u7684\u6158\u6848", "FULLNAME": "scp-zh-987", "RATING": 11, "COMMENTS": "9"}, {"TITLE": "SCP-ZH-520 - \u611b\u7684\u5e7b\u8c61", "FULLNAME": "scp-zh-520", "RATING": 16, "COMMENTS": "2"}, {"TITLE": "\u539f\u5b50\u7b46\u7d20\u63cf\uff1aSCP-ZH-301 \u99ac\u65af\u5217\u5c3c\u67e5", "FULLNAME": "artwork-zh-301", "RATING": 9, "COMMENTS": "0"}, {"TITLE": "\u8cd3\u4e3b\u76e1\u6b61", "FULLNAME": "fools-wine", "RATING": 11, "COMMENTS": "1"}, {"TITLE": "\u4ed6\u5011\u628a\u4eba\u6254\u9032\u4e86\u6d77\u88e1", "FULLNAME": "they-throw-them-into-the-sea", "RATING": 11, "COMMENTS": "4"}, {"TITLE": "\u4e3b\u7ad9\u535a\u58eb\u76f8\u95dc\u63d2\u5716", "FULLNAME": "qmario-artwork-1", "RATING": 16, "COMMENTS": "1"}, {"TITLE": "SCP-ZH-016 - \u751f\u614b\u7f50\u982d", "FULLNAME": "scp-zh-016", "RATING": 7, "COMMENTS": "2"}, {"TITLE": "\u86db\u7db2\u8d77\u6e90\uff1a\u90a3\u662f1993\u5e74", "FULLNAME": "1993-cobweb-international", "RATING": 14, "COMMENTS": "1"}, {"TITLE": "Alicia\u5973\u58eb", "FULLNAME": "scp-zh-774", "RATING": 31, "COMMENTS": "0"}, {"TITLE": "SCP-ZH-076 - \u5eff\u8f09\u660e\u662d", "FULLNAME": "scp-zh-076", "RATING": 4, "COMMENTS": "2"}, {"TITLE": "SCP-ZH-150 - \u6096\u8ad6\u751c\u751c\u5708", "FULLNAME": "scp-zh-150", "RATING": 12, "COMMENTS": "1"}, {"TITLE": "SCP-ZH-236 - \u7d42\u5e74\u75c5", "FULLNAME": "scp-zh-236", "RATING": 11, "COMMENTS": "3"}, {"TITLE": "\u86db\u7db2CI-RE-004-\u5f7c\u5f97\u5821\u7684\u884c\u52d5", "FULLNAME": "ci-re-004", "RATING": 6, "COMMENTS": "3"}, {"TITLE": "\u6211\u5728\u842c\u7269\u4e4b\u4e2d", "FULLNAME": "arkwork-3999", "RATING": 38, "COMMENTS": "8"}, {"TITLE": "SCP-ZH-101 - \u4e00\u6a39\u4e00\u4e16\u754c", "FULLNAME": "scp-zh-101", "RATING": 17, "COMMENTS": "1"}, {"TITLE": "SCP-ZH-857 - dado\u7684\u597d\u559d\u5230\u7206\u73cd\u73e0\u5976\u8336\u676f", "FULLNAME": "scp-zh-857", "RATING": 12, "COMMENTS": "11"}, {"TITLE": "\u6df5\u5922\u7684\u9ed1\u767d\u5716\u96c601", "FULLNAME": "abyssdream-pic-01", "RATING": 14, "COMMENTS": "0"}, {"TITLE": "SCP-ZH-103 - \u6613\u5f62\u9d1e\u9b54", "FULLNAME": "scp-zh-103", "RATING": 15, "COMMENTS": "2"}, {"TITLE": "\u6211\u6c92\u80fd\u6551\u5230\u4ed6\u3002", "FULLNAME": "arkwork-zh-200", "RATING": 23, "COMMENTS": "0"}, {"TITLE": "SCP-ZH-053 - \u8b93\u6211\u5011\u64e6\u4e7e\u4f60\u7684\u6dda\u6c34", "FULLNAME": "scp-zh-053", "RATING": 30, "COMMENTS": "0"}, {"TITLE": "\u6211\u4e0d\u8a8d\u8b58\u6c34\u88e1\u7684AD", "FULLNAME": "i-don-t-recognize-that-ad-in-the-water", "RATING": 13, "COMMENTS": "0"}, {"TITLE": "\u6e05\u9192\u5922", "FULLNAME": "lucid-dream", "RATING": 13, "COMMENTS": "0"}, {"TITLE": "\u86db\u7db2\u6545\u4e8b\uff1a2014\u5e74\u7684\u963f\u62c9\u4f2f\u5206\u90e8", "FULLNAME": "ci-04-arab-division-2014", "RATING": 10, "COMMENTS": "2"}, {"TITLE": "SCP-ZH-314 - \u5584\u826f\u7684\u6975\u9650\uff1f", "FULLNAME": "scp-zh-314", "RATING": 11, "COMMENTS": "2"}, {"TITLE": "SCP-ZH-810 - \u6d77\u6d0b\u4e4b\u8166", "FULLNAME": "scp-zh-810", "RATING": 15, "COMMENTS": "2"}, {"TITLE": "\u7814\u7a76\u54e1\u9ec3\u7fbd\u9706\u7684\u8fa6\u516c\u5ba4", "FULLNAME": "cnblack-s-laboratory", "RATING": 15, "COMMENTS": "0"}, {"TITLE": "SCP-ZH-171 - \u60e1\u4e4b\u5fc3\u7246", "FULLNAME": "scp-zh-171", "RATING": 8, "COMMENTS": "1"}, {"TITLE": "\u7121\u5922\u4e4b\u4eba\u662f\u5426\u6703\u5922\u5230\u660e\u5929\u7684\u666f\u8272", "FULLNAME": "dream-about-tomorrow", "RATING": 18, "COMMENTS": "5"}, {"TITLE": "\u9999\u8106\u590f\u5a01\u5937\u62ab\u85a9", "FULLNAME": "sh-crispy-pineapple-pizza", "RATING": 11, "COMMENTS": "0"}, {"TITLE": "\u6d17\u6a19\uff1a\u85cd0428-Dr. V\u7684\u5be6\u9a57\u888d", "FULLNAME": "blue-0428", "RATING": 13, "COMMENTS": "0"}, {"TITLE": "\u65b0\u805e\u5feb\u8a0a\uff1a\u82e5\u6211\u5011\u8981\u9054\u5230\u4ec1\u6148\u7684\u4e0b\u5834\uff0c\u61c9\u8a72\u9075\u5b88\u54ea\u4e9b\u4e8b\u60c5", "FULLNAME": "news-site-zh-81-1", "RATING": 25, "COMMENTS": "5"}, {"TITLE": "File No.HKC454/1", "FULLNAME": "file-no-hkc454", "RATING": 7, "COMMENTS": "0"}, {"TITLE": "\u5f15\u8840\u9999\uff1a\u6211\u7b49\u9700\u7d66\u4e88\u7f6a\u4eba\u61f2\u7f70", "FULLNAME": "sh-zh174", "RATING": 7, "COMMENTS": "2"}, {"TITLE": "Dr. Kris\u7684\u6587\u6a94\u5c71\u6d77\uff0d\u7246\u4e0a\u7684\u6cb9\u756b", "FULLNAME": "k1s10r0d-oil-painting-on-the-wall", "RATING": 14, "COMMENTS": "0"}, {"TITLE": "\u300a\u6dfa\u8ac7\u7570\u5e38\u8d8a\u5357\u8239\u6c11\u8207\u8fd1\u4ee3\u9999\u6e2f\u7570\u5e38\u793e\u5340\u5c0d\u6b64\u7684\u5404\u754c\u53cd\u61c9\u3002\u300b", "FULLNAME": "report-of-hk-vn-history", "RATING": 10, "COMMENTS": "2"}, {"TITLE": "Dr. Kris\u7684\u6587\u6a94\u5c71\u6d77\uff0dDr. \u8d85\u8870\u5e03\u840a\u6069Vol.1", "FULLNAME": "k1s10r0d-dr-suck-luck-bryan-vol-1", "RATING": 11, "COMMENTS": "0"}, {"TITLE": "\u524a\u4e0d\u5b8c\u8089\u7684\u6c99\u5a01\u746a", "FULLNAME": "parawatch-shawarma", "RATING": 22, "COMMENTS": "2"}, {"TITLE": "\u85dd\u8853\u7d00\u9304\uff1a\u6b7b\u4ea1\uff0c\u6c38\u751f-1", "FULLNAME": "art-for-death-eternal-life-1", "RATING": 18, "COMMENTS": "1"}, {"TITLE": "\u884c\u52d5\u7c21\u5831 \u7b2c130\u5b57\u865f", "FULLNAME": "nsb8-130", "RATING": 7, "COMMENTS": "0"}, {"TITLE": "\u300c\u4e09\u57a3\u300d\u4e2d\u5fc3\u9801", "FULLNAME": "three-enclosures-hub", "RATING": 19, "COMMENTS": "0"}, {"TITLE": "\u4e8b\u4ef6\u4ee3\u865f\uff1a\u6838\u88c2\u64e0\u514c \u86db\u7db2\u88e1\u7684\u8001\u9df9", "FULLNAME": "operation-nucleon-bank-cobweb01", "RATING": 10, "COMMENTS": "1"}, {"TITLE": "\u95c7\u58fd\u53f8\u6a94\u6848No.053\u300c\u7d05\u8c46\u8ecd\u8266\u300d", "FULLNAME": "yamizushi-file-053", "RATING": 12, "COMMENTS": "4"}, {"TITLE": "3D\u6cb9\u98ef", "FULLNAME": "sh-3d-glutinous-oil-rice", "RATING": 11, "COMMENTS": "2"}, {"TITLE": "Bright\u535a\u58eb\u6559\u4f60\u5982\u4f55\u6b63\u78ba\u64ca\u9000\u6575\u4eba", "FULLNAME": "how-to-defeat-those-bad-guys-correctly", "RATING": 25, "COMMENTS": "2"}, {"TITLE": "SCP-ZH-264 - \u7835\u7538\u4e4d\u9632\u7dda", "FULLNAME": "scp-zh-264", "RATING": 9, "COMMENTS": "2"}, {"TITLE": "\u6728\u6613\u85cf\u66f8\u95a3\u76ee\u9304 \u507d-\u516d\u4e8c\u4e00\u300a\u9b31\u91d1\u9999\u300b", "FULLNAME": "mu-yi-621", "RATING": 7, "COMMENTS": "0"}, {"TITLE": "SCP-ZH-133 - \u4e0d\u6703\u7528\u812b\u6c34\u4f86\u9a19\u4eba\u7684\u597d\u85e5\u662f\u7684", "FULLNAME": "scp-zh-133", "RATING": 21, "COMMENTS": "7"}, {"TITLE": "\u5361\u5693\u2026\u2026\u5361\u5693\u2026\u2026", "FULLNAME": "kacha", "RATING": 11, "COMMENTS": "0"}, {"TITLE": "SCP-ZH-289 - 17^2", "FULLNAME": "scp-zh-289", "RATING": 15, "COMMENTS": "4"}, {"TITLE": "SPC-ZH-795", "FULLNAME": "spc-zh-795", "RATING": 13, "COMMENTS": "9"}, {"TITLE": "SCP-ZH-222 - \u6708\u7403\u4e0a\u7684\u8d85\u97f3\u6ce2\u55b5\u2764", "FULLNAME": "scp-zh-222", "RATING": 13, "COMMENTS": "2"}, {"TITLE": "SCP-ZH-078 - \u8001\u5e2b\u8aaa\u904e\u4e0d\u53ef\u4ee5\u7ff9\u5169\u8173\u6905", "FULLNAME": "scp-zh-078", "RATING": 16, "COMMENTS": "1"}, {"TITLE": "\u5bbf\u96e8", "FULLNAME": "the-rain-fell-overnight", "RATING": 21, "COMMENTS": "1"}, {"TITLE": "\u862d\u6642\u8fd4\u8a08\u5283\u3001\u662d\u548c\u5341\u516d\u5e74", "FULLNAME": "ran-jikan-rupu", "RATING": 7, "COMMENTS": "0"}, {"TITLE": "\u81f4\u81ea\u7531", "FULLNAME": "0535-june-4th", "RATING": 9, "COMMENTS": "8"}, {"TITLE": "SCP-ZH-603 - \u8173\u8e0f\u8eca\u4e0a\u7684\u4eba", "FULLNAME": "scp-zh-603", "RATING": 30, "COMMENTS": "5"}, {"TITLE": "\u6210\u70ba\u4e00\u500b\u5de5\u5ee0\u9818\u5de5", "FULLNAME": "the-foreman", "RATING": 9, "COMMENTS": "0"}, {"TITLE": "SCP-ZH-175 - \u8d0b\u9020\u7684\u5e78\u798f", "FULLNAME": "scp-zh-175", "RATING": 10, "COMMENTS": "2"}, {"TITLE": "\u773c\u898b\u4e0d\u4e00\u5b9a\u70ba\u5be6", "FULLNAME": "the-thing-you-can-see-is-not-always-authentic", "RATING": 11, "COMMENTS": "2"}, {"TITLE": "\u5de7\u9054Clef!", "FULLNAME": "arkwork-chowderclef", "RATING": 25, "COMMENTS": "0"}, {"TITLE": "\u6211\u768447", "FULLNAME": "my-47-th", "RATING": 13, "COMMENTS": "0"}, {"TITLE": "\u6eff\u6d32\u570b\u7570\u5e38\u8fa6\u516c\u5ba4\u968a\u6b4c", "FULLNAME": "the-song-of-mckao", "RATING": 10, "COMMENTS": "4"}, {"TITLE": "\u83c7\u83c7\u57fa\u91d1\u6703", "FULLNAME": "fungi-foundation", "RATING": 22, "COMMENTS": "6"}, {"TITLE": "\u590f\u4e4b\u96ea", "FULLNAME": "summersnow", "RATING": 8, "COMMENTS": "1"}, {"TITLE": "\u65e5\u74b0\u8755\u8207\u4e3b\u4efb\u8207\u51b0\u6dc7\u51cc", "FULLNAME": "abyssdream-pic-v", "RATING": 12, "COMMENTS": "0"}, {"TITLE": "SCP-ZH-700 - \u9810\u8a00\u5f8c\u4f9d\u7136\u96e3\u4ee5\u907f\u514d", "FULLNAME": "scp-zh-700", "RATING": 11, "COMMENTS": "5"}, {"TITLE": "\u7259\u79d1\u5b9a\u671f\u6aa2\u8a3a", "FULLNAME": "teeth-checked", "RATING": 12, "COMMENTS": "3"}, {"TITLE": "SCP-ZH-265 - \u98db\u8239\u63a8\u52d5\u6708\u7403\u5f15\u81f4\u65e5\u8755\u8aaa", "FULLNAME": "scp-zh-265", "RATING": 6, "COMMENTS": "0"}, {"TITLE": "SCP-ZH-229-EX", "FULLNAME": "scp-zh-229-ex", "RATING": 16, "COMMENTS": "1"}, {"TITLE": "\u300a\u738b\u9053\u7570\u571f-\u507d\u6eff\u6d32\u570b\u7570\u5e38\u8fa6\u516c\u5ba4\u7279\u5c55\u300b\u5834\u520a", "FULLNAME": "the-collection-of-mck", "RATING": 14, "COMMENTS": "2"}, {"TITLE": "\u5c0f\u52d5\u7269\u6a94\u6848\uff1aAmber \uff01", "FULLNAME": "the-electronic-dog", "RATING": 9, "COMMENTS": "3"}, {"TITLE": "\u70ba\u4f55\u6211\u5011\u4e0d\u80fd\u6feb\u7528\u73fe\u5be6\u7a69\u5b9a\u9328\uff1f", "FULLNAME": "about-scranton-reality-anchors", "RATING": 17, "COMMENTS": "3"}, {"TITLE": "Colmod \u7d44\u4ef6\u6307\u5357", "FULLNAME": "colmod-guide", "RATING": 8, "COMMENTS": "0"}, {"TITLE": "\u7e41\u4e2d\u7ad9\u9ede\u5730\u4e0b\u8857", "FULLNAME": "shopping-arcade", "RATING": 21, "COMMENTS": "3"}, {"TITLE": "\u55b5\u55b5\u722a\u722a\uff0c\u6253\u6253\u9bca\u9bca", "FULLNAME": "sh-cat-claw-punch-shark", "RATING": 9, "COMMENTS": "1"}, {"TITLE": "\u7f3a\u5e2d\u8005\u7684\u76db\u5bb4", "FULLNAME": "eclipse-absence", "RATING": 8, "COMMENTS": "0"}, {"TITLE": "\u6c34\u9280\u7814\u7a76\u54e1\u7684\u6587\u6a94\u5411\u91cf\u5316\u7b46\u8a18_\u7b2c\u4e00\u90e8\u5206", "FULLNAME": "researcher-hg-s-svg-art-part1", "RATING": 14, "COMMENTS": "2"}, {"TITLE": "\u7570\u5e38\u8548\u985e\u8cc7\u6599\u55ae-\u6f01\u6c11\u9999\u83c7", "FULLNAME": "pzga-data-fish", "RATING": 8, "COMMENTS": "0"}, {"TITLE": "\u6c34\u9280\u7814\u7a76\u54e1\u7684\u6587\u6a94\u5411\u91cf\u5316\u7b46\u8a18_\u7b2c\u4e8c\u90e8\u5206", "FULLNAME": "researcher-hg-s-svg-art-part2", "RATING": 8, "COMMENTS": "0"}, {"TITLE": "SCP-ZH-221 - \u6676\u862d\u9ad8\u4e2d\u7684\u76f2\u4eba\u5c11\u5e74", "FULLNAME": "scp-zh-221", "RATING": 8, "COMMENTS": "1"}, {"TITLE": "\u86db\u7db2\u570b\u969b\u5b89\u4fdd\u5831\u544a\u66f8 CI-S-057\uff1a\u9713\u8679\u5154\u96fb\u5b50\u904a\u6a02\u5834", "FULLNAME": "cobweb-ci-s-057", "RATING": 7, "COMMENTS": "1"}, {"TITLE": "SCP-1678 UnLondon \u93e1\u50cf\u502b\u6566", "FULLNAME": "the-london-from-eternal2018", "RATING": 9, "COMMENTS": "0"}, {"TITLE": "SCP-073 Cain \u8a72\u96b1 & SCP-076 Abel \u4e9e\u4f2f", "FULLNAME": "the-cain-from-eternal2018", "RATING": 6, "COMMENTS": "0"}, {"TITLE": "\u9ebb\u7cec\u7684scp\u756b\u4f5c\u9078\u96c6", "FULLNAME": "the-art-work-collection-of-wright-wilson", "RATING": 14, "COMMENTS": "0"}, {"TITLE": "\u85dd\u8853\u7d00\u9304\uff1a\u6821\u5916\u6559\u5b78\u3002", "FULLNAME": "art-for-2316", "RATING": 11, "COMMENTS": "0"}, {"TITLE": "SCP-191 Cyborg Child\u6a5f\u68b0\u5973\u5b69&SCP-2845 The Deer\u7261\u9e7f", "FULLNAME": "the-eternal2018-artwork-3", "RATING": 4, "COMMENTS": "0"}, {"TITLE": "SCP-ZH-292 - \u7121\u9650\u7684\u66f8\u6ac3", "FULLNAME": "scp-zh-292", "RATING": 9, "COMMENTS": "0"}, {"TITLE": "SCP-ZH-071 - \u7ffb\u8986\u5df4\u58eb", "FULLNAME": "scp-zh-071", "RATING": 11, "COMMENTS": "1"}, {"TITLE": "\u5fe0\u81e3\u6700\u5f8c\u7684\u6b78\u5bbf", "FULLNAME": "the-cement", "RATING": 9, "COMMENTS": "0"}, {"TITLE": "\u6953\u6a39\u6797", "FULLNAME": "maple-forest", "RATING": 8, "COMMENTS": "0"}, {"TITLE": "SCP-ZH-081 - \u5ab3\u5a66\u6912", "FULLNAME": "scp-zh-081", "RATING": 6, "COMMENTS": "0"}, {"TITLE": "\u5c71\u5cb3\u4e4b\u4e0b", "FULLNAME": "under-the-mountain", "RATING": 9, "COMMENTS": "0"}, {"TITLE": "SCP-ZH-031 - \u7d05\u6cb9\u9ef4\u83cc", "FULLNAME": "scp-zh-031", "RATING": 7, "COMMENTS": "0"}, {"TITLE": "\u900d\u9059\u524d", "FULLNAME": "after-the-boom", "RATING": 10, "COMMENTS": "0"}, {"TITLE": "\u9ebb\u7cec\u7684\u7e41\u4e2d\u4eba\u54e1\u756b\u4f5c\u9078\u96c6\u00b7\u4e00", "FULLNAME": "the-art-work-collection-of-wright-wilson-2", "RATING": 11, "COMMENTS": "0"}, {"TITLE": "\u904e\u96f2\u96e8", "FULLNAME": "overcast", "RATING": 12, "COMMENTS": "0"}, {"TITLE": "\u7b2c\u56db\u676f\u8abf\u9152", "FULLNAME": "wine", "RATING": 5, "COMMENTS": "1"}, {"TITLE": "\u95c7\u58fd\u53f8\u6a94\u6848No.338\u300c\u7d20\u751f\u9b5a\u7247\u63e1\u58fd\u53f8\u300d", "FULLNAME": "yamizushi-file-no338", "RATING": 10, "COMMENTS": "3"}, {"TITLE": "SCP-ZH-333 - \u5f80\u65e5\u4e0d\u518d", "FULLNAME": "adult:scp-zh-333", "RATING": 8, "COMMENTS": "0"}, {"TITLE": "\u672b\u65e5\u6642\u80fd\u6ce1\u676f\u8336\u55ce\uff1f", "FULLNAME": "teapotoao", "RATING": 5, "COMMENTS": "3"}, {"TITLE": "AO-ZH-252 \u5168\u667a\u6559\u7684\u78e8\u8c46\u6a5f", "FULLNAME": "ao-zh-252", "RATING": 11, "COMMENTS": "0"}, {"TITLE": "SCP-ZH-391 - \u96e8\u505c\u4e4b\u524d", "FULLNAME": "scp-zh-391", "RATING": 10, "COMMENTS": "1"}, {"TITLE": "\u4e8c\u4eba\u5bb6\u5ead", "FULLNAME": "a-family-of-two", "RATING": 9, "COMMENTS": "1"}, {"TITLE": "\u4eba\u7684\u60b2\u6b61\uff0c\u4e26\u4e0d\u76f8\u901a", "FULLNAME": "human-sorrows-and-joys", "RATING": 13, "COMMENTS": "2"}, {"TITLE": "Bright\u5bb6\u65cf", "FULLNAME": "bright-family", "RATING": 10, "COMMENTS": "1"}, {"TITLE": "SCP-ZH-461 - \u4eba\u5011\u7dca\u6293\u8457\u51b0\u584a", "FULLNAME": "scp-zh-461", "RATING": 9, "COMMENTS": "1"}, {"TITLE": "SCP-ZH-717 - \u8ab2\u5802\u4e2d\u8acb\u52ff\u4f38\u51fa\u9644\u80a2", "FULLNAME": "scp-zh-717", "RATING": 17, "COMMENTS": "0"}, {"TITLE": "\u53cd\u7570\u5e38\u6709\u7d44\u7e54\u7f6a\u6848\u7279\u6b8a\u884c\u52d5\u5831\u544a\uff1a\u4ee3\u865f\u300c\u53cd\u9ed1\u300d", "FULLNAME": "anti-dark", "RATING": 7, "COMMENTS": "0"}, {"TITLE": "SCP-ZH-014 - \u4eba\u9b5a\u516c\u4e3b\u7684\u6545\u4e8b", "FULLNAME": "scp-zh-014", "RATING": 20, "COMMENTS": "4"}, {"TITLE": "SCP-ZH-451 - \u53cd\u5c0d\u8005\u8207\u8815\u87f2", "FULLNAME": "scp-zh-451", "RATING": 10, "COMMENTS": "7"}, {"TITLE": "\u6c92\u6709\u4eba\u8981\u5e36\u5bb6\u4eba\u9003\u96e3\u3002", "FULLNAME": "nobody-s-home", "RATING": 6, "COMMENTS": "0"}, {"TITLE": "\u62cb\u9234\u4eba\u4e2d\u5fc3\u9801", "FULLNAME": "goi-bt", "RATING": 23, "COMMENTS": "1"}, {"TITLE": "SCP-ZH-015 - \u4e03\u4eba\u516b\u7b11", "FULLNAME": "scp-zh-015", "RATING": 23, "COMMENTS": "0"}, {"TITLE": "\u4e09\u6bb5\u8ad6\u8b49\u5165\u8077\u8b1b\u5ea7", "FULLNAME": "work-as-a-syllogism-member", "RATING": 12, "COMMENTS": "0"}, {"TITLE": "Dr. Semibreve -\u524d\u5f80\u2588\u2588\u2588\u2588\u7684\u8def\u7a0b", "FULLNAME": "drsemibreve-road-to", "RATING": 10, "COMMENTS": "0"}, {"TITLE": "SCP-ZH-042 - \u6368\u8eab\u9935\u4eba", "FULLNAME": "scp-zh-042", "RATING": 17, "COMMENTS": "1"}, {"TITLE": "\u6211\u5011\u5c1a\u672a\u77e5\u9053\u7684\u65c5\u7a0b\u7684\u7d42\u9ede-\u2588\u2588\u2588/9288 km", "FULLNAME": "artwork-of-9288-ex", "RATING": 21, "COMMENTS": "2"}, {"TITLE": "\u4e2d\u570b\u570b\u5b89\u90e8\uff0c\u4e0d\u61c9\u5b58\u5728\u7684\u5341\u4e5d\u5c40", "FULLNAME": "19th-bureau-of-mss-of-china", "RATING": 19, "COMMENTS": "18"}, {"TITLE": "\u7b2c\u3007\u516d\u516d\u4e94\u865f", "FULLNAME": "collected-item-no0665", "RATING": 7, "COMMENTS": "0"}, {"TITLE": "SCP-ZH-282 - \u9955\u5ba2", "FULLNAME": "scp-zh-282", "RATING": 19, "COMMENTS": "3"}, {"TITLE": "\u7a79\u9802\u4e4b\u4e0b\u7684\u90a3\u4eba", "FULLNAME": "hbd-to-vik", "RATING": 11, "COMMENTS": "2"}, {"TITLE": "SCP-ZH-046 - \u5de1\u5c71\u9748", "FULLNAME": "scp-zh-046", "RATING": 18, "COMMENTS": "2"}, {"TITLE": "\u53f0\u7063\u9435\u9053\u98ef\u5e97\u7684\u5b89\u5e03\u7f85\u65af\u9910\u5ef3", "FULLNAME": "ambrose-taiwan-railway-hotel", "RATING": 17, "COMMENTS": "3"}, {"TITLE": "SCP-ZH-111 - \u81ea\u6211\u4e2d\u5fc3", "FULLNAME": "scp-zh-111", "RATING": 38, "COMMENTS": "0"}, {"TITLE": "\u86db\u7db2\u570b\u969b \u4e2d\u5fc3\u9801", "FULLNAME": "cobweb-international-hub", "RATING": 14, "COMMENTS": "2"}, {"TITLE": "\u822a\u6d77\u5b78\u4e2d\u5fc3\u9801", "FULLNAME": "navigation", "RATING": 21, "COMMENTS": "0"}, {"TITLE": "Ctrl Z\u535a\u58eb\u7684SCP\u8cbc\u7d19\u6536\u96c6\u7c3f-Safe", "FULLNAME": "sticker", "RATING": 12, "COMMENTS": "0"}, {"TITLE": "Ctrl Z\u535a\u58eb\u7684SCP\u8cbc\u7d19\u6536\u96c6\u7c3f-Euclid", "FULLNAME": "sticker2", "RATING": 11, "COMMENTS": "0"}, {"TITLE": "Ctrl Z\u535a\u58eb\u7684SCP\u8cbc\u7d19\u6536\u96c6\u7c3f-Keter", "FULLNAME": "sticker3", "RATING": 12, "COMMENTS": "0"}, {"TITLE": "1935\u7570\u5e38\u535a\u89bd\u6703-LOGO", "FULLNAME": "the-taiwan-exposition-1935-logo", "RATING": 14, "COMMENTS": "0"}, {"TITLE": "\u85dd\u8853\u7d00\u9304\uff1a\u96ea\u4e2d\u9001\u70ad\u3002", "FULLNAME": "art-for-2616-jp", "RATING": 10, "COMMENTS": "0"}, {"TITLE": "SCP-ZH-617 - \u897f\u65b9\u7684\u52c7\u8005", "FULLNAME": "scp-zh-617", "RATING": 14, "COMMENTS": "8"}, {"TITLE": "\u95c7\u58fd\u53f8\u6a94\u6848No.019\u300c\u4f38\u5361\u63e1\u6cd5\u300d", "FULLNAME": "yamizushi-file-no019", "RATING": 14, "COMMENTS": "1"}, {"TITLE": "\u6708\u4e2d\u79cb\uff0c\u79cb\u7cdc\u4e4b\u9905\u4e0d\u898b\u6b23\u559c", "FULLNAME": "not-a-mooncake", "RATING": 17, "COMMENTS": "0"}, {"TITLE": "\u4e00\u822c\u8207\u7570\u5e38\u63a2\u52d8\u8b1b\u5ea7", "FULLNAME": "how-to-survive-in-the-wild", "RATING": 19, "COMMENTS": "3"}, {"TITLE": "\u5ec1\u6240\u88e1\u7684\u81f4\u547d\u6a21\u56e0", "FULLNAME": "the-bottle-in-restroom", "RATING": 32, "COMMENTS": "7"}, {"TITLE": "\u4e2d\u83ef\u4eba\u6c11\u5171\u548c\u570b\u570b\u5bb6\u5b89\u5168\u90e8\u7570\u5e38\u5341\u4e5d\u5c40 - LOGO", "FULLNAME": "mss-19-logo", "RATING": 10, "COMMENTS": "4"}, {"TITLE": "\u7d00\u5f8b\u56b4\u660e", "FULLNAME": "discipline", "RATING": 8, "COMMENTS": "2"}, {"TITLE": "GOI\u840c\u5a18\u5316-AWCY\u548cGAW", "FULLNAME": "goi-awcy-gaw", "RATING": 16, "COMMENTS": "4"}, {"TITLE": "SCP-ZH-164 - \u6b78\u65c5", "FULLNAME": "scp-zh-164", "RATING": 7, "COMMENTS": "1"}, {"TITLE": "\u85dd\u8853@(&\u02ca\u7d00\u2588\uff1a\u81ea\u6211\u4e2d\u5fc3\u3002", "FULLNAME": "art-for-zh-111", "RATING": 11, "COMMENTS": "0"}, {"TITLE": "\u8acb\u554f\u6709\u8ab0\u80fd\u628a\u5730\u4e0b\u8857\u7684\u63db\u5e63\u6a5f\u4fee\u4e00\u4e0b", "FULLNAME": "artwork-shopping-arcade", "RATING": 19, "COMMENTS": "1"}, {"TITLE": "\u4e9e\u7d30\u4e9e\u7684\u5b64\u5152\u662f\u8ab0", "FULLNAME": "who-is-the-asian-orphan", "RATING": 14, "COMMENTS": "1"}, {"TITLE": "SCP-ZH-426 - \u82b1\u5712\u4e2d\u7684\u86c7\u662f\u7d55\u4e0d\u4f4e\u982d\u7684", "FULLNAME": "scp-zh-426", "RATING": 15, "COMMENTS": "17"}, {"TITLE": "GOI\u840c\u5a18\u5316-\u4e0b\u5348\u8336\u6703", "FULLNAME": "goi", "RATING": 16, "COMMENTS": "2"}, {"TITLE": "\u795e\u7570\u535a\u89bd\u6703\u4e00\u4e5d\u4e09\u4e94", "FULLNAME": "taiwan-miracle-exposition", "RATING": 24, "COMMENTS": "3"}, {"TITLE": "\u64ec\u614b\u7684\u53f0\u7063\u8706.html", "FULLNAME": "meretrix-mimicking-cyrenidae", "RATING": 14, "COMMENTS": "4"}, {"TITLE": "\u6bba\u4eba\u8005\u8207\u88ab\u6bba\u7684\u6bba\u4eba\u8005", "FULLNAME": "artwork-ageantaa1", "RATING": 14, "COMMENTS": "0"}, {"TITLE": "\u90a3\u4e9b\u88ab\u7576\u6210\u85e5\u7269\u5bb0\u4f86\u5403\u7684\u4eba\u5011", "FULLNAME": "sh-cannibalism-in-taiwan", "RATING": 13, "COMMENTS": "5"}, {"TITLE": "\u84ec\u840a\u5cf6\u65b0\u5275\u6c11\u4e3b\u5f62\u5f0f\uff1a\u300c\u5275\u5236\u300d\u9996\u9577\u5c07\u65bc\u4eca\u65e5\u89e3\u51cd", "FULLNAME": "r-sinano-chuo-zhtr-2018-11-19-a222a", "RATING": 18, "COMMENTS": "2"}, {"TITLE": "\u7e41\u4e2d\u5b98\u65b9\u5316\u8cc0\u5716", "FULLNAME": "scp", "RATING": 20, "COMMENTS": "2"}, {"TITLE": "\u6536\u5bb9\u5ba4ZH-S12-E-024\u5be6\u9a57\u7d00\u9304", "FULLNAME": "scp-zh-024", "RATING": 35, "COMMENTS": "0"}, {"TITLE": "\u6c99\u7687\u5148\u77e5\u5354\u6703\u64ec\u4eba-\u5947\u8853\u8b1b\u89e3\u7bc7", "FULLNAME": "tsars-seers-art-thaumatology", "RATING": 18, "COMMENTS": "4"}, {"TITLE": "\u6bba\u6b7b\u4e00\u96bb\u77e5\u66f4\u9ce5\u3002", "FULLNAME": "it-was-not-my-fault", "RATING": 22, "COMMENTS": "2"}, {"TITLE": "\u62dc\u8a2a\u8207\u5de7\u9047", "FULLNAME": "meeting", "RATING": 11, "COMMENTS": "0"}, {"TITLE": "SCP-ZH-500 - \u8b77\u57ce\u754c\u9580", "FULLNAME": "scp-zh-500", "RATING": 8, "COMMENTS": "0"}, {"TITLE": "\u672a\u7f72\u540d\u7684\u8056\u8a95\u79ae\u7269 Site-ZH-02", "FULLNAME": "xmas-gift-but-have-no-signature-02", "RATING": 8, "COMMENTS": "0"}, {"TITLE": "\u7d00\u9304\u53ca\u8a0a\u606f\u5b89\u5168\u7ba1\u7406\u90e8\u9580\u7279\u6b8a\u6587\u4ef6\uff0d\u8207\u674e\u7e3d\u7d71\u767b\u8f1d\u5148\u751f\u76f8\u95dc\u7684\u5c08\u8a2a", "FULLNAME": "raisa-lee-teng-hui", "RATING": 17, "COMMENTS": "1"}, {"TITLE": "\u751f\u547d\u71c8\u570b\u969b\u707d\u96e3\u6551\u52a9\u6a5f\u69cb\u4f7f\u547d\u5ba3\u8a00", "FULLNAME": "mtf15-21-manifesto", "RATING": 12, "COMMENTS": "2"}, {"TITLE": "\u84bc\u767d\u7684\u672b\u671f\u60a3\u8005", "FULLNAME": "81q5-sadness-pink", "RATING": 18, "COMMENTS": "0"}, {"TITLE": "Nihilmace\u7d66\u65b0\u4eba\u7684\u4e00\u4e9b\u5275\u4f5c\u5efa\u8b70\uff1a\u6211\u8a72\u5982\u4f55\u8b93\u6587\u7ae0\u5408\u683c\uff1f", "FULLNAME": "plz-fuck-off-mary-sue", "RATING": 13, "COMMENTS": "0"}, {"TITLE": "\u7b2c\u516b\u5c46\u4e16\u754c\u8d85\u885b\u751f\u5927\u6703\u5982\u671f\u8209\u884c\u3000\u8a0e\u8ad6\u300c\u7d42\u5e74\u75c7\u5019\u7fa4\u300d\u518d\u64f4\u6563\u554f\u984c", "FULLNAME": "r-sinano-chuo-co-jp-2030-5-12-f9r324", "RATING": 15, "COMMENTS": "0"}, {"TITLE": "SCP-ZH-878 - \u5a03\u5a03\u6536\u96c6\u8005", "FULLNAME": "scp-zh-878", "RATING": 20, "COMMENTS": "0"}, {"TITLE": "SCP-ZH-088 - \u53ea\u6709\u7537\u5b50\u6f22\u53ef\u4ee5\u9032\u5165\u7684\u9580", "FULLNAME": "scp-zh-088", "RATING": 11, "COMMENTS": "1"}, {"TITLE": "\u8056\u591c\u76f8\u5b88\uff1a\u54aa\u5440\u65b9\u584a\u548c\u8c9d\u7238\u9945\u982d", "FULLNAME": "researcher-hg-s-christmas-3dpaint-art", "RATING": 10, "COMMENTS": "0"}, {"TITLE": "\u8056\u8a95\u7bc0\u524d\u5915", "FULLNAME": "christmas-eve", "RATING": 9, "COMMENTS": "0"}, {"TITLE": "ZH\uff0c025\uff0c1225", "FULLNAME": "zh-025-xmas", "RATING": 18, "COMMENTS": "4"}, {"TITLE": "\u70ba\u4e86\u66f4\u5927\u7684\u5229\u76ca\uff1a\u7b2c\u4e00\u90e8\u5206", "FULLNAME": "ftgg-a-chunibyo-story-p1", "RATING": 8, "COMMENTS": "1"}, {"TITLE": "\u8056\u591c\u76f8\u5b88\uff1a\u7d79\u5370\u5341\u516d\u7ad9", "FULLNAME": "researcher-hg-s-silkscreen-site-zh-16", "RATING": 9, "COMMENTS": "1"}, {"TITLE": "\u9805\u76ee\u4f01\u5283\u66f8 1924-1894\uff1a\u300a\u535a\u89bd\u6703\u300b", "FULLNAME": "project-proposal-1925-1894", "RATING": 13, "COMMENTS": "2"}, {"TITLE": "\u8056\u591c\u76f8\u5b88\u6642", "FULLNAME": "formytreasure", "RATING": 18, "COMMENTS": "0"}, {"TITLE": "\u70ba\u4e86\u66f4\u5927\u7684\u5229\u76ca-\u7b2c\u4e8c\u90e8\u5206", "FULLNAME": "ftgg-a-chunibyo-story-p2", "RATING": 5, "COMMENTS": "2"}, {"TITLE": "\u7e3d\u4e4b\u9019\u662f\u4efd\u9072\u4ea4\u7684\u8056\u8a95\u79ae\u7269", "FULLNAME": "merry-xmas-onhg", "RATING": 13, "COMMENTS": "3"}, {"TITLE": "\u8056\u591c\u76f8\u5b88\uff1a\u5b88\u8b77\u4e4b\u934a", "FULLNAME": "scp-zh-085-svg-art", "RATING": 9, "COMMENTS": "1"}, {"TITLE": "\u8056\u591c\u76f8\u5b88\uff1a\u624b\u5de5\u73a9\u5076", "FULLNAME": "handcraft-doll", "RATING": 13, "COMMENTS": "1"}, {"TITLE": "\u6b98\u5f71", "FULLNAME": "afterimage", "RATING": 14, "COMMENTS": "2"}, {"TITLE": "\u96f7\u5c04\u96d5\u523b\u2500\u2500Site-ZH-12", "FULLNAME": "site-zh-12-made-with-wood", "RATING": 17, "COMMENTS": "0"}, {"TITLE": "\u8ce6\u5176\u4ee5\u5f62", "FULLNAME": "give-it-shape", "RATING": 19, "COMMENTS": "1"}, {"TITLE": "2021\u51ac\u5b63\u7af6\u8cfd \u4e3b\u984c\u300a\u7d05\u300b", "FULLNAME": "winter-ace-2021", "RATING": 9, "COMMENTS": "0"}, {"TITLE": "\u5047\u9762\u9a0e\u58ebAD\u7247\u982d\u4e3b\u984c\u66f2\uff1a\u5922\u60f3\u8207\u7f6a\u60e1\u4e4b\u9593", "FULLNAME": "between-dream-and-sin", "RATING": 13, "COMMENTS": "7"}, {"TITLE": "\u6b98\u71ed", "FULLNAME": "candle-in-the-wind", "RATING": 11, "COMMENTS": "3"}, {"TITLE": "\u842c\u4e08\u6df1\u6df5", "FULLNAME": "abyss", "RATING": 8, "COMMENTS": "2"}, {"TITLE": "SCP-ZH-526 - \u6211\u5c31\u662f\u4e00\u53f0\u70e4\u571f\u53f8\u6a5f", "FULLNAME": "scp-zh-526", "RATING": 18, "COMMENTS": "1"}, {"TITLE": "\u7d05\u5b64\u633a", "FULLNAME": "wanderers", "RATING": 7, "COMMENTS": "0"}, {"TITLE": "\u771f\u5be6", "FULLNAME": "authentic", "RATING": 11, "COMMENTS": "2"}, {"TITLE": "SCP-ZH-091 - \u9003\u5175", "FULLNAME": "scp-zh-091", "RATING": 20, "COMMENTS": "3"}, {"TITLE": "SCP-ZH-140 - \u5b57\u7fa9\u76f8\u6096", "FULLNAME": "scp-zh-140", "RATING": 20, "COMMENTS": "7"}, {"TITLE": "SCP-ZH-224 - \u4e00\u76d2\u96de\u86cb", "FULLNAME": "scp-zh-224", "RATING": 8, "COMMENTS": "3"}, {"TITLE": "SCP-ZH-079 - \u76ee\u6a19\uff0c\u89aa\u738b\uff0c\u64ca\u767c", "FULLNAME": "scp-zh-079", "RATING": 12, "COMMENTS": "1"}, {"TITLE": "SCP-ZH-2005-EX", "FULLNAME": "scp-zh-2005-ex", "RATING": 58, "COMMENTS": "1"}, {"TITLE": "\u751f\u91ab\u5275\u4f5c\u8207\u4f60\uff1a\u5beb\u7d66\u57fa\u91d1\u6703\u4f5c\u5bb6\u7684\u540d\u8a5e\u8fa8\u6790", "FULLNAME": "biomedical-sense-zh", "RATING": 14, "COMMENTS": "1"}, {"TITLE": "SCP-ZH-204 - \u7d05\u5305\u9999", "FULLNAME": "scp-zh-204", "RATING": 17, "COMMENTS": "0"}, {"TITLE": "\u7236\u89aa\u548c\u5152\u5b50", "FULLNAME": "fatherandson", "RATING": 14, "COMMENTS": "0"}, {"TITLE": "\u8868\u6f14", "FULLNAME": "first-performance", "RATING": 7, "COMMENTS": "1"}, {"TITLE": "\u85dd\u8853\u7d00\u9304\uff1a\u7db2\u8def\u7d05\u4eba\u3002", "FULLNAME": "art-for-zh2005ex", "RATING": 15, "COMMENTS": "0"}, {"TITLE": "Dr. Kris\u7684\u6587\u6a94\u5c71\u6d77\uff0dDr.Apoyn\u7684\u901f\u5beb", "FULLNAME": "k1s10r0d-quick-sketch-of-dr-apoyn", "RATING": 14, "COMMENTS": "2"}, {"TITLE": "\u7dda\u7684\u53e6\u4e00\u7aef", "FULLNAME": "red-red-string", "RATING": 11, "COMMENTS": "0"}, {"TITLE": "\u6d17\u6a19\uff1a\u7d051354-\u6df1\u5165\u50b3\u7d71\u7d0d\u9913\u5361\u90e8\u843d", "FULLNAME": "red-1354", "RATING": 17, "COMMENTS": "1"}, {"TITLE": "SCP-ZH-172 - \u8840\u7d19", "FULLNAME": "scp-zh-172", "RATING": 6, "COMMENTS": "9"}, {"TITLE": "\u6211\u662f\u8ab0\uff1f", "FULLNAME": "k1s10r0d-what-am-i", "RATING": 14, "COMMENTS": "2"}, {"TITLE": "SCP-ZH-404 - \u7121\u6cd5\u9003\u96e2", "FULLNAME": "scp-zh-404", "RATING": 8, "COMMENTS": "6"}, {"TITLE": "Nihilmace\u8207Valmua", "FULLNAME": "k1s10r0d-nihilmace-and-valmua", "RATING": 16, "COMMENTS": "3"}, {"TITLE": "SCP-ZH-235 - \u6703\u98db\u7684\u5c0f\u9ec3\u66f8", "FULLNAME": "adult:scp-zh-235", "RATING": 22, "COMMENTS": "10"}, {"TITLE": "SCP-ZH-240 - \u660e\u71c8", "FULLNAME": "scp-zh-240", "RATING": 11, "COMMENTS": "1"}, {"TITLE": "SCP-ZH-950 - \u7da0\u795e\u7d93", "FULLNAME": "scp-zh-950", "RATING": 17, "COMMENTS": "1"}, {"TITLE": "Dr. Kris\u7684\u6587\u6a94\u5c71\u6d77\uff0dDr. Kris\u7684\u96a8\u624b\u5857\u9d09", "FULLNAME": "k1s10r0d-kris-doodle", "RATING": 14, "COMMENTS": "0"}, {"TITLE": "2013\u5e74\u7684\u96d9\u4eba\u81ea\u62cd", "FULLNAME": "selfie-of-metha-and-kris-in-2013", "RATING": 16, "COMMENTS": "0"}, {"TITLE": "\u4e8b\u4ef6\u4ee3\u865f\uff1a\u6838\u88c2\u64e0\u514c-\u5916\u52e4\u7814\u7a76\u54e1 \u6c34\u9280\u8996\u89d2", "FULLNAME": "operation-nucleon-bank-hg", "RATING": 11, "COMMENTS": "2"}, {"TITLE": "Ctrl Z\u535a\u58eb\u7684SCP-ZH\u8a18\u9304-1", "FULLNAME": "creepy-tunnel", "RATING": 24, "COMMENTS": "2"}, {"TITLE": "SCP-ZH-593 - \u5761\u9802", "FULLNAME": "scp-zh-593", "RATING": 15, "COMMENTS": "0"}, {"TITLE": "\u4f60\u6703\u611f\u5230\u5f8c\u6094\u55ce\uff1f", "FULLNAME": "what-are-you-waiting-for-just-join-goc-dude", "RATING": 36, "COMMENTS": "5"}, {"TITLE": "SCP-ZH-496 - \u5b89\u5168\u6975\u9650\u8ddd\u96e2", "FULLNAME": "scp-zh-496", "RATING": 30, "COMMENTS": "7"}, {"TITLE": "SCP-ZH-146 - \u7834\u93e1\u6c38\u7121\u91cd\u5713\u4e4b\u65e5", "FULLNAME": "scp-zh-146", "RATING": 9, "COMMENTS": "2"}, {"TITLE": "SCP-ZH-322 - \u7121\u6c34\u4e4b\u676f", "FULLNAME": "scp-zh-322", "RATING": 12, "COMMENTS": "2"}, {"TITLE": "\u624b\u7e6aSCP", "FULLNAME": "zoelin-scp", "RATING": 4, "COMMENTS": "4"}, {"TITLE": "SCP-ZH-835 - \u71e6\u85cd\u795e\u5316\u5929\u7a79", "FULLNAME": "scp-zh-835", "RATING": 22, "COMMENTS": "2"}, {"TITLE": "SCP-ZH-022-J - \u62dc\u8a17\u8ab0\u4f86\u628a\u5b83\u586b\u4e0a", "FULLNAME": "scp-zh-022-j", "RATING": 37, "COMMENTS": "19"}, {"TITLE": "SCP-ZH-022 - \u534a\u96bb\u77f3\u7345\u5b50", "FULLNAME": "scp-zh-022", "RATING": 7, "COMMENTS": "7"}, {"TITLE": "\u5929\u7a79\u4e4b\u4e0b\uff0c\u5343\u9ce5\u56db\u6563", "FULLNAME": "flock-shatters-beneath-the-skydome", "RATING": 12, "COMMENTS": "3"}, {"TITLE": "SCP-ZH-066 - \u6709\u501f\u6709\u9084", "FULLNAME": "scp-zh-066", "RATING": 11, "COMMENTS": "5"}, {"TITLE": "\u971c\u5bd2", "FULLNAME": "frozencold", "RATING": 11, "COMMENTS": "0"}, {"TITLE": "\u5f8c\u73fe\u4ee3\u57fa\u91d1\u6703\u540c\u4eba\u6200\u611b\u5411\u8f15\u5c0f\u8aaa", "FULLNAME": "k1s10r0d-april-fool-project-2021", "RATING": 18, "COMMENTS": "5"}, {"TITLE": "2021\u611a\u4eba\u7bc0\u4e3b\u9801", "FULLNAME": "super-cooking-pot", "RATING": 24, "COMMENTS": "10"}, {"TITLE": "SCP-ZH-00l", "FULLNAME": "scp-zh-00l", "RATING": 13, "COMMENTS": "5"}, {"TITLE": "SCP-ZH-873 - \u9435\u93fd\u5473", "FULLNAME": "scp-zh-873", "RATING": 7, "COMMENTS": "7"}, {"TITLE": "SCP-ZH-833 - \u6642\u9006\u6b98\u5f71", "FULLNAME": "scp-zh-833", "RATING": 10, "COMMENTS": "4"}, {"TITLE": "\u79c1\u6848\uff1a\u81ea\u7c4c\u8cc7\u91d1", "FULLNAME": "the-plan-of-stonks", "RATING": 10, "COMMENTS": "0"}, {"TITLE": "SCP-ZH-440 - Site-ZH-04", "FULLNAME": "scp-zh-440", "RATING": 12, "COMMENTS": "6"}, {"TITLE": "SCP-ZH-880 - \u963f\u5b24\u89ba\u5f97\u4f60\u51b7", "FULLNAME": "scp-zh-880", "RATING": 30, "COMMENTS": "2"}, {"TITLE": "SCP-ZH-162 - TEIC\u6f14\u7b97\u6cd5", "FULLNAME": "scp-zh-162", "RATING": 10, "COMMENTS": "2"}, {"TITLE": "SCP-ZH-185 - \u4e56\u4e56\u7a69\u5b9a\u5668", "FULLNAME": "scp-zh-185", "RATING": 19, "COMMENTS": "11"}, {"TITLE": "\u9396\u93c8\u7684\u97f3\u7af9", "FULLNAME": "k1s10r0d-chain-sugoi", "RATING": 29, "COMMENTS": "6"}, {"TITLE": "SCP-ZH-946 - \u9ed1\u5154\u5927\u6230\u722d\ud83d\udc07", "FULLNAME": "scp-zh-946", "RATING": 27, "COMMENTS": "13"}, {"TITLE": "\u904a\u6a02\u5712\u5167\u7684\u79d8\u5bc6", "FULLNAME": "lxvi-cafe-park", "RATING": 9, "COMMENTS": "5"}, {"TITLE": "Surge\u7684\u63d0\u6848\u4e00", "FULLNAME": "surge-s-proposal-1", "RATING": 33, "COMMENTS": "11"}, {"TITLE": "\u6545\u4e8b\u7684\u529b\u91cf\uff5e\u4f60\u70ba\u4ec0\u9ebc\u9700\u8981\u8d85\u5f62\u4e0a\u5b78\uff5e", "FULLNAME": "why-you-need-pataphysics", "RATING": 28, "COMMENTS": "1"}, {"TITLE": "SCP-ZH-297 - \u9ef4\u83cc\uff0c\u9709\u83cc", "FULLNAME": "scp-zh-297", "RATING": 11, "COMMENTS": "6"}, {"TITLE": "\u7375\u72d0\u884c\u52d5", "FULLNAME": "foxhunt", "RATING": 13, "COMMENTS": "0"}, {"TITLE": "SCP-ZH-736 - \u4f60\u4e0d\u80fd\u518d\u5f80\u524d\u4e86", "FULLNAME": "scp-zh-736", "RATING": 32, "COMMENTS": "14"}, {"TITLE": "\u6240\u6709\u7684\u6a4b\u90fd\u88ab\u71d2\u6389\u4e86", "FULLNAME": "all-the-bridges-were-burned", "RATING": 13, "COMMENTS": "1"}, {"TITLE": "SCP-ZH-903 - \u7076\u795e\u98df\u8b5c\uff08\u96f6\u5931\u6557\uff09", "FULLNAME": "scp-zh-903", "RATING": 18, "COMMENTS": "4"}, {"TITLE": "\u597d\u9913\u597d\u9913\u7684\u514b\u91cc\u65af\u535a\u58eb", "FULLNAME": "the-very-hungry-dr-kris", "RATING": 17, "COMMENTS": "2"}, {"TITLE": "\u8a08\u5283\u5831\u544a{RL-130}", "FULLNAME": "nsb8-rl130", "RATING": 8, "COMMENTS": "0"}, {"TITLE": "\u5c71\u59c6\u7684ZH\u5206\u90e8\u9805\u76ee\u7d00\u9304\u672c", "FULLNAME": "samscript-scp-artwork", "RATING": 16, "COMMENTS": "1"}, {"TITLE": "SCP-ZH-527 - \u96b1\u5f62\u7684\u5947\u5947\u6469\u62c9", "FULLNAME": "scp-zh-527", "RATING": 14, "COMMENTS": "1"}, {"TITLE": "\u9060\u5df1\u4e2d\u5fc3\u9801", "FULLNAME": "yuanji-hub", "RATING": 15, "COMMENTS": "9"}, {"TITLE": "SCP-ZH-533 - \u60e1\u6027\u806f\u7d50\u8eca", "FULLNAME": "scp-zh-533", "RATING": 8, "COMMENTS": "0"}, {"TITLE": "SCP-ZH-782 - \u725b\u89d2\u6cf0\u68ee", "FULLNAME": "scp-zh-782", "RATING": 8, "COMMENTS": "1"}, {"TITLE": "\u4f60\u662f\u5565\u7269\u4eba\uff1f", "FULLNAME": "to-the-doctor", "RATING": 13, "COMMENTS": "5"}, {"TITLE": "SCP-ZH-231 - \u9ed1\u6697\u5361\u897f", "FULLNAME": "scp-zh-231", "RATING": 9, "COMMENTS": "9"}, {"TITLE": "SCP-ZH-327 - \u82b1\u5152\u8207\u6ab3\u6994", "FULLNAME": "scp-zh-327", "RATING": 12, "COMMENTS": "3"}, {"TITLE": "SCP-ZH-709 - \u5b78\u97f3\u6a02\u7684\u5c0f\u5b69\u4e0d\u6703\u8b8a\u58de", "FULLNAME": "scp-zh-709", "RATING": 9, "COMMENTS": "1"}, {"TITLE": "SCP-ZH-614 - 4D\u7cbd\u5b50", "FULLNAME": "scp-zh-614", "RATING": 11, "COMMENTS": "8"}, {"TITLE": "SCP-ZH-988 - \u6301\u69cd\u7684\u5b69\u5b50", "FULLNAME": "scp-zh-988", "RATING": 7, "COMMENTS": "2"}, {"TITLE": "SCP-ZH-410 - \u5316\u5de5\u5ee0\u7684\u9435\u6876", "FULLNAME": "scp-zh-410", "RATING": 13, "COMMENTS": "5"}, {"TITLE": "2021 \u590f\u5b63\u7af6\u8cfd \u4e3b\u984c\u300a\u7570\u805e\u9304\u300b", "FULLNAME": "summer-contest-2021", "RATING": 13, "COMMENTS": "7"}, {"TITLE": "SCP-ZH-198 - \u56da\u8702", "FULLNAME": "scp-zh-198", "RATING": 3, "COMMENTS": "15"}, {"TITLE": "SCP-ZH-0601-J", "FULLNAME": "scp-zh-0601-j", "RATING": 16, "COMMENTS": "4"}, {"TITLE": "\u5929\u4eae\u524d\u7684\u6200\u611b\u6545\u4e8b", "FULLNAME": "taisho150-lovestorybeforedawn", "RATING": 20, "COMMENTS": "2"}, {"TITLE": "SCP-ZH-684 - Kangic", "FULLNAME": "scp-zh-684", "RATING": 13, "COMMENTS": "1"}, {"TITLE": "Ctrl Z\u535a\u58eb\u7684\u925b\u7b46\u5857\u9d09", "FULLNAME": "ctrlzpencil", "RATING": 16, "COMMENTS": "2"}, {"TITLE": "SCP-ZH-060-J - Re:\u5728\u97f3\u7af9\u5b87\u5b99\u91cd\u751f\u7684\u7169\u4eba\u7f8e\u5c11\u5973\u5230\u5e95\u662f\u751a\u9ebc\u6771\u897f\u5440?!", "FULLNAME": "scp-zh-060-j", "RATING": 22, "COMMENTS": "10"}, {"TITLE": "SCP-ZH-339 - \u907f\u98a8\u6e2f", "FULLNAME": "scp-zh-339", "RATING": 16, "COMMENTS": "6"}, {"TITLE": "\u6a5f\u52d5\u7279\u9063\u968a\u64f4\u5145\u7cfb\u7d71\uff1a\u9ec3\u9053\u4e8c\u5341\u516b\u5bbf", "FULLNAME": "task-forces-zh-28-xiu", "RATING": 8, "COMMENTS": "4"}, {"TITLE": "\u57fa\u9234\u5354\u8b70\u670d\u52d9\u8655 \u5feb\u901f\u8cc7\u6599\u67e5\u8a62\u7cfb\u7d71", "FULLNAME": "manual-bt", "RATING": 9, "COMMENTS": "1"}, {"TITLE": "SCP-ZH-1000-EX", "FULLNAME": "scp-zh-1000-ex", "RATING": 18, "COMMENTS": "5"}, {"TITLE": "\u4e2d\u6e2f\u8def\u4e0a\u6c92\u6709\u4eba\u53ea\u6709\u91ce\u72fc", "FULLNAME": "wolf-125", "RATING": 16, "COMMENTS": "3"}, {"TITLE": "\u7570\u5e38\u9805\u76ee\u7d00\u9304\uff1a\u300c\u9632\u66b4\u8b66\u5bdf\u982d\u76d4\u300d", "FULLNAME": "anomalous-item-hk-police-helmet", "RATING": 37, "COMMENTS": "5"}, {"TITLE": "SCP-ZH-067 - \u85cd\u5716", "FULLNAME": "scp-zh-067", "RATING": 10, "COMMENTS": "9"}, {"TITLE": "\u85dd\u8853\u7d00\u9304\uff1a\u7d5e\u798f\u8ad6", "FULLNAME": "art-for-1062-jp", "RATING": 12, "COMMENTS": "0"}, {"TITLE": "\u6211\u7684\u8001\u5bb6\u6709\u9ede\u602a", "FULLNAME": "parawatch-my-hometown-was-a-miracle", "RATING": 12, "COMMENTS": "1"}, {"TITLE": "SCP-ZH-402 - \u6210\u9577", "FULLNAME": "scp-zh-402", "RATING": 16, "COMMENTS": "4"}, {"TITLE": "\u6709\u4eba\u770b\u4e00\u4e0b\u6211\u7684\u756b\u55ce", "FULLNAME": "can-anyone-explain-it", "RATING": 15, "COMMENTS": "7"}, {"TITLE": "\u5f15\u865f\u4e4b\u9593", "FULLNAME": "in-the-quotation", "RATING": 13, "COMMENTS": "0"}, {"TITLE": "SCP-ZH-613 - \u8840\u5929\u4f7f", "FULLNAME": "scp-zh-613", "RATING": 16, "COMMENTS": "1"}, {"TITLE": "\u7dad\u5b89\u8a2d\u65bd\u6a94\u6848\uff1aSite-ZH-13", "FULLNAME": "site-zh-13", "RATING": 9, "COMMENTS": "2"}, {"TITLE": "SCP-ZH-776 - \u6697\u9ed1\u6697\u9ed1\u6697\u9ed1\u4e4b\u528d", "FULLNAME": "scp-zh-776", "RATING": 7, "COMMENTS": "6"}, {"TITLE": "\u85dd\u8853\u7d00\u9304\uff1a\u53d7\u7d5e\u4e4b\u738b\u7684\u60b2\u5287", "FULLNAME": "art-for-701", "RATING": 11, "COMMENTS": "0"}, {"TITLE": "\u5c0d\u5411\u5217\u8eca\u7684\u72c2\u5954\u4eba\u5f71", "FULLNAME": "running-shadow-of-the-opposite-train", "RATING": 14, "COMMENTS": "8"}, {"TITLE": "\u67d0\u4eba\u7684\u5922", "FULLNAME": "benitoite-little-pigeon-halloween", "RATING": 14, "COMMENTS": "0"}, {"TITLE": "\u9ed1\u6697\u7684\u623f\u9593", "FULLNAME": "dark-room", "RATING": 9, "COMMENTS": "3"}, {"TITLE": "\u8cc7\u672c\u4e3b\u7fa9\u3001\u4f86\u8972", "FULLNAME": "capitalism-attack", "RATING": 13, "COMMENTS": "3"}, {"TITLE": "\u6ce1\u9eb5\u7684\u57fa\u91d1\u6703\u85dd\u8853\u4f5c\u54c1\u6574\u7406\u9801", "FULLNAME": "paomian-logos-page", "RATING": 8, "COMMENTS": "0"}, {"TITLE": "SCP-ZH-228 - \u7fe0\u57d4\uff0c1947\u3002", "FULLNAME": "scp-zh-228", "RATING": 26, "COMMENTS": "7"}, {"TITLE": "\u7dad\u5b89\u8a2d\u65bd\u6a94\u6848\uff1aSite-ZH-44", "FULLNAME": "site-zh-44", "RATING": 14, "COMMENTS": "5"}, {"TITLE": "SCP-ZH-110 - \u5730\u677f\u7834\u4e86\u500b\u6d1e", "FULLNAME": "scp-zh-110", "RATING": 19, "COMMENTS": "1"}, {"TITLE": "\uff33\u4e4b\u6b7b", "FULLNAME": "the-death-of-sam-or-semibreve-etc", "RATING": 18, "COMMENTS": "4"}, {"TITLE": "\u9805\u76ee\u4f01\u5283\u66f8 2017-47\uff1a\u300a\u5065\u5eb7\u7684\u4ee3\u50f9\u300b", "FULLNAME": "project-proposal-2017-47-zh", "RATING": 24, "COMMENTS": "3"}, {"TITLE": "\u6211\u5011\u6240\u76f8\u4fe1\u7684\u771f\u5be6", "FULLNAME": "turths-we-believe", "RATING": 11, "COMMENTS": "0"}, {"TITLE": "\u8389\u4e9e", "FULLNAME": "riariaria2", "RATING": 16, "COMMENTS": "5"}, {"TITLE": "SCP-ZH-399 - \u6211\u5011\u5fc3\u4e2d\u7684444\u865f\u8996\u807d\u6559\u5ba4", "FULLNAME": "scp-zh-399", "RATING": 32, "COMMENTS": "0"}, {"TITLE": "\u8056\u8a95EVE", "FULLNAME": "xmas-eve-art", "RATING": 13, "COMMENTS": "2"}, {"TITLE": "\u85dd\u8853\u5275\u4f5c\uff1a\u8056\u8a95\u7bc0\u96ea\u55b5", "FULLNAME": "xmax-x", "RATING": 19, "COMMENTS": "0"}, {"TITLE": "\u95dc\u65bc\u5c11\u5973\u7684\u8056\u8a95\u79ae\u7269", "FULLNAME": "the-girls-gift", "RATING": 12, "COMMENTS": "0"}, {"TITLE": "\u8056\u591c\u51fa\u904a", "FULLNAME": "merry-christmas-aya-and-mayaw", "RATING": 16, "COMMENTS": "0"}, {"TITLE": "SCP-ZH-999-J - \u5de5", "FULLNAME": "scp-zh-999-j", "RATING": 6, "COMMENTS": "19"}, {"TITLE": "\u7e41\u4e2d\u7ba1\u7406\u54e1\u7b46\u8a18\uff1a2021\u5e74\u56de\u9867", "FULLNAME": "note-for-u-guys-2021", "RATING": 35, "COMMENTS": "4"}, {"TITLE": "SCP-ZH-065 - \u8461\u63d0\u85a9\u57f5", "FULLNAME": "scp-zh-065", "RATING": 9, "COMMENTS": "4"}, {"TITLE": "\u5929\u4eae\u524d\u7684\u79ae\u7269", "FULLNAME": "raincoat", "RATING": 8, "COMMENTS": "0"}, {"TITLE": "\u4eba\u7684\u5169\u9762", "FULLNAME": "duality-of-man", "RATING": 12, "COMMENTS": "0"}, {"TITLE": "\u90a3\u500b\u8f14\u8def\u5979", "FULLNAME": "that-volutaar", "RATING": 13, "COMMENTS": "0"}, {"TITLE": "Meow!!Gwan", "FULLNAME": "tonal-felidae", "RATING": 11, "COMMENTS": "0"}, {"TITLE": "\u4e0d\u8fa3\uff0c\u4e0d\u8981\u6feb\u85e5\uff0cokay\uff1f", "FULLNAME": "bruh-don-t-do-drugs-okay", "RATING": 12, "COMMENTS": "0"}, {"TITLE": "SCP-ZH-999\uff0d\u4eba\u5011\u6b20\u4ed6\u500b\u7e3d\u7d71\u5e2d\u4f4d", "FULLNAME": "scp-zh-999", "RATING": 57, "COMMENTS": "13"}, {"TITLE": "SCP-ZH-062 - \u71c8\u7334", "FULLNAME": "scp-zh-062", "RATING": 17, "COMMENTS": "0"}, {"TITLE": "SCP-ZH-059 - \u7121\u5f62\u7684\u5974\u96b8\u8207\u53cd\u6297", "FULLNAME": "scp-zh-059", "RATING": 20, "COMMENTS": "0"}, {"TITLE": "SCP-ZH-534 - \u9019\u662f\u5728\u8cbc\u5565\u5566", "FULLNAME": "scp-zh-534", "RATING": 4, "COMMENTS": "5"}, {"TITLE": "SCP-ZH-104 - \u4eba\u5de5\u9020\u5b50", "FULLNAME": "scp-zh-104", "RATING": 12, "COMMENTS": "4"}, {"TITLE": "SCP-ZH-830 - \u5947\u8e5f", "FULLNAME": "scp-zh-830", "RATING": 9, "COMMENTS": "1"}, {"TITLE": "\u6069\u624b\u6559\u8a69\u6b4c\uff0d\u6190\u624b", "FULLNAME": "zh-bt-hand-mercy", "RATING": 5, "COMMENTS": "0"}, {"TITLE": "SCP-ZH-277\uff0d\u7bc9\u8def\u4e2d\u539f", "FULLNAME": "scp-zh-277", "RATING": 12, "COMMENTS": "0"}, {"TITLE": "SCP-ZH-072 - \u5de5\u4f5c\u9593\u5931\u7aca\u4e8b\u4ef6", "FULLNAME": "scp-zh-072", "RATING": 17, "COMMENTS": "1"}, {"TITLE": "SCP-ZH-181 - \u6c38\u7e8c\u7684\u5de5\u696d\u9769\u547d", "FULLNAME": "scp-zh-181", "RATING": 12, "COMMENTS": "1"}, {"TITLE": "SCP-ZH-337 - \u5922\u5de5\u5ee0", "FULLNAME": "scp-zh-337", "RATING": 28, "COMMENTS": "6"}, {"TITLE": "\u8056\u5973\u6190\u5b50", "FULLNAME": "kz-la-pieta", "RATING": 15, "COMMENTS": "0"}, {"TITLE": "SCP-ZH-086 - \u8acb\u4f60\u5225\u8aaa\u898b\u904e\u6211", "FULLNAME": "scp-zh-086", "RATING": 22, "COMMENTS": "2"}, {"TITLE": "SCP-ZH-956 - \u6bcf\u65e5\u6aa2\u67e5\u5831\u8868", "FULLNAME": "scp-zh-956", "RATING": 6, "COMMENTS": "2"}, {"TITLE": "SCP-ZH-968 - \u57fa\u8f14\u6230\u9b3c\u986f\u73fe\u4e4b\u6642", "FULLNAME": "scp-zh-968", "RATING": 25, "COMMENTS": "4"}, {"TITLE": "025O\u7684\u756b", "FULLNAME": "025o-s-painting", "RATING": 18, "COMMENTS": "1"}, {"TITLE": "SCP-ZH-922 - \u99ac\u862d\u59d1\u5a18", "FULLNAME": "scp-zh-922", "RATING": 26, "COMMENTS": "1"}, {"TITLE": "SCP-ZH-186 - \u9019\u4e9b\u8eca\u5f9e\u54ea\u4f86?", "FULLNAME": "scp-zh-186", "RATING": 10, "COMMENTS": "0"}, {"TITLE": "SCP-ZH-985 - \u88ab\u62b9\u6d88\u7684\u9152\u5427\u6b77\u53f2", "FULLNAME": "scp-zh-985", "RATING": 12, "COMMENTS": "1"}, {"TITLE": "2022\u611a\u4eba\u7bc0\u4e3b\u9801", "FULLNAME": "soup-chicken-power", "RATING": 16, "COMMENTS": "4"}, {"TITLE": "Site-ZH-88\u7684\u6a19\u8a8c", "FULLNAME": "zh-88-logo", "RATING": 9, "COMMENTS": "1"}, {"TITLE": "SCP-ZH-002-J - \u6c34\u63a8\u8eca", "FULLNAME": "scp-zh-002-j", "RATING": 16, "COMMENTS": "2"}, {"TITLE": "\u4f69\u68ee\u5c3c\u723e\u79c1\u8a2d\u5c0f\u88d9\u5b50\u597d\u8036", "FULLNAME": "pthahnil-drees-relenaxd", "RATING": 11, "COMMENTS": "1"}, {"TITLE": "\u4f60\u77e5\u9053\u55ce", "FULLNAME": "do-you-know-i-love-you", "RATING": 14, "COMMENTS": "1"}, {"TITLE": "\u90fd\u5e02\u50b3\u8aaa\u578b\u7570\u5e38\u61c9\u5c0d\u90e8\u9580\u4e2d\u5fc3\u9801", "FULLNAME": "urban-legend-department", "RATING": 16, "COMMENTS": "1"}, {"TITLE": "\u5225\u60f9\u6211", "FULLNAME": "don-t-tread-on-me", "RATING": 11, "COMMENTS": "0"}, {"TITLE": "\u5b89\u5854\u96f7\u65af\u904b\u52d5\u5ba3\u5c0e", "FULLNAME": "propaganda-of-the-antares-movement", "RATING": 12, "COMMENTS": "0"}, {"TITLE": "SCP\u57fa\u91d1\u6703\u7e41\u4e2d\u5206\u90e8\u7684\u6a19\u8a8c", "FULLNAME": "logo-zh", "RATING": 15, "COMMENTS": "1"}, {"TITLE": "SCP-ZH-744 - \u53cd\u6d17\u79ae", "FULLNAME": "scp-zh-744", "RATING": 13, "COMMENTS": "3"}, {"TITLE": "SCP-ZH-818 - \u535a\u5341\u516b\u8c46\u4ed4", "FULLNAME": "scp-zh-818", "RATING": 10, "COMMENTS": "1"}, {"TITLE": "\u524d\u7dda\u6307\u63ee\u517c\u6230\u7565\u8a2d\u65bd\u2014Site-ZH-01\u7ad9\u9ede\u6a19\u8a8c", "FULLNAME": "site-zh-01-s-logo", "RATING": 5, "COMMENTS": "4"}, {"TITLE": "\u6c7d\u6c34\u7684\u85dd\u4f5c\u98012", "FULLNAME": "lillianasoda-artworks2", "RATING": 15, "COMMENTS": "0"}, {"TITLE": "\u8fd1\u671f\u7684\u5275\u4f5c\uff08\u4e8c\uff09", "FULLNAME": "sq-artwork-1b", "RATING": 10, "COMMENTS": "3"}, {"TITLE": "SCP-ZH-706 - \u5c11\u5e74\u311f\uff0c\u53ef\u4e0d\u53ef\u4ee5\u966a\u963f\u4f2f\u627e\u56de\u5bb6\u7684\u8def\uff1f", "FULLNAME": "scp-zh-706", "RATING": 13, "COMMENTS": "0"}, {"TITLE": "NX-ZH-02\uff1a\u897f\u52a0\u8d70\u7063\u7fa4\u5cf6", "FULLNAME": "nx-zh-02", "RATING": 24, "COMMENTS": "1"}, {"TITLE": "SCP-ZH-304 - \u884c\u9032\u63d2\u66f2", "FULLNAME": "scp-zh-304", "RATING": 11, "COMMENTS": "0"}, {"TITLE": "SCP-ZH-184 - \u5954\u8eca\u673d\u7d22", "FULLNAME": "scp-zh-184", "RATING": 22, "COMMENTS": "1"}, {"TITLE": "\u7279\u6b8a\u914d\u5099\u300c\u4e5d\u8f49\u76d4\u300d\u5be6\u9a57\u7d00\u805e\uff1a\u8d64\u5d50\u56db\u5411", "FULLNAME": "helms-of-nine-iterations-in-red-storm-quadrants", "RATING": 10, "COMMENTS": "1"}, {"TITLE": "SCP-ZH-447 - \u8236\u4f86\u54c1\u822c\u7684\u9418\u9336", "FULLNAME": "scp-zh-447", "RATING": 8, "COMMENTS": "2"}, {"TITLE": "\u6728\u6613\u767e\u8f09\uff1a\u798f\u723e\u6469\u6c99\u8fd1\u4ee3\u53f2\u5c55", "FULLNAME": "mu-yi-exhibition-2022", "RATING": 13, "COMMENTS": "1"}, {"TITLE": "\u5931\u53bb\u7684\u97f3\u7a0b", "FULLNAME": "lost-interval", "RATING": 5, "COMMENTS": "0"}, {"TITLE": "SCP-ZH-328 - Dark Soups", "FULLNAME": "scp-zh-328", "RATING": 20, "COMMENTS": "3"}, {"TITLE": "SCP-ZH-176 - \u300a\u6d77\u9dd7\u7684\u5927\u64a4\u9000\u300b", "FULLNAME": "scp-zh-176", "RATING": 22, "COMMENTS": "0"}, {"TITLE": "SCP-ZH-300-J - \u6211\u7684\u896a\u896a\ud83e\udd7a", "FULLNAME": "scp-zh-300-j", "RATING": 17, "COMMENTS": "6"}, {"TITLE": "\u4f46\u9858\u6211\u4e0d\u518d\u597d\u547d", "FULLNAME": "toogoodtobetrue", "RATING": 19, "COMMENTS": "1"}, {"TITLE": "SCP-ZH-989 - \u6211\u5011\u8166\u4e2d\u7684\u592a\u967d", "FULLNAME": "scp-zh-989", "RATING": 20, "COMMENTS": "1"}, {"TITLE": "\u64f2\u9234\u624b\u751f\u5275 \u4e2d\u5fc3\u9801", "FULLNAME": "bell-tosser", "RATING": 6, "COMMENTS": "1"}, {"TITLE": "SCP-ZH-157 - \u66a2\u884c\u7121\u963b", "FULLNAME": "scp-zh-157", "RATING": 14, "COMMENTS": "1"}, {"TITLE": "\u6842\u82b1\u548c\u6d0b\u7518\u83ca", "FULLNAME": "tea-rain-halloween2022", "RATING": 16, "COMMENTS": "1"}, {"TITLE": "\u65c5\u8005\u7684\u8b1d\u5e55", "FULLNAME": "wanderers:curtain-down", "RATING": 12, "COMMENTS": "0"}, {"TITLE": "\u6c5f\u5cb3\u5996\u8a2a\u884c \u5c71\u5cb3 \u4e09\u5341\u516d", "FULLNAME": "wanderers:jiang-yue-tour-mountain-36", "RATING": 9, "COMMENTS": "2"}, {"TITLE": "\u90a3\u662f\u4e00\u9593\u5c0f\u6728\u5c4b", "FULLNAME": "wanderers:that-is-a-cabin", "RATING": 8, "COMMENTS": "0"}, {"TITLE": "\u7f85\u5a01\u723e\u7684\u7897\u8207\u5929\u9d5d", "FULLNAME": "wanderers:outer-space-marketing-articles-tyrosine", "RATING": 16, "COMMENTS": "5"}, {"TITLE": "\u56de\u61b6\u88e1\u7684\u85b0\u8863\u8349", "FULLNAME": "wanderers:after-cube-ch-01", "RATING": 11, "COMMENTS": "1"}, {"TITLE": "\u4e00\u5c01\u8a18\u8f09\u7570\u805e\u7684\u4fe1", "FULLNAME": "wanderers:letter-about-strange-serpents", "RATING": 16, "COMMENTS": "1"}, {"TITLE": "\u7b2c\u5341\u4e94\u865f\u8a69", "FULLNAME": "wanderers:the-fifth-poetry", "RATING": 4, "COMMENTS": "0"}, {"TITLE": "\u963f\u91cc\u624e\u5deb\u5e2b\u65e5\u5e38", "FULLNAME": "wanderers:arizas-class", "RATING": 8, "COMMENTS": "4"}, {"TITLE": "\u851a\u85cd\u4e4b\u738b", "FULLNAME": "wanderers:cerulean-king", "RATING": 8, "COMMENTS": "0"}, {"TITLE": "\u65bc\u662f\uff0c\u6211\u8e0f\u9032\u4e86\u6211\u9762\u524d\u90a3\u4e0d\u5b58\u5728\u7684\u9ed1\u6d77\u3002", "FULLNAME": "wanderers:so-i-stab-into-the-black-sea", "RATING": 10, "COMMENTS": "1"}, {"TITLE": "JACK", "FULLNAME": "wanderers:story-of-jack", "RATING": 6, "COMMENTS": "3"}, {"TITLE": "\u4e2d\u79cb\u591c\u9063\u61f7", "FULLNAME": "wanderers:wandered-at-night", "RATING": 14, "COMMENTS": "1"}, {"TITLE": "\u81f4\u6211\u89aa\u611b\u7684\u63a2\u96aa\u8005\u5011", "FULLNAME": "wanderers:to:my-lovely-explorers", "RATING": 5, "COMMENTS": "1"}, {"TITLE": "\u6b64\u4e16\u4ea6\u7136", "FULLNAME": "wanderers:while-you-are-god", "RATING": 6, "COMMENTS": "1"}, {"TITLE": "\u5728\u4e0d\u5b89\u4e4b\u6642\u7948\u6c42\u5e73\u5b89\u4e4b\u4eba", "FULLNAME": "wanderers:the-man-who-praying-for-peace-in-a-hard-time", "RATING": 10, "COMMENTS": "0"}, {"TITLE": "\u6d17\u6a19\uff1a\u9ed14473-Shaman Surge \u7684\u7fbd\u7d68\u5927\u8863", "FULLNAME": "wanderers:surge-the-duck-god", "RATING": 8, "COMMENTS": "2"}, {"TITLE": "\u5f97\u4ee5\u6c38\u751f\u3002", "FULLNAME": "wanderers:the-first-named-adam", "RATING": 13, "COMMENTS": "1"}, {"TITLE": "\u975e\u4eba\u8207\u975e\u795e\u5171\u821e\u3002", "FULLNAME": "wanderers:before-ad", "RATING": 13, "COMMENTS": "1"}, {"TITLE": "\u4e03\u5f8b\u2014\u2014\u6b4c\u54ed\u54bd", "FULLNAME": "wanderers:die-in-immortality", "RATING": 22, "COMMENTS": "2"}, {"TITLE": "\u5f7c\u5cb8\u4e4b\u82b1", "FULLNAME": "wanderers:lycorisradiata", "RATING": 13, "COMMENTS": "0"}]