[{"TITLE": "\u6536\u5bb9\u3002", "FULLNAME": "contain-zh", "RATING": 7, "COMMENTS": "2"}, {"TITLE": "SCP-ZH-823 - \u5ba4\u53cb", "FULLNAME": "scp-zh-823", "RATING": 14, "COMMENTS": "0"}, {"TITLE": "\u6d17\u6a19\uff1a\u6a582147-Dr. Bales\u7684\u5be6\u9a57\u8863", "FULLNAME": "orange-2147", "RATING": 11, "COMMENTS": "0"}, {"TITLE": "\u8056\u8a95\u8ecd\u6f14", "FULLNAME": "xmas-exercise", "RATING": 24, "COMMENTS": "7"}, {"TITLE": "SCP-ZH-113 - \u62b9\u6bba\u4e8b\u60c5\u7684\u771f\u76f8", "FULLNAME": "scp-zh-113", "RATING": 30, "COMMENTS": "2"}, {"TITLE": "\u6708\u4e2d\u79cb\uff0c\u79cb\u7cdc\u4e4b\u9905\u4e0d\u898b\u6b23\u559c", "FULLNAME": "not-a-mooncake", "RATING": 17, "COMMENTS": "0"}, {"TITLE": "SCP-ZH-114 - \u585e\u58ec\u6e26\u96f7", "FULLNAME": "scp-zh-114", "RATING": 14, "COMMENTS": "0"}, {"TITLE": "SCP-ZH-048 - \u528d\u8207\u9b54\u6cd5\u8207\u8336\u4e4b\u9b54\u624b", "FULLNAME": "scp-zh-048", "RATING": 21, "COMMENTS": "2"}, {"TITLE": "\u300c\u8f49\u4e16\u8a08\u5283\u300d", "FULLNAME": "project-reincarnation", "RATING": 17, "COMMENTS": "1"}, {"TITLE": "\u6545\u4eba\u805a\u9996", "FULLNAME": "nice-to-see-you", "RATING": 10, "COMMENTS": "0"}, {"TITLE": "SCP-ZH-086 - \u8acb\u4f60\u5225\u8aaa\u898b\u904e\u6211", "FULLNAME": "scp-zh-086", "RATING": 22, "COMMENTS": "2"}, {"TITLE": "\u58ae\u5929\u4f7f\u7684\u7948\u9858", "FULLNAME": "fly-to-the-sky", "RATING": 13, "COMMENTS": "1"}, {"TITLE": "\u6c89\u7761", "FULLNAME": "newandnewandnew", "RATING": 13, "COMMENTS": "1"}, {"TITLE": "\u4e00\u5b9a\u662f\u5047\u7684", "FULLNAME": "must-be-fake", "RATING": 14, "COMMENTS": "0"}, {"TITLE": "\u6613\u7f85\u6b23\u3001\u5377\u96f6", "FULLNAME": "creator-part-zero", "RATING": 6, "COMMENTS": "0"}, {"TITLE": "SCP-ZH-106-\u300c\u9006\u6a21\u56e0\u300d", "FULLNAME": "scp-zh-106", "RATING": 23, "COMMENTS": "7"}, {"TITLE": "SCP-ZH-922 - \u99ac\u862d\u59d1\u5a18", "FULLNAME": "scp-zh-922", "RATING": 26, "COMMENTS": "1"}, {"TITLE": "\u85dd\u8853\u4f5c\u54c1\uff1aSCP-ZH-922\uff08k1s10r0d\u7248\uff09", "FULLNAME": "cidal-dongi-by-k1s10r0d", "RATING": 15, "COMMENTS": "0"}, {"TITLE": "\u6211\u5011\u90fd\u53ea\u662f\u8840\u8089\u4e4b\u8ec0", "FULLNAME": "we-are-no-more-than-mortal-souls", "RATING": 15, "COMMENTS": "1"}, {"TITLE": "SCP-ZH-126 - \u300c\u7f8a\u300d\u828b\u7247\u888b", "FULLNAME": "scp-zh-126", "RATING": 11, "COMMENTS": "0"}, {"TITLE": "\u6b61\u8fce\uff0c\u656c\u555f\u8005", "FULLNAME": "multiversal-valentine", "RATING": 18, "COMMENTS": "0"}, {"TITLE": "\u7570\u805e\uff1a\u4e2d\u6e2f\u8def\u4e0a\u7684\u91ce\u72fc", "FULLNAME": "wolf125again", "RATING": 6, "COMMENTS": "2"}, {"TITLE": "\u6c92\u6709\u57fa\u91d1\u6703\u7684\u90a3\u6642", "FULLNAME": "the-time-foundation-disappeared", "RATING": 24, "COMMENTS": "0"}, {"TITLE": "\u661f\u661f\u88fd\u9020\u8005", "FULLNAME": "wanderers:star-maker", "RATING": 23, "COMMENTS": "4"}]