[{"TITLE": "SCP-ZH-229 - \u85cd\u4e7e\u916a", "FULLNAME": "scp-zh-229", "RATING": 14, "COMMENTS": "3"}, {"TITLE": "SCP-ZH-954 - \u9ec3\u8272\u4fbf\u689d\u7d19", "FULLNAME": "scp-zh-954", "RATING": 17, "COMMENTS": "2"}, {"TITLE": "Nx-ZH-17", "FULLNAME": "thinking-and-write", "RATING": 13, "COMMENTS": "0"}, {"TITLE": "\u8a8d\u8b58\u6bb5\u843d\u5beb\u4f5c", "FULLNAME": "understanding-paragraph", "RATING": 11, "COMMENTS": "0"}, {"TITLE": "\u5047\u5982\u4f60\u4f86\u5230\u9019\u500b\u5b87\u5b99\u8acb\u4fdd\u6301\u51b7\u975c", "FULLNAME": "you-need-icecream-in-summer", "RATING": 31, "COMMENTS": "1"}, {"TITLE": "SCP-ZH-217 - \u8207\u904e\u53bb\u76f8\u4f34\u7684\u7a3b\u8349\u4eba", "FULLNAME": "scp-zh-217", "RATING": 10, "COMMENTS": "0"}, {"TITLE": "SCP-ZH-998 - \u73fe\u8c61\u5b78", "FULLNAME": "scp-zh-998", "RATING": 38, "COMMENTS": "7"}, {"TITLE": "SCP-ZH-120 - \u865b\u69cb\u7684\u6211\u5011", "FULLNAME": "scp-zh-120", "RATING": 40, "COMMENTS": "4"}, {"TITLE": "\u9d28\u9d28\u7684\u8056\u8a95\u8cc0\u5716", "FULLNAME": "duck-s-xmas", "RATING": 17, "COMMENTS": "0"}, {"TITLE": "SCP-ZH-216 - \u62b5\u6297\u907a\u5fd8", "FULLNAME": "scp-zh-216", "RATING": 16, "COMMENTS": "2"}, {"TITLE": "Off Work", "FULLNAME": "pry", "RATING": 18, "COMMENTS": "2"}, {"TITLE": "\u8c93\u8033\u65e5", "FULLNAME": "cat-day", "RATING": 15, "COMMENTS": "0"}, {"TITLE": "SCP-ZH-098 - \u300c\u5be7\u975c\u300d", "FULLNAME": "scp-zh-098", "RATING": 16, "COMMENTS": "5"}, {"TITLE": "\u5b89\u5e03\u7f85\u65af\u9910\u5ef3-\u4f0a\u85a9\u79d1\u592b\u865f\u5206\u5e97 (\u7bc0\u65e5\u9650\u5b9a)", "FULLNAME": "ambrose-isakov", "RATING": 28, "COMMENTS": "9"}, {"TITLE": "SCP-ZH-591 - \u8840\u6e90\u4e4b\u5305", "FULLNAME": "scp-zh-591", "RATING": 12, "COMMENTS": "2"}, {"TITLE": "SCP-ZH-60053-J - HONK", "FULLNAME": "scp-zh-60053-j", "RATING": 45, "COMMENTS": "7"}, {"TITLE": "SCP-ZH-108 - \u5718\u5713", "FULLNAME": "scp-zh-108", "RATING": 19, "COMMENTS": "0"}, {"TITLE": "SCP-ZH-202 - \u601d\u60f3\u626d\u86cb\u6a5f", "FULLNAME": "scp-zh-202", "RATING": 12, "COMMENTS": "1"}, {"TITLE": "SCP-ZH-202\u5f8c\u7e8c\u5be6\u9a57\u65e5\u8a8c", "FULLNAME": "scp-zh-202-a1", "RATING": 3, "COMMENTS": "0"}, {"TITLE": "\u6700\u5f8c\u4e00\u6839\u83f8", "FULLNAME": "last-one-cigarette", "RATING": 14, "COMMENTS": "1"}, {"TITLE": "Dr. Bales\u7684\u65e5\u5e38\u5c0f\u54c1\u96c6\u9326 \u4e00", "FULLNAME": "bales-s-daily-1", "RATING": 10, "COMMENTS": "0"}, {"TITLE": "SCP-ZH-747 - \u8da8\u51f6\u907f\u51f6", "FULLNAME": "scp-zh-747", "RATING": 15, "COMMENTS": "1"}, {"TITLE": "SCP-ZH-153 - \u984d\u6eab\u69cd", "FULLNAME": "scp-zh-153", "RATING": 8, "COMMENTS": "0"}, {"TITLE": "Kondraki\u7684\u56db\u6b21\u65b9\u9ebb\u7169", "FULLNAME": "four-konnies-four-troubles", "RATING": 10, "COMMENTS": "3"}, {"TITLE": "SCP-ZH-019 - \u6d3b\u614b\u624b\u6a5f", "FULLNAME": "scp-zh-019", "RATING": 11, "COMMENTS": "2"}, {"TITLE": "SCP-ZH-520 - \u611b\u7684\u5e7b\u8c61", "FULLNAME": "scp-zh-520", "RATING": 16, "COMMENTS": "2"}, {"TITLE": "\u539f\u5b50\u7b46\u7d20\u63cf\uff1aSCP-ZH-301 \u99ac\u65af\u5217\u5c3c\u67e5", "FULLNAME": "artwork-zh-301", "RATING": 9, "COMMENTS": "0"}, {"TITLE": "\u8cd3\u4e3b\u76e1\u6b61", "FULLNAME": "fools-wine", "RATING": 11, "COMMENTS": "1"}, {"TITLE": "\u4e3b\u7ad9\u535a\u58eb\u76f8\u95dc\u63d2\u5716", "FULLNAME": "qmario-artwork-1", "RATING": 16, "COMMENTS": "1"}, {"TITLE": "\u86db\u7db2\u8d77\u6e90\uff1a\u90a3\u662f1993\u5e74", "FULLNAME": "1993-cobweb-international", "RATING": 14, "COMMENTS": "1"}, {"TITLE": "SCP-ZH-150 - \u6096\u8ad6\u751c\u751c\u5708", "FULLNAME": "scp-zh-150", "RATING": 12, "COMMENTS": "1"}, {"TITLE": "\u7d42\u7ae0\uff1a2020\u5e74", "FULLNAME": "part0-in-the-end", "RATING": 12, "COMMENTS": "0"}, {"TITLE": "\u6211\u5728\u842c\u7269\u4e4b\u4e2d", "FULLNAME": "arkwork-3999", "RATING": 38, "COMMENTS": "8"}, {"TITLE": "SCP-ZH-101 - \u4e00\u6a39\u4e00\u4e16\u754c", "FULLNAME": "scp-zh-101", "RATING": 17, "COMMENTS": "1"}, {"TITLE": "\u6df5\u5922\u7684\u9ed1\u767d\u5716\u96c601", "FULLNAME": "abyssdream-pic-01", "RATING": 14, "COMMENTS": "0"}, {"TITLE": "SCP-ZH-200 - \u9b3c\u6293\u4eba", "FULLNAME": "scp-zh-200", "RATING": 35, "COMMENTS": "1"}, {"TITLE": "\u6211\u6c92\u80fd\u6551\u5230\u4ed6\u3002", "FULLNAME": "arkwork-zh-200", "RATING": 23, "COMMENTS": "0"}, {"TITLE": "SCP-ZH-053 - \u8b93\u6211\u5011\u64e6\u4e7e\u4f60\u7684\u6dda\u6c34", "FULLNAME": "scp-zh-053", "RATING": 30, "COMMENTS": "0"}, {"TITLE": "\u6211\u4e0d\u8a8d\u8b58\u6c34\u88e1\u7684AD", "FULLNAME": "i-don-t-recognize-that-ad-in-the-water", "RATING": 13, "COMMENTS": "0"}, {"TITLE": "\u86db\u7db2\u6545\u4e8b\uff1a2014\u5e74\u7684\u963f\u62c9\u4f2f\u5206\u90e8", "FULLNAME": "ci-04-arab-division-2014", "RATING": 10, "COMMENTS": "2"}, {"TITLE": "\u7814\u7a76\u54e1\u9ec3\u7fbd\u9706\u7684\u8fa6\u516c\u5ba4", "FULLNAME": "cnblack-s-laboratory", "RATING": 15, "COMMENTS": "0"}, {"TITLE": "\u5200\u4e0b\u5fc3\uff0c\u53c8\u540d\u53db\u72fc\u8fd4\u5de2", "FULLNAME": "cleguisbt", "RATING": 10, "COMMENTS": "3"}, {"TITLE": "\u9999\u8106\u590f\u5a01\u5937\u62ab\u85a9", "FULLNAME": "sh-crispy-pineapple-pizza", "RATING": 11, "COMMENTS": "0"}, {"TITLE": "\u65b0\u805e\u5feb\u8a0a\uff1a\u82e5\u6211\u5011\u8981\u9054\u5230\u4ec1\u6148\u7684\u4e0b\u5834\uff0c\u61c9\u8a72\u9075\u5b88\u54ea\u4e9b\u4e8b\u60c5", "FULLNAME": "news-site-zh-81-1", "RATING": 25, "COMMENTS": "5"}, {"TITLE": "\u5f15\u8840\u9999\uff1a\u6211\u7b49\u9700\u7d66\u4e88\u7f6a\u4eba\u61f2\u7f70", "FULLNAME": "sh-zh174", "RATING": 7, "COMMENTS": "2"}, {"TITLE": "\u524a\u4e0d\u5b8c\u8089\u7684\u6c99\u5a01\u746a", "FULLNAME": "parawatch-shawarma", "RATING": 22, "COMMENTS": "2"}, {"TITLE": "\u5be6\u7fd2", "FULLNAME": "practice", "RATING": 17, "COMMENTS": "0"}, {"TITLE": "\u6211\u5f88\u56f0\u60d1", "FULLNAME": "i-am-very-confused", "RATING": 7, "COMMENTS": "1"}, {"TITLE": "\u4e8b\u4ef6\u4ee3\u865f\uff1a\u6838\u88c2\u64e0\u514c \u86db\u7db2\u88e1\u7684\u8001\u9df9", "FULLNAME": "operation-nucleon-bank-cobweb01", "RATING": 10, "COMMENTS": "1"}, {"TITLE": "Bright\u535a\u58eb\u6559\u4f60\u5982\u4f55\u6b63\u78ba\u64ca\u9000\u6575\u4eba", "FULLNAME": "how-to-defeat-those-bad-guys-correctly", "RATING": 25, "COMMENTS": "2"}, {"TITLE": "SCP-ZH-289 - 17^2", "FULLNAME": "scp-zh-289", "RATING": 15, "COMMENTS": "4"}, {"TITLE": "SCP-ZH-078 - \u8001\u5e2b\u8aaa\u904e\u4e0d\u53ef\u4ee5\u7ff9\u5169\u8173\u6905", "FULLNAME": "scp-zh-078", "RATING": 16, "COMMENTS": "1"}, {"TITLE": "SCP-ZH-603 - \u8173\u8e0f\u8eca\u4e0a\u7684\u4eba", "FULLNAME": "scp-zh-603", "RATING": 30, "COMMENTS": "5"}, {"TITLE": "\u6210\u70ba\u4e00\u500b\u5de5\u5ee0\u9818\u5de5", "FULLNAME": "the-foreman", "RATING": 9, "COMMENTS": "0"}, {"TITLE": "SCP-ZH-103 \u76f8\u95dc\u5be6\u9a57\u8a18\u9304", "FULLNAME": "scp-zh-103-experiment-log", "RATING": 16, "COMMENTS": "3"}, {"TITLE": "\u773c\u898b\u4e0d\u4e00\u5b9a\u70ba\u5be6", "FULLNAME": "the-thing-you-can-see-is-not-always-authentic", "RATING": 11, "COMMENTS": "2"}, {"TITLE": "\u8a18\u61b6\u7684\u6d2a\u6d41", "FULLNAME": "stream-of-memory", "RATING": 13, "COMMENTS": "2"}, {"TITLE": "\u500b\u4eba\u65e5\u8a8c", "FULLNAME": "personal-diary-of-iceberg-and-gears", "RATING": 11, "COMMENTS": "2"}, {"TITLE": "\u83c7\u83c7\u57fa\u91d1\u6703", "FULLNAME": "fungi-foundation", "RATING": 22, "COMMENTS": "6"}, {"TITLE": "\u65e5\u74b0\u8755\u8207\u4e3b\u4efb\u8207\u51b0\u6dc7\u51cc", "FULLNAME": "abyssdream-pic-v", "RATING": 12, "COMMENTS": "0"}, {"TITLE": "\u7bc0\u5206", "FULLNAME": "setsubun", "RATING": 8, "COMMENTS": "1"}, {"TITLE": "\u70ba\u4f55\u6211\u5011\u4e0d\u80fd\u6feb\u7528\u73fe\u5be6\u7a69\u5b9a\u9328\uff1f", "FULLNAME": "about-scranton-reality-anchors", "RATING": 17, "COMMENTS": "3"}, {"TITLE": "\u7e41\u4e2d\u7ad9\u9ede\u5730\u4e0b\u8857", "FULLNAME": "shopping-arcade", "RATING": 21, "COMMENTS": "3"}, {"TITLE": "SCP-1678 UnLondon \u93e1\u50cf\u502b\u6566", "FULLNAME": "the-london-from-eternal2018", "RATING": 9, "COMMENTS": "0"}, {"TITLE": "SCP-073 Cain \u8a72\u96b1 & SCP-076 Abel \u4e9e\u4f2f", "FULLNAME": "the-cain-from-eternal2018", "RATING": 6, "COMMENTS": "0"}, {"TITLE": "\u9ebb\u7cec\u7684scp\u756b\u4f5c\u9078\u96c6", "FULLNAME": "the-art-work-collection-of-wright-wilson", "RATING": 14, "COMMENTS": "0"}, {"TITLE": "\u4f60\u4e0d\u61c9\u5728\u6eab\u5ba4\u88cf\u8aaa\u51b7\u7b11\u8a71", "FULLNAME": "nopunsinthegreenhouse", "RATING": 11, "COMMENTS": "0"}, {"TITLE": "\u9ebb\u7cec\u7684\u7e41\u4e2d\u4eba\u54e1\u756b\u4f5c\u9078\u96c6\u00b7\u4e00", "FULLNAME": "the-art-work-collection-of-wright-wilson-2", "RATING": 11, "COMMENTS": "0"}, {"TITLE": "\u6fc3\u6e6f\u7d04\u6703", "FULLNAME": "chowder-date", "RATING": 20, "COMMENTS": "2"}, {"TITLE": "\u8ddd\u96e2\u4e16\u754c\u672b\u65e5\u9084\u6709\u4e94\u5206\u9418", "FULLNAME": "five-minutes-to-end", "RATING": 26, "COMMENTS": "0"}, {"TITLE": "\u95c7\u58fd\u53f8\u6a94\u6848No.338\u300c\u7d20\u751f\u9b5a\u7247\u63e1\u58fd\u53f8\u300d", "FULLNAME": "yamizushi-file-no338", "RATING": 10, "COMMENTS": "3"}, {"TITLE": "\u6211\u5011\u5c1a\u672a\u77e5\u9053\u7684\u65c5\u7a0b\u7684\u7d42\u9ede-\u2588\u2588\u2588/9288 km", "FULLNAME": "artwork-of-9288-ex", "RATING": 21, "COMMENTS": "2"}, {"TITLE": "\u4e0b\u96e8\u81ea\u52a9\u8005", "FULLNAME": "laundry-the-gulf", "RATING": 9, "COMMENTS": "1"}, {"TITLE": "\u57fa\u91d1\u6703\u54e1\u5de5\u6392\u8d77\u4e86\u968a", "FULLNAME": "self-service-laundry-zh", "RATING": 11, "COMMENTS": "1"}, {"TITLE": "\u7dde\u5e36\u98c4\u98c4\uff0c\u9234\u64fa\u5679\u5679", "FULLNAME": "ctf15-21-molly", "RATING": 12, "COMMENTS": "1"}, {"TITLE": "\u5c0f\u52d5\u7269\u7c21\u4ecb\uff1aSurge\uff01", "FULLNAME": "critter-profile-surge", "RATING": 25, "COMMENTS": "2"}, {"TITLE": "SCP-ZH-111 - \u81ea\u6211\u4e2d\u5fc3", "FULLNAME": "scp-zh-111", "RATING": 38, "COMMENTS": "0"}, {"TITLE": "\u822a\u6d77\u5b78\u4e2d\u5fc3\u9801", "FULLNAME": "navigation", "RATING": 21, "COMMENTS": "0"}, {"TITLE": "\u4e0d\u6703\u5fae\u7b11\u7684\u6d0b\u5a03\u5a03", "FULLNAME": "her-avatar", "RATING": 12, "COMMENTS": "0"}, {"TITLE": "Ctrl Z\u535a\u58eb\u7684SCP\u8cbc\u7d19\u6536\u96c6\u7c3f-Safe", "FULLNAME": "sticker", "RATING": 12, "COMMENTS": "0"}, {"TITLE": "Ctrl Z\u535a\u58eb\u7684SCP\u8cbc\u7d19\u6536\u96c6\u7c3f-Euclid", "FULLNAME": "sticker2", "RATING": 11, "COMMENTS": "0"}, {"TITLE": "Ctrl Z\u535a\u58eb\u7684SCP\u8cbc\u7d19\u6536\u96c6\u7c3f-Keter", "FULLNAME": "sticker3", "RATING": 12, "COMMENTS": "0"}, {"TITLE": "\u7121\u785d\u7684\u6c99\u5834", "FULLNAME": "a-battlefield-without-gunpowder", "RATING": 17, "COMMENTS": "0"}, {"TITLE": "SCP-ZH-444 - \u9b3c\u5dee", "FULLNAME": "scp-zh-444", "RATING": 17, "COMMENTS": "3"}, {"TITLE": "\u8fc4\u7ad9\u8207\u8d77\u7ad9", "FULLNAME": "terminal-and-initial", "RATING": 7, "COMMENTS": "3"}, {"TITLE": "1935\u7570\u5e38\u535a\u89bd\u6703-LOGO", "FULLNAME": "the-taiwan-exposition-1935-logo", "RATING": 14, "COMMENTS": "0"}, {"TITLE": "\u5e03\u4e01\u7684\u95dc\u6ce8\u7d44\u7e54LOGO\u9801", "FULLNAME": "pudding-logo", "RATING": 9, "COMMENTS": "0"}, {"TITLE": "SCP-ZH-912 - \u770b\u898b", "FULLNAME": "scp-zh-912", "RATING": 14, "COMMENTS": "4"}, {"TITLE": "\u5ec1\u6240\u88e1\u7684\u81f4\u547d\u6a21\u56e0", "FULLNAME": "the-bottle-in-restroom", "RATING": 32, "COMMENTS": "7"}, {"TITLE": "\u4e2d\u83ef\u4eba\u6c11\u5171\u548c\u570b\u570b\u5bb6\u5b89\u5168\u90e8\u7570\u5e38\u5341\u4e5d\u5c40 - LOGO", "FULLNAME": "mss-19-logo", "RATING": 10, "COMMENTS": "4"}, {"TITLE": "GOI\u840c\u5a18\u5316-AWCY\u548cGAW", "FULLNAME": "goi-awcy-gaw", "RATING": 16, "COMMENTS": "4"}, {"TITLE": "\u6bba\u4eba\u8005\u8207\u88ab\u6bba\u7684\u6bba\u4eba\u8005", "FULLNAME": "artwork-ageantaa1", "RATING": 14, "COMMENTS": "0"}, {"TITLE": "SCP-ZH-060 - \u9e7f\u8def\u96a7\u9053", "FULLNAME": "scp-zh-060", "RATING": 21, "COMMENTS": "1"}, {"TITLE": "\u7bc0\u6176\u7684\u984f\u8272", "FULLNAME": "festive-colors", "RATING": 16, "COMMENTS": "1"}, {"TITLE": "SCP-ZH-091 - \u9003\u5175", "FULLNAME": "scp-zh-091", "RATING": 20, "COMMENTS": "3"}, {"TITLE": "SCP-ZH-140 - \u5b57\u7fa9\u76f8\u6096", "FULLNAME": "scp-zh-140", "RATING": 20, "COMMENTS": "7"}, {"TITLE": "SCP-ZH-2005-EX", "FULLNAME": "scp-zh-2005-ex", "RATING": 58, "COMMENTS": "1"}, {"TITLE": "\u5f7c\u5cb8\u4e4b\u82b1", "FULLNAME": "wanderers:lycorisradiata", "RATING": 13, "COMMENTS": "0"}, {"TITLE": "\u5982\u662f\u6211\u805e", "FULLNAME": "wanderers:flowers-thus-have-i-heard", "RATING": 18, "COMMENTS": "0"}]