[{"TITLE": "SCP-ZH-666 - \u88ab\u751f\u547d\u6240\u53ad\u60e1\u8005", "FULLNAME": "scp-zh-666", "RATING": 15, "COMMENTS": "2"}, {"TITLE": "SCP-ZH-002 - \u53f0\u7063\u7368\u89d2\u7378", "FULLNAME": "scp-zh-002", "RATING": 37, "COMMENTS": "13"}, {"TITLE": "SCP-ZH-300 - \u8056\u8a95\u7bc0\u4ea4\u63db\u300c\u5ee2\u300d\u7269", "FULLNAME": "scp-zh-300", "RATING": 15, "COMMENTS": "2"}, {"TITLE": "\u65b0\u9ad8\u5c71\u8a08\u5283\u3001\u662d\u548c\u5341\u4e5d\u5e74", "FULLNAME": "new-takayama-plan", "RATING": 11, "COMMENTS": "6"}, {"TITLE": "\u6536\u5bb9\u5ba4ZH-S12-E-024\u5be6\u9a57\u7d00\u9304", "FULLNAME": "scp-zh-024", "RATING": 35, "COMMENTS": "0"}, {"TITLE": "\u53f0\u7063\u7570\u65b0\u5831\u3001\u662d\u548c\u5341\u5e74\u5341\u4e00\u6708\u4e00\u65e5", "FULLNAME": "taiwan-newspaper", "RATING": 17, "COMMENTS": "4"}]