[{"TITLE": "\u7f8e\u9e97\u7684\u8774\u8776\u4ed9\u5b50Kondraki\u535a\u58eb", "FULLNAME": "oh-god-this-is-kondraki", "RATING": 12, "COMMENTS": "0"}, {"TITLE": "\u6211\u5728\u842c\u7269\u4e4b\u4e2d", "FULLNAME": "arkwork-3999", "RATING": 38, "COMMENTS": "8"}, {"TITLE": "\u65b0\u805e\u5feb\u8a0a\uff1a\u82e5\u6211\u5011\u8981\u9054\u5230\u4ec1\u6148\u7684\u4e0b\u5834\uff0c\u61c9\u8a72\u9075\u5b88\u54ea\u4e9b\u4e8b\u60c5", "FULLNAME": "news-site-zh-81-1", "RATING": 25, "COMMENTS": "5"}, {"TITLE": "\u524a\u4e0d\u5b8c\u8089\u7684\u6c99\u5a01\u746a", "FULLNAME": "parawatch-shawarma", "RATING": 22, "COMMENTS": "2"}, {"TITLE": "Bright\u535a\u58eb\u6559\u4f60\u5982\u4f55\u6b63\u78ba\u64ca\u9000\u6575\u4eba", "FULLNAME": "how-to-defeat-those-bad-guys-correctly", "RATING": 25, "COMMENTS": "2"}, {"TITLE": "\u5de7\u9054Clef!", "FULLNAME": "arkwork-chowderclef", "RATING": 25, "COMMENTS": "0"}, {"TITLE": "\u8a18\u61b6\u7684\u6d2a\u6d41", "FULLNAME": "stream-of-memory", "RATING": 13, "COMMENTS": "2"}, {"TITLE": "\u500b\u4eba\u65e5\u8a8c", "FULLNAME": "personal-diary-of-iceberg-and-gears", "RATING": 11, "COMMENTS": "2"}, {"TITLE": "\u6fc3\u6e6f\u7d04\u6703", "FULLNAME": "chowder-date", "RATING": 20, "COMMENTS": "2"}, {"TITLE": "\u8ddd\u96e2\u4e16\u754c\u672b\u65e5\u9084\u6709\u4e94\u5206\u9418", "FULLNAME": "five-minutes-to-end", "RATING": 26, "COMMENTS": "0"}, {"TITLE": "\u4e8c\u4eba\u5bb6\u5ead", "FULLNAME": "a-family-of-two", "RATING": 9, "COMMENTS": "1"}, {"TITLE": "\u4eba\u7684\u60b2\u6b61\uff0c\u4e26\u4e0d\u76f8\u901a", "FULLNAME": "human-sorrows-and-joys", "RATING": 13, "COMMENTS": "2"}, {"TITLE": "\u8056\u8a95\u79ae\u7269", "FULLNAME": "toothbrush-as-xmas-gift", "RATING": 6, "COMMENTS": "0"}, {"TITLE": "\u6211\u5011\u5c1a\u672a\u77e5\u9053\u7684\u65c5\u7a0b\u7684\u7d42\u9ede-\u2588\u2588\u2588/9288 km", "FULLNAME": "artwork-of-9288-ex", "RATING": 21, "COMMENTS": "2"}, {"TITLE": "Ctrl Z\u535a\u58eb\u7684SCP\u8cbc\u7d19\u6536\u96c6\u7c3f-Safe", "FULLNAME": "sticker", "RATING": 12, "COMMENTS": "0"}, {"TITLE": "\u975e\u76f8\u95dc\u4eba\u54e1\u7981\u6b62\u95b1\u89bd", "FULLNAME": "adult:unrelated-person-do-not-read", "RATING": 16, "COMMENTS": "2"}]