[{"TITLE": "SCP-ZH-144 - \u5341\u4e8c\u9032\u4f4d\u6cd5", "FULLNAME": "scp-zh-144", "RATING": 25, "COMMENTS": "6"}, {"TITLE": "SCP-ZH-427 - \u6df1\u57cb\u7684\u9ed1\u76d2\u5f9e\u672a\u958b\u555f", "FULLNAME": "scp-zh-427", "RATING": 9, "COMMENTS": "0"}, {"TITLE": "SCP-ZH-829 - \u7121\u5f62\u5e72\u6208", "FULLNAME": "scp-zh-829", "RATING": 12, "COMMENTS": "2"}, {"TITLE": "SCP-ZH-776 - \u6697\u9ed1\u6697\u9ed1\u6697\u9ed1\u4e4b\u528d", "FULLNAME": "scp-zh-776", "RATING": 7, "COMMENTS": "6"}, {"TITLE": "SCP-ZH-676 - \u7ad9\u5167\u6709\u9f20", "FULLNAME": "scp-zh-676", "RATING": 8, "COMMENTS": "0"}, {"TITLE": "\u5c0d\u5411\u5217\u8eca\u7684\u72c2\u5954\u4eba\u5f71", "FULLNAME": "running-shadow-of-the-opposite-train", "RATING": 14, "COMMENTS": "8"}, {"TITLE": "\u67d0\u4eba\u7684\u5922", "FULLNAME": "benitoite-little-pigeon-halloween", "RATING": 14, "COMMENTS": "0"}, {"TITLE": "SCP-ZH-110 - \u5730\u677f\u7834\u4e86\u500b\u6d1e", "FULLNAME": "scp-zh-110", "RATING": 19, "COMMENTS": "1"}, {"TITLE": "SCP-ZH-352 - \u7d55\u547d\u516d\u9f9c\u8461\u8404", "FULLNAME": "scp-zh-352", "RATING": 17, "COMMENTS": "4"}, {"TITLE": "\u9805\u76ee\u4f01\u5283\u66f8 2017-47\uff1a\u300a\u5065\u5eb7\u7684\u4ee3\u50f9\u300b", "FULLNAME": "project-proposal-2017-47-zh", "RATING": 24, "COMMENTS": "3"}, {"TITLE": "Elizabeth\u795e\u5316\u6642\u88dd\u6982\u5ff5\u539f\u578b", "FULLNAME": "apotheosis-fashion-prototype-of-elizabeth-victor-evans", "RATING": 8, "COMMENTS": "0"}, {"TITLE": "SCP-ZH-399 - \u6211\u5011\u5fc3\u4e2d\u7684444\u865f\u8996\u807d\u6559\u5ba4", "FULLNAME": "scp-zh-399", "RATING": 32, "COMMENTS": "0"}]