[{"TITLE": "\u6211\u5728\u842c\u7269\u4e4b\u4e2d", "FULLNAME": "arkwork-3999", "RATING": 38, "COMMENTS": "8"}, {"TITLE": "\u5de7\u9054Clef!", "FULLNAME": "arkwork-chowderclef", "RATING": 25, "COMMENTS": "0"}, {"TITLE": "\u6fc3\u6e6f\u7d04\u6703", "FULLNAME": "chowder-date", "RATING": 20, "COMMENTS": "2"}, {"TITLE": "\u6211\u5011\u5c1a\u672a\u77e5\u9053\u7684\u65c5\u7a0b\u7684\u7d42\u9ede-\u2588\u2588\u2588/9288 km", "FULLNAME": "artwork-of-9288-ex", "RATING": 21, "COMMENTS": "2"}, {"TITLE": "SCP-ZH-2005-EX", "FULLNAME": "scp-zh-2005-ex", "RATING": 58, "COMMENTS": "1"}]