[{"TITLE": "SCP-ZH-919 - \u5b88\u9580\u54e1", "FULLNAME": "scp-zh-919", "RATING": 0, "COMMENTS": "3"}, {"TITLE": "SCP-ZH-029 - \u77c7\u773c\u5c04\u98db\u93e2", "FULLNAME": "scp-zh-029", "RATING": 10, "COMMENTS": "1"}, {"TITLE": "SCP-ZH-005 - \u5047\u5982\u4f60\u6c92\u6709\u8f49\u767c\u9019\u7bc7\u6587\u6a94\u7d66\u5341\u500b\u670b\u53cb\uff0c\u90a3\u9ebc\u2026\u2026\u2026\u2026", "FULLNAME": "scp-zh-005", "RATING": 62, "COMMENTS": "0"}, {"TITLE": "SCP-ZH-105 - \u4e0d\u5b5d\u5b50", "FULLNAME": "scp-zh-105", "RATING": 66, "COMMENTS": "5"}, {"TITLE": "SCP-ZH-139 - \u9020\u7269\u5de8\u4eba", "FULLNAME": "scp-zh-139", "RATING": 2, "COMMENTS": "0"}, {"TITLE": "SCP-ZH-041 - \u5922\u60f3", "FULLNAME": "scp-zh-041", "RATING": 20, "COMMENTS": "4"}, {"TITLE": "SCP-ZH-564 - \u4e0d\u60f3\u96e2\u958b\u7684\u4ed9\u90a3\u5ea6", "FULLNAME": "scp-zh-564", "RATING": 5, "COMMENTS": "7"}, {"TITLE": "SCP-ZH-9288-EX", "FULLNAME": "scp-zh-9288-ex", "RATING": 45, "COMMENTS": "5"}, {"TITLE": "SCP-ZH-120 - \u865b\u69cb\u7684\u6211\u5011", "FULLNAME": "scp-zh-120", "RATING": 40, "COMMENTS": "4"}, {"TITLE": "Dr.Ray\u7684\u7570\u5e38\u9805\u76ee\u5206\u7d1a\u5716\u6a19", "FULLNAME": "ray-s-logo", "RATING": 19, "COMMENTS": "1"}, {"TITLE": "SCP-ZH-973 - \u5982\u300c\u6028\u300d\u4ee5\u511f", "FULLNAME": "scp-zh-973", "RATING": 8, "COMMENTS": "0"}, {"TITLE": "Dr.Ray\u7684\u7570\u5e38\u9805\u76ee\u5206\u7d1a\u5716\u6a19 - Apollyon", "FULLNAME": "ray-s-logo-apollyon", "RATING": 9, "COMMENTS": "0"}, {"TITLE": "Site-ZH-50 \u7ad9\u9ede\u6a19\u8a8c", "FULLNAME": "sitezh50-icon", "RATING": 5, "COMMENTS": "1"}, {"TITLE": "SCP-ZH-603 - \u8173\u8e0f\u8eca\u4e0a\u7684\u4eba", "FULLNAME": "scp-zh-603", "RATING": 30, "COMMENTS": "5"}, {"TITLE": "SCP-ZH-2005-EX", "FULLNAME": "scp-zh-2005-ex", "RATING": 58, "COMMENTS": "1"}, {"TITLE": "SCP-ZH-033 - \u25c9", "FULLNAME": "scp-zh-033", "RATING": 2, "COMMENTS": "7"}, {"TITLE": "SCP-ZH-736 - \u4f60\u4e0d\u80fd\u518d\u5f80\u524d\u4e86", "FULLNAME": "scp-zh-736", "RATING": 32, "COMMENTS": "14"}, {"TITLE": "SCP-ZH-829 - \u7121\u5f62\u5e72\u6208", "FULLNAME": "scp-zh-829", "RATING": 12, "COMMENTS": "2"}, {"TITLE": "SCP-ZH-068 - \u81ea\u7136\u8272\u5f69\u4e4b\u6230", "FULLNAME": "scp-zh-068", "RATING": 2, "COMMENTS": "4"}, {"TITLE": "SCP-ZH-999-J - \u5de5", "FULLNAME": "scp-zh-999-j", "RATING": 6, "COMMENTS": "19"}, {"TITLE": "SCP-ZH-999\uff0d\u4eba\u5011\u6b20\u4ed6\u500b\u7e3d\u7d71\u5e2d\u4f4d", "FULLNAME": "scp-zh-999", "RATING": 57, "COMMENTS": "13"}, {"TITLE": "SCP-ZH-340 - \u751f\u547d\u4e4b\u6c99\uff0c\u7e41\u661f\u4e4b\u76d2", "FULLNAME": "scp-zh-340", "RATING": 20, "COMMENTS": "1"}, {"TITLE": "SCP-ZH-062 - \u71c8\u7334", "FULLNAME": "scp-zh-062", "RATING": 17, "COMMENTS": "0"}]