[{"TITLE": "SCP\u57fa\u91d1\u6703\u4e0d\u77e5\u9053\u7684\u90a3\u4e9b\u4e8b\u4ef6", "FULLNAME": "ocd-virus01", "RATING": 19, "COMMENTS": "1"}, {"TITLE": "\u7ad9\u9ede\u7da0\u5316\u63d0\u6848", "FULLNAME": "greening", "RATING": 18, "COMMENTS": "1"}, {"TITLE": "\u5230\u8077", "FULLNAME": "arrival", "RATING": 18, "COMMENTS": "5"}, {"TITLE": "\u6d17\u6a19\uff1a\u6a582147-Dr. Bales\u7684\u5be6\u9a57\u8863", "FULLNAME": "orange-2147", "RATING": 11, "COMMENTS": "0"}, {"TITLE": "\u8dd1\u817f", "FULLNAME": "run-errands", "RATING": 9, "COMMENTS": "0"}, {"TITLE": "\u51b0\u7bb1", "FULLNAME": "fridge", "RATING": 15, "COMMENTS": "0"}, {"TITLE": "SCP-ZH-012 - \u5341\u4e8c", "FULLNAME": "scp-zh-012", "RATING": 19, "COMMENTS": "2"}, {"TITLE": "\u5728\u90a3\u5929\uff0c\u59b3\u4ecd\u820a\u5411\u6211\u9053\u4e86\u8072\u665a\u5b89", "FULLNAME": "at-that-day-you-still-wish-me-a-good-dream", "RATING": 22, "COMMENTS": "0"}, {"TITLE": "\u6fc3\u6e6f\u7d04\u6703", "FULLNAME": "chowder-date", "RATING": 20, "COMMENTS": "2"}, {"TITLE": "\u5c0f\u52d5\u7269\u7c21\u4ecb\uff1aSurge\uff01", "FULLNAME": "critter-profile-surge", "RATING": 25, "COMMENTS": "2"}, {"TITLE": "\u7121\u785d\u7684\u6c99\u5834", "FULLNAME": "a-battlefield-without-gunpowder", "RATING": 17, "COMMENTS": "0"}, {"TITLE": "\u5ec1\u6240\u88e1\u7684\u81f4\u547d\u6a21\u56e0", "FULLNAME": "the-bottle-in-restroom", "RATING": 32, "COMMENTS": "7"}, {"TITLE": "\u6536\u5bb9\u5ba4ZH-S12-E-024\u5be6\u9a57\u7d00\u9304", "FULLNAME": "scp-zh-024", "RATING": 35, "COMMENTS": "0"}, {"TITLE": "\u767d\u65e5\u5922\u904a\u8005", "FULLNAME": "daydream-walker", "RATING": 7, "COMMENTS": "0"}, {"TITLE": "\u82b1\u8a9e\uff1a\u82b1\u6bdb\u831b", "FULLNAME": "ranunculus", "RATING": 18, "COMMENTS": "3"}, {"TITLE": "\u96f2\u6e67", "FULLNAME": "cloud-well", "RATING": 13, "COMMENTS": "0"}, {"TITLE": "\u9858\u541b\u5b89\u597d", "FULLNAME": "wish-you-safe-and-sound", "RATING": 24, "COMMENTS": "0"}, {"TITLE": "\u540a\u904b", "FULLNAME": "lifting", "RATING": 12, "COMMENTS": "0"}, {"TITLE": "\u7206\u65cb\u58fd\u53f8 \u9752\u9f8d\u821e\u516e \u6731\u96c0\u98db\u7fd4", "FULLNAME": "sushi-dragon-phoenix", "RATING": 15, "COMMENTS": "0"}, {"TITLE": "Dr. Bales\u7684\u65e5\u5e38\u5c0f\u54c1\u96c6\u9326 \u4e8c", "FULLNAME": "bales-s-daily-2", "RATING": 17, "COMMENTS": "1"}, {"TITLE": "\u4f60\u6703\u611f\u5230\u5f8c\u6094\u55ce\uff1f", "FULLNAME": "what-are-you-waiting-for-just-join-goc-dude", "RATING": 36, "COMMENTS": "5"}, {"TITLE": "SCP-ZH-022-J - \u62dc\u8a17\u8ab0\u4f86\u628a\u5b83\u586b\u4e0a", "FULLNAME": "scp-zh-022-j", "RATING": 37, "COMMENTS": "19"}, {"TITLE": "\u611a\u4eba\u7bc0\u7684\u81f4\u547d\u6a21\u56e0", "FULLNAME": "the-bottle-in-april-fools", "RATING": 22, "COMMENTS": "2"}, {"TITLE": "SCP-ZH-00l", "FULLNAME": "scp-zh-00l", "RATING": 13, "COMMENTS": "5"}, {"TITLE": "\u7099\u71b1\u7684\u5348\u5f8c\u6642\u5149", "FULLNAME": "the-ss-vs-ss", "RATING": 29, "COMMENTS": "19"}, {"TITLE": "\u4e2d\u6e2f\u8def\u4e0a\u6c92\u6709\u4eba\u53ea\u6709\u91ce\u72fc", "FULLNAME": "wolf-125", "RATING": 16, "COMMENTS": "3"}, {"TITLE": "\u300c\u8f49\u4e16\u8a08\u5283\u300d", "FULLNAME": "project-reincarnation", "RATING": 17, "COMMENTS": "1"}, {"TITLE": "SCP-ZH-057 - \u66b4\u8e81\u5c0f\u884c\u661f", "FULLNAME": "scp-zh-057", "RATING": 21, "COMMENTS": "4"}, {"TITLE": "SCP-ZH-999-J - \u5de5", "FULLNAME": "scp-zh-999-j", "RATING": 6, "COMMENTS": "19"}, {"TITLE": "\u53c8\u662f\u500b\u8a72\u6b7b\u7684\u5de5\u4f5c\u5929", "FULLNAME": "another-damn-workday", "RATING": 11, "COMMENTS": "0"}, {"TITLE": "\u5ec9\u50f9\u7684\u665a\u9910", "FULLNAME": "wanderers:instant-noodles-and-tea", "RATING": 13, "COMMENTS": "5"}, {"TITLE": "\u661f\u661f\u88fd\u9020\u8005", "FULLNAME": "wanderers:star-maker", "RATING": 23, "COMMENTS": "4"}, {"TITLE": "\u661f\u661f\u96e8\u7684\u6545\u4e8b", "FULLNAME": "wanderers:they-me-you-stars", "RATING": 11, "COMMENTS": "0"}]