[{"TITLE": "\u6a21\u677f\u6307\u5357\uff08\u901a\u7528/\u7ffb\u8b6f\uff09", "FULLNAME": "template-translation", "RATING": 6, "COMMENTS": "0"}, {"TITLE": "SCP-ZH-310 - \u7570\u5e38\u86cb\u767d\u8cea\u7d50\u69cb\u57df", "FULLNAME": "scp-zh-310", "RATING": 26, "COMMENTS": "2"}, {"TITLE": "Colmod \u7d44\u4ef6\u6307\u5357", "FULLNAME": "colmod-guide", "RATING": 8, "COMMENTS": "0"}, {"TITLE": "SCP-ZH-111 - \u81ea\u6211\u4e2d\u5fc3", "FULLNAME": "scp-zh-111", "RATING": 38, "COMMENTS": "0"}, {"TITLE": "\u6d77\u795e\u60b2\u9cf4\u6642", "FULLNAME": "wadatsumi-no-naku-koroni", "RATING": 17, "COMMENTS": "3"}, {"TITLE": "\u5ec1\u6240\u88e1\u7684\u81f4\u547d\u6a21\u56e0", "FULLNAME": "the-bottle-in-restroom", "RATING": 32, "COMMENTS": "7"}, {"TITLE": "SCP-ZH-831 - \u5341\u4e00\u5e74\u9593\u7684\u5b55\u5a66", "FULLNAME": "scp-zh-831", "RATING": 18, "COMMENTS": "0"}, {"TITLE": "GOI\u840c\u5a18\u5316-AWCY\u548cGAW", "FULLNAME": "goi-awcy-gaw", "RATING": 16, "COMMENTS": "4"}, {"TITLE": "\u4e9e\u7d30\u4e9e\u7684\u5b64\u5152\u662f\u8ab0", "FULLNAME": "who-is-the-asian-orphan", "RATING": 14, "COMMENTS": "1"}, {"TITLE": "SCP-ZH-426 - \u82b1\u5712\u4e2d\u7684\u86c7\u662f\u7d55\u4e0d\u4f4e\u982d\u7684", "FULLNAME": "scp-zh-426", "RATING": 15, "COMMENTS": "17"}, {"TITLE": "GOI\u840c\u5a18\u5316-\u4e0b\u5348\u8336\u6703", "FULLNAME": "goi", "RATING": 16, "COMMENTS": "2"}, {"TITLE": "\u6bba\u4eba\u8005\u8207\u88ab\u6bba\u7684\u6bba\u4eba\u8005", "FULLNAME": "artwork-ageantaa1", "RATING": 14, "COMMENTS": "0"}, {"TITLE": "\u4f86\u81ea\u53e4\u5be7\u982d\u7684\u554f\u5019", "FULLNAME": "greetings-from-guningtou", "RATING": 5, "COMMENTS": "14"}, {"TITLE": "\u84ec\u840a\u5cf6\u65b0\u5275\u6c11\u4e3b\u5f62\u5f0f\uff1a\u300c\u5275\u5236\u300d\u9996\u9577\u5c07\u65bc\u4eca\u65e5\u89e3\u51cd", "FULLNAME": "r-sinano-chuo-zhtr-2018-11-19-a222a", "RATING": 18, "COMMENTS": "2"}, {"TITLE": "\u7e41\u4e2d\u5b98\u65b9\u5316\u8cc0\u5716", "FULLNAME": "scp", "RATING": 20, "COMMENTS": "2"}, {"TITLE": "\u6536\u5bb9\u5ba4ZH-S12-E-024\u5be6\u9a57\u7d00\u9304", "FULLNAME": "scp-zh-024", "RATING": 35, "COMMENTS": "0"}, {"TITLE": "\u6bba\u6b7b\u4e00\u96bb\u77e5\u66f4\u9ce5\u3002", "FULLNAME": "it-was-not-my-fault", "RATING": 22, "COMMENTS": "2"}, {"TITLE": "SCP-ZH-446 - \u5316\u87f2", "FULLNAME": "scp-zh-446", "RATING": 27, "COMMENTS": "0"}, {"TITLE": "Nihilmace\u7d66\u65b0\u4eba\u7684\u4e00\u4e9b\u5275\u4f5c\u5efa\u8b70\uff1a\u6211\u8a72\u5982\u4f55\u8b93\u6587\u7ae0\u5408\u683c\uff1f", "FULLNAME": "plz-fuck-off-mary-sue", "RATING": 13, "COMMENTS": "0"}, {"TITLE": "\u9858\u541b\u5b89\u597d", "FULLNAME": "wish-you-safe-and-sound", "RATING": 24, "COMMENTS": "0"}, {"TITLE": "\u53f0\u7063\u7570\u65b0\u5831\u3001\u662d\u548c\u5341\u5e74\u5341\u4e00\u6708\u4e00\u65e5", "FULLNAME": "taiwan-newspaper", "RATING": 17, "COMMENTS": "4"}, {"TITLE": "\u5047\u9762\u9a0e\u58ebAD\u7247\u982d\u4e3b\u984c\u66f2\uff1a\u5922\u60f3\u8207\u7f6a\u60e1\u4e4b\u9593", "FULLNAME": "between-dream-and-sin", "RATING": 13, "COMMENTS": "7"}, {"TITLE": "\u7206\u65cb\u58fd\u53f8 \u9752\u9f8d\u821e\u516e \u6731\u96c0\u98db\u7fd4", "FULLNAME": "sushi-dragon-phoenix", "RATING": 15, "COMMENTS": "0"}, {"TITLE": "SCP-ZH-950 - \u7da0\u795e\u7d93", "FULLNAME": "scp-zh-950", "RATING": 17, "COMMENTS": "1"}, {"TITLE": "Ctrl Z\u535a\u58eb\u7684SCP-ZH\u8a18\u9304-1", "FULLNAME": "creepy-tunnel", "RATING": 24, "COMMENTS": "2"}, {"TITLE": "SCP-ZH-835 - \u71e6\u85cd\u795e\u5316\u5929\u7a79", "FULLNAME": "scp-zh-835", "RATING": 22, "COMMENTS": "2"}, {"TITLE": "SCP-ZH-022-J - \u62dc\u8a17\u8ab0\u4f86\u628a\u5b83\u586b\u4e0a", "FULLNAME": "scp-zh-022-j", "RATING": 37, "COMMENTS": "19"}, {"TITLE": "SCP-ZH-033 - \u25c9", "FULLNAME": "scp-zh-033", "RATING": 2, "COMMENTS": "7"}, {"TITLE": "2021\u611a\u4eba\u7bc0\u4e3b\u9801", "FULLNAME": "super-cooking-pot", "RATING": 24, "COMMENTS": "10"}, {"TITLE": "SCP-ZH-00l", "FULLNAME": "scp-zh-00l", "RATING": 13, "COMMENTS": "5"}, {"TITLE": "\u92d2\u8292\u969b\u6703", "FULLNAME": "jie-men-convocation", "RATING": 6, "COMMENTS": "1"}, {"TITLE": "SCP-ZH-880 - \u963f\u5b24\u89ba\u5f97\u4f60\u51b7", "FULLNAME": "scp-zh-880", "RATING": 30, "COMMENTS": "2"}, {"TITLE": "\u624b\u7e6a\u7684Valm\u00faa", "FULLNAME": "k1s10r0d-hand-drawn-valmua", "RATING": 15, "COMMENTS": "0"}, {"TITLE": "\u9396\u93c8\u7684\u97f3\u7af9", "FULLNAME": "k1s10r0d-chain-sugoi", "RATING": 29, "COMMENTS": "6"}, {"TITLE": "Surge\u7684\u63d0\u6848\u4e00", "FULLNAME": "surge-s-proposal-1", "RATING": 33, "COMMENTS": "11"}, {"TITLE": "\u884c\u52d5\u4ee3\u865f\uff1a0428\u7a81\u8972\u8a08\u756b", "FULLNAME": "20210428", "RATING": 10, "COMMENTS": "18"}, {"TITLE": "SCP-ZH-297 - \u9ef4\u83cc\uff0c\u9709\u83cc", "FULLNAME": "scp-zh-297", "RATING": 11, "COMMENTS": "6"}, {"TITLE": "\u6536\u5bb9\u5947\u7de3\uff1aSigurr\u00f3s", "FULLNAME": "sigurros-and-taiwanese-unicorn", "RATING": 13, "COMMENTS": "6"}, {"TITLE": "\u5c71\u59c6\u7684ZH\u5206\u90e8\u9805\u76ee\u7d00\u9304\u672c", "FULLNAME": "samscript-scp-artwork", "RATING": 16, "COMMENTS": "1"}, {"TITLE": "\u9060\u5df1\u4e2d\u5fc3\u9801", "FULLNAME": "yuanji-hub", "RATING": 15, "COMMENTS": "9"}, {"TITLE": "2021 \u590f\u5b63\u7af6\u8cfd \u4e3b\u984c\u300a\u7570\u805e\u9304\u300b", "FULLNAME": "summer-contest-2021", "RATING": 13, "COMMENTS": "7"}, {"TITLE": "SCP-ZH-112 - \u795d\u4f60\u751f\u65e5\u5feb\u6a02", "FULLNAME": "scp-zh-112", "RATING": 19, "COMMENTS": "3"}, {"TITLE": "Ctrl Z\u535a\u58eb\u7684\u925b\u7b46\u5857\u9d09", "FULLNAME": "ctrlzpencil", "RATING": 16, "COMMENTS": "2"}, {"TITLE": "Meow!!Gwan", "FULLNAME": "tonal-felidae", "RATING": 11, "COMMENTS": "0"}, {"TITLE": "\u4f60\u5728\u54ea\u88e1\uff1f", "FULLNAME": "where-are-you-we-will-be-together-forever", "RATING": 6, "COMMENTS": "3"}, {"TITLE": "SCP-ZH-132 - \u8981\u4f60\u547d\u7684007\u904a\u6232", "FULLNAME": "scp-zh-132", "RATING": 13, "COMMENTS": "0"}, {"TITLE": "SCP-ZH-744 - \u53cd\u6d17\u79ae", "FULLNAME": "scp-zh-744", "RATING": 13, "COMMENTS": "3"}, {"TITLE": "NX-ZH-02\uff1a\u897f\u52a0\u8d70\u7063\u7fa4\u5cf6", "FULLNAME": "nx-zh-02", "RATING": 24, "COMMENTS": "1"}, {"TITLE": "SCP-ZH-173 - BLACK-GROUND: The Prologue", "FULLNAME": "scp-zh-173", "RATING": 15, "COMMENTS": "2"}, {"TITLE": "SCP-ZH-911 - \u4f60\u6240\u634d\u885b\u7684\u81ea\u7531", "FULLNAME": "scp-zh-911", "RATING": 22, "COMMENTS": "0"}, {"TITLE": "\u7de8\u8f2f\u500b\u6848\uff1a\u300a\u8ff4\u97ff\u5fc3\u8072\u300b", "FULLNAME": "editorial-case-echoed-nightmare", "RATING": 11, "COMMENTS": "5"}]