[{"TITLE": "SCP-ZH-222-J", "FULLNAME": "scp-zh-222-j", "RATING": 27, "COMMENTS": "0"}, {"TITLE": "\u6d17\u6a19\uff1a\u9ed10419-Dr.Metha\u7684\u624b\u5e15\uff0c\u85b0\u8863\u8349\u5473", "FULLNAME": "black-0419", "RATING": 11, "COMMENTS": "0"}, {"TITLE": "SCP-ZH-610 - \u731b\u7206\u6027\u7e41\u884d\u7d44\u7e54\u7624", "FULLNAME": "scp-zh-610", "RATING": 21, "COMMENTS": "7"}, {"TITLE": "SCP-ZH-815 - \u4e00\u5bb6\u70e4\u8089\u842c\u5bb6\u9999", "FULLNAME": "scp-zh-815", "RATING": 35, "COMMENTS": "8"}, {"TITLE": "SCP-ZH-087 - \u68c4\u7a3f", "FULLNAME": "scp-zh-087", "RATING": 31, "COMMENTS": "4"}, {"TITLE": "\u5c71\u59c6\u7684ZH\u5206\u90e8\u89d2\u8272\u7d00\u9304\u672c", "FULLNAME": "doodles-from-sam", "RATING": 25, "COMMENTS": "3"}, {"TITLE": "SCP-ZH-075 \u2014 \u2014- \u2026 -\u2026 ..- .-. \u2014\u2026-.", "FULLNAME": "scp-zh-075", "RATING": 13, "COMMENTS": "0"}, {"TITLE": "\u8056\u8a95\u5e3d\uff0c\u9019\u662fDr. Xmas\u7684\u65e5\u5b50", "FULLNAME": "xina-mas-2019", "RATING": 19, "COMMENTS": "0"}, {"TITLE": "SCP-ZH-60053-J - HONK", "FULLNAME": "scp-zh-60053-j", "RATING": 45, "COMMENTS": "7"}, {"TITLE": "SCP-ZH-108 - \u5718\u5713", "FULLNAME": "scp-zh-108", "RATING": 19, "COMMENTS": "0"}, {"TITLE": "SCP-ZH-202 - \u601d\u60f3\u626d\u86cb\u6a5f", "FULLNAME": "scp-zh-202", "RATING": 12, "COMMENTS": "1"}, {"TITLE": "\u523a\u875f\u7b46\u8a18\u672c\uff1aZH\u5206\u90e8\u52d5\u7269\u5408\u8f2f", "FULLNAME": "hedgehog-note-a", "RATING": 15, "COMMENTS": "0"}, {"TITLE": "SCP-ZH-051 - \u8acb\u7d66\u6211\u4e00\u9ede\u6eab\u6696", "FULLNAME": "scp-zh-051", "RATING": 16, "COMMENTS": "1"}, {"TITLE": "SCP-ZH-976 - \u8ffd\u61b6\u72c2\u5984", "FULLNAME": "scp-zh-976", "RATING": 14, "COMMENTS": "1"}, {"TITLE": "Alicia\u5973\u58eb", "FULLNAME": "scp-zh-774", "RATING": 31, "COMMENTS": "0"}, {"TITLE": "\u5662\u4e0d\uff01\u5c4d\u9ad4\u6b63\u5728\u9003\u8dd1\uff01", "FULLNAME": "oh-no-body-is-running", "RATING": 11, "COMMENTS": "2"}, {"TITLE": "\u86db\u7db2\u6545\u4e8b\uff1a2014\u5e74\u7684\u963f\u62c9\u4f2f\u5206\u90e8", "FULLNAME": "ci-04-arab-division-2014", "RATING": 10, "COMMENTS": "2"}, {"TITLE": "SCP-ZH-314 - \u5584\u826f\u7684\u6975\u9650\uff1f", "FULLNAME": "scp-zh-314", "RATING": 11, "COMMENTS": "2"}, {"TITLE": "SCP-ZH-810 - \u6d77\u6d0b\u4e4b\u8166", "FULLNAME": "scp-zh-810", "RATING": 15, "COMMENTS": "2"}, {"TITLE": "47", "FULLNAME": "47", "RATING": 13, "COMMENTS": "0"}, {"TITLE": "\u53cd\u7570\u5e38\u6709\u7d44\u7e54\u7f6a\u6848\u7279\u6b8a\u884c\u52d5\u5831\u544a\uff1a\u4ee3\u865f\u300c\u53cd\u9ed1\u300d", "FULLNAME": "anti-dark", "RATING": 7, "COMMENTS": "0"}, {"TITLE": "\u6587\u7ae0\u4f7f\u7528\u96f6\u4ef6\u4e2d\u5fc3\u9801", "FULLNAME": "cardinal-hub", "RATING": 6, "COMMENTS": "0"}, {"TITLE": "SCP-ZH-147 - \u6642\u9593\u5c0f\u5077", "FULLNAME": "scp-zh-147", "RATING": 19, "COMMENTS": "2"}, {"TITLE": "\u5c0f\u52d5\u7269\u7c21\u4ecb\uff1aSurge\uff01", "FULLNAME": "critter-profile-surge", "RATING": 25, "COMMENTS": "2"}, {"TITLE": "\u7121\u785d\u7684\u6c99\u5834", "FULLNAME": "a-battlefield-without-gunpowder", "RATING": 17, "COMMENTS": "0"}, {"TITLE": "\u4e5f\u8a31\uff0c\u4e00\u500b\u6eab\u6696\u7684\u5348\u5f8c\uff0c\u5728\u6d77\u6d0b\u516c\u5712\u555c\u98f2\u5496\u5561", "FULLNAME": "maybe-some-coffee-in-the-ocean-park", "RATING": 12, "COMMENTS": "0"}, {"TITLE": "\u5ec1\u6240\u88e1\u7684\u81f4\u547d\u6a21\u56e0", "FULLNAME": "the-bottle-in-restroom", "RATING": 32, "COMMENTS": "7"}, {"TITLE": "Ctrl Z\u535a\u58eb\u5f9e\u9031\u520a\u4e0a\u526a\u4e0b\u7684\u56db\u683c\u6f2b\u756b", "FULLNAME": "comic", "RATING": 18, "COMMENTS": "2"}, {"TITLE": "SCP-ZH-831 - \u5341\u4e00\u5e74\u9593\u7684\u5b55\u5a66", "FULLNAME": "scp-zh-831", "RATING": 18, "COMMENTS": "0"}, {"TITLE": "\u795e\u7570\u535a\u89bd\u6703\u4e00\u4e5d\u4e09\u4e94", "FULLNAME": "taiwan-miracle-exposition", "RATING": 24, "COMMENTS": "3"}, {"TITLE": "\u90a3\u4e9b\u88ab\u7576\u6210\u85e5\u7269\u5bb0\u4f86\u5403\u7684\u4eba\u5011", "FULLNAME": "sh-cannibalism-in-taiwan", "RATING": 13, "COMMENTS": "5"}, {"TITLE": "SCP-ZH-060 - \u9e7f\u8def\u96a7\u9053", "FULLNAME": "scp-zh-060", "RATING": 21, "COMMENTS": "1"}, {"TITLE": "\u6536\u5bb9\u5ba4ZH-S12-E-024\u5be6\u9a57\u7d00\u9304", "FULLNAME": "scp-zh-024", "RATING": 35, "COMMENTS": "0"}, {"TITLE": "\u6c99\u7687\u5148\u77e5\u5354\u6703\u64ec\u4eba-\u5947\u8853\u8b1b\u89e3\u7bc7", "FULLNAME": "tsars-seers-art-thaumatology", "RATING": 18, "COMMENTS": "4"}, {"TITLE": "\u6bba\u6b7b\u4e00\u96bb\u77e5\u66f4\u9ce5\u3002", "FULLNAME": "it-was-not-my-fault", "RATING": 22, "COMMENTS": "2"}, {"TITLE": "\u62dc\u8a2a\u8207\u5de7\u9047", "FULLNAME": "meeting", "RATING": 11, "COMMENTS": "0"}, {"TITLE": "\u84bc\u767d\u7684\u672b\u671f\u60a3\u8005", "FULLNAME": "81q5-sadness-pink", "RATING": 18, "COMMENTS": "0"}, {"TITLE": "Nihilmace\u7d66\u65b0\u4eba\u7684\u4e00\u4e9b\u5275\u4f5c\u5efa\u8b70\uff1a\u6211\u8a72\u5982\u4f55\u8b93\u6587\u7ae0\u5408\u683c\uff1f", "FULLNAME": "plz-fuck-off-mary-sue", "RATING": 13, "COMMENTS": "0"}, {"TITLE": "\u96f2\u6e67", "FULLNAME": "cloud-well", "RATING": 13, "COMMENTS": "0"}, {"TITLE": "SCP-ZH-878 - \u5a03\u5a03\u6536\u96c6\u8005", "FULLNAME": "scp-zh-878", "RATING": 20, "COMMENTS": "0"}, {"TITLE": "SCP-ZH-088 - \u53ea\u6709\u7537\u5b50\u6f22\u53ef\u4ee5\u9032\u5165\u7684\u9580", "FULLNAME": "scp-zh-088", "RATING": 11, "COMMENTS": "1"}, {"TITLE": "\u975e\u76f8\u95dc\u4eba\u54e1\u7981\u6b62\u95b1\u89bd", "FULLNAME": "adult:unrelated-person-do-not-read", "RATING": 16, "COMMENTS": "2"}, {"TITLE": "\u8056\u8a95\u8207\u842c\u8056\u50c5\u6709\u4e00\u7dda\u4e4b\u9694", "FULLNAME": "christmas-or-halloween", "RATING": 17, "COMMENTS": "2"}, {"TITLE": "\u8056\u8a95\u6e05\u5922", "FULLNAME": "xmas-dream", "RATING": 10, "COMMENTS": "1"}, {"TITLE": "ZH\uff0c025\uff0c1225", "FULLNAME": "zh-025-xmas", "RATING": 18, "COMMENTS": "4"}, {"TITLE": "\u6674\u96e8", "FULLNAME": "sun-shower-metha", "RATING": 12, "COMMENTS": "2"}, {"TITLE": "\u70ba\u4e86\u66f4\u5927\u7684\u5229\u76ca\uff1a\u7b2c\u4e00\u90e8\u5206", "FULLNAME": "ftgg-a-chunibyo-story-p1", "RATING": 8, "COMMENTS": "1"}, {"TITLE": "\u8056\u591c\u76f8\u5b88\uff1a\u7d79\u5370\u5341\u516d\u7ad9", "FULLNAME": "researcher-hg-s-silkscreen-site-zh-16", "RATING": 9, "COMMENTS": "1"}, {"TITLE": "\u540a\u904b", "FULLNAME": "lifting", "RATING": 12, "COMMENTS": "0"}, {"TITLE": "\u8056\u591c\u76f8\u5b88\uff1a\u624b\u5de5\u73a9\u5076", "FULLNAME": "handcraft-doll", "RATING": 13, "COMMENTS": "1"}, {"TITLE": "\u5047\u9762\u9a0e\u58ebAD\u7247\u982d\u4e3b\u984c\u66f2\uff1a\u5922\u60f3\u8207\u7f6a\u60e1\u4e4b\u9593", "FULLNAME": "between-dream-and-sin", "RATING": 13, "COMMENTS": "7"}, {"TITLE": "SCP-ZH-2005-EX", "FULLNAME": "scp-zh-2005-ex", "RATING": 58, "COMMENTS": "1"}, {"TITLE": "SCP-ZH-235 - \u6703\u98db\u7684\u5c0f\u9ec3\u66f8", "FULLNAME": "adult:scp-zh-235", "RATING": 22, "COMMENTS": "10"}, {"TITLE": "2010\u5e74\u7684\u90a3\u5e7e\u500b\u5be6\u7fd2\u751f", "FULLNAME": "source-of-chaos", "RATING": 18, "COMMENTS": "0"}, {"TITLE": "\u4e8b\u4ef6\u4ee3\u865f\uff1a\u6838\u88c2\u64e0\u514c-\u5916\u52e4\u7814\u7a76\u54e1 \u6c34\u9280\u8996\u89d2", "FULLNAME": "operation-nucleon-bank-hg", "RATING": 11, "COMMENTS": "2"}, {"TITLE": "\u8fa6\u516c\u5ba4\u88e1\u7684\u81f4\u547d\u6a21\u56e0", "FULLNAME": "the-bottle-in-office", "RATING": 18, "COMMENTS": "2"}, {"TITLE": "Ctrl Z\u535a\u58eb\u7684SCP-ZH\u8a18\u9304-1", "FULLNAME": "creepy-tunnel", "RATING": 24, "COMMENTS": "2"}, {"TITLE": "Ctrl Z\u535a\u58eb\u7684SCP-ZH\u8a18\u9304-2", "FULLNAME": "escape-chess", "RATING": 15, "COMMENTS": "0"}, {"TITLE": "\u725b\u5976\u62fc\u5716", "FULLNAME": "milk-puzzle", "RATING": 18, "COMMENTS": "0"}, {"TITLE": "\u4f60\u6703\u611f\u5230\u5f8c\u6094\u55ce\uff1f", "FULLNAME": "what-are-you-waiting-for-just-join-goc-dude", "RATING": 36, "COMMENTS": "5"}, {"TITLE": "SCP-ZH-496 - \u5b89\u5168\u6975\u9650\u8ddd\u96e2", "FULLNAME": "scp-zh-496", "RATING": 30, "COMMENTS": "7"}, {"TITLE": "SCP-ZH-207 - \u8ab2\u91d1\u5c31\u50cf\u5403\u4eba\u4e00\u6a23", "FULLNAME": "scp-zh-207", "RATING": 11, "COMMENTS": "5"}, {"TITLE": "SCP-ZH-835 - \u71e6\u85cd\u795e\u5316\u5929\u7a79", "FULLNAME": "scp-zh-835", "RATING": 22, "COMMENTS": "2"}, {"TITLE": "SCP-ZH-022-J - \u62dc\u8a17\u8ab0\u4f86\u628a\u5b83\u586b\u4e0a", "FULLNAME": "scp-zh-022-j", "RATING": 37, "COMMENTS": "19"}, {"TITLE": "SCP-ZH-022 - \u534a\u96bb\u77f3\u7345\u5b50", "FULLNAME": "scp-zh-022", "RATING": 7, "COMMENTS": "7"}, {"TITLE": "\u5929\u7a79\u4e4b\u4e0b\uff0c\u5343\u9ce5\u56db\u6563", "FULLNAME": "flock-shatters-beneath-the-skydome", "RATING": 12, "COMMENTS": "3"}, {"TITLE": "SCP-ZH-323 \u64cd\u4f5c\u5be6\u9a57 B-01", "FULLNAME": "scp-zh-323-text-b01", "RATING": 7, "COMMENTS": "0"}, {"TITLE": "\u611a\u4eba\u7bc0\u7684\u81f4\u547d\u6a21\u56e0", "FULLNAME": "the-bottle-in-april-fools", "RATING": 22, "COMMENTS": "2"}, {"TITLE": "2021\u611a\u4eba\u7bc0\u4e3b\u9801", "FULLNAME": "super-cooking-pot", "RATING": 24, "COMMENTS": "10"}, {"TITLE": "SCP-ZH-250 - \u4eba\u9020\u7684\u96ea\u8272\u9762\u5177", "FULLNAME": "scp-zh-250", "RATING": 10, "COMMENTS": "1"}, {"TITLE": "\u745e\u96ea\u916c\u6708", "FULLNAME": "adult:reve02", "RATING": 7, "COMMENTS": "2"}, {"TITLE": "\u7279\u5de5\u03a3\u89d2\u8272\u6b4c\uff1a\u5728\u7e3d\u548c\u4e4b\u5f8c", "FULLNAME": "after-sigma", "RATING": 4, "COMMENTS": "0"}, {"TITLE": "\u82b1\u8a9e\uff1a\u84b2\u516c\u82f1", "FULLNAME": "taraxacum", "RATING": 18, "COMMENTS": "0"}, {"TITLE": "SCP-ZH-880 - \u963f\u5b24\u89ba\u5f97\u4f60\u51b7", "FULLNAME": "scp-zh-880", "RATING": 30, "COMMENTS": "2"}, {"TITLE": "SCP-V1L3-J \u5be6\u9a57\u7522\u7269\u5099\u4efd \u6c5e\u4e2d\u6bd2", "FULLNAME": "adult:v1l3-j-mercury-poisoning", "RATING": 9, "COMMENTS": "1"}, {"TITLE": "\u5fbd\u7ae0\u5c55\u793a\u5668\u4f7f\u7528\u6559\u5b78\u9801\u9762", "FULLNAME": "bales-brb-teach", "RATING": 6, "COMMENTS": "0"}, {"TITLE": "Polaris", "FULLNAME": "polaris", "RATING": 17, "COMMENTS": "1"}, {"TITLE": "SCP-ZH-946 - \u9ed1\u5154\u5927\u6230\u722d\ud83d\udc07", "FULLNAME": "scp-zh-946", "RATING": 27, "COMMENTS": "13"}, {"TITLE": "\u6c5e\u4e2d\u6bd2\u4e3b\u984c\u66f2\uff1a\u6c89\u5728\u540d\u70ba\u4f60\u7684\u6bd2", "FULLNAME": "in-your-poisoning", "RATING": 7, "COMMENTS": "0"}, {"TITLE": "Surge\u7684\u63d0\u6848\u4e00", "FULLNAME": "surge-s-proposal-1", "RATING": 33, "COMMENTS": "11"}, {"TITLE": "SCP-ZH-736 - \u4f60\u4e0d\u80fd\u518d\u5f80\u524d\u4e86", "FULLNAME": "scp-zh-736", "RATING": 32, "COMMENTS": "14"}, {"TITLE": "\u7099\u71b1\u7684\u5348\u5f8c\u6642\u5149", "FULLNAME": "the-ss-vs-ss", "RATING": 29, "COMMENTS": "19"}, {"TITLE": "\u7576\u6e38\u6a02\u5834\u7684\u71c8\u6f38\u7184", "FULLNAME": "littlegreatwar2", "RATING": 5, "COMMENTS": "0"}, {"TITLE": "\u6240\u6709\u7684\u6a4b\u90fd\u88ab\u71d2\u6389\u4e86", "FULLNAME": "all-the-bridges-were-burned", "RATING": 13, "COMMENTS": "1"}, {"TITLE": "\u5c71\u59c6\u7684ZH\u5206\u90e8\u9805\u76ee\u7d00\u9304\u672c", "FULLNAME": "samscript-scp-artwork", "RATING": 16, "COMMENTS": "1"}, {"TITLE": "SCP-ZH-338 - \u6c89\u8239\u88e1\u7684\u624b\u5929\u4f7f", "FULLNAME": "adult:scp-zh-338", "RATING": 15, "COMMENTS": "4"}, {"TITLE": "SCP-ZH-0601-J", "FULLNAME": "scp-zh-0601-j", "RATING": 16, "COMMENTS": "4"}, {"TITLE": "SCP-ZH-096 - \u7d05\u79fb\u7834\u6ec5", "FULLNAME": "scp-zh-096", "RATING": 25, "COMMENTS": "2"}, {"TITLE": "Ctrl Z\u535a\u58eb\u7684\u925b\u7b46\u5857\u9d09", "FULLNAME": "ctrlzpencil", "RATING": 16, "COMMENTS": "2"}, {"TITLE": "SCP-ZH-060-J - Re:\u5728\u97f3\u7af9\u5b87\u5b99\u91cd\u751f\u7684\u7169\u4eba\u7f8e\u5c11\u5973\u5230\u5e95\u662f\u751a\u9ebc\u6771\u897f\u5440?!", "FULLNAME": "scp-zh-060-j", "RATING": 22, "COMMENTS": "10"}, {"TITLE": "Ctrl Z\u535a\u58eb\u7684\u65c5\u884c\u8a18\u4e8b\u672c", "FULLNAME": "ctrlztravel", "RATING": 12, "COMMENTS": "5"}, {"TITLE": "\u7570\u5e38\u9805\u76ee\u7d00\u9304\uff1a\u300c\u9632\u66b4\u8b66\u5bdf\u982d\u76d4\u300d", "FULLNAME": "anomalous-item-hk-police-helmet", "RATING": 37, "COMMENTS": "5"}, {"TITLE": "What The Fuck", "FULLNAME": "what-the-fuck", "RATING": 25, "COMMENTS": "3"}, {"TITLE": "\u9280\u88dd\u7d20\u88f9", "FULLNAME": "end-of-heavy-snow", "RATING": 11, "COMMENTS": "0"}, {"TITLE": "SCP-ZH-144 - \u5341\u4e8c\u9032\u4f4d\u6cd5", "FULLNAME": "scp-zh-144", "RATING": 25, "COMMENTS": "6"}, {"TITLE": "SCP-ZH-298 - \u5929\u7a7a\u9be8", "FULLNAME": "scp-zh-298", "RATING": 8, "COMMENTS": "0"}, {"TITLE": "SCP-ZH-052 - \u5fd8\u4e86\u6211\u5427\uff0c\u4f46\u6211\u4e0d\u6703\u5fd8\u8a18\u4f60\u5011\u7684", "FULLNAME": "scp-zh-052", "RATING": 18, "COMMENTS": "0"}, {"TITLE": "SCP-ZH-160 - \u5664\u8072", "FULLNAME": "scp-zh-160", "RATING": 11, "COMMENTS": "4"}, {"TITLE": "SCP-ZH-057 - \u66b4\u8e81\u5c0f\u884c\u661f", "FULLNAME": "scp-zh-057", "RATING": 21, "COMMENTS": "4"}, {"TITLE": "\u767e\u82b1\u9b54\u5973\u7684\u611b\u4e4b\u66f8", "FULLNAME": "snedronningen", "RATING": 14, "COMMENTS": "0"}, {"TITLE": "\u6ce1\u9eb5\u7684\u57fa\u91d1\u6703\u85dd\u8853\u4f5c\u54c1\u6574\u7406\u9801", "FULLNAME": "paomian-logos-page", "RATING": 8, "COMMENTS": "0"}, {"TITLE": "SCP-ZH-228 - \u7fe0\u57d4\uff0c1947\u3002", "FULLNAME": "scp-zh-228", "RATING": 26, "COMMENTS": "7"}, {"TITLE": "\u7dad\u5b89\u8a2d\u65bd\u6a94\u6848\uff1aSite-ZH-44", "FULLNAME": "site-zh-44", "RATING": 14, "COMMENTS": "5"}, {"TITLE": "\u5e03\u9b6f\u514b\u6797\u7b2c\u96f6\u5340\uff1a\u5929\u5802", "FULLNAME": "boorklyn-00-the-heaven", "RATING": 16, "COMMENTS": "0"}, {"TITLE": "\u91cf\u5b50\u81ea\u6bba", "FULLNAME": "quantum-suicide", "RATING": 8, "COMMENTS": "0"}, {"TITLE": "\u5e03\u9b6f\u514b\u6797\u7b2c\u96f6\u5340\uff1a\u96e8\u904e\u5929\u6674", "FULLNAME": "boorklyn-00-ref-rain", "RATING": 16, "COMMENTS": "2"}, {"TITLE": "SCP-ZH-352 - \u7d55\u547d\u516d\u9f9c\u8461\u8404", "FULLNAME": "scp-zh-352", "RATING": 17, "COMMENTS": "4"}, {"TITLE": "\uff33\u4e4b\u6b7b", "FULLNAME": "the-death-of-sam-or-semibreve-etc", "RATING": 18, "COMMENTS": "4"}, {"TITLE": "\u9805\u76ee\u4f01\u5283\u66f8 2017-47\uff1a\u300a\u5065\u5eb7\u7684\u4ee3\u50f9\u300b", "FULLNAME": "project-proposal-2017-47-zh", "RATING": 24, "COMMENTS": "3"}, {"TITLE": "\u8056\u591c\u76f8\u5b88\u518d\u4e00\u591c", "FULLNAME": "christmas-event3", "RATING": 8, "COMMENTS": "13"}, {"TITLE": "\u6211\u5011\u6240\u76f8\u4fe1\u7684\u8b0a\u8a00", "FULLNAME": "lies-we-believe", "RATING": 10, "COMMENTS": "2"}, {"TITLE": "\u6211\u5011\u6240\u76f8\u4fe1\u7684\u771f\u5be6", "FULLNAME": "turths-we-believe", "RATING": 11, "COMMENTS": "0"}, {"TITLE": "\u8389\u4e9e", "FULLNAME": "riariaria2", "RATING": 16, "COMMENTS": "5"}, {"TITLE": "\u4e8b\u6545\u7d00\u9304458-A", "FULLNAME": "what-the-fuck-is-this-pizza", "RATING": 16, "COMMENTS": "0"}, {"TITLE": "\u690d\u6728\u7149\u91d1", "FULLNAME": "pelia-start", "RATING": 13, "COMMENTS": "0"}, {"TITLE": "\u8056\u8a95EVE", "FULLNAME": "xmas-eve-art", "RATING": 13, "COMMENTS": "2"}, {"TITLE": "\u300cSCP-ZH-999\u300d \uff1a\u300a\u5de5\u300b", "FULLNAME": "zh999-contest", "RATING": 13, "COMMENTS": "0"}, {"TITLE": "\u85dd\u8853\u5275\u4f5c\uff1a\u8056\u8a95\u7bc0\u96ea\u55b5", "FULLNAME": "xmax-x", "RATING": 19, "COMMENTS": "0"}, {"TITLE": "SCP-ZH-999-J - \u5de5", "FULLNAME": "scp-zh-999-j", "RATING": 6, "COMMENTS": "19"}, {"TITLE": "SCP-999-JP - \u7b2c\u4e5d\u865f\u7576\u4ee5\u4e5d\u8a00\u8ff0\u4e4b", "FULLNAME": "scp-999-jp-enneametric", "RATING": 15, "COMMENTS": "5"}, {"TITLE": "\u7e41\u4e2d\u7ba1\u7406\u54e1\u7b46\u8a18\uff1a2021\u5e74\u56de\u9867", "FULLNAME": "note-for-u-guys-2021", "RATING": 35, "COMMENTS": "4"}, {"TITLE": "\u300c\u7d66\u6211\u4e00\u675f\u9bae\u82b1\u5427\u3002\u300d", "FULLNAME": "quantum-suicide-art", "RATING": 15, "COMMENTS": "0"}, {"TITLE": "\u4e0d\u61c9\u88ab\u8a18\u61b6\u7684\u90a3\u4eba", "FULLNAME": "fan-made-zh12-fiction", "RATING": 11, "COMMENTS": "2"}, {"TITLE": "\u7121\u6a19\u984c", "FULLNAME": "adiscoolyesss", "RATING": 8, "COMMENTS": "1"}, {"TITLE": "SCP-ZH-082 - \u5c0f\u871c\u8702\u9910\u8eca", "FULLNAME": "scp-zh-082", "RATING": 24, "COMMENTS": "0"}, {"TITLE": "\u300a\u6c88\u6eba\u5728\u540d\u70ba\u4e0b\u5c64\u6558\u4e8b\u7684\u661f\u9ede\u5bd2\u96e8\u300b\u2014\u2014 \u6216\u8a31\u4f60\u7121\u6cd5\u611b\u4e0a\u4f60\u6240\u5275\u9020\u7684\u6211\uff0c\u90a3\u4e5f\u8acb\u4f60\u4e0d\u8981\u8a0e\u53ad\u9019\u500b\u4e16\u754c\uff0c\u597d\u55ce\uff1f", "FULLNAME": "in-the-cold-and-rain-the-love-story", "RATING": 15, "COMMENTS": "0"}, {"TITLE": "Meow!!Gwan", "FULLNAME": "tonal-felidae", "RATING": 11, "COMMENTS": "0"}, {"TITLE": "Unsigned Draft #799 - N/A", "FULLNAME": "scp-zh-799", "RATING": 15, "COMMENTS": "1"}, {"TITLE": "SCP-ZH-999\uff0d\u4eba\u5011\u6b20\u4ed6\u500b\u7e3d\u7d71\u5e2d\u4f4d", "FULLNAME": "scp-zh-999", "RATING": 57, "COMMENTS": "13"}, {"TITLE": "\u9000\u4f11\u751f\u6d3b", "FULLNAME": "retire-from-bistro", "RATING": 17, "COMMENTS": "1"}, {"TITLE": "SCP-ZH-062 - \u71c8\u7334", "FULLNAME": "scp-zh-062", "RATING": 17, "COMMENTS": "0"}, {"TITLE": "\u7d42\u7109\u7684\u7d42\u7109\u3001\u9ed1\u767d\u68cb\u5c40\u3001\u55ae\u76f8\u601d\uff0c Lament", "FULLNAME": "poems-of-uneternal-death", "RATING": 7, "COMMENTS": "0"}, {"TITLE": "SCP-ZH-131 - \u5f7c\u5cb8\u82b1\u958b", "FULLNAME": "scp-zh-131", "RATING": 9, "COMMENTS": "0"}, {"TITLE": "k1s10r0d\u7684\u63d0\u6848 - IMMOLARI", "FULLNAME": "k1s10r0d-s-proposal", "RATING": 36, "COMMENTS": "3"}, {"TITLE": "\u6069\u624b\u6559\u8a69\u6b4c\uff0d\u6190\u624b", "FULLNAME": "zh-bt-hand-mercy", "RATING": 5, "COMMENTS": "0"}, {"TITLE": "SCP-ZH-517 - One More Time, One More Chance", "FULLNAME": "scp-zh-517", "RATING": 22, "COMMENTS": "1"}, {"TITLE": "SCP-ZH-599 - Xyan2K Problem", "FULLNAME": "scp-zh-599", "RATING": 16, "COMMENTS": "1"}, {"TITLE": "SCP-ZH-056 - \u672c\u73ed\u6a5f\u98db\u5f80\u5f7c\u5cb8", "FULLNAME": "scp-zh-056", "RATING": 21, "COMMENTS": "0"}, {"TITLE": "\u5152\u7ae5\u8d70\u5931\u8655\u7406\u7d00\u9304", "FULLNAME": "snowcatflyhighhigh", "RATING": 27, "COMMENTS": "3"}, {"TITLE": "SCP-ZH-086 - \u8acb\u4f60\u5225\u8aaa\u898b\u904e\u6211", "FULLNAME": "scp-zh-086", "RATING": 22, "COMMENTS": "2"}, {"TITLE": "SCP-ZH-074 - \u6d77\u62c9\u7684\u6536\u5bb9\u9593", "FULLNAME": "scp-zh-074", "RATING": 12, "COMMENTS": "7"}, {"TITLE": "SCP-ZH-223 - \u5b7d\u7a2e", "FULLNAME": "scp-zh-223", "RATING": 16, "COMMENTS": "2"}, {"TITLE": "\u767d\u88e1\u900f\u7d05\u7684\u8eab\u5f71", "FULLNAME": "zh-daedalus-f004", "RATING": 15, "COMMENTS": "0"}, {"TITLE": "SCP-ZH-432 - \u66f4\u597d\u7684\u4f60", "FULLNAME": "scp-zh-432", "RATING": 21, "COMMENTS": "2"}, {"TITLE": "SCP-ZH-302 - \u542b\u7898\u6c34\u5996\u7cbe", "FULLNAME": "scp-zh-302", "RATING": 16, "COMMENTS": "0"}, {"TITLE": "SCP-ZH-609 - \u7761\u524d\u6aa2\u67e5", "FULLNAME": "scp-zh-609", "RATING": 14, "COMMENTS": "0"}, {"TITLE": "\u52ab\u5b7d\u9918\u751f", "FULLNAME": "post-trauma", "RATING": 14, "COMMENTS": "1"}, {"TITLE": "\u82b1\u96e8", "FULLNAME": "zh-086-flower-torment", "RATING": 16, "COMMENTS": "0"}, {"TITLE": "SCP-ZH-968 - \u57fa\u8f14\u6230\u9b3c\u986f\u73fe\u4e4b\u6642", "FULLNAME": "scp-zh-968", "RATING": 25, "COMMENTS": "4"}, {"TITLE": "\u4e00\u5b9a\u662f\u5047\u7684", "FULLNAME": "must-be-fake", "RATING": 14, "COMMENTS": "0"}, {"TITLE": "SCP-ZH-777 - \u4e03\u9418\u8b49\u507d\u50b3\u4e03\u97ff", "FULLNAME": "scp-zh-777", "RATING": 13, "COMMENTS": "0"}, {"TITLE": "SCP-ZH-106-\u300c\u9006\u6a21\u56e0\u300d", "FULLNAME": "scp-zh-106", "RATING": 23, "COMMENTS": "7"}, {"TITLE": "\u9177\u9177\u7684\u50b3\u64ad\u7b49\u7d1a\u5716\u6a19", "FULLNAME": "cool-spread-class-icons", "RATING": 9, "COMMENTS": "1"}, {"TITLE": "SCP-ZH-922 - \u99ac\u862d\u59d1\u5a18", "FULLNAME": "scp-zh-922", "RATING": 26, "COMMENTS": "1"}, {"TITLE": "\u85dd\u8853\u4f5c\u54c1\uff1aSCP-ZH-922\uff08SamScript\u7248\uff09", "FULLNAME": "cidal-dongi-by-samscript", "RATING": 11, "COMMENTS": "0"}, {"TITLE": "\u85dd\u8853\u4f5c\u54c1\uff1aSCP-ZH-922\uff08LuLu_Lucifelle\u7248\uff09", "FULLNAME": "cidal-dongi-by-lulu-lucifelle", "RATING": 12, "COMMENTS": "0"}, {"TITLE": "\u5c71\u672c\u7814\u7a76\u54e1\u7684ZH-922\u89c0\u5bdf\u65e5\u8a8c", "FULLNAME": "romiamiad-ni-cidal", "RATING": 17, "COMMENTS": "0"}, {"TITLE": "\u6211\u5011\u90fd\u53ea\u662f\u8840\u8089\u4e4b\u8ec0", "FULLNAME": "we-are-no-more-than-mortal-souls", "RATING": 15, "COMMENTS": "1"}, {"TITLE": "\u5c0f\u52d5\u7269\u6a94\u6848\uff1aCiwciw\uff01", "FULLNAME": "critter-profile-ciwciw", "RATING": 9, "COMMENTS": "0"}, {"TITLE": "\u6d41\u9023\u5fd8\u8fd4", "FULLNAME": "the-forsaken-lake", "RATING": 9, "COMMENTS": "1"}, {"TITLE": "\u547d\u61f8\u4e00\u9d28\uff0c\u9003\u51fa\u751f\u5929", "FULLNAME": "among-in-the-duck", "RATING": 16, "COMMENTS": "6"}, {"TITLE": "\u5e03\u9b6f\u514b\u6797\u7b2c\u96f6\u5340\uff1a\u5b8c\u5f62\u5d29\u58de", "FULLNAME": "boorklyn-00-crash", "RATING": 12, "COMMENTS": "1"}, {"TITLE": "SCP-ZH-126 - \u300c\u7f8a\u300d\u828b\u7247\u888b", "FULLNAME": "scp-zh-126", "RATING": 11, "COMMENTS": "0"}, {"TITLE": "\u300c\u706b\u9b54\u6cd5\u300d\u56de\u9867\uff1a\u4f3c\u540c\u5be6\u7570\u7684\u5169\u5927\u985e\u8853\u5f0f", "FULLNAME": "review-of-fire-spells", "RATING": 16, "COMMENTS": "0"}, {"TITLE": "Myosotis", "FULLNAME": "myosotis", "RATING": 17, "COMMENTS": "0"}, {"TITLE": "SCP-ZH-002-J - \u6c34\u63a8\u8eca", "FULLNAME": "scp-zh-002-j", "RATING": 16, "COMMENTS": "2"}, {"TITLE": "\u5c0f\u52d5\u7269\u7c21\u4ecb\uff1aPerillos\uff01", "FULLNAME": "critter-profile-perillos", "RATING": 11, "COMMENTS": "2"}, {"TITLE": "\u4f69\u68ee\u5c3c\u723e\u7684\u793e\u4ea4\u5a92\u9ad4\u982d\u50cf", "FULLNAME": "pthahnil-s-social-media-user-icon", "RATING": 15, "COMMENTS": "0"}, {"TITLE": "\u4f69\u68ee\u5c3c\u723e\u79c1\u8a2d\u5c0f\u88d9\u5b50\u597d\u8036", "FULLNAME": "pthahnil-drees-relenaxd", "RATING": 11, "COMMENTS": "1"}, {"TITLE": "\u523a\u875f\u7b46\u8a18\u672c\uff1aZH\u5206\u90e8\u4eba\u7269\u5408\u8f2f\uff08ZH-12\u7ad9\u7bc7\uff09", "FULLNAME": "hedgehog-note-site-zh-12", "RATING": 14, "COMMENTS": "0"}, {"TITLE": "\u4f60\u77e5\u9053\u55ce", "FULLNAME": "do-you-know-i-love-you", "RATING": 14, "COMMENTS": "1"}, {"TITLE": "\u90fd\u5e02\u50b3\u8aaa\u578b\u7570\u5e38\u61c9\u5c0d\u90e8\u9580\u4e2d\u5fc3\u9801", "FULLNAME": "urban-legend-department", "RATING": 16, "COMMENTS": "1"}, {"TITLE": "1970-1972\u5947\u840a\u5c71\u5340\u672a\u89e3\u660e\u4e8b\u4ef6\u518d\u5be9\u63d0\u6848", "FULLNAME": "unsolved-cases-mount-qilai-1970-1972", "RATING": 13, "COMMENTS": "0"}, {"TITLE": "\u7570\u5875\u6f2b\u6b65", "FULLNAME": "a-walk-in-the-fallout", "RATING": 12, "COMMENTS": "7"}, {"TITLE": "\u8fd1\u671f\u7684\u5275\u4f5c\uff08\u4e00\uff09", "FULLNAME": "sq-artwork-1a", "RATING": 16, "COMMENTS": "0"}, {"TITLE": "\u5b89\u7720\u83ef\u723e\u8332", "FULLNAME": "dormitive-waltz", "RATING": 12, "COMMENTS": "0"}, {"TITLE": "SCP-ZH-895\u2014\u5875\u5c01\u4e4b\u5922\u8207\u6096\u8ad6", "FULLNAME": "scp-zh-895", "RATING": 10, "COMMENTS": "0"}, {"TITLE": "SCP-ZH-403 - \u7981\u81e0\u8207\u7d42\u6b62\u7b26", "FULLNAME": "scp-zh-403", "RATING": 17, "COMMENTS": "4"}, {"TITLE": "SCP-ZH-361 - \u9a5a\u559cX\u9eb5", "FULLNAME": "scp-zh-361", "RATING": 17, "COMMENTS": "0"}, {"TITLE": "SCP-ZH-279 - \u611b\u7684\u5f62\u72c0", "FULLNAME": "scp-zh-279", "RATING": 20, "COMMENTS": "1"}, {"TITLE": "\u6d77\u68e0\u4f9d\u820a", "FULLNAME": "lucid-dreams", "RATING": 24, "COMMENTS": "0"}, {"TITLE": "D-10201", "FULLNAME": "d-10201", "RATING": 16, "COMMENTS": "2"}, {"TITLE": "\u7121\u5e8f\u5922\u56c8", "FULLNAME": "disorder-flapdoodle", "RATING": 18, "COMMENTS": "0"}, {"TITLE": "SCP-ZH-750 - \u795e\u8aaa\uff1a\u300c\u8981\u6709\u6cb9\u3002\u300d\u5c31\u6709\u4e86\u6cb9\u3002", "FULLNAME": "scp-zh-750", "RATING": 31, "COMMENTS": "5"}, {"TITLE": "SCP-ZH-441 - \u53ea\u80fd\u4ee5\u9019\u7a2e\u65b9\u5f0f\u932f\u8aa4\u5730\u60e6\u8a18\u88ab\u78be\u58d3\u800c\u4ea1\u7684\u5c4d\u9ad4", "FULLNAME": "scp-zh-441", "RATING": 17, "COMMENTS": "1"}, {"TITLE": "SCP-ZH-029 - \u77c7\u773c\u5c04\u98db\u93e2", "FULLNAME": "scp-zh-029", "RATING": 10, "COMMENTS": "1"}, {"TITLE": "SCP-ZH-912-J - \u5927\u5fcc", "FULLNAME": "scp-zh-912-j", "RATING": 21, "COMMENTS": "6"}, {"TITLE": "SCP-ZH-133 - \u4e0d\u6703\u7528\u812b\u6c34\u4f86\u9a19\u4eba\u7684\u597d\u85e5\u662f\u7684", "FULLNAME": "scp-zh-133", "RATING": 21, "COMMENTS": "7"}, {"TITLE": "\u7f8e\u597d\u7684\u8001\u65e5\u5b50", "FULLNAME": "the-goodie-old-days", "RATING": 8, "COMMENTS": "0"}, {"TITLE": "\u8840\u81bf\u65bc\u6c34", "FULLNAME": "pyemia-is-thicker-than-water", "RATING": 6, "COMMENTS": "1"}, {"TITLE": "\u767d\u96f2\u5b64\u98db", "FULLNAME": "i-ll-come-back-to-the-earth-and-bring-the-piece-of-the-star", "RATING": 19, "COMMENTS": "0"}, {"TITLE": "\u52ff\u5fd8\u6211", "FULLNAME": "forget-me-not-lucifelle", "RATING": 17, "COMMENTS": "0"}, {"TITLE": "\u8654\u8aa0\u795e\u7236\u8207\u793e\u755c\u8f14\u5c0e\u54e1\u4e0d\u6703\u649e\u7834\u8499\u81c9\u4e0a\u53f8\u5011\u505a\u7f9e\u7f9e\u7684\u4e8b", "FULLNAME": "one-night-four-broken-hearts-in-12", "RATING": 20, "COMMENTS": "0"}, {"TITLE": "\u904e\u96f2\u96e8", "FULLNAME": "overcast", "RATING": 12, "COMMENTS": "0"}, {"TITLE": "\u9858\u541b\u5b89\u597d", "FULLNAME": "wish-you-safe-and-sound", "RATING": 24, "COMMENTS": "0"}, {"TITLE": "\u98df\u5802\u7d04\u6703", "FULLNAME": "canteen-date", "RATING": 22, "COMMENTS": "3"}, {"TITLE": "\u96f7\u9663\u96e8", "FULLNAME": "thunderstorm", "RATING": 14, "COMMENTS": "0"}, {"TITLE": "\u5f8c\u73fe\u4ee3\u57fa\u91d1\u6703\u540c\u4eba\u6200\u611b\u5411\u8f15\u5c0f\u8aaa", "FULLNAME": "k1s10r0d-april-fool-project-2021", "RATING": 18, "COMMENTS": "5"}, {"TITLE": "\u4eca\u5929\u4e5f\u662f\u666e\u901a\u7684\u4e00\u5929", "FULLNAME": "today-is-just-another-ordinary-day", "RATING": 12, "COMMENTS": "4"}, {"TITLE": "\u597d\u9913\u597d\u9913\u7684\u514b\u91cc\u65af\u535a\u58eb", "FULLNAME": "the-very-hungry-dr-kris", "RATING": 17, "COMMENTS": "2"}, {"TITLE": "\u300c\u8f49\u4e16\u8a08\u5283\u300d", "FULLNAME": "project-reincarnation", "RATING": 17, "COMMENTS": "1"}, {"TITLE": "\u300c\u6211\u8166\u4e2d\u552f\u4e00\u4e00\u4ef6\u4e8b\u300d", "FULLNAME": "the-only-thing-in-my-head", "RATING": 8, "COMMENTS": "2"}, {"TITLE": "\u89f8\u4e0d\u5230\u7684\u4f60", "FULLNAME": "you", "RATING": 7, "COMMENTS": "0"}, {"TITLE": "\u5341\u6708\u5341\u4e03\u65e5\u61b6\u9662\u5916\u53cb\u4eba", "FULLNAME": "17-th-october-a-letter-to-a-friend", "RATING": 10, "COMMENTS": "1"}, {"TITLE": "\u5bbf\u96e8", "FULLNAME": "the-rain-fell-overnight", "RATING": 21, "COMMENTS": "1"}, {"TITLE": "\u5fae\u96e8", "FULLNAME": "drizzle", "RATING": 11, "COMMENTS": "2"}, {"TITLE": "\u85dd\u8853\u4f5c\u54c1\uff1aSCP-ZH-922\uff08k1s10r0d\u7248\uff09", "FULLNAME": "cidal-dongi-by-k1s10r0d", "RATING": 15, "COMMENTS": "0"}, {"TITLE": "\u5225\u60f9\u6211", "FULLNAME": "don-t-tread-on-me", "RATING": 11, "COMMENTS": "0"}, {"TITLE": "\u5b89\u5854\u96f7\u65af\u904b\u52d5\u5ba3\u5c0e", "FULLNAME": "propaganda-of-the-antares-movement", "RATING": 12, "COMMENTS": "0"}, {"TITLE": "\u8056\u591c\u51fa\u904a", "FULLNAME": "merry-christmas-aya-and-mayaw", "RATING": 16, "COMMENTS": "0"}, {"TITLE": "\u4eba\u7684\u5169\u9762", "FULLNAME": "duality-of-man", "RATING": 12, "COMMENTS": "0"}, {"TITLE": "\u90a3\u500b\u8f14\u8def\u5979", "FULLNAME": "that-volutaar", "RATING": 13, "COMMENTS": "0"}, {"TITLE": "\u4e0d\u8fa3\uff0c\u4e0d\u8981\u6feb\u85e5\uff0cokay\uff1f", "FULLNAME": "bruh-don-t-do-drugs-okay", "RATING": 12, "COMMENTS": "0"}, {"TITLE": "Neviim.aic\uff0c\u651d\u65bc2022\u5e742\u6708", "FULLNAME": "neviim-aic-original-art", "RATING": 13, "COMMENTS": "0"}, {"TITLE": "\u5077\u6e21\u76ee\u6a19\uff1aKislorod Ponomarenko\uff0c\u651d\u65bc1984\u5e74", "FULLNAME": "smuggling-target-kislorod-ponomarenko", "RATING": 9, "COMMENTS": "1"}, {"TITLE": "\u672b\u88d4\u9ed8\u793a", "FULLNAME": "immolari-of-the-apocalypse", "RATING": 8, "COMMENTS": "0"}, {"TITLE": "\u8056\u5973\u6190\u5b50", "FULLNAME": "kz-la-pieta", "RATING": 15, "COMMENTS": "0"}, {"TITLE": "\u6709\u95dcKris\u535a\u58eb\u7684\u4e00\u4e9b\u5275\u4f5c\u5c0f\u5099\u5fd8", "FULLNAME": "on-how-to-draw-dr-kris-boone", "RATING": 10, "COMMENTS": "1"}, {"TITLE": "Valm\u00faa\u5c0f\u5408\u96c6", "FULLNAME": "valmua-compilation", "RATING": 13, "COMMENTS": "2"}, {"TITLE": "\u624b\u7e6a\u7684Valm\u00faa", "FULLNAME": "k1s10r0d-hand-drawn-valmua", "RATING": 15, "COMMENTS": "0"}, {"TITLE": "\u9396\u93c8\u7684\u97f3\u7af9", "FULLNAME": "k1s10r0d-chain-sugoi", "RATING": 29, "COMMENTS": "6"}, {"TITLE": "\u5348\u5f8c\u9593\u6b47", "FULLNAME": "midsummer-the-plants-and-you", "RATING": 15, "COMMENTS": "4"}, {"TITLE": "\u8df3\u821e\u7684\u6ce2\u862d\u725b", "FULLNAME": "polish-dancing-cow", "RATING": 11, "COMMENTS": "0"}, {"TITLE": "\u8cc7\u672c\u4e3b\u7fa9\u3001\u4f86\u8972", "FULLNAME": "capitalism-attack", "RATING": 13, "COMMENTS": "3"}, {"TITLE": "Elizabeth\u795e\u5316\u6642\u88dd\u6982\u5ff5\u539f\u578b", "FULLNAME": "apotheosis-fashion-prototype-of-elizabeth-victor-evans", "RATING": 8, "COMMENTS": "0"}, {"TITLE": "Dr. Kris\u7684\u6587\u6a94\u5c71\u6d77\uff0dSCP-2940-B", "FULLNAME": "k1s10r0d-2940-b-art", "RATING": 12, "COMMENTS": "0"}, {"TITLE": "Sitestuck - Intro002", "FULLNAME": "sitestuck002", "RATING": 10, "COMMENTS": "0"}, {"TITLE": "\u6211\u4e0d\u8a8d\u8b58\u6c34\u88e1\u7684AD", "FULLNAME": "i-don-t-recognize-that-ad-in-the-water", "RATING": 13, "COMMENTS": "0"}, {"TITLE": "Dr. Kris\u7684\u6587\u6a94\u5c71\u6d77\uff0d\u7246\u4e0a\u7684\u6cb9\u756b", "FULLNAME": "k1s10r0d-oil-painting-on-the-wall", "RATING": 14, "COMMENTS": "0"}, {"TITLE": "Dr. Kris\u7684\u6587\u6a94\u5c71\u6d77\uff0dDr. \u8d85\u8870\u5e03\u840a\u6069Vol.1", "FULLNAME": "k1s10r0d-dr-suck-luck-bryan-vol-1", "RATING": 11, "COMMENTS": "0"}, {"TITLE": "\u6211\u768447", "FULLNAME": "my-47-th", "RATING": 13, "COMMENTS": "0"}, {"TITLE": "Dr. Kris\u7684\u6587\u6a94\u5c71\u6d77\uff0dDr. Kris\u7684\u756b\u96c6", "FULLNAME": "k1s10r0d-dr-kris-s-sketchbook", "RATING": 13, "COMMENTS": "0"}, {"TITLE": "\u6c92\u4ec0\u9ebc\uff0c\u53ea\u662f\u4e00\u5f35\u8001\u7167\u7247", "FULLNAME": "nothing-just-a-old-picture", "RATING": 16, "COMMENTS": "0"}, {"TITLE": "Dr. Kris\u7684\u6587\u6a94\u5c71\u6d77\uff0dDr.Apoyn\u7684\u901f\u5beb", "FULLNAME": "k1s10r0d-quick-sketch-of-dr-apoyn", "RATING": 14, "COMMENTS": "2"}, {"TITLE": "\u6211\u662f\u8ab0\uff1f", "FULLNAME": "k1s10r0d-what-am-i", "RATING": 14, "COMMENTS": "2"}, {"TITLE": "Nihilmace\u8207Valmua", "FULLNAME": "k1s10r0d-nihilmace-and-valmua", "RATING": 16, "COMMENTS": "3"}, {"TITLE": "\u6c34\u65cf\u9928\u7d04\u6703", "FULLNAME": "aquarium-date-art", "RATING": 15, "COMMENTS": "0"}, {"TITLE": "Dr. Kris\u7684\u6587\u6a94\u5c71\u6d77\uff0dDr. Kris\u7684\u96a8\u624b\u5857\u9d09", "FULLNAME": "k1s10r0d-kris-doodle", "RATING": 14, "COMMENTS": "0"}, {"TITLE": "2013\u5e74\u7684\u96d9\u4eba\u81ea\u62cd", "FULLNAME": "selfie-of-metha-and-kris-in-2013", "RATING": 16, "COMMENTS": "0"}, {"TITLE": "Lostwhat\u7684\u63d0\u6848\u4e00", "FULLNAME": "lostwhat-s-proposal", "RATING": 38, "COMMENTS": "2"}, {"TITLE": "SCP-ZH-176 - \u300a\u6d77\u9dd7\u7684\u5927\u64a4\u9000\u300b", "FULLNAME": "scp-zh-176", "RATING": 22, "COMMENTS": "0"}, {"TITLE": "SCP-ZH-135 - \u8c93\u54aa\u4e0d\u548c\u6211\u73a9", "FULLNAME": "scp-zh-135", "RATING": 22, "COMMENTS": "2"}, {"TITLE": "\u5922\u5883\u91cd\u5531", "FULLNAME": "dream-duet", "RATING": 10, "COMMENTS": "0"}, {"TITLE": "SCP-ZH-993 - \u7121\u77e5\u5247\u81ea\u7531", "FULLNAME": "scp-zh-993", "RATING": 25, "COMMENTS": "0"}, {"TITLE": "Reverberate_a\u7684\u63d0\u6848", "FULLNAME": "reverberate-a-s-proposal-1", "RATING": 23, "COMMENTS": "2"}, {"TITLE": "SCP-ZH-300-J - \u6211\u7684\u896a\u896a\ud83e\udd7a", "FULLNAME": "scp-zh-300-j", "RATING": 17, "COMMENTS": "6"}, {"TITLE": "\u8f38\u5165\u5bc6\u5319\uff1a67337-94-505", "FULLNAME": "scp-zh-505", "RATING": 13, "COMMENTS": "0"}, {"TITLE": "SCP-ZH-989 - \u6211\u5011\u8166\u4e2d\u7684\u592a\u967d", "FULLNAME": "scp-zh-989", "RATING": 20, "COMMENTS": "1"}, {"TITLE": "SCP-V1L3-J\u5be6\u9a57\u7522\u7269\u5099\u4efd \u71c3\u71d2\u5361\u8def\u91cc", "FULLNAME": "adult:v1l3-j-burning-calories", "RATING": 12, "COMMENTS": "0"}, {"TITLE": "SCP-V1L3-J\u5be6\u9a57\u7522\u7269\u9644\u5716\u5099\u4efd", "FULLNAME": "adult:k1s10r0d-art-of-v1l3-j-burning-calories", "RATING": 10, "COMMENTS": "0"}, {"TITLE": "V1L3-J\u5be6\u9a57\u7522\u7269\u526f\u672c \u591c\u904a\u8ced\u57ce\u6307\u5357", "FULLNAME": "adult:v1l3-j-how-to-spend-the-night-in-sin-city", "RATING": 11, "COMMENTS": "3"}, {"TITLE": "\u665a\u5b8912\u7ad9", "FULLNAME": "adult:oyasumi-site-zh-12", "RATING": 11, "COMMENTS": "1"}, {"TITLE": "\u6545\u4e8b\u7684\u529b\u91cf\uff5e\u4f60\u70ba\u4ec0\u9ebc\u9700\u8981\u8d85\u5f62\u4e0a\u5b78\uff5e", "FULLNAME": "why-you-need-pataphysics", "RATING": 28, "COMMENTS": "1"}, {"TITLE": "\u6211\u5011\u4e4b\u4e2d\u6709\u500b\u9593\u8adc", "FULLNAME": "there-is-a-imposter-among-us", "RATING": 21, "COMMENTS": "1"}, {"TITLE": "\u4f60\u7684\u5fc3\u53c8\u5c6c\u65bc\u8ab0\uff1f", "FULLNAME": "who-does-your-heart-belong-to", "RATING": 14, "COMMENTS": "1"}, {"TITLE": "\u51b0\u7bb1", "FULLNAME": "fridge", "RATING": 15, "COMMENTS": "0"}, {"TITLE": "SCP-ZH-244 - \u6211\u56de\u4f86\u4e86", "FULLNAME": "scp-zh-244", "RATING": 24, "COMMENTS": "1"}, {"TITLE": "\u6842\u82b1\u548c\u6d0b\u7518\u83ca", "FULLNAME": "tea-rain-halloween2022", "RATING": 16, "COMMENTS": "1"}, {"TITLE": "\u7aae\u4e0d\u5c60\u7272\u755c\u3001\u8352\u4e0d\u796d\u6b7f\u7f85", "FULLNAME": "wanderers:don-t-sacrifice-to-deathweb", "RATING": 8, "COMMENTS": "2"}, {"TITLE": "\u516c\u5712\u9577\u6905\u4e0a\u7684\u7537\u4eba", "FULLNAME": "wanderers:man-on-the-bench", "RATING": 10, "COMMENTS": "3"}, {"TITLE": "\u851a\u85cd\u4e4b\u738b", "FULLNAME": "wanderers:cerulean-king", "RATING": 8, "COMMENTS": "0"}, {"TITLE": "\u54b1\u662f\u8ab0", "FULLNAME": "wanderers:who-am-i", "RATING": 8, "COMMENTS": "1"}, {"TITLE": "\u65bc\u662f\uff0c\u6211\u8e0f\u9032\u4e86\u6211\u9762\u524d\u90a3\u4e0d\u5b58\u5728\u7684\u9ed1\u6d77\u3002", "FULLNAME": "wanderers:so-i-stab-into-the-black-sea", "RATING": 10, "COMMENTS": "1"}, {"TITLE": "\u661f\u661f\u96e8\u7684\u6545\u4e8b", "FULLNAME": "wanderers:they-me-you-stars", "RATING": 11, "COMMENTS": "0"}, {"TITLE": "\u592a\u967d\u7981\u6b62\u9032\u5165", "FULLNAME": "wanderers:eos-and-sun", "RATING": 20, "COMMENTS": "1"}, {"TITLE": "\u74f6\u4e2d\u7684\u78a7\u7fe0\u6602", "FULLNAME": "wanderers:homunculus", "RATING": 20, "COMMENTS": "0"}, {"TITLE": "\u6885\u723e\u8207\u73cd\u73e0", "FULLNAME": "wanderers:pearl", "RATING": 19, "COMMENTS": "2"}, {"TITLE": "\u8b6f\u8005\u521d\u6821\u81ea\u884c\u6aa2\u67e5\u8868", "FULLNAME": "your-first-translation", "RATING": 23, "COMMENTS": "0"}, {"TITLE": "SCP-ZH-848 - \u8840\u6d78\u5cf6", "FULLNAME": "scp-zh-848", "RATING": 12, "COMMENTS": "0"}, {"TITLE": "\u8de8\u5e74\u591c\uff0c\u52a0\u73ed\u591c", "FULLNAME": "work-overtime-night-2023", "RATING": 13, "COMMENTS": "0"}, {"TITLE": "\u7d2f\u4e16\u71fc\u901d", "FULLNAME": "wanderers:farewell", "RATING": 15, "COMMENTS": "1"}, {"TITLE": "\u85dd\u8853\u4f5c\u54c1\uff1aSCP-ZH-922\uff08Control Z\u7248\uff09", "FULLNAME": "cidal-dongi-by-controlz", "RATING": 13, "COMMENTS": "0"}]