[{"TITLE": "SCP-ZH-60053-J - HONK", "FULLNAME": "scp-zh-60053-j", "RATING": 45, "COMMENTS": "7"}, {"TITLE": "\u5641\u5fc3\u7684\u60e1\u4f5c\u5287", "FULLNAME": "disgusting-prank", "RATING": 14, "COMMENTS": "7"}, {"TITLE": "SCP-ZH-129 - \u4f60\u5728\u54ea\u88e1\uff1f", "FULLNAME": "scp-zh-129", "RATING": 11, "COMMENTS": "6"}, {"TITLE": "\u57fa\u9234\u5354\u8b70\u670d\u52d9\u8655 \u5feb\u901f\u8cc7\u6599\u67e5\u8a62\u7cfb\u7d71", "FULLNAME": "manual-bt", "RATING": 9, "COMMENTS": "1"}, {"TITLE": "SCP-ZH-999\uff0d\u4eba\u5011\u6b20\u4ed6\u500b\u7e3d\u7d71\u5e2d\u4f4d", "FULLNAME": "scp-zh-999", "RATING": 57, "COMMENTS": "13"}, {"TITLE": "\u300c\u6211\u6c92\u760b\u300d", "FULLNAME": "i-mcrazy", "RATING": 10, "COMMENTS": "0"}, {"TITLE": "\u7570\u805e\uff1a\u4e2d\u6e2f\u8def\u4e0a\u7684\u91ce\u72fc", "FULLNAME": "wolf125again", "RATING": 6, "COMMENTS": "2"}, {"TITLE": "SCP-ZH-706 - \u5c11\u5e74\u311f\uff0c\u53ef\u4e0d\u53ef\u4ee5\u966a\u963f\u4f2f\u627e\u56de\u5bb6\u7684\u8def\uff1f", "FULLNAME": "scp-zh-706", "RATING": 13, "COMMENTS": "0"}, {"TITLE": "SCP-ZH-750 - \u795e\u8aaa\uff1a\u300c\u8981\u6709\u6cb9\u3002\u300d\u5c31\u6709\u4e86\u6cb9\u3002", "FULLNAME": "scp-zh-750", "RATING": 31, "COMMENTS": "5"}, {"TITLE": "\u80cc\u9762\u7684\u96fb\u8a71\u4ead", "FULLNAME": "phone-booth5", "RATING": 17, "COMMENTS": "0"}, {"TITLE": "SCP-ZH-767 - \u9ed1\u65d7\u63a5\u99c1\u8eca", "FULLNAME": "scp-zh-767", "RATING": 15, "COMMENTS": "1"}]