[{"TITLE": "SCP-ZH-105 - \u4e0d\u5b5d\u5b50", "FULLNAME": "scp-zh-105", "RATING": 66, "COMMENTS": "5"}, {"TITLE": "\u5728\u661f\u661f\u4e4b\u4e0b", "FULLNAME": "ilmari", "RATING": 4, "COMMENTS": "8"}, {"TITLE": "SCP-ZH-171 - \u60e1\u4e4b\u5fc3\u7246", "FULLNAME": "scp-zh-171", "RATING": 8, "COMMENTS": "1"}, {"TITLE": "SCP-ZH-324 - \u5e7d\u51a5\u9b3c\u5c07", "FULLNAME": "scp-zh-324", "RATING": 5, "COMMENTS": "0"}, {"TITLE": "SCP-ZH-912 - \u770b\u898b", "FULLNAME": "scp-zh-912", "RATING": 14, "COMMENTS": "4"}, {"TITLE": "\u6b98\u5f71\u3001\u6b98\u97ff\u53ca\u6b98\u71ed\uff08\u6216\u7a31\u70ba\u2588\u2588\u3001\u2588\u2588\u53ca\u2588\u2588\uff09", "FULLNAME": "zycie-zhizn-life", "RATING": 16, "COMMENTS": "1"}, {"TITLE": "\u7d42\u671f\u6d88\u6bd2\uff0c\u7184\u71c8\u865f", "FULLNAME": "mtf15-14-td1", "RATING": 13, "COMMENTS": "0"}, {"TITLE": "\u672a\u7f72\u540d\u7684\u8056\u8a95\u79ae\u7269 Site-ZH-02", "FULLNAME": "xmas-gift-but-have-no-signature-02", "RATING": 8, "COMMENTS": "0"}, {"TITLE": "\u6b98\u71ed", "FULLNAME": "candle-in-the-wind", "RATING": 11, "COMMENTS": "3"}, {"TITLE": "SCP-ZH-526 - \u6211\u5c31\u662f\u4e00\u53f0\u70e4\u571f\u53f8\u6a5f", "FULLNAME": "scp-zh-526", "RATING": 18, "COMMENTS": "1"}, {"TITLE": "\u771f\u5be6", "FULLNAME": "authentic", "RATING": 11, "COMMENTS": "2"}, {"TITLE": "SCP-ZH-140 - \u5b57\u7fa9\u76f8\u6096", "FULLNAME": "scp-zh-140", "RATING": 20, "COMMENTS": "7"}]