[{"TITLE": "SCP-ZH-582 - \u4e16\u4e0a\u6700\u8a0e\u4eba\u559c\u611b\u7684\u4e0d\u660e\u751f\u7269", "FULLNAME": "scp-zh-582", "RATING": 15, "COMMENTS": "0"}, {"TITLE": "SCP-ZH-323 - \u966a\u6211\u73a9", "FULLNAME": "scp-zh-323", "RATING": 10, "COMMENTS": "3"}, {"TITLE": "Site-ZH-02 \u5927\u5ef3", "FULLNAME": "site-zh-02-front", "RATING": 16, "COMMENTS": "0"}, {"TITLE": "SCP-ZH-005 - \u5047\u5982\u4f60\u6c92\u6709\u8f49\u767c\u9019\u7bc7\u6587\u6a94\u7d66\u5341\u500b\u670b\u53cb\uff0c\u90a3\u9ebc\u2026\u2026\u2026\u2026", "FULLNAME": "scp-zh-005", "RATING": 62, "COMMENTS": "0"}, {"TITLE": "\u6d17\u6a19\uff1a\u85cd9102-\u52a9\u7406\u7814\u7a76\u54e1Liesbeth\u7684\u896f\u886b", "FULLNAME": "blue-9102", "RATING": 11, "COMMENTS": "0"}, {"TITLE": "SCP-ZH-300 - \u8056\u8a95\u7bc0\u4ea4\u63db\u300c\u5ee2\u300d\u7269", "FULLNAME": "scp-zh-300", "RATING": 15, "COMMENTS": "2"}, {"TITLE": "\u8056\u8a95\u8ecd\u6f14", "FULLNAME": "xmas-exercise", "RATING": 24, "COMMENTS": "7"}, {"TITLE": "SCP-ZH-600 - \u50b3\u9001\u9580\u5148\u751f", "FULLNAME": "scp-zh-600", "RATING": 22, "COMMENTS": "0"}, {"TITLE": "\u8c93\u8033\u65e5", "FULLNAME": "cat-day", "RATING": 15, "COMMENTS": "0"}, {"TITLE": "\u5f9e\u4eca\u4ee5\u5f8c\uff0c\u5979\u5c07\u6c38\u751f", "FULLNAME": "she-lives-in-my-heart", "RATING": 22, "COMMENTS": "5"}, {"TITLE": "\u5979\u4e00\u76f4\u90fd\u5728\uff0c\u7121\u9808\u7dec\u61f7", "FULLNAME": "she-s-always-here", "RATING": 14, "COMMENTS": "0"}, {"TITLE": "\u8ddd\u96e2\u4e16\u754c\u672b\u65e5\u9084\u6709\u4e94\u5206\u9418", "FULLNAME": "five-minutes-to-end", "RATING": 26, "COMMENTS": "0"}, {"TITLE": "\u6d77\u795e\u60b2\u9cf4\u6642", "FULLNAME": "wadatsumi-no-naku-koroni", "RATING": 17, "COMMENTS": "3"}, {"TITLE": "SCP-ZH-2005-EX", "FULLNAME": "scp-zh-2005-ex", "RATING": 58, "COMMENTS": "1"}, {"TITLE": "\u4f60\u6703\u611f\u5230\u5f8c\u6094\u55ce\uff1f", "FULLNAME": "what-are-you-waiting-for-just-join-goc-dude", "RATING": 36, "COMMENTS": "5"}, {"TITLE": "\u7099\u71b1\u7684\u5348\u5f8c\u6642\u5149", "FULLNAME": "the-ss-vs-ss", "RATING": 29, "COMMENTS": "19"}, {"TITLE": "SCP-ZH-032 - \u6709\u6bd2\u7684\u6a61\u76ae\u64e6", "FULLNAME": "scp-zh-032", "RATING": 21, "COMMENTS": "0"}, {"TITLE": "\u82b1\u8a9e\uff1a\u66c7\u83ef", "FULLNAME": "flower-language-canna-indica", "RATING": 7, "COMMENTS": "0"}, {"TITLE": "\u5929\u4eae\u524d\u7684\u6200\u611b\u6545\u4e8b", "FULLNAME": "taisho150-lovestorybeforedawn", "RATING": 20, "COMMENTS": "2"}, {"TITLE": "What The Fuck", "FULLNAME": "what-the-fuck", "RATING": 25, "COMMENTS": "3"}, {"TITLE": "\u4e00\u76de\u8336\u6e6f\u6620\u7d05\u7af9", "FULLNAME": "the-green-tea-mirror-the-red-bamboo", "RATING": 4, "COMMENTS": "1"}, {"TITLE": "\u7dad\u5b89\u8a2d\u65bd\u6a94\u6848\uff1aSite-ZH-13", "FULLNAME": "site-zh-13", "RATING": 9, "COMMENTS": "2"}, {"TITLE": "SCP-ZH-829 - \u7121\u5f62\u5e72\u6208", "FULLNAME": "scp-zh-829", "RATING": 12, "COMMENTS": "2"}, {"TITLE": "SCP-ZH-052 - \u5fd8\u4e86\u6211\u5427\uff0c\u4f46\u6211\u4e0d\u6703\u5fd8\u8a18\u4f60\u5011\u7684", "FULLNAME": "scp-zh-052", "RATING": 18, "COMMENTS": "0"}, {"TITLE": "SCP-ZH-769 - \u98df\u7269", "FULLNAME": "scp-zh-769", "RATING": 10, "COMMENTS": "2"}, {"TITLE": "\u5de8\u97ff", "FULLNAME": "graduation", "RATING": 5, "COMMENTS": "0"}, {"TITLE": "\u4ee3\u9054\u6d1b\u65af\u8a08\u756b", "FULLNAME": "zh-daedalus", "RATING": 12, "COMMENTS": "2"}, {"TITLE": "SCP-ZH-832 - \u56de\u6eab", "FULLNAME": "scp-zh-832", "RATING": 10, "COMMENTS": "3"}, {"TITLE": "\u5e03\u9b6f\u514b\u6797\u7b2c\u96f6\u5340\uff1a\u5929\u5802", "FULLNAME": "boorklyn-00-the-heaven", "RATING": 16, "COMMENTS": "0"}, {"TITLE": "SCP-ZH-226 - \u51ac\u65e5\u5973\u5b69", "FULLNAME": "scp-zh-226", "RATING": 14, "COMMENTS": "0"}, {"TITLE": "\u81e8\u754c\u7a81\u64ca", "FULLNAME": "red-cloud-strike", "RATING": 7, "COMMENTS": "1"}, {"TITLE": "\u5e03\u9b6f\u514b\u6797\u7b2c\u96f6\u5340\uff1a\u96e8\u904e\u5929\u6674", "FULLNAME": "boorklyn-00-ref-rain", "RATING": 16, "COMMENTS": "2"}, {"TITLE": "\u6211\u5011\u6240\u76f8\u4fe1\u7684\u771f\u5be6", "FULLNAME": "turths-we-believe", "RATING": 11, "COMMENTS": "0"}, {"TITLE": "\u4e8b\u6545\u7d00\u9304458-A", "FULLNAME": "what-the-fuck-is-this-pizza", "RATING": 16, "COMMENTS": "0"}, {"TITLE": "\u690d\u6728\u7149\u91d1", "FULLNAME": "pelia-start", "RATING": 13, "COMMENTS": "0"}, {"TITLE": "SCP-ZH-399 - \u6211\u5011\u5fc3\u4e2d\u7684444\u865f\u8996\u807d\u6559\u5ba4", "FULLNAME": "scp-zh-399", "RATING": 32, "COMMENTS": "0"}, {"TITLE": "\u8056\u8a95EVE", "FULLNAME": "xmas-eve-art", "RATING": 13, "COMMENTS": "2"}, {"TITLE": "SCP-ZH-364 - \u597d\u4fee\u4e00\u76f4\u4fee", "FULLNAME": "scp-zh-364", "RATING": 8, "COMMENTS": "0"}, {"TITLE": "\u95dc\u65bc\u5c11\u5973\u7684\u8056\u8a95\u79ae\u7269", "FULLNAME": "the-girls-gift", "RATING": 12, "COMMENTS": "0"}, {"TITLE": "SCP-ZH-999-J - \u5de5", "FULLNAME": "scp-zh-999-j", "RATING": 6, "COMMENTS": "19"}, {"TITLE": "SCP-999-JP - \u7b2c\u4e5d\u865f\u7576\u4ee5\u4e5d\u8a00\u8ff0\u4e4b", "FULLNAME": "scp-999-jp-enneametric", "RATING": 15, "COMMENTS": "5"}, {"TITLE": "\u66d9\u5149\u6771\u555f", "FULLNAME": "dawn-of-east", "RATING": 17, "COMMENTS": "0"}, {"TITLE": "\u5929\u4efb\u65af\u4eba\u4e16\u754c\u7dda\u4e3b\u984c\u66f2\uff1a\u5728\u547d\u904b\u524d\u9762", "FULLNAME": "in-front-of-fate", "RATING": 6, "COMMENTS": "0"}, {"TITLE": "\u300c\u7d66\u6211\u4e00\u675f\u9bae\u82b1\u5427\u3002\u300d", "FULLNAME": "quantum-suicide-art", "RATING": 15, "COMMENTS": "0"}, {"TITLE": "SCP-ZH-499 - \u5eb7\u4e43\u99a8\u76d4\u7532\u5de5\u85dd", "FULLNAME": "scp-zh-499", "RATING": 37, "COMMENTS": "3"}, {"TITLE": "SCP-ZH-909 - \u8a55\u5206\u6a21\u584a", "FULLNAME": "scp-zh-909", "RATING": 8, "COMMENTS": "4"}, {"TITLE": "SCP-ZH-916 - \u5922\u8ff4\u7194\u7210", "FULLNAME": "scp-zh-916", "RATING": 19, "COMMENTS": "3"}, {"TITLE": "SCP-ZH-082 - \u5c0f\u871c\u8702\u9910\u8eca", "FULLNAME": "scp-zh-082", "RATING": 24, "COMMENTS": "0"}, {"TITLE": "\u300a\u6c88\u6eba\u5728\u540d\u70ba\u4e0b\u5c64\u6558\u4e8b\u7684\u661f\u9ede\u5bd2\u96e8\u300b\u2014\u2014 \u6216\u8a31\u4f60\u7121\u6cd5\u611b\u4e0a\u4f60\u6240\u5275\u9020\u7684\u6211\uff0c\u90a3\u4e5f\u8acb\u4f60\u4e0d\u8981\u8a0e\u53ad\u9019\u500b\u4e16\u754c\uff0c\u597d\u55ce\uff1f", "FULLNAME": "in-the-cold-and-rain-the-love-story", "RATING": 15, "COMMENTS": "0"}, {"TITLE": "Meow!!Gwan", "FULLNAME": "tonal-felidae", "RATING": 11, "COMMENTS": "0"}, {"TITLE": "\u8840\u81bf\u65bc\u6c34", "FULLNAME": "pyemia-is-thicker-than-water", "RATING": 6, "COMMENTS": "1"}, {"TITLE": "\u4e0d\u8fa3\uff0c\u4e0d\u8981\u6feb\u85e5\uff0cokay\uff1f", "FULLNAME": "bruh-don-t-do-drugs-okay", "RATING": 12, "COMMENTS": "0"}, {"TITLE": "SCP-ZH-999\uff0d\u4eba\u5011\u6b20\u4ed6\u500b\u7e3d\u7d71\u5e2d\u4f4d", "FULLNAME": "scp-zh-999", "RATING": 57, "COMMENTS": "13"}, {"TITLE": "\u9000\u4f11\u751f\u6d3b", "FULLNAME": "retire-from-bistro", "RATING": 17, "COMMENTS": "1"}, {"TITLE": "SCP-ZH-340 - \u751f\u547d\u4e4b\u6c99\uff0c\u7e41\u661f\u4e4b\u76d2", "FULLNAME": "scp-zh-340", "RATING": 20, "COMMENTS": "1"}, {"TITLE": "SCP-ZH-059 - \u7121\u5f62\u7684\u5974\u96b8\u8207\u53cd\u6297", "FULLNAME": "scp-zh-059", "RATING": 20, "COMMENTS": "0"}, {"TITLE": "\u7d42\u7109\u7684\u7d42\u7109\u3001\u9ed1\u767d\u68cb\u5c40\u3001\u55ae\u76f8\u601d\uff0c Lament", "FULLNAME": "poems-of-uneternal-death", "RATING": 7, "COMMENTS": "0"}, {"TITLE": "SCP-ZH-094 - \u5931\u6557\u4f5c", "FULLNAME": "scp-zh-094", "RATING": 17, "COMMENTS": "1"}, {"TITLE": "SCP-ZH-277\uff0d\u7bc9\u8def\u4e2d\u539f", "FULLNAME": "scp-zh-277", "RATING": 12, "COMMENTS": "0"}, {"TITLE": "SCP-ZH-517 - One More Time, One More Chance", "FULLNAME": "scp-zh-517", "RATING": 22, "COMMENTS": "1"}, {"TITLE": "SCP-ZH-181 - \u6c38\u7e8c\u7684\u5de5\u696d\u9769\u547d", "FULLNAME": "scp-zh-181", "RATING": 12, "COMMENTS": "1"}, {"TITLE": "SCP-ZH-337 - \u5922\u5de5\u5ee0", "FULLNAME": "scp-zh-337", "RATING": 28, "COMMENTS": "6"}, {"TITLE": "\u53c8\u662f\u500b\u8a72\u6b7b\u7684\u5de5\u4f5c\u5929", "FULLNAME": "another-damn-workday", "RATING": 11, "COMMENTS": "0"}, {"TITLE": "\u672b\u88d4\u9ed8\u793a", "FULLNAME": "immolari-of-the-apocalypse", "RATING": 8, "COMMENTS": "0"}, {"TITLE": "\u767d\u96f2\u5b64\u98db", "FULLNAME": "i-ll-come-back-to-the-earth-and-bring-the-piece-of-the-star", "RATING": 19, "COMMENTS": "0"}, {"TITLE": "\u91dc\u5e95\u63db\u65e5", "FULLNAME": "un-framing-frame", "RATING": 11, "COMMENTS": "0"}, {"TITLE": "SCP-ZH-540 - Alone In The Dark", "FULLNAME": "scp-zh-540", "RATING": 11, "COMMENTS": "2"}, {"TITLE": "SCP-ZH-107 - \u6355\u9ce5\u96f2", "FULLNAME": "scp-zh-107", "RATING": 19, "COMMENTS": "0"}, {"TITLE": "SCP-ZH-056 - \u672c\u73ed\u6a5f\u98db\u5f80\u5f7c\u5cb8", "FULLNAME": "scp-zh-056", "RATING": 21, "COMMENTS": "0"}, {"TITLE": "\u5152\u7ae5\u8d70\u5931\u8655\u7406\u7d00\u9304", "FULLNAME": "snowcatflyhighhigh", "RATING": 27, "COMMENTS": "3"}, {"TITLE": "\u8056\u5973\u6190\u5b50", "FULLNAME": "kz-la-pieta", "RATING": 15, "COMMENTS": "0"}, {"TITLE": "SCP-ZH-956 - \u6bcf\u65e5\u6aa2\u67e5\u5831\u8868", "FULLNAME": "scp-zh-956", "RATING": 6, "COMMENTS": "2"}, {"TITLE": "SCP-ZH-073 - \u5de1\u8ff4\u6f14\u51fa\u6700\u7d42\u7ad9", "FULLNAME": "scp-zh-073", "RATING": 18, "COMMENTS": "1"}, {"TITLE": "SCP-ZH-609 - \u7761\u524d\u6aa2\u67e5", "FULLNAME": "scp-zh-609", "RATING": 14, "COMMENTS": "0"}, {"TITLE": "SCP-ZH-084 - \u4ee5\u6211\u70ba\u93e1", "FULLNAME": "scp-zh-084", "RATING": 9, "COMMENTS": "0"}, {"TITLE": "\u8654\u8aa0\u795e\u7236\u8207\u793e\u755c\u8f14\u5c0e\u54e1\u4e0d\u6703\u649e\u7834\u8499\u81c9\u4e0a\u53f8\u5011\u505a\u7f9e\u7f9e\u7684\u4e8b", "FULLNAME": "one-night-four-broken-hearts-in-12", "RATING": 20, "COMMENTS": "0"}, {"TITLE": "\u4e00\u5b9a\u662f\u5047\u7684", "FULLNAME": "must-be-fake", "RATING": 14, "COMMENTS": "0"}, {"TITLE": "\u96fb\u5b50\u661f\u7a7a", "FULLNAME": "electronic-stary", "RATING": 15, "COMMENTS": "0"}, {"TITLE": "SCP-ZH-106-\u300c\u9006\u6a21\u56e0\u300d", "FULLNAME": "scp-zh-106", "RATING": 23, "COMMENTS": "7"}, {"TITLE": "\u6709\u95dcKris\u535a\u58eb\u7684\u4e00\u4e9b\u5275\u4f5c\u5c0f\u5099\u5fd8", "FULLNAME": "on-how-to-draw-dr-kris-boone", "RATING": 10, "COMMENTS": "1"}, {"TITLE": "SCP-ZH-922 - \u99ac\u862d\u59d1\u5a18", "FULLNAME": "scp-zh-922", "RATING": 26, "COMMENTS": "1"}, {"TITLE": "\u85dd\u8853\u4f5c\u54c1\uff1aSCP-ZH-922\uff08SamScript\u7248\uff09", "FULLNAME": "cidal-dongi-by-samscript", "RATING": 11, "COMMENTS": "0"}, {"TITLE": "\u85dd\u8853\u4f5c\u54c1\uff1aSCP-ZH-922\uff08k1s10r0d\u7248\uff09", "FULLNAME": "cidal-dongi-by-k1s10r0d", "RATING": 15, "COMMENTS": "0"}, {"TITLE": "\u85dd\u8853\u4f5c\u54c1\uff1aSCP-ZH-922\uff08LuLu_Lucifelle\u7248\uff09", "FULLNAME": "cidal-dongi-by-lulu-lucifelle", "RATING": 12, "COMMENTS": "0"}, {"TITLE": "SCP-ZH-186 - \u9019\u4e9b\u8eca\u5f9e\u54ea\u4f86?", "FULLNAME": "scp-zh-186", "RATING": 10, "COMMENTS": "0"}, {"TITLE": "SCP-ZH-116 - \u53e4\u5f80\u4eca\u4f86", "FULLNAME": "scp-zh-116", "RATING": 7, "COMMENTS": "2"}, {"TITLE": "\u5c71\u672c\u7814\u7a76\u54e1\u7684ZH-922\u89c0\u5bdf\u65e5\u8a8c", "FULLNAME": "romiamiad-ni-cidal", "RATING": 17, "COMMENTS": "0"}, {"TITLE": "SCP-ZH-255 - \u5b64\u7368\u96aa", "FULLNAME": "scp-zh-225", "RATING": 20, "COMMENTS": "0"}, {"TITLE": "\u6211\u5011\u90fd\u53ea\u662f\u8840\u8089\u4e4b\u8ec0", "FULLNAME": "we-are-no-more-than-mortal-souls", "RATING": 15, "COMMENTS": "1"}, {"TITLE": "\u6613\u7f85\u6b23\u3001\u5377\u4e00", "FULLNAME": "creator-part-one", "RATING": 4, "COMMENTS": "0"}, {"TITLE": "\u6d41\u9023\u5fd8\u8fd4", "FULLNAME": "the-forsaken-lake", "RATING": 9, "COMMENTS": "1"}, {"TITLE": "\u665a\u5b8912\u7ad9", "FULLNAME": "adult:oyasumi-site-zh-12", "RATING": 11, "COMMENTS": "1"}, {"TITLE": "Site-ZH-88\u7684\u6a19\u8a8c", "FULLNAME": "zh-88-logo", "RATING": 9, "COMMENTS": "1"}, {"TITLE": "\u547d\u61f8\u4e00\u9d28\uff0c\u9003\u51fa\u751f\u5929", "FULLNAME": "among-in-the-duck", "RATING": 16, "COMMENTS": "6"}, {"TITLE": "\u5e03\u9b6f\u514b\u6797\u7b2c\u96f6\u5340\uff1a\u5b8c\u5f62\u5d29\u58de", "FULLNAME": "boorklyn-00-crash", "RATING": 12, "COMMENTS": "1"}, {"TITLE": "\u6c38\u751f\u4e4b\u5922", "FULLNAME": "the-dream-of-immortality", "RATING": 5, "COMMENTS": "2"}, {"TITLE": "SCP-ZH-126 - \u300c\u7f8a\u300d\u828b\u7247\u888b", "FULLNAME": "scp-zh-126", "RATING": 11, "COMMENTS": "0"}, {"TITLE": "\u6b61\u8fce\uff0c\u656c\u555f\u8005", "FULLNAME": "multiversal-valentine", "RATING": 18, "COMMENTS": "0"}, {"TITLE": "\u7b2c22\u5929", "FULLNAME": "project-mia-day-by-mimeow", "RATING": 10, "COMMENTS": "0"}, {"TITLE": "\u300c\u6211\u6c92\u760b\u300d", "FULLNAME": "i-mcrazy", "RATING": 10, "COMMENTS": "0"}, {"TITLE": "\u300c\u706b\u9b54\u6cd5\u300d\u56de\u9867\uff1a\u4f3c\u540c\u5be6\u7570\u7684\u5169\u5927\u985e\u8853\u5f0f", "FULLNAME": "review-of-fire-spells", "RATING": 16, "COMMENTS": "0"}, {"TITLE": "Myosotis", "FULLNAME": "myosotis", "RATING": 17, "COMMENTS": "0"}, {"TITLE": "SCP-ZH-132 - \u8981\u4f60\u547d\u7684007\u904a\u6232", "FULLNAME": "scp-zh-132", "RATING": 13, "COMMENTS": "0"}, {"TITLE": "\u7570\u805e\uff1a\u4e2d\u6e2f\u8def\u4e0a\u7684\u91ce\u72fc", "FULLNAME": "wolf125again", "RATING": 6, "COMMENTS": "2"}, {"TITLE": "SCP-ZH-382 - \u72a7\u7272\u54c1", "FULLNAME": "scp-zh-382", "RATING": 13, "COMMENTS": "0"}, {"TITLE": "\u6c92\u6709\u57fa\u91d1\u6703\u7684\u90a3\u6642", "FULLNAME": "the-time-foundation-disappeared", "RATING": 24, "COMMENTS": "0"}, {"TITLE": "\u4f69\u68ee\u5c3c\u723e\u7684\u793e\u4ea4\u5a92\u9ad4\u982d\u50cf", "FULLNAME": "pthahnil-s-social-media-user-icon", "RATING": 15, "COMMENTS": "0"}, {"TITLE": "\u4f60\u77e5\u9053\u55ce", "FULLNAME": "do-you-know-i-love-you", "RATING": 14, "COMMENTS": "1"}, {"TITLE": "\u90fd\u5e02\u50b3\u8aaa\u578b\u7570\u5e38\u61c9\u5c0d\u90e8\u9580\u4e2d\u5fc3\u9801", "FULLNAME": "urban-legend-department", "RATING": 16, "COMMENTS": "1"}, {"TITLE": "\u9418\u67b6", "FULLNAME": "bell-frame", "RATING": 9, "COMMENTS": "1"}, {"TITLE": "\u8fd1\u671f\u7684\u5275\u4f5c\uff08\u4e00\uff09", "FULLNAME": "sq-artwork-1a", "RATING": 16, "COMMENTS": "0"}, {"TITLE": "\u5b89\u5854\u96f7\u65af\u904b\u52d5\u5ba3\u5c0e", "FULLNAME": "propaganda-of-the-antares-movement", "RATING": 12, "COMMENTS": "0"}, {"TITLE": "\u6c7d\u6c34\u7684\u85dd\u4f5c\u98011", "FULLNAME": "lillianasoda-artworks1", "RATING": 16, "COMMENTS": "0"}, {"TITLE": "SCP-ZH-196 - \u8207\u3164\u3164\u3164\u3164\u5a46\u5a11\u8d77\u821e", "FULLNAME": "scp-zh-196", "RATING": 17, "COMMENTS": "0"}, {"TITLE": "\u6697\u65e5\u9a45\u5f71", "FULLNAME": "bythenameofeighthsun-noshadowallowed", "RATING": 9, "COMMENTS": "0"}, {"TITLE": "SCP-ZH-818 - \u535a\u5341\u516b\u8c46\u4ed4", "FULLNAME": "scp-zh-818", "RATING": 10, "COMMENTS": "1"}, {"TITLE": "SCP-ZH-895\u2014\u5875\u5c01\u4e4b\u5922\u8207\u6096\u8ad6", "FULLNAME": "scp-zh-895", "RATING": 10, "COMMENTS": "0"}, {"TITLE": "\u5e0c\u671b\u7684\u984f\u8272", "FULLNAME": "color-of-hope", "RATING": 10, "COMMENTS": "0"}, {"TITLE": "SCP-ZH-706 - \u5c11\u5e74\u311f\uff0c\u53ef\u4e0d\u53ef\u4ee5\u966a\u963f\u4f2f\u627e\u56de\u5bb6\u7684\u8def\uff1f", "FULLNAME": "scp-zh-706", "RATING": 13, "COMMENTS": "0"}, {"TITLE": "SCP-ZH-801 - \u6e6e\u6ec5\u516c\u5206\u6bcd", "FULLNAME": "scp-zh-801", "RATING": 10, "COMMENTS": "0"}, {"TITLE": "\u7260\u5728\u770b\u8457\u55ce\uff1f", "FULLNAME": "is-it-watching", "RATING": 9, "COMMENTS": "0"}, {"TITLE": "SCP-ZH-304 - \u884c\u9032\u63d2\u66f2", "FULLNAME": "scp-zh-304", "RATING": 11, "COMMENTS": "0"}, {"TITLE": "SCP-ZH-361 - \u9a5a\u559cX\u9eb5", "FULLNAME": "scp-zh-361", "RATING": 17, "COMMENTS": "0"}, {"TITLE": "\u6975\u9650\u523b\u5ea6", "FULLNAME": "limit-scale", "RATING": 8, "COMMENTS": "0"}, {"TITLE": "\u4ed6\u5011\u66fe\u7d93\u975e\u4eba\uff0c\u4e00\u5982\u5f80\u5e38\uff0c\u672a\u5fc5\u5982\u6b64", "FULLNAME": "zh-defying-angel-daily01", "RATING": 12, "COMMENTS": "1"}, {"TITLE": "SCP-ZH-279 - \u611b\u7684\u5f62\u72c0", "FULLNAME": "scp-zh-279", "RATING": 20, "COMMENTS": "1"}, {"TITLE": "\u4ea4\u6703\uff0c\u7136\u5f8c\u6f38\u884c\u6f38\u9060", "FULLNAME": "go-to-sus-hi-po", "RATING": 11, "COMMENTS": "1"}, {"TITLE": "\u7121\u5fc3\u4e4b\u8a00", "FULLNAME": "heartless-speaking", "RATING": 7, "COMMENTS": "1"}, {"TITLE": "\u611b\u662f\u72a7\u7272\u5949\u737b", "FULLNAME": "love-is-sacrifice", "RATING": 7, "COMMENTS": "0"}, {"TITLE": "\u6d77\u68e0\u4f9d\u820a", "FULLNAME": "lucid-dreams", "RATING": 24, "COMMENTS": "0"}, {"TITLE": "SCP-ZH-119 - \u61f2\u7f70\u4e4b\u706b\u4e0d\u964d\u65bc\u6211", "FULLNAME": "scp-zh-119", "RATING": 14, "COMMENTS": "0"}, {"TITLE": "SCP-ZH-532 - \u7c21\u55ae\u4eba\u751f\u8eab\u5fc3\u8a3a\u6240", "FULLNAME": "scp-zh-532", "RATING": 16, "COMMENTS": "0"}, {"TITLE": "SCP-ZH-902 - \u5012\u6578\u4e4b\u4e2d", "FULLNAME": "scp-zh-902", "RATING": 12, "COMMENTS": "1"}, {"TITLE": "\u5047\u9762\u9a0e\u58ebTheseus\uff1a\u96d9\u8ecc\u96e3\u984c", "FULLNAME": "kamen-rider-theseus-double-tracks-problem", "RATING": 14, "COMMENTS": "0"}, {"TITLE": "\u5230\u8077", "FULLNAME": "arrival", "RATING": 18, "COMMENTS": "5"}, {"TITLE": "\u5c0b\u7372\u7269\u54c1\u7de8\u865f\uff1a097/\u6d17\u6a19\uff1a\u9ed10117", "FULLNAME": "article-number-097-black-0117", "RATING": 16, "COMMENTS": "4"}, {"TITLE": "2010\u5e74\u7684\u90a3\u5e7e\u500b\u5be6\u7fd2\u751f", "FULLNAME": "source-of-chaos", "RATING": 18, "COMMENTS": "0"}, {"TITLE": "\u4e8b\u4ef6\u4ee3\u865f\uff1a\u6838\u88c2\u64e0\u514c-\u6307\u63ee\u5b98Minger\u7684\u8996\u89d2", "FULLNAME": "operation-nucleon-bank-minger", "RATING": 9, "COMMENTS": "0"}, {"TITLE": "\u4e8b\u4ef6\u4ee3\u865f\uff1a\u6838\u88c2\u64e0\u514c-SCP-ZH-899\u8996\u9ede", "FULLNAME": "operation-nucleon-bank-899", "RATING": 13, "COMMENTS": "2"}, {"TITLE": "\u4e8b\u4ef6\u4ee3\u865f\uff1a\u6838\u88c2\u64e0\u514c-\u4e3b\u4efbSemibreve\u7684\u8996\u89d2", "FULLNAME": "operation-nucleon-bank-semibreve", "RATING": 10, "COMMENTS": "2"}, {"TITLE": "SCP-ZH-899 - \u7a7f\u8d8a\u7684\u7279\u5de5", "FULLNAME": "scp-zh-899", "RATING": 13, "COMMENTS": "1"}, {"TITLE": "\u4e8b\u4ef6\u4ee3\u865f\uff1a\u6838\u88c2\u64e0\u514c \u86db\u7db2\u88e1\u7684\u8001\u9df9", "FULLNAME": "operation-nucleon-bank-cobweb01", "RATING": 10, "COMMENTS": "1"}, {"TITLE": "\u4e00\u5982\u5f80\u5e38", "FULLNAME": "v", "RATING": 9, "COMMENTS": "0"}, {"TITLE": "\u7206\u65cb\u58fd\u53f8 \u9752\u9f8d\u821e\u516e \u6731\u96c0\u98db\u7fd4", "FULLNAME": "sushi-dragon-phoenix", "RATING": 15, "COMMENTS": "0"}, {"TITLE": "\u8acb\u554f\u6709\u8ab0\u80fd\u628a\u5730\u4e0b\u8857\u7684\u63db\u5e63\u6a5f\u4fee\u4e00\u4e0b", "FULLNAME": "artwork-shopping-arcade", "RATING": 19, "COMMENTS": "1"}, {"TITLE": "\u842c\u91cc\u9577\u7a7a", "FULLNAME": "talisman", "RATING": 15, "COMMENTS": "1"}, {"TITLE": "SCP-ZH-184 - \u5954\u8eca\u673d\u7d22", "FULLNAME": "scp-zh-184", "RATING": 22, "COMMENTS": "1"}, {"TITLE": "SCP-ZH-134 - \u7fa4", "FULLNAME": "scp-zh-134", "RATING": 13, "COMMENTS": "0"}, {"TITLE": "\u4e0d\u53ef\u4e82\u78b0\u7ba1\u7dda", "FULLNAME": "ching-sus", "RATING": 8, "COMMENTS": "0"}, {"TITLE": "\u7121\u5e8f\u5922\u56c8", "FULLNAME": "disorder-flapdoodle", "RATING": 18, "COMMENTS": "0"}, {"TITLE": "SCP-ZH-750 - \u795e\u8aaa\uff1a\u300c\u8981\u6709\u6cb9\u3002\u300d\u5c31\u6709\u4e86\u6cb9\u3002", "FULLNAME": "scp-zh-750", "RATING": 31, "COMMENTS": "5"}, {"TITLE": "SCP-ZH-824 - \u6700\u6c89\u91cd\u7684\u7e6a\u5716\u7b46", "FULLNAME": "scp-zh-824", "RATING": 12, "COMMENTS": "1"}, {"TITLE": "SCP-ZH-180 - \u5b89 \u59ae :-)", "FULLNAME": "scp-zh-180", "RATING": 23, "COMMENTS": "2"}, {"TITLE": "SCP-ZH-583-J - \u54ea\u4f86\u7684\u7334\u5b50.SCiP", "FULLNAME": "scp-zh-583-j", "RATING": 14, "COMMENTS": "4"}, {"TITLE": "\u646f\u5bd0\u8ff8\u88c2", "FULLNAME": "dreams-always-explode", "RATING": 14, "COMMENTS": "0"}, {"TITLE": "Negative", "FULLNAME": "negative", "RATING": 6, "COMMENTS": "0"}, {"TITLE": "\u89c0\u6e2c\u8005\u4e26\u672a\u5b58\u5728", "FULLNAME": "tina-uni1", "RATING": 10, "COMMENTS": "0"}, {"TITLE": "SCP-ZH-145 - \"\u597d\u904b\u6821\u6b63\"\u9ebb\u5c07\u684c", "FULLNAME": "scp-zh-145", "RATING": 11, "COMMENTS": "2"}, {"TITLE": "\u5bd0\u5074\u64f4\u5f35", "FULLNAME": "extension-of-dream", "RATING": 12, "COMMENTS": "2"}, {"TITLE": "\u6c7d\u6c34\u7684\u85dd\u4f5c\u98013", "FULLNAME": "lillianasoda-artworks3", "RATING": 15, "COMMENTS": "0"}, {"TITLE": "\u300a\u764c\u53c8\u875f\u9d28\uff1a\u7d05\u85cd\u722d\u9738\u6230\u300b", "FULLNAME": "honglam-battle", "RATING": 12, "COMMENTS": "8"}, {"TITLE": "SCP-ZH-176 - \u300a\u6d77\u9dd7\u7684\u5927\u64a4\u9000\u300b", "FULLNAME": "scp-zh-176", "RATING": 22, "COMMENTS": "0"}, {"TITLE": "SCP-ZH-993 - \u7121\u77e5\u5247\u81ea\u7531", "FULLNAME": "scp-zh-993", "RATING": 25, "COMMENTS": "0"}, {"TITLE": "Reverberate_a\u7684\u63d0\u6848", "FULLNAME": "reverberate-a-s-proposal-1", "RATING": 23, "COMMENTS": "2"}, {"TITLE": "SCP-ZH-300-J - \u6211\u7684\u896a\u896a\ud83e\udd7a", "FULLNAME": "scp-zh-300-j", "RATING": 17, "COMMENTS": "6"}, {"TITLE": "\u865b\u50cf\u7dbb\u653e", "FULLNAME": "phantom-flowering", "RATING": 9, "COMMENTS": "1"}, {"TITLE": "SCP-ZH-646 - \u5348\u591c\u81ea\u756b", "FULLNAME": "scp-zh-646", "RATING": 15, "COMMENTS": "0"}, {"TITLE": "\u57f7\u5de6\u9053\u8005\u7684\u81ea\u6211\u653f\u8b8a", "FULLNAME": "self-coup-of-the-knavish", "RATING": 17, "COMMENTS": "2"}, {"TITLE": "\u6b98\u97ff", "FULLNAME": "reverberate", "RATING": 16, "COMMENTS": "4"}, {"TITLE": "SCP-ZH-190 - \u5fc3\u9748\u7db2\u8def", "FULLNAME": "scp-zh-190", "RATING": 15, "COMMENTS": "1"}, {"TITLE": "SCP-ZH-989 - \u6211\u5011\u8166\u4e2d\u7684\u592a\u967d", "FULLNAME": "scp-zh-989", "RATING": 20, "COMMENTS": "1"}, {"TITLE": "SCP-ZH-911 - \u4f60\u6240\u634d\u885b\u7684\u81ea\u7531", "FULLNAME": "scp-zh-911", "RATING": 22, "COMMENTS": "0"}, {"TITLE": "\u5b89\u4fdd\u8a2d\u65bd\u6a94\u6848\uff1aSite-ZH-31", "FULLNAME": "site-zh-31", "RATING": 9, "COMMENTS": "0"}, {"TITLE": "\u7b2c\u516d\u500b\u77f3\u50cf", "FULLNAME": "sixth-stone-statue", "RATING": 3, "COMMENTS": "0"}, {"TITLE": "\u7d55\u7121\u4e8c\u5fc3", "FULLNAME": "forever-heartfelt", "RATING": 5, "COMMENTS": "0"}, {"TITLE": "\u4f60\u7684\u5fc3\u53c8\u5c6c\u65bc\u8ab0\uff1f", "FULLNAME": "who-does-your-heart-belong-to", "RATING": 14, "COMMENTS": "1"}, {"TITLE": "SCP-ZH-962 - \u4f3c\u662f\u800c\u975e", "FULLNAME": "scp-zh-962", "RATING": 19, "COMMENTS": "2"}, {"TITLE": "\u557c\u8840\u9ce5", "FULLNAME": "flock-of-bloods", "RATING": 13, "COMMENTS": "2"}, {"TITLE": "SCP-ZH-214 - \u52ff\u5fd8\u6211", "FULLNAME": "scp-zh-214", "RATING": 8, "COMMENTS": "1"}, {"TITLE": "\u66f9\u95be\u8776", "FULLNAME": "artworks", "RATING": 17, "COMMENTS": "2"}, {"TITLE": "SCP-ZH-220 - H.K.\u6c38\u9060\u7684\u5bb6", "FULLNAME": "scp-zh-220", "RATING": 21, "COMMENTS": "0"}, {"TITLE": "\u6b61\u8fce\u56de\u5bb6", "FULLNAME": "fog-house", "RATING": 19, "COMMENTS": "3"}, {"TITLE": "\u9716\u8336", "FULLNAME": "rain-and-tea", "RATING": 13, "COMMENTS": "3"}, {"TITLE": "\u9ed1\u8272\u83ef\u723e\u6ecb", "FULLNAME": "pitch-dark-walts", "RATING": 12, "COMMENTS": "0"}, {"TITLE": "\u6842\u82b1\u548c\u6d0b\u7518\u83ca", "FULLNAME": "tea-rain-halloween2022", "RATING": 16, "COMMENTS": "1"}, {"TITLE": "\u6d17\u6a19\uff1a\u6a581114-Mad\u535a\u58eb\u7684\u896f\u886b", "FULLNAME": "orange-1114", "RATING": 8, "COMMENTS": "4"}, {"TITLE": "SCP-ZH-210 - \u7121\u76e1\u84bc\u7a79", "FULLNAME": "scp-zh-210", "RATING": 9, "COMMENTS": "2"}, {"TITLE": "\u9152\u55ae\uff1a\u98db\u884c", "FULLNAME": "aviation", "RATING": 13, "COMMENTS": "1"}, {"TITLE": "\u9152\u55ae\uff1a\u5a01\u58eb\u5fcc", "FULLNAME": "whiskey", "RATING": 6, "COMMENTS": "0"}, {"TITLE": "\u9152\u55ae\uff1a\u6ce2\u65c1\u5a01\u58eb\u5fcc", "FULLNAME": "bourbon-whiskey", "RATING": 11, "COMMENTS": "0"}, {"TITLE": "\u6211\u56de\u4f86\u56c9", "FULLNAME": "i-m-home", "RATING": 12, "COMMENTS": "0"}, {"TITLE": "SCP-ZH-699 - \u4e3b\u4eba\uff01\u4e3b\u4eba\uff01\u4e3b\u4eba\uff01\u4e3b\u4eba\uff01\u4e3b\u4eba\uff01\u4e3b\u4eba\uff01\u4e3b\u4eba\uff01\u4e3b\u4eba\uff01\u4e3b\u4eba\uff01", "FULLNAME": "scp-zh-699", "RATING": 14, "COMMENTS": "3"}, {"TITLE": "\u6700\u5f8c\u4e00\u5834\u96ea", "FULLNAME": "first-but-last", "RATING": 10, "COMMENTS": "1"}, {"TITLE": "\u56de\u5c71\uff0c\u56de\u5bb6", "FULLNAME": "a-home-welcoming-story-rsr-lu", "RATING": 10, "COMMENTS": "0"}, {"TITLE": "SCP-ZH-765 - \u9955\u6848\u992e\u7258", "FULLNAME": "scp-zh-765", "RATING": 8, "COMMENTS": "1"}, {"TITLE": "\u7de8\u8f2f\u500b\u6848\uff1a\u300a\u8ff4\u97ff\u5fc3\u8072\u300b", "FULLNAME": "editorial-case-echoed-nightmare", "RATING": 11, "COMMENTS": "5"}, {"TITLE": "\u9152\u55ae\uff1a\u9ed1\u591c\u4e4b\u543b", "FULLNAME": "kiss-in-the-dark", "RATING": 7, "COMMENTS": "0"}, {"TITLE": "SCP-ZH-246 - \u9ede\u64ca\u6ed1\u9f20\u62ef\u6551\u751f\u547d", "FULLNAME": "scp-zh-246", "RATING": 10, "COMMENTS": "0"}, {"TITLE": "\u661f\u661f\u88fd\u9020\u8005", "FULLNAME": "wanderers:star-maker", "RATING": 23, "COMMENTS": "4"}, {"TITLE": "\u54b1\u662f\u8ab0", "FULLNAME": "wanderers:who-am-i", "RATING": 8, "COMMENTS": "1"}, {"TITLE": "\u8feb\u964d\u4e8b\u4ef6", "FULLNAME": "wanderers:a-freak-accident-also-a-forced-anchorage", "RATING": 10, "COMMENTS": "0"}, {"TITLE": "\u661f\u661f\u96e8\u7684\u6545\u4e8b", "FULLNAME": "wanderers:they-me-you-stars", "RATING": 11, "COMMENTS": "0"}, {"TITLE": "\u74f6\u4e2d\u7684\u78a7\u7fe0\u6602", "FULLNAME": "wanderers:homunculus", "RATING": 20, "COMMENTS": "0"}, {"TITLE": "\u6885\u723e\u8207\u73cd\u73e0", "FULLNAME": "wanderers:pearl", "RATING": 19, "COMMENTS": "2"}, {"TITLE": "\u7d2f\u4e16\u71fc\u901d", "FULLNAME": "wanderers:farewell", "RATING": 15, "COMMENTS": "1"}, {"TITLE": "SCP-ZH-632 - Can you hear me?", "FULLNAME": "scp-zh-632", "RATING": 9, "COMMENTS": "1"}, {"TITLE": "\u4f60\u662f\u5426\u9084\u5728\u90a3\u7247\u6d77\u6d0b\uff1f", "FULLNAME": "are-you-still-in-that-ocean", "RATING": 5, "COMMENTS": "0"}, {"TITLE": "\u8de8\u5e74\u591c\uff0c\u52a0\u73ed\u591c", "FULLNAME": "work-overtime-night-2023", "RATING": 13, "COMMENTS": "0"}, {"TITLE": "SCP-ZH-848 - \u8840\u6d78\u5cf6", "FULLNAME": "scp-zh-848", "RATING": 12, "COMMENTS": "0"}, {"TITLE": "\u85dd\u8853\u4f5c\u54c1\uff1aSCP-ZH-922", "FULLNAME": "scp-zh-922-art", "RATING": 11, "COMMENTS": "0"}, {"TITLE": "\u85dd\u8853\u4f5c\u54c1\uff1aSCP-ZH-922\uff08Control Z\u7248\uff09", "FULLNAME": "cidal-dongi-by-controlz", "RATING": 13, "COMMENTS": "0"}]