[{"TITLE": "\u683c\u9b6f\u70cf-P \u500b\u6848\u5377\u5b97 \"\u5922\u5831\u6a5f \u0422\u0435\u043b\u0435\u0433\u0440\u0430\u0444 \u0441\u043d\u043e\u0432\"", "FULLNAME": "dream-messages", "RATING": 7, "COMMENTS": "0"}, {"TITLE": "SCP-ZH-055 - \u505a\u4f60\u81ea\u5df1\u7684\u4e3b\u5eda\uff0c\u96a8\u6642\u96a8\u5730\u958b\u52d5\u5427\uff01", "FULLNAME": "scp-zh-055", "RATING": 18, "COMMENTS": "3"}, {"TITLE": "Alicia\u5973\u58eb", "FULLNAME": "scp-zh-774", "RATING": 31, "COMMENTS": "0"}, {"TITLE": "\u53f0\u7063\u9435\u9053\u98ef\u5e97\u7684\u5b89\u5e03\u7f85\u65af\u9910\u5ef3", "FULLNAME": "ambrose-taiwan-railway-hotel", "RATING": 17, "COMMENTS": "3"}, {"TITLE": "SCP-ZH-090 - \u6bc6\u6253\u76ae\u7d0d\u5854\uff01", "FULLNAME": "scp-zh-090", "RATING": 16, "COMMENTS": "1"}, {"TITLE": "SCP-ZH-903 - \u7076\u795e\u98df\u8b5c\uff08\u96f6\u5931\u6557\uff09", "FULLNAME": "scp-zh-903", "RATING": 18, "COMMENTS": "4"}, {"TITLE": "SCP-ZH-614 - 4D\u7cbd\u5b50", "FULLNAME": "scp-zh-614", "RATING": 11, "COMMENTS": "8"}, {"TITLE": "SCP-ZH-032 - \u6709\u6bd2\u7684\u6a61\u76ae\u64e6", "FULLNAME": "scp-zh-032", "RATING": 21, "COMMENTS": "0"}, {"TITLE": "SCP-ZH-571 - \u4e0d\u53ef\u8996\u7684\u8ffd\u8de1\u8005", "FULLNAME": "scp-zh-571", "RATING": 12, "COMMENTS": "5"}, {"TITLE": "SCP-ZH-112 - \u795d\u4f60\u751f\u65e5\u5feb\u6a02", "FULLNAME": "scp-zh-112", "RATING": 19, "COMMENTS": "3"}, {"TITLE": "SCP-ZH-1000-EX", "FULLNAME": "scp-zh-1000-ex", "RATING": 18, "COMMENTS": "5"}, {"TITLE": "SCP-ZH-243 - \u6960\u6893\u767e\u6155\u9054", "FULLNAME": "scp-zh-243", "RATING": 18, "COMMENTS": "0"}, {"TITLE": "SCP-ZH-082 - \u5c0f\u871c\u8702\u9910\u8eca", "FULLNAME": "scp-zh-082", "RATING": 24, "COMMENTS": "0"}, {"TITLE": "SCP-ZH-086 - \u8acb\u4f60\u5225\u8aaa\u898b\u904e\u6211", "FULLNAME": "scp-zh-086", "RATING": 22, "COMMENTS": "2"}, {"TITLE": "SCP-ZH-361 - \u9a5a\u559cX\u9eb5", "FULLNAME": "scp-zh-361", "RATING": 17, "COMMENTS": "0"}, {"TITLE": "SCP-ZH-590 - \u79c1\u4eba\u8336\u6703\u6642\u9593", "FULLNAME": "scp-zh-590", "RATING": 5, "COMMENTS": "2"}]