[{"TITLE": "SCP-ZH-587-J", "FULLNAME": "scp-zh-587-j", "RATING": 23, "COMMENTS": "1"}, {"TITLE": "SCP-ZH-105 - \u4e0d\u5b5d\u5b50", "FULLNAME": "scp-zh-105", "RATING": 66, "COMMENTS": "5"}, {"TITLE": "SCP-ZH-051 - \u8acb\u7d66\u6211\u4e00\u9ede\u6eab\u6696", "FULLNAME": "scp-zh-051", "RATING": 16, "COMMENTS": "1"}, {"TITLE": "SCP-ZH-2005-EX", "FULLNAME": "scp-zh-2005-ex", "RATING": 58, "COMMENTS": "1"}, {"TITLE": "SCP-ZH-416 - \u300a\u8eab\u70ba\u963f\u5b85\u7684\u6211\u4f7f\u7528\u52d5\u6f2b\u6897\u62ef\u6551\u7570\u4e16\u754c\u4e5f\u662f\u5927\u4e08\u592b\u3060\u3001\u554f\u984c\u306a\u3044\u7684\u5566\u300b", "FULLNAME": "scp-zh-416", "RATING": 10, "COMMENTS": "0"}, {"TITLE": "SCP-ZH-037 - \u73b3\u7441\u4e4b\u6dda", "FULLNAME": "scp-zh-037", "RATING": 20, "COMMENTS": "0"}, {"TITLE": "\u6a5f\u52d5\u7279\u9063\u968a\u64f4\u5145\u7cfb\u7d71\uff1a\u9ec3\u9053\u4e8c\u5341\u516b\u5bbf", "FULLNAME": "task-forces-zh-28-xiu", "RATING": 8, "COMMENTS": "4"}, {"TITLE": "SCP-ZH-1000-EX", "FULLNAME": "scp-zh-1000-ex", "RATING": 18, "COMMENTS": "5"}, {"TITLE": "\u7570\u5e38\u9805\u76ee\u7d00\u9304\uff1a\u300c\u9632\u66b4\u8b66\u5bdf\u982d\u76d4\u300d", "FULLNAME": "anomalous-item-hk-police-helmet", "RATING": 37, "COMMENTS": "5"}, {"TITLE": "\u5f15\u865f\u4e4b\u9593", "FULLNAME": "in-the-quotation", "RATING": 13, "COMMENTS": "0"}, {"TITLE": "SCP-ZH-002-J - \u6c34\u63a8\u8eca", "FULLNAME": "scp-zh-002-j", "RATING": 16, "COMMENTS": "2"}, {"TITLE": "SCP-ZH-196 - \u8207\u3164\u3164\u3164\u3164\u5a46\u5a11\u8d77\u821e", "FULLNAME": "scp-zh-196", "RATING": 17, "COMMENTS": "0"}, {"TITLE": "SCP-ZH-744 - \u53cd\u6d17\u79ae", "FULLNAME": "scp-zh-744", "RATING": 13, "COMMENTS": "3"}, {"TITLE": "SCP-ZH-818 - \u535a\u5341\u516b\u8c46\u4ed4", "FULLNAME": "scp-zh-818", "RATING": 10, "COMMENTS": "1"}, {"TITLE": "SCP-ZH-403 - \u7981\u81e0\u8207\u7d42\u6b62\u7b26", "FULLNAME": "scp-zh-403", "RATING": 17, "COMMENTS": "4"}, {"TITLE": "NX-ZH-02\uff1a\u897f\u52a0\u8d70\u7063\u7fa4\u5cf6", "FULLNAME": "nx-zh-02", "RATING": 24, "COMMENTS": "1"}, {"TITLE": "SCP-ZH-279 - \u611b\u7684\u5f62\u72c0", "FULLNAME": "scp-zh-279", "RATING": 20, "COMMENTS": "1"}, {"TITLE": "\u611b\u662f\u72a7\u7272\u5949\u737b", "FULLNAME": "love-is-sacrifice", "RATING": 7, "COMMENTS": "0"}, {"TITLE": "\u6d77\u68e0\u4f9d\u820a", "FULLNAME": "lucid-dreams", "RATING": 24, "COMMENTS": "0"}, {"TITLE": "SCP-ZH-184 - \u5954\u8eca\u673d\u7d22", "FULLNAME": "scp-zh-184", "RATING": 22, "COMMENTS": "1"}, {"TITLE": "SCP-ZH-119 - \u61f2\u7f70\u4e4b\u706b\u4e0d\u964d\u65bc\u6211", "FULLNAME": "scp-zh-119", "RATING": 14, "COMMENTS": "0"}, {"TITLE": "\u5047\u9762\u9a0e\u58ebTheseus\uff1a\u96d9\u8ecc\u96e3\u984c", "FULLNAME": "kamen-rider-theseus-double-tracks-problem", "RATING": 14, "COMMENTS": "0"}, {"TITLE": "\u7121\u5e8f\u5922\u56c8", "FULLNAME": "disorder-flapdoodle", "RATING": 18, "COMMENTS": "0"}, {"TITLE": "SCP-ZH-188 - \u4e94\u6708\u5eff\u4e94\uff0c\u5fcc\u6bba\u751f", "FULLNAME": "scp-zh-188", "RATING": 12, "COMMENTS": "0"}, {"TITLE": "SCP-ZH-750 - \u795e\u8aaa\uff1a\u300c\u8981\u6709\u6cb9\u3002\u300d\u5c31\u6709\u4e86\u6cb9\u3002", "FULLNAME": "scp-zh-750", "RATING": 31, "COMMENTS": "5"}, {"TITLE": "SCP-ZH-029 - \u77c7\u773c\u5c04\u98db\u93e2", "FULLNAME": "scp-zh-029", "RATING": 10, "COMMENTS": "1"}, {"TITLE": "SCP-ZH-912-J - \u5927\u5fcc", "FULLNAME": "scp-zh-912-j", "RATING": 21, "COMMENTS": "6"}, {"TITLE": "\u80cc\u9762\u7684\u96fb\u8a71\u4ead", "FULLNAME": "phone-booth5", "RATING": 17, "COMMENTS": "0"}, {"TITLE": "SCP-ZH-824 - \u6700\u6c89\u91cd\u7684\u7e6a\u5716\u7b46", "FULLNAME": "scp-zh-824", "RATING": 12, "COMMENTS": "1"}, {"TITLE": "SCP-ZH-155 - \u72c2\u66b4\u9be8\u9748", "FULLNAME": "scp-zh-155", "RATING": 12, "COMMENTS": "0"}, {"TITLE": "Lostwhat\u7684\u63d0\u6848\u4e00", "FULLNAME": "lostwhat-s-proposal", "RATING": 38, "COMMENTS": "2"}, {"TITLE": "SCP-ZH-176 - \u300a\u6d77\u9dd7\u7684\u5927\u64a4\u9000\u300b", "FULLNAME": "scp-zh-176", "RATING": 22, "COMMENTS": "0"}, {"TITLE": "SCP-ZH-135 - \u8c93\u54aa\u4e0d\u548c\u6211\u73a9", "FULLNAME": "scp-zh-135", "RATING": 22, "COMMENTS": "2"}, {"TITLE": "SCP-ZH-147 - \u6642\u9593\u5c0f\u5077", "FULLNAME": "scp-zh-147", "RATING": 19, "COMMENTS": "2"}, {"TITLE": "\u64f2\u9234\u624b\u751f\u5275 \u4e2d\u5fc3\u9801", "FULLNAME": "bell-tosser", "RATING": 6, "COMMENTS": "1"}, {"TITLE": "\u6211\u5011\u4e4b\u4e2d\u6709\u500b\u9593\u8adc", "FULLNAME": "there-is-a-imposter-among-us", "RATING": 21, "COMMENTS": "1"}, {"TITLE": "SCP-ZH-230 - H.K.\u7684\u6f2b\u9577\u9918\u751f", "FULLNAME": "scp-zh-230", "RATING": 13, "COMMENTS": "0"}, {"TITLE": "\u66f9\u95be\u8776", "FULLNAME": "artworks", "RATING": 17, "COMMENTS": "2"}, {"TITLE": "\u74f6\u4e2d\u7684\u78a7\u7fe0\u6602", "FULLNAME": "wanderers:homunculus", "RATING": 20, "COMMENTS": "0"}, {"TITLE": "\u8b6f\u8005\u521d\u6821\u81ea\u884c\u6aa2\u67e5\u8868", "FULLNAME": "your-first-translation", "RATING": 23, "COMMENTS": "0"}, {"TITLE": "SCP-ZH-005 - \u5047\u5982\u4f60\u6c92\u6709\u8f49\u767c\u9019\u7bc7\u6587\u6a94\u7d66\u5341\u500b\u670b\u53cb\uff0c\u90a3\u9ebc\u2026\u2026\u2026\u2026", "FULLNAME": "scp-zh-005", "RATING": 62, "COMMENTS": "0"}, {"TITLE": "\u95c7\u58fd\u53f8\u6a94\u6848No.019\u300c\u4f38\u5361\u63e1\u6cd5\u300d", "FULLNAME": "yamizushi-file-no019", "RATING": 14, "COMMENTS": "1"}, {"TITLE": "SCP-ZH-005 - \u5047\u5982\u4f60\u6c92\u6709\u8f49\u767c\u9019\u7bc7\u6587\u6a94\u7d66\u5341\u500b\u670b\u53cb\uff0c\u90a3\u9ebc\u2026\u2026\u2026\u2026", "FULLNAME": "scp-zh-005", "RATING": 62, "COMMENTS": "0"}, {"TITLE": "\u95c7\u58fd\u53f8\u6a94\u6848No.019\u300c\u4f38\u5361\u63e1\u6cd5\u300d", "FULLNAME": "yamizushi-file-no019", "RATING": 14, "COMMENTS": "1"}, {"TITLE": "\u9a5f\u96e8\u68cb\u6cd5\u50b3\u8aaa\u521d\u77a5", "FULLNAME": "first-glimpse-into-legend-of-shower-chess-style", "RATING": 6, "COMMENTS": "0"}, {"TITLE": "\u85dd\u8853\u4f5c\u54c1\uff1aSCP-ZH-922", "FULLNAME": "scp-zh-922-art", "RATING": 11, "COMMENTS": "0"}]