[{"TITLE": "SCP-ZH-998 - \u73fe\u8c61\u5b78", "FULLNAME": "scp-zh-998", "RATING": 38, "COMMENTS": "7"}, {"TITLE": "SCP-ZH-60053-J - HONK", "FULLNAME": "scp-zh-60053-j", "RATING": 45, "COMMENTS": "7"}, {"TITLE": "SCP-ZH-222 - \u6708\u7403\u4e0a\u7684\u8d85\u97f3\u6ce2\u55b5\u2764", "FULLNAME": "scp-zh-222", "RATING": 13, "COMMENTS": "2"}, {"TITLE": "\u6d77\u795e\u60b2\u9cf4\u6642", "FULLNAME": "wadatsumi-no-naku-koroni", "RATING": 17, "COMMENTS": "3"}, {"TITLE": "SCP-ZH-769 - \u98df\u7269", "FULLNAME": "scp-zh-769", "RATING": 10, "COMMENTS": "2"}, {"TITLE": "SCP-ZH-499 - \u5eb7\u4e43\u99a8\u76d4\u7532\u5de5\u85dd", "FULLNAME": "scp-zh-499", "RATING": 37, "COMMENTS": "3"}, {"TITLE": "SCP-ZH-999\uff0d\u4eba\u5011\u6b20\u4ed6\u500b\u7e3d\u7d71\u5e2d\u4f4d", "FULLNAME": "scp-zh-999", "RATING": 57, "COMMENTS": "13"}, {"TITLE": "SCP-ZH-337 - \u5922\u5de5\u5ee0", "FULLNAME": "scp-zh-337", "RATING": 28, "COMMENTS": "6"}, {"TITLE": "\u53c8\u662f\u500b\u8a72\u6b7b\u7684\u5de5\u4f5c\u5929", "FULLNAME": "another-damn-workday", "RATING": 11, "COMMENTS": "0"}, {"TITLE": "\u5c71\u672c\u7814\u7a76\u54e1\u7684ZH-922\u89c0\u5bdf\u65e5\u8a8c", "FULLNAME": "romiamiad-ni-cidal", "RATING": 17, "COMMENTS": "0"}, {"TITLE": "\u6211\u5011\u90fd\u53ea\u662f\u8840\u8089\u4e4b\u8ec0", "FULLNAME": "we-are-no-more-than-mortal-souls", "RATING": 15, "COMMENTS": "1"}, {"TITLE": "Lostwhat\u7684\u63d0\u6848\u4e00", "FULLNAME": "lostwhat-s-proposal", "RATING": 38, "COMMENTS": "2"}, {"TITLE": "\u751f\u7269\u96fb", "FULLNAME": "bioelectricity", "RATING": 9, "COMMENTS": "0"}, {"TITLE": "\u5e7b\u60f3\u62bd\u96e2", "FULLNAME": "get-out-of-the-dream", "RATING": 3, "COMMENTS": "3"}, {"TITLE": "SCP-ZH-911 - \u4f60\u6240\u634d\u885b\u7684\u81ea\u7531", "FULLNAME": "scp-zh-911", "RATING": 22, "COMMENTS": "0"}, {"TITLE": "\u9152\u55ae\uff1a\u5a01\u58eb\u5fcc", "FULLNAME": "whiskey", "RATING": 6, "COMMENTS": "0"}, {"TITLE": "\u8056\u8a95\u8ecd\u6f14", "FULLNAME": "xmas-exercise", "RATING": 24, "COMMENTS": "7"}, {"TITLE": "SCP-ZH-699 - \u4e3b\u4eba\uff01\u4e3b\u4eba\uff01\u4e3b\u4eba\uff01\u4e3b\u4eba\uff01\u4e3b\u4eba\uff01\u4e3b\u4eba\uff01\u4e3b\u4eba\uff01\u4e3b\u4eba\uff01\u4e3b\u4eba\uff01", "FULLNAME": "scp-zh-699", "RATING": 14, "COMMENTS": "3"}, {"TITLE": "\u6d77\u68e0\u4f9d\u820a", "FULLNAME": "lucid-dreams", "RATING": 24, "COMMENTS": "0"}, {"TITLE": "\u9152\u55ae\uff1a\u9ed1\u591c\u4e4b\u543b", "FULLNAME": "kiss-in-the-dark", "RATING": 7, "COMMENTS": "0"}, {"TITLE": "\u8b6f\u8005\u521d\u6821\u81ea\u884c\u6aa2\u67e5\u8868", "FULLNAME": "your-first-translation", "RATING": 23, "COMMENTS": "0"}, {"TITLE": "SCP-ZH-848 - \u8840\u6d78\u5cf6", "FULLNAME": "scp-zh-848", "RATING": 12, "COMMENTS": "0"}, {"TITLE": "\u5927\u975c\u8b10\u524d\uff0c\u5e73\u5b89\uff0c\u5373\u662f\u559c\u6a02\u3002", "FULLNAME": "the-last-christmas-of-peace", "RATING": 8, "COMMENTS": "0"}, {"TITLE": "\u6bcf\u5206\u6bcf\u79d2\u90fd\u5728\u4e16\u754c\u6bc0\u6ec5", "FULLNAME": "divina-commedia", "RATING": 11, "COMMENTS": "1"}, {"TITLE": "\u771f\u7d00\u8207\u79ae\u7afa", "FULLNAME": "merry-christmas-mkm", "RATING": 14, "COMMENTS": "2"}, {"TITLE": "SCP-ZH-598 - \u4e0a\u4e3b\u7684\u5bf6\u5ea7", "FULLNAME": "scp-zh-598", "RATING": 11, "COMMENTS": "0"}]