[{"TITLE": "SCP-ZH-882 - \u8d85\u731b\u53ec\u559a\u5927\u5168", "FULLNAME": "scp-zh-882", "RATING": 13, "COMMENTS": "1"}, {"TITLE": "\u842c\u83ef\u93e1\u4e2d\u7684\u8c93", "FULLNAME": "cats-in-kaleidoscopes", "RATING": 18, "COMMENTS": "0"}, {"TITLE": "SCP-ZH-9288-EX", "FULLNAME": "scp-zh-9288-ex", "RATING": 45, "COMMENTS": "5"}, {"TITLE": "SCP-ZH-012 - \u5341\u4e8c", "FULLNAME": "scp-zh-012", "RATING": 19, "COMMENTS": "2"}, {"TITLE": "SCP-ZH-014 - \u4eba\u9b5a\u516c\u4e3b\u7684\u6545\u4e8b", "FULLNAME": "scp-zh-014", "RATING": 20, "COMMENTS": "4"}, {"TITLE": "SCP-ZH-496 - \u5b89\u5168\u6975\u9650\u8ddd\u96e2", "FULLNAME": "scp-zh-496", "RATING": 30, "COMMENTS": "7"}, {"TITLE": "SCP-ZH-048 - \u528d\u8207\u9b54\u6cd5\u8207\u8336\u4e4b\u9b54\u624b", "FULLNAME": "scp-zh-048", "RATING": 21, "COMMENTS": "2"}, {"TITLE": "SCP-ZH-054 - \u9999\u8549\uff0c\u50c5\u6b64\u800c\u5df2", "FULLNAME": "scp-zh-054", "RATING": 7, "COMMENTS": "4"}, {"TITLE": "SCP-ZH-499 - \u5eb7\u4e43\u99a8\u76d4\u7532\u5de5\u85dd", "FULLNAME": "scp-zh-499", "RATING": 37, "COMMENTS": "3"}, {"TITLE": "SCP-ZH-999\uff0d\u4eba\u5011\u6b20\u4ed6\u500b\u7e3d\u7d71\u5e2d\u4f4d", "FULLNAME": "scp-zh-999", "RATING": 57, "COMMENTS": "13"}, {"TITLE": "k1s10r0d\u7684\u63d0\u6848 - IMMOLARI", "FULLNAME": "k1s10r0d-s-proposal", "RATING": 36, "COMMENTS": "3"}, {"TITLE": "SCP-ZH-072 - \u5de5\u4f5c\u9593\u5931\u7aca\u4e8b\u4ef6", "FULLNAME": "scp-zh-072", "RATING": 17, "COMMENTS": "1"}, {"TITLE": "NX-ZH-02\uff1a\u897f\u52a0\u8d70\u7063\u7fa4\u5cf6", "FULLNAME": "nx-zh-02", "RATING": 24, "COMMENTS": "1"}, {"TITLE": "SCP-ZH-157 - \u66a2\u884c\u7121\u963b", "FULLNAME": "scp-zh-157", "RATING": 14, "COMMENTS": "1"}, {"TITLE": "\u6b98\u97ff", "FULLNAME": "reverberate", "RATING": 16, "COMMENTS": "4"}, {"TITLE": "SCP-ZH-113 - \u62b9\u6bba\u4e8b\u60c5\u7684\u771f\u76f8", "FULLNAME": "scp-zh-113", "RATING": 30, "COMMENTS": "2"}, {"TITLE": "\u8868\u5c64\u8b8a\u52d5", "FULLNAME": "one-of-the-secrets", "RATING": 18, "COMMENTS": "2"}, {"TITLE": "SCP-ZH-699 - \u4e3b\u4eba\uff01\u4e3b\u4eba\uff01\u4e3b\u4eba\uff01\u4e3b\u4eba\uff01\u4e3b\u4eba\uff01\u4e3b\u4eba\uff01\u4e3b\u4eba\uff01\u4e3b\u4eba\uff01\u4e3b\u4eba\uff01", "FULLNAME": "scp-zh-699", "RATING": 14, "COMMENTS": "3"}]