[{"TITLE": "SCP-ZH-617 - \u897f\u65b9\u7684\u52c7\u8005", "FULLNAME": "scp-zh-617", "RATING": 14, "COMMENTS": "8"}, {"TITLE": "SCP-ZH-551 - \u5c0f\u77f3\u6f6d\u8a18", "FULLNAME": "scp-zh-551", "RATING": 8, "COMMENTS": "3"}, {"TITLE": "\u300c\u4e09\u57a3\u300d\u4e2d\u5fc3\u9801", "FULLNAME": "three-enclosures-hub", "RATING": 19, "COMMENTS": "0"}, {"TITLE": "\u6728\u6613\u85cf\u66f8\u95a3 \u4e2d\u5fc3\u9801", "FULLNAME": "mu-yi-hub", "RATING": 13, "COMMENTS": "0"}, {"TITLE": "\u5c0f\u52d5\u7269\u7c21\u4ecb\uff1a\u041c\u043e\u0440\u044c\uff01", "FULLNAME": "critter-profile-mor", "RATING": 6, "COMMENTS": "3"}, {"TITLE": "SCP\u57fa\u91d1\u6703\u7e41\u4e2d\u5206\u90e8\u7684\u6a19\u8a8c", "FULLNAME": "logo-zh", "RATING": 15, "COMMENTS": "1"}, {"TITLE": "SCP-ZH-157 - \u66a2\u884c\u7121\u963b", "FULLNAME": "scp-zh-157", "RATING": 14, "COMMENTS": "1"}, {"TITLE": "\u9163\u591c\u6afb\u83ef \u4e2d\u5fc3\u9801", "FULLNAME": "site-zh-16-4th-staff-restaurant-hub", "RATING": 7, "COMMENTS": "2"}, {"TITLE": "\u5de5\u4f5c\u4eba\u54e1\u53ca\u89d2\u8272\u6a94\u6848-ZH", "FULLNAME": "personnel-and-character-dossier-zh", "RATING": 17, "COMMENTS": "0"}]