[{"TITLE": "\u6587\u4ef6001-O5", "FULLNAME": "document-001-o5", "RATING": 5, "COMMENTS": "1"}, {"TITLE": "SCP-3000 - \u963f\u96e3\u9640\u820d\u6c99", "FULLNAME": "scp-3000", "RATING": 19, "COMMENTS": "2"}, {"TITLE": "\u6771\u4eac\u4e8b\u8b8a", "FULLNAME": "tokyo-incidents", "RATING": 13, "COMMENTS": "0"}, {"TITLE": "\u61c9\u7528\u5947\u8e5f\u5b78\u8b1b\u5ea7\u9010\u5b57\u7a3f\u3000\u8b1b\u8005\uff1a\u2588\u2588\u2588\u2588\u2588\u2588\u2588\u2588\u2588\u2588\u2588\u2588\u6559\u6388", "FULLNAME": "goc-supplemental-thaumatology", "RATING": 9, "COMMENTS": "0"}, {"TITLE": "SCP-3396 - \u81f3\u9ad8\u5929\u5883\u5bc4\u751f\u9ad4", "FULLNAME": "scp-3396", "RATING": 7, "COMMENTS": "1"}, {"TITLE": "SCP-5884 - \u5b58\u6d3b", "FULLNAME": "scp-5884", "RATING": 5, "COMMENTS": "1"}, {"TITLE": "SCP\u793e\u7fa4\u8a0e\u8ad6\u5340\u6a21\u64ec\u5668", "FULLNAME": "scp-wiki-discussion-page-simulator", "RATING": -5, "COMMENTS": "1"}, {"TITLE": "\u9ed1\u689d\u4e4b\u4e0b\uff1a\u8cc7\u8a0a\u906e\u853d\u7684\u5149\u8207\u5f71", "FULLNAME": "avoid-the-blackbox", "RATING": 10, "COMMENTS": "0"}, {"TITLE": "SCP-6355 - \u627c\u6bba\u79ae\u7fa9\u4e4b\u54bd\u5589", "FULLNAME": "scp-6355", "RATING": 15, "COMMENTS": "1"}, {"TITLE": "SCP-7K-J - \u4e00\u64f2\u5b9a\u751f\u6b7b", "FULLNAME": "scp-7k-j", "RATING": 6, "COMMENTS": "3"}, {"TITLE": "SCP-4755 - \u7576\u6211\u7b49\u5168\u80fd\u4e4b\u6642", "FULLNAME": "scp-4755", "RATING": 9, "COMMENTS": "0"}, {"TITLE": "SCP-7333 - \u7d93\u5546\u8725\u8734", "FULLNAME": "scp-7333", "RATING": 12, "COMMENTS": "1"}, {"TITLE": "SCP-4231 - \u8499\u6258\u514b\u4e4b\u5c4b", "FULLNAME": "scp-4231", "RATING": 12, "COMMENTS": "0"}, {"TITLE": "SCP-4098 - S-C-P\uff0c\u8996\u8a5e\u7bc7\u9806\u66a2\u639219-3-16", "FULLNAME": "scp-4098", "RATING": 10, "COMMENTS": "2"}, {"TITLE": "\u7dad\u5b89\u8a2d\u65bd\u6a94\u6848\uff1a\u53d7\u4fdd\u8b77\u7ad9\u9edeSite-7\uff08\u540c\u6b65\u672a\u5b8c\u6210\uff09", "FULLNAME": "secure-facility-dossier-site-7", "RATING": 9, "COMMENTS": "1"}, {"TITLE": "SCP-1471 - MalO ver1.0.0", "FULLNAME": "scp-1471", "RATING": 8, "COMMENTS": "0"}]