[{"TITLE": "\u7248\u672c F", "FULLNAME": "iteration-f", "RATING": 9, "COMMENTS": "2"}, {"TITLE": "\u70ba\u78ba\u4fdd\u5b89\u5168\u5df2\u7701\u7565", "FULLNAME": "scp-5404", "RATING": 12, "COMMENTS": "1"}, {"TITLE": "\u771f\u7684\u662fSCP-6000\u7af6\u8cfd\u5566\uff01", "FULLNAME": "scp6969contesthubgottemlmao", "RATING": 12, "COMMENTS": "5"}, {"TITLE": "\u665a\u4e0a\u516b\u9ede\u534a\u4e0d\u8981\u6d17\u6fa1", "FULLNAME": "takeabathathalfpasteight", "RATING": 15, "COMMENTS": "0"}, {"TITLE": "SCP-6009 - \u767c\u96fb\u5ee0", "FULLNAME": "scp-6009", "RATING": 12, "COMMENTS": "5"}, {"TITLE": "SCP-6500 - \u7121\u4ee5\u907f\u514d", "FULLNAME": "scp-6500", "RATING": 25, "COMMENTS": "5"}, {"TITLE": "SCP-4911\u89e3\u5bc6", "FULLNAME": "scp-4911-declassification", "RATING": 6, "COMMENTS": "0"}]