[{"TITLE": "SCP-244-JP - \u5730\u85cf\u796d\u7684\u5927\u9ce5\u5c45", "FULLNAME": "scp-224-jp", "RATING": 10, "COMMENTS": "1"}, {"TITLE": "SCP-1410-RU", "FULLNAME": "scp-1410-ru", "RATING": 4, "COMMENTS": "1"}, {"TITLE": "\u6f5b\u529b\u95dc\u6ce8\u7d44\u7e54\u9762\u8a66", "FULLNAME": "interviews-with-prospective-groups-of-interest", "RATING": 12, "COMMENTS": "0"}, {"TITLE": "\u57fa\u91d1\u6703\u90e8\u9580\u534a\u5b8c\u6574\u5217\u8868", "FULLNAME": "departments-complete-list", "RATING": 8, "COMMENTS": "1"}, {"TITLE": "\u4e0d\u5141\u8a31Bright\u535a\u58eb\u5728\u57fa\u91d1\u6703\u505a\u7684\u4e8b", "FULLNAME": "the-things-dr-bright-is-not-allowed-to-do-at-the-foundation", "RATING": 11, "COMMENTS": "0"}, {"TITLE": "SCP-2118 - \u5df2\u901d\u5b69\u7ae5", "FULLNAME": "scp-2118", "RATING": 9, "COMMENTS": "1"}]