[{"TITLE": "\u5805\u6301\u4e0d\u61c8", "FULLNAME": "holding-on", "RATING": 6, "COMMENTS": "1"}, {"TITLE": "Bright\u535a\u58eb\u4e0d\u518d\u88ab\u5141\u8a31\u4f7f\u7528\u6642\u9593\u7570\u5e38\u56de\u5230\u904e\u53bb\u4ee5\u81f4\u5f97\u4ee5\u6bba\u6b7b\u5e0c\u7279\u52d2", "FULLNAME": "dr-bright-is-no-longer-allowed-to-use-temporal-anomalies", "RATING": 11, "COMMENTS": "1"}, {"TITLE": "\u7b2c\u4e8c\u6d77\u6258\u4e16\u6559\u6703\u4e2d\u5fc3\u9801", "FULLNAME": "second-hytoth-hub", "RATING": 7, "COMMENTS": "0"}, {"TITLE": "\u7e7c\u627f\u4eba\u5c0f\u59d0", "FULLNAME": "miss-heir", "RATING": 3, "COMMENTS": "0"}, {"TITLE": "\u795e\u5316\u4e2d\u5fc3\u9801", "FULLNAME": "apotheosis-hub", "RATING": 7, "COMMENTS": "0"}, {"TITLE": "\u7279\u6b8a\u8ca8\u7269\u4e2d\u5fc3\u9801", "FULLNAME": "unusual-cargo-hub", "RATING": 10, "COMMENTS": "0"}, {"TITLE": "\u6211\uff0c\u4e2d\u5fc3\u9801\uff08\u611a\u4eba\u7bc0\uff09", "FULLNAME": "i-hub", "RATING": 5, "COMMENTS": "3"}]