[{"TITLE": "SCP-2911-JP - \u7f8e\u570b\u6700\u6f2b\u9577\u7684\u4e00\u5929", "FULLNAME": "scp-2911-jp", "RATING": 23, "COMMENTS": "2"}, {"TITLE": "SCP-1645-JP - \u795d\u8cc0 \u9054\u62109999\u5929\u2588\u2588\u753a\u96f6\u4ea4\u901a\u6b7b\u4ea1\u7d00\u9304", "FULLNAME": "scp-1645-jp", "RATING": 12, "COMMENTS": "0"}, {"TITLE": "SCP-132-JP-2 \u6536\u5bb9\u7528\u7d19", "FULLNAME": "scp-132-jp-animation", "RATING": 15, "COMMENTS": "1"}, {"TITLE": "SCP-2061-JP - \u66c9\u661f\u5c4b\u767e\u8ca8\u516c\u53f8\u5192\u96aa\u8b5a", "FULLNAME": "scp-2061-jp", "RATING": 9, "COMMENTS": "0"}]