{"page_info": {"created_at": "1552134531", "created_by_id": "3979351", "name": "scp-zh-251", "rating_vote": "12", "rating": "10", "tags": ["safe", "scp", "site-zh-02", "site-zh-26", "\u539f\u5275", "\u5730\u9ede", "\u6728\u6613", "\u6c38\u8861\u6559\u6703", "\u7e41\u5ee3"], "status": "ONLINE"}, "votes": [{"id": "5970137", "name": "Alexander_716", "vote": "UV"}, {"id": "5344757", "name": "Bales20147", "vote": "UV"}, {"id": "4213515", "name": "ChAoS_UnItY", "vote": "UV"}, {"id": "3995762", "name": "Dr_Kasugai", "vote": "UV"}, {"id": "4990678", "name": "Dr V Valentine", "vote": "UV"}, {"id": "5010943", "name": "EbertLee", "vote": "UV"}, {"id": "5275077", "name": "Glutton66", "vote": "UV"}, {"id": "4545047", "name": "prtp14", "vote": "UV"}, {"id": "5013754", "name": "ting129", "vote": "UV"}, {"id": "5150230", "name": "UraniumSanchez", "vote": "DV"}, {"id": "5223229", "name": "Wupaispanda", "vote": "UV"}, {"id": "4351112", "name": "Yu Ken Dai", "vote": "UV"}], "rating": 10, "votes_jstf": [{"id": "5970137", "name": "Alexander_716", "vote": "UV"}, {"id": "5344757", "name": "Bales20147", "vote": "UV"}, {"id": "4213515", "name": "ChAoS_UnItY", "vote": "UV"}, {"id": "3995762", "name": "Dr_Kasugai", "vote": "UV"}, {"id": "4990678", "name": "Dr V Valentine", "vote": "UV"}, {"id": "5010943", "name": "EbertLee", "vote": "UV"}, {"id": "5275077", "name": "Glutton66", "vote": "UV"}, {"id": "4545047", "name": "prtp14", "vote": "UV"}, {"id": "5013754", "name": "ting129", "vote": "UV"}, {"id": "5150230", "name": "UraniumSanchez", "vote": "DV"}, {"id": "5223229", "name": "Wupaispanda", "vote": "UV"}, {"id": "4351112", "name": "Yu Ken Dai", "vote": "UV"}], "rating_jstf": 10, "votes_removed": [], "rating_removed": 0, "viability": true}