{"page_info": {"created_at": "1552275384", "created_by_id": "5223229", "name": "scp-zh-521", "rating_vote": "11", "rating": "3", "tags": ["safe", "scp", "site-zh-26", "\u539f\u5275", "\u5efa\u7bc9"], "status": "ONLINE"}, "votes": [{"id": "5302801", "name": "Artical", "vote": "UV"}, {"id": "4990678", "name": "Dr V Valentine", "vote": "DV"}, {"id": "5010943", "name": "EbertLee", "vote": "UV"}, {"id": "3979351", "name": "minmasterqw", "vote": "UV"}, {"id": "4474355", "name": "PeiWeiArtz", "vote": "UV"}, {"id": "4442284", "name": "Sigtina", "vote": "UV"}, {"id": "5013754", "name": "ting129", "vote": "UV"}, {"id": "4107284", "name": "Unihedron", "vote": "DV"}, {"id": "3981670", "name": "Viken-K", "vote": "DV"}, {"id": "5415046", "name": "vomiter", "vote": "DV"}, {"id": "5223229", "name": "Wupaispanda", "vote": "UV"}], "rating": 3, "votes_jstf": [{"id": "5302801", "name": "Artical", "vote": "UV"}, {"id": "4990678", "name": "Dr V Valentine", "vote": "DV"}, {"id": "5010943", "name": "EbertLee", "vote": "UV"}, {"id": "3979351", "name": "minmasterqw", "vote": "UV"}, {"id": "4474355", "name": "PeiWeiArtz", "vote": "UV"}, {"id": "4442284", "name": "Sigtina", "vote": "UV"}, {"id": "5013754", "name": "ting129", "vote": "UV"}, {"id": "4107284", "name": "Unihedron", "vote": "DV"}, {"id": "3981670", "name": "Viken-K", "vote": "DV"}, {"id": "5415046", "name": "vomiter", "vote": "DV"}, {"id": "5223229", "name": "Wupaispanda", "vote": "UV"}], "rating_jstf": 3, "votes_removed": [], "rating_removed": 0, "viability": true}