{"page_info": {"created_at": "1552713742", "created_by_id": "3775116", "name": "scp-zh-003", "rating_vote": "27", "rating": "7", "tags": ["euclid", "scp", "\u539f\u5275", "\u751f\u7269\u6027", "\u7cbe\u795e\u5f71\u97ff"], "status": "ONLINE"}, "votes": [{"id": "5242886", "name": "123GoJJJ", "vote": "UV"}, {"id": "5325850", "name": "AbyssDream", "vote": "DV"}, {"id": "7476471", "name": "Agent_RexPx_v2", "vote": "UV"}, {"id": "5365629", "name": "Ceis unlift", "vote": "UV"}, {"id": "6753207", "name": "Chris fantasy", "vote": "UV"}, {"id": "5355920", "name": "cojawdvgyj1", "vote": "UV"}, {"id": "5565302", "name": "Control Z", "vote": "DV"}, {"id": "5324572", "name": "DarkDrongo", "vote": "UV"}, {"id": "4990678", "name": "Dr V Valentine", "vote": "DV"}, {"id": "5818926", "name": "Dr Yari", "vote": "UV"}, {"id": "5010943", "name": "EbertLee", "vote": "UV"}, {"id": "5275077", "name": "Glutton66", "vote": "UV"}, {"id": "4761754", "name": "H-Storm Z", "vote": "UV"}, {"id": "5322372", "name": "Jin Zi", "vote": "UV"}, {"id": "7513990", "name": "KaiTenno", "vote": "DV"}, {"id": "5318909", "name": "Lindust", "vote": "UV"}, {"id": "5334590", "name": "Lostwhat", "vote": "DV"}, {"id": "3979351", "name": "minmasterqw", "vote": "DV"}, {"id": "5653267", "name": "Nihilmace", "vote": "DV"}, {"id": "7073060", "name": "Pao Mian", "vote": "DV"}, {"id": "6690335", "name": "Red Paint", "vote": "UV"}, {"id": "5435485", "name": "SamScript", "vote": "DV"}, {"id": "4239775", "name": "Semibreve", "vote": "UV"}, {"id": "5013754", "name": "ting129", "vote": "UV"}, {"id": "4351112", "name": "Yu Ken Dai", "vote": "UV"}, {"id": "5454699", "name": "ZH_mercury", "vote": "DV"}], "rating": 7, "votes_jstf": [{"id": "5242886", "name": "123GoJJJ", "vote": "UV"}, {"id": "5325850", "name": "AbyssDream", "vote": "DV"}, {"id": "7476471", "name": "Agent_RexPx_v2", "vote": "UV"}, {"id": "5365629", "name": "Ceis unlift", "vote": "UV"}, {"id": "6753207", "name": "Chris fantasy", "vote": "UV"}, {"id": "5355920", "name": "cojawdvgyj1", "vote": "UV"}, {"id": "5565302", "name": "Control Z", "vote": "DV"}, {"id": "5324572", "name": "DarkDrongo", "vote": "UV"}, {"id": "4990678", "name": "Dr V Valentine", "vote": "DV"}, {"id": "5818926", "name": "Dr Yari", "vote": "UV"}, {"id": "5010943", "name": "EbertLee", "vote": "UV"}, {"id": "5275077", "name": "Glutton66", "vote": "UV"}, {"id": "4761754", "name": "H-Storm Z", "vote": "UV"}, {"id": "5322372", "name": "Jin Zi", "vote": "UV"}, {"id": "7513990", "name": "KaiTenno", "vote": "DV"}, {"id": "5318909", "name": "Lindust", "vote": "UV"}, {"id": "5334590", "name": "Lostwhat", "vote": "DV"}, {"id": "3979351", "name": "minmasterqw", "vote": "DV"}, {"id": "5653267", "name": "Nihilmace", "vote": "DV"}, {"id": "7073060", "name": "Pao Mian", "vote": "DV"}, {"id": "6690335", "name": "Red Paint", "vote": "UV"}, {"id": "5435485", "name": "SamScript", "vote": "DV"}, {"id": "4239775", "name": "Semibreve", "vote": "UV"}, {"id": "5013754", "name": "ting129", "vote": "UV"}, {"id": "4351112", "name": "Yu Ken Dai", "vote": "UV"}, {"id": "5454699", "name": "ZH_mercury", "vote": "DV"}], "rating_jstf": 6, "votes_removed": [{"id": "DELETED", "name": "DELETED", "vote": "UV"}], "rating_removed": 1, "viability": true}