{"page_info": {"created_at": "1552114841", "created_by_id": "4128767", "name": "scp-zh-940", "rating_vote": "13", "rating": "7", "tags": ["safe", "scp", "site-zh-16", "\u539f\u5275", "\u5f35\u9053\u58eb", "\u7e41\u5ee3", "\u85dd\u8853\u6027", "\u98fe\u54c1"], "status": "ONLINE"}, "votes": [{"id": "7318709", "name": "A yuhan", "vote": "UV"}, {"id": "4548860", "name": "Bochy", "vote": "UV"}, {"id": "4213515", "name": "ChAoS_UnItY", "vote": "UV"}, {"id": "4990678", "name": "Dr V Valentine", "vote": "UV"}, {"id": "5010943", "name": "EbertLee", "vote": "UV"}, {"id": "5381720", "name": "Liliko Diana Brown", "vote": "UV"}, {"id": "5653267", "name": "Nihilmace", "vote": "DV"}, {"id": "4144669", "name": "Ogoat", "vote": "DV"}, {"id": "4474355", "name": "PeiWeiArtz", "vote": "UV"}, {"id": "4239775", "name": "Semibreve", "vote": "UV"}, {"id": "4442284", "name": "Sigtina", "vote": "UV"}, {"id": "5013754", "name": "ting129", "vote": "UV"}, {"id": "4351112", "name": "Yu Ken Dai", "vote": "DV"}], "rating": 7, "votes_jstf": [{"id": "7318709", "name": "A yuhan", "vote": "UV"}, {"id": "4548860", "name": "Bochy", "vote": "UV"}, {"id": "4213515", "name": "ChAoS_UnItY", "vote": "UV"}, {"id": "4990678", "name": "Dr V Valentine", "vote": "UV"}, {"id": "5010943", "name": "EbertLee", "vote": "UV"}, {"id": "5381720", "name": "Liliko Diana Brown", "vote": "UV"}, {"id": "5653267", "name": "Nihilmace", "vote": "DV"}, {"id": "4144669", "name": "Ogoat", "vote": "DV"}, {"id": "4474355", "name": "PeiWeiArtz", "vote": "UV"}, {"id": "4239775", "name": "Semibreve", "vote": "UV"}, {"id": "4442284", "name": "Sigtina", "vote": "UV"}, {"id": "5013754", "name": "ting129", "vote": "UV"}, {"id": "4351112", "name": "Yu Ken Dai", "vote": "DV"}], "rating_jstf": 7, "votes_removed": [], "rating_removed": 0, "viability": true}