{"page_info": {"created_at": "1552559904", "created_by_id": "3775116", "name": "scp-005", "rating_vote": "5", "rating": "3", "tags": ["en", "safe", "scp", "\u611f\u77e5\u529b", "\u7ffb\u8b6f", "\u9069\u61c9\u6027", "\u91d1\u5c6c", "\u9470\u5319"], "status": "ONLINE"}, "votes": [{"id": "4990678", "name": "Dr V Valentine", "vote": "UV"}, {"id": "5252281", "name": "Hildebrand", "vote": "UV"}, {"id": "3979351", "name": "minmasterqw", "vote": "UV"}, {"id": "3981670", "name": "Viken-K", "vote": "UV"}], "rating": 3, "votes_jstf": [{"id": "4990678", "name": "Dr V Valentine", "vote": "UV"}, {"id": "5252281", "name": "Hildebrand", "vote": "UV"}, {"id": "3979351", "name": "minmasterqw", "vote": "UV"}, {"id": "3981670", "name": "Viken-K", "vote": "UV"}], "rating_jstf": 4, "votes_removed": [{"id": "DELETED", "name": "DELETED", "vote": "DV"}], "rating_removed": -1, "viability": true}