{"page_info": {"created_at": "1552829347", "created_by_id": "4990678", "name": "scp-zh-213", "rating_vote": "12", "rating": "4", "tags": ["safe", "scp", "site-zh-26", "\u539f\u5275"], "status": "ONLINE"}, "votes": [{"id": "5565302", "name": "Control Z", "vote": "UV"}, {"id": "4990678", "name": "Dr V Valentine", "vote": "UV"}, {"id": "5010943", "name": "EbertLee", "vote": "UV"}, {"id": "5275077", "name": "Glutton66", "vote": "DV"}, {"id": "5252281", "name": "Hildebrand", "vote": "UV"}, {"id": "6091157", "name": "LuLu_Lucifelle", "vote": "UV"}, {"id": "3979351", "name": "minmasterqw", "vote": "UV"}, {"id": "4474355", "name": "PeiWeiArtz", "vote": "UV"}, {"id": "5435485", "name": "SamScript", "vote": "DV"}, {"id": "4239775", "name": "Semibreve", "vote": "UV"}, {"id": "5013754", "name": "ting129", "vote": "DV"}, {"id": "4107284", "name": "Unihedron", "vote": "DV"}], "rating": 4, "votes_jstf": [{"id": "5565302", "name": "Control Z", "vote": "UV"}, {"id": "4990678", "name": "Dr V Valentine", "vote": "UV"}, {"id": "5010943", "name": "EbertLee", "vote": "UV"}, {"id": "5275077", "name": "Glutton66", "vote": "DV"}, {"id": "5252281", "name": "Hildebrand", "vote": "UV"}, {"id": "6091157", "name": "LuLu_Lucifelle", "vote": "UV"}, {"id": "3979351", "name": "minmasterqw", "vote": "UV"}, {"id": "4474355", "name": "PeiWeiArtz", "vote": "UV"}, {"id": "5435485", "name": "SamScript", "vote": "DV"}, {"id": "4239775", "name": "Semibreve", "vote": "UV"}, {"id": "5013754", "name": "ting129", "vote": "DV"}, {"id": "4107284", "name": "Unihedron", "vote": "DV"}], "rating_jstf": 4, "votes_removed": [], "rating_removed": 0, "viability": true}