{"page_info": {"created_at": "1552898281", "created_by_id": "3979351", "name": "potehi", "rating_vote": "8", "rating": "8", "tags": ["goi\u683c\u5f0f", "mc&amp;d", "wondertainment\u535a\u58eb", "\u539f\u5275"], "status": "ONLINE"}, "votes": [{"id": "5344757", "name": "Bales20147", "vote": "UV"}, {"id": "5114793", "name": "C2C2", "vote": "UV"}, {"id": "4213515", "name": "ChAoS_UnItY", "vote": "UV"}, {"id": "4990678", "name": "Dr V Valentine", "vote": "UV"}, {"id": "5010943", "name": "EbertLee", "vote": "UV"}, {"id": "4128767", "name": "Mimaomao", "vote": "UV"}, {"id": "5013754", "name": "ting129", "vote": "UV"}, {"id": "5225164", "name": "WaterBrich", "vote": "UV"}], "rating": 8, "votes_jstf": [{"id": "5344757", "name": "Bales20147", "vote": "UV"}, {"id": "5114793", "name": "C2C2", "vote": "UV"}, {"id": "4213515", "name": "ChAoS_UnItY", "vote": "UV"}, {"id": "4990678", "name": "Dr V Valentine", "vote": "UV"}, {"id": "5010943", "name": "EbertLee", "vote": "UV"}, {"id": "4128767", "name": "Mimaomao", "vote": "UV"}, {"id": "5013754", "name": "ting129", "vote": "UV"}, {"id": "5225164", "name": "WaterBrich", "vote": "UV"}], "rating_jstf": 8, "votes_removed": [], "rating_removed": 0, "viability": true}