{"page_info": {"created_at": "1552281942", "created_by_id": "5223229", "name": "scp-zh-421", "rating_vote": "8", "rating": "6", "tags": ["safe", "scp", "\u539f\u5275", "\u5408\u8457"], "status": "ONLINE"}, "votes": [{"id": "5232235", "name": "CheeseRice", "vote": "UV"}, {"id": "5010943", "name": "EbertLee", "vote": "UV"}, {"id": "5230881", "name": "Jane0314", "vote": "DV"}, {"id": "4144669", "name": "Ogoat", "vote": "UV"}, {"id": "4474355", "name": "PeiWeiArtz", "vote": "UV"}, {"id": "4239775", "name": "Semibreve", "vote": "UV"}, {"id": "7618181", "name": "Soh jing tao", "vote": "UV"}, {"id": "5223229", "name": "Wupaispanda", "vote": "UV"}], "rating": 6, "votes_jstf": [{"id": "5232235", "name": "CheeseRice", "vote": "UV"}, {"id": "5010943", "name": "EbertLee", "vote": "UV"}, {"id": "5230881", "name": "Jane0314", "vote": "DV"}, {"id": "4144669", "name": "Ogoat", "vote": "UV"}, {"id": "4474355", "name": "PeiWeiArtz", "vote": "UV"}, {"id": "4239775", "name": "Semibreve", "vote": "UV"}, {"id": "7618181", "name": "Soh jing tao", "vote": "UV"}, {"id": "5223229", "name": "Wupaispanda", "vote": "UV"}], "rating_jstf": 6, "votes_removed": [], "rating_removed": 0, "viability": true}