{"page_info": {"created_at": "1552112842", "created_by_id": "5010943", "name": "scp-zh-655", "rating_vote": "12", "rating": "8", "tags": ["awcy", "euclid", "scp", "site-zh-02", "\u539f\u5275", "\u6642\u9418", "\u85dd\u8853\u6027"], "status": "ONLINE"}, "votes": [{"id": "4213515", "name": "ChAoS_UnItY", "vote": "UV"}, {"id": "5232235", "name": "CheeseRice", "vote": "UV"}, {"id": "4990678", "name": "Dr V Valentine", "vote": "UV"}, {"id": "4909183", "name": "fourfish1123", "vote": "UV"}, {"id": "5230135", "name": "Kaze Yang", "vote": "UV"}, {"id": "4128767", "name": "Mimaomao", "vote": "UV"}, {"id": "3979351", "name": "minmasterqw", "vote": "DV"}, {"id": "5435485", "name": "SamScript", "vote": "DV"}, {"id": "5013754", "name": "ting129", "vote": "UV"}, {"id": "5415046", "name": "vomiter", "vote": "UV"}, {"id": "5223229", "name": "Wupaispanda", "vote": "UV"}, {"id": "5454699", "name": "ZH_mercury", "vote": "UV"}], "rating": 8, "votes_jstf": [{"id": "4213515", "name": "ChAoS_UnItY", "vote": "UV"}, {"id": "5232235", "name": "CheeseRice", "vote": "UV"}, {"id": "4990678", "name": "Dr V Valentine", "vote": "UV"}, {"id": "4909183", "name": "fourfish1123", "vote": "UV"}, {"id": "5230135", "name": "Kaze Yang", "vote": "UV"}, {"id": "4128767", "name": "Mimaomao", "vote": "UV"}, {"id": "3979351", "name": "minmasterqw", "vote": "DV"}, {"id": "5435485", "name": "SamScript", "vote": "DV"}, {"id": "5013754", "name": "ting129", "vote": "UV"}, {"id": "5415046", "name": "vomiter", "vote": "UV"}, {"id": "5223229", "name": "Wupaispanda", "vote": "UV"}, {"id": "5454699", "name": "ZH_mercury", "vote": "UV"}], "rating_jstf": 8, "votes_removed": [], "rating_removed": 0, "viability": true}