{"page_info": {"created_at": "1552566396", "created_by_id": "3977603", "name": "sesame-mochi", "rating_vote": "5", "rating": "5", "tags": ["goi\u683c\u5f0f", "\u539f\u5275", "\u5a01\u723e\u905c\u751f\u7269\u61c9\u5c0d\u7d44"], "status": "ONLINE"}, "votes": [{"id": "4990678", "name": "Dr V Valentine", "vote": "UV"}, {"id": "7073060", "name": "Pao Mian", "vote": "UV"}, {"id": "4239775", "name": "Semibreve", "vote": "UV"}, {"id": "5013754", "name": "ting129", "vote": "UV"}, {"id": "3981670", "name": "Viken-K", "vote": "UV"}], "rating": 5, "votes_jstf": [{"id": "4990678", "name": "Dr V Valentine", "vote": "UV"}, {"id": "7073060", "name": "Pao Mian", "vote": "UV"}, {"id": "4239775", "name": "Semibreve", "vote": "UV"}, {"id": "5013754", "name": "ting129", "vote": "UV"}, {"id": "3981670", "name": "Viken-K", "vote": "UV"}], "rating_jstf": 5, "votes_removed": [], "rating_removed": 0, "viability": true}