{"page_info": {"created_at": "1552207854", "created_by_id": "5223229", "name": "scp-zh-346", "rating_vote": "5", "rating": "5", "tags": ["safe", "scp", "site-zh-02", "\u539f\u5275", "\u6c38\u8861\u6559\u6703"], "status": "ONLINE"}, "votes": [{"id": "5324572", "name": "DarkDrongo", "vote": "UV"}, {"id": "5010943", "name": "EbertLee", "vote": "UV"}, {"id": "4128767", "name": "Mimaomao", "vote": "UV"}, {"id": "5013754", "name": "ting129", "vote": "UV"}, {"id": "5223229", "name": "Wupaispanda", "vote": "UV"}], "rating": 5, "votes_jstf": [{"id": "5324572", "name": "DarkDrongo", "vote": "UV"}, {"id": "5010943", "name": "EbertLee", "vote": "UV"}, {"id": "4128767", "name": "Mimaomao", "vote": "UV"}, {"id": "5013754", "name": "ting129", "vote": "UV"}, {"id": "5223229", "name": "Wupaispanda", "vote": "UV"}], "rating_jstf": 5, "votes_removed": [], "rating_removed": 0, "viability": true}