{"page_info": {"created_at": "1552312437", "created_by_id": "5223229", "name": "scp-zh-401", "rating_vote": "11", "rating": "9", "tags": ["safe", "scp", "site-zh-02", "\u539f\u5275"], "status": "ONLINE"}, "votes": [{"id": "5158476", "name": "blacktiger0917", "vote": "UV"}, {"id": "4990678", "name": "Dr V Valentine", "vote": "UV"}, {"id": "5010943", "name": "EbertLee", "vote": "UV"}, {"id": "5252281", "name": "Hildebrand", "vote": "UV"}, {"id": "5318909", "name": "Lindust", "vote": "UV"}, {"id": "5338544", "name": "mrcat_hk0777", "vote": "UV"}, {"id": "5238833", "name": "RahRah1997325", "vote": "UV"}, {"id": "5413616", "name": "s97169", "vote": "DV"}, {"id": "5013754", "name": "ting129", "vote": "UV"}, {"id": "5223229", "name": "Wupaispanda", "vote": "UV"}, {"id": "5817419", "name": "Xina Harwood", "vote": "UV"}], "rating": 9, "votes_jstf": [{"id": "5158476", "name": "blacktiger0917", "vote": "UV"}, {"id": "4990678", "name": "Dr V Valentine", "vote": "UV"}, {"id": "5010943", "name": "EbertLee", "vote": "UV"}, {"id": "5252281", "name": "Hildebrand", "vote": "UV"}, {"id": "5318909", "name": "Lindust", "vote": "UV"}, {"id": "5338544", "name": "mrcat_hk0777", "vote": "UV"}, {"id": "5238833", "name": "RahRah1997325", "vote": "UV"}, {"id": "5413616", "name": "s97169", "vote": "DV"}, {"id": "5013754", "name": "ting129", "vote": "UV"}, {"id": "5223229", "name": "Wupaispanda", "vote": "UV"}, {"id": "5817419", "name": "Xina Harwood", "vote": "UV"}], "rating_jstf": 9, "votes_removed": [], "rating_removed": 0, "viability": true}