{"page_info": {"created_at": "1552560300", "created_by_id": "3775116", "name": "scp-006", "rating_vote": "5", "rating": "5", "tags": ["en", "safe", "scp", "\u5730\u9ede", "\u6db2\u9ad4", "\u7ffb\u8b6f", "\u81ea\u6211\u4fee\u5fa9", "\u91ab\u5b78\u6027", "\u91cd\u5beb"], "status": "ONLINE"}, "votes": [{"id": "4990678", "name": "Dr V Valentine", "vote": "UV"}, {"id": "5252281", "name": "Hildebrand", "vote": "UV"}, {"id": "6952002", "name": "k1s10r0db00ne", "vote": "UV"}, {"id": "8025703", "name": "RayHsueh", "vote": "UV"}, {"id": "5225164", "name": "WaterBrich", "vote": "UV"}], "rating": 5, "votes_jstf": [{"id": "4990678", "name": "Dr V Valentine", "vote": "UV"}, {"id": "5252281", "name": "Hildebrand", "vote": "UV"}, {"id": "6952002", "name": "k1s10r0db00ne", "vote": "UV"}, {"id": "8025703", "name": "RayHsueh", "vote": "UV"}, {"id": "5225164", "name": "WaterBrich", "vote": "UV"}], "rating_jstf": 5, "votes_removed": [], "rating_removed": 0, "viability": true}