{"page_info": {"created_at": "1552307647", "created_by_id": "5230135", "name": "scp-zh-024-arc", "rating_vote": "9", "rating": "7", "tags": ["scp", "site-zh-02", "\u539f\u5275", "\u6545\u4e8b"], "status": "ONLINE"}, "votes": [{"id": "4990678", "name": "Dr V Valentine", "vote": "UV"}, {"id": "5010943", "name": "EbertLee", "vote": "UV"}, {"id": "5275077", "name": "Glutton66", "vote": "UV"}, {"id": "7521095", "name": "helloahuman", "vote": "DV"}, {"id": "5040174", "name": "JHUO YUN YING", "vote": "UV"}, {"id": "4474355", "name": "PeiWeiArtz", "vote": "UV"}, {"id": "6783502", "name": "TFKTKC", "vote": "UV"}, {"id": "5013754", "name": "ting129", "vote": "UV"}], "rating": 7, "votes_jstf": [{"id": "4990678", "name": "Dr V Valentine", "vote": "UV"}, {"id": "5010943", "name": "EbertLee", "vote": "UV"}, {"id": "5275077", "name": "Glutton66", "vote": "UV"}, {"id": "7521095", "name": "helloahuman", "vote": "DV"}, {"id": "5040174", "name": "JHUO YUN YING", "vote": "UV"}, {"id": "4474355", "name": "PeiWeiArtz", "vote": "UV"}, {"id": "6783502", "name": "TFKTKC", "vote": "UV"}, {"id": "5013754", "name": "ting129", "vote": "UV"}], "rating_jstf": 6, "votes_removed": [{"id": "DELETED", "name": "DELETED", "vote": "UV"}], "rating_removed": 1, "viability": true}