{"page_info": {"created_at": "1552560663", "created_by_id": "3775116", "name": "scp-007", "rating_vote": "6", "rating": "6", "tags": ["en", "euclid", "scp", "\u4eba\u5f62", "\u5fae\u578b", "\u661f\u7403", "\u6d3b\u7269", "\u7ffb\u8b6f"], "status": "ONLINE"}, "votes": [{"id": "5344757", "name": "Bales20147", "vote": "UV"}, {"id": "4990678", "name": "Dr V Valentine", "vote": "UV"}, {"id": "5062193", "name": "KenNG", "vote": "UV"}, {"id": "3979351", "name": "minmasterqw", "vote": "UV"}, {"id": "4144669", "name": "Ogoat", "vote": "UV"}, {"id": "5686329", "name": "Yat Wu", "vote": "UV"}], "rating": 6, "votes_jstf": [{"id": "5344757", "name": "Bales20147", "vote": "UV"}, {"id": "4990678", "name": "Dr V Valentine", "vote": "UV"}, {"id": "5062193", "name": "KenNG", "vote": "UV"}, {"id": "3979351", "name": "minmasterqw", "vote": "UV"}, {"id": "4144669", "name": "Ogoat", "vote": "UV"}, {"id": "5686329", "name": "Yat Wu", "vote": "UV"}], "rating_jstf": 6, "votes_removed": [], "rating_removed": 0, "viability": true}