{"page_info": {"created_at": "1552230153", "created_by_id": "5223229", "name": "scp-zh-018", "rating_vote": "12", "rating": "10", "tags": ["euclid", "scp", "site-zh-26", "\u539f\u5275", "\u8996\u89ba\u6027", "\u8a8d\u77e5\u5371\u5bb3", "\u8b8a\u5f62"], "status": "ONLINE"}, "votes": [{"id": "4264056", "name": "Aindavis_817", "vote": "UV"}, {"id": "5344757", "name": "Bales20147", "vote": "UV"}, {"id": "4213515", "name": "ChAoS_UnItY", "vote": "UV"}, {"id": "5324572", "name": "DarkDrongo", "vote": "UV"}, {"id": "5010943", "name": "EbertLee", "vote": "UV"}, {"id": "5275077", "name": "Glutton66", "vote": "UV"}, {"id": "4076342", "name": "horizon fish", "vote": "UV"}, {"id": "5318909", "name": "Lindust", "vote": "UV"}, {"id": "4000297", "name": "N1992", "vote": "DV"}, {"id": "5013754", "name": "ting129", "vote": "UV"}, {"id": "5223229", "name": "Wupaispanda", "vote": "UV"}], "rating": 10, "votes_jstf": [{"id": "4264056", "name": "Aindavis_817", "vote": "UV"}, {"id": "5344757", "name": "Bales20147", "vote": "UV"}, {"id": "4213515", "name": "ChAoS_UnItY", "vote": "UV"}, {"id": "5324572", "name": "DarkDrongo", "vote": "UV"}, {"id": "5010943", "name": "EbertLee", "vote": "UV"}, {"id": "5275077", "name": "Glutton66", "vote": "UV"}, {"id": "4076342", "name": "horizon fish", "vote": "UV"}, {"id": "5318909", "name": "Lindust", "vote": "UV"}, {"id": "4000297", "name": "N1992", "vote": "DV"}, {"id": "5013754", "name": "ting129", "vote": "UV"}, {"id": "5223229", "name": "Wupaispanda", "vote": "UV"}], "rating_jstf": 9, "votes_removed": [{"id": "DELETED", "name": "DELETED", "vote": "UV"}], "rating_removed": 1, "viability": true}