{"page_info": {"created_at": "1552134941", "created_by_id": "3979351", "name": "scp-zh-252", "rating_vote": "18", "rating": "16", "tags": ["euclid", "scp", "site-zh-16", "\u4eba\u5f62", "\u539f\u5275", "\u53cd\u5927\u9ebb\u73a9\u5bb6", "\u5c0f\u5c0f\u5148\u751f", "\u5f35\u9053\u58eb", "\u6c38\u8861\u6559\u6703", "\u7e41\u5ee3"], "status": "ONLINE"}, "votes": [{"id": "5970137", "name": "Alexander_716", "vote": "UV"}, {"id": "6599182", "name": "Alger Clarke", "vote": "UV"}, {"id": "5344757", "name": "Bales20147", "vote": "UV"}, {"id": "4548860", "name": "Bochy", "vote": "UV"}, {"id": "3977603", "name": "ChiFong", "vote": "UV"}, {"id": "6127045", "name": "Dr Fishbone", "vote": "UV"}, {"id": "4990678", "name": "Dr V Valentine", "vote": "UV"}, {"id": "5010943", "name": "EbertLee", "vote": "UV"}, {"id": "5270993", "name": "e ioli", "vote": "UV"}, {"id": "5275077", "name": "Glutton66", "vote": "UV"}, {"id": "5604919", "name": "k1s10r0d", "vote": "UV"}, {"id": "6258289", "name": "KarlKaku", "vote": "UV"}, {"id": "2797113", "name": "plutocat", "vote": "UV"}, {"id": "4545047", "name": "prtp14", "vote": "UV"}, {"id": "6788064", "name": "relena_xd", "vote": "UV"}, {"id": "5341777", "name": "Shizumi", "vote": "UV"}, {"id": "5150230", "name": "UraniumSanchez", "vote": "DV"}], "rating": 16, "votes_jstf": [{"id": "5970137", "name": "Alexander_716", "vote": "UV"}, {"id": "6599182", "name": "Alger Clarke", "vote": "UV"}, {"id": "5344757", "name": "Bales20147", "vote": "UV"}, {"id": "4548860", "name": "Bochy", "vote": "UV"}, {"id": "3977603", "name": "ChiFong", "vote": "UV"}, {"id": "6127045", "name": "Dr Fishbone", "vote": "UV"}, {"id": "4990678", "name": "Dr V Valentine", "vote": "UV"}, {"id": "5010943", "name": "EbertLee", "vote": "UV"}, {"id": "5270993", "name": "e ioli", "vote": "UV"}, {"id": "5275077", "name": "Glutton66", "vote": "UV"}, {"id": "5604919", "name": "k1s10r0d", "vote": "UV"}, {"id": "6258289", "name": "KarlKaku", "vote": "UV"}, {"id": "2797113", "name": "plutocat", "vote": "UV"}, {"id": "4545047", "name": "prtp14", "vote": "UV"}, {"id": "6788064", "name": "relena_xd", "vote": "UV"}, {"id": "5341777", "name": "Shizumi", "vote": "UV"}, {"id": "5150230", "name": "UraniumSanchez", "vote": "DV"}], "rating_jstf": 15, "votes_removed": [{"id": "DELETED", "name": "DELETED", "vote": "UV"}], "rating_removed": 1, "viability": true}