{"page_info": {"created_at": "1552095643", "created_by_id": "3979351", "name": "critter-profile-mor", "rating_vote": "5", "rating": "5", "tags": ["goi\u683c\u5f0f", "\u539f\u5275", "\u5a01\u723e\u905c\u751f\u7269\u61c9\u5c0d\u7d44", "\u6728\u6613", "\u91d1\u5e33\u8ecd", "\u9644\u52a0\u8cc7\u6599"], "status": "ONLINE"}, "votes": [{"id": "4990678", "name": "Dr V Valentine", "vote": "UV"}, {"id": "5684299", "name": "kingdom war", "vote": "UV"}, {"id": "4239775", "name": "Semibreve", "vote": "UV"}, {"id": "5039979", "name": "Starkidoky", "vote": "UV"}, {"id": "5013754", "name": "ting129", "vote": "UV"}], "rating": 5, "votes_jstf": [{"id": "4990678", "name": "Dr V Valentine", "vote": "UV"}, {"id": "5684299", "name": "kingdom war", "vote": "UV"}, {"id": "4239775", "name": "Semibreve", "vote": "UV"}, {"id": "5039979", "name": "Starkidoky", "vote": "UV"}, {"id": "5013754", "name": "ting129", "vote": "UV"}], "rating_jstf": 5, "votes_removed": [], "rating_removed": 0, "viability": true}