{"page_info": {"created_at": "1552756112", "created_by_id": "3979351", "name": "2008", "rating_vote": "9", "rating": "9", "tags": ["goi\u683c\u5f0f", "ijamea", "\u539f\u5275", "\u65e5\u5949\u4e00\u65cf", "\u6728\u6613", "\u9169\u914a\u8857"], "status": "ONLINE"}, "votes": [{"id": "3995762", "name": "Dr_Kasugai", "vote": "UV"}, {"id": "4990678", "name": "Dr V Valentine", "vote": "UV"}, {"id": "5010943", "name": "EbertLee", "vote": "UV"}, {"id": "5684299", "name": "kingdom war", "vote": "UV"}, {"id": "4128767", "name": "Mimaomao", "vote": "UV"}, {"id": "4474355", "name": "PeiWeiArtz", "vote": "UV"}, {"id": "4239775", "name": "Semibreve", "vote": "UV"}, {"id": "3266034", "name": "snoj", "vote": "UV"}, {"id": "5225164", "name": "WaterBrich", "vote": "UV"}], "rating": 9, "votes_jstf": [{"id": "3995762", "name": "Dr_Kasugai", "vote": "UV"}, {"id": "4990678", "name": "Dr V Valentine", "vote": "UV"}, {"id": "5010943", "name": "EbertLee", "vote": "UV"}, {"id": "5684299", "name": "kingdom war", "vote": "UV"}, {"id": "4128767", "name": "Mimaomao", "vote": "UV"}, {"id": "4474355", "name": "PeiWeiArtz", "vote": "UV"}, {"id": "4239775", "name": "Semibreve", "vote": "UV"}, {"id": "3266034", "name": "snoj", "vote": "UV"}, {"id": "5225164", "name": "WaterBrich", "vote": "UV"}], "rating_jstf": 9, "votes_removed": [], "rating_removed": 0, "viability": true}