{"page_info": {"created_at": "1552522186", "created_by_id": "4144669", "name": "scp-zh-178", "rating_vote": "17", "rating": "11", "tags": ["euclid", "scp", "site-zh-31", "\u539f\u5275", "\u6a21\u56e0\u6548\u61c9", "\u8a8d\u77e5\u5371\u5bb3"], "status": "ONLINE"}, "votes": [{"id": "5344757", "name": "Bales20147", "vote": "UV"}, {"id": "5158476", "name": "blacktiger0917", "vote": "UV"}, {"id": "4213515", "name": "ChAoS_UnItY", "vote": "UV"}, {"id": "5355920", "name": "cojawdvgyj1", "vote": "UV"}, {"id": "5565302", "name": "Control Z", "vote": "DV"}, {"id": "4990678", "name": "Dr V Valentine", "vote": "UV"}, {"id": "5010943", "name": "EbertLee", "vote": "UV"}, {"id": "5237516", "name": "K the intern", "vote": "UV"}, {"id": "7034978", "name": "oilyhu", "vote": "UV"}, {"id": "5339767", "name": "OliverCrisis", "vote": "UV"}, {"id": "2797113", "name": "plutocat", "vote": "UV"}, {"id": "4239775", "name": "Semibreve", "vote": "UV"}, {"id": "5013754", "name": "ting129", "vote": "UV"}, {"id": "5415046", "name": "vomiter", "vote": "UV"}, {"id": "5225164", "name": "WaterBrich", "vote": "DV"}], "rating": 11, "votes_jstf": [{"id": "5344757", "name": "Bales20147", "vote": "UV"}, {"id": "5158476", "name": "blacktiger0917", "vote": "UV"}, {"id": "4213515", "name": "ChAoS_UnItY", "vote": "UV"}, {"id": "5355920", "name": "cojawdvgyj1", "vote": "UV"}, {"id": "5565302", "name": "Control Z", "vote": "DV"}, {"id": "4990678", "name": "Dr V Valentine", "vote": "UV"}, {"id": "5010943", "name": "EbertLee", "vote": "UV"}, {"id": "5237516", "name": "K the intern", "vote": "UV"}, {"id": "7034978", "name": "oilyhu", "vote": "UV"}, {"id": "5339767", "name": "OliverCrisis", "vote": "UV"}, {"id": "2797113", "name": "plutocat", "vote": "UV"}, {"id": "4239775", "name": "Semibreve", "vote": "UV"}, {"id": "5013754", "name": "ting129", "vote": "UV"}, {"id": "5415046", "name": "vomiter", "vote": "UV"}, {"id": "5225164", "name": "WaterBrich", "vote": "DV"}], "rating_jstf": 11, "votes_removed": [{"id": "DELETED", "name": "DELETED", "vote": "DV"}, {"id": "DELETED", "name": "DELETED", "vote": "UV"}], "rating_removed": 0, "viability": true}