{"page_info": {"created_at": "1552833204", "created_by_id": "4990678", "name": "scp-zh-130", "rating_vote": "17", "rating": "7", "tags": ["safe", "scp", "\u539f\u5275"], "status": "ONLINE"}, "votes": [{"id": "5324572", "name": "DarkDrongo", "vote": "UV"}, {"id": "4002108", "name": "Dr_Die", "vote": "UV"}, {"id": "4990678", "name": "Dr V Valentine", "vote": "DV"}, {"id": "5010943", "name": "EbertLee", "vote": "UV"}, {"id": "5484164", "name": "Elsing", "vote": "UV"}, {"id": "5428435", "name": "Jhih", "vote": "DV"}, {"id": "4402177", "name": "LiNai33", "vote": "UV"}, {"id": "6091157", "name": "LuLu_Lucifelle", "vote": "UV"}, {"id": "7073060", "name": "Pao Mian", "vote": "DV"}, {"id": "4474355", "name": "PeiWeiArtz", "vote": "UV"}, {"id": "2797113", "name": "plutocat", "vote": "DV"}, {"id": "4239775", "name": "Semibreve", "vote": "UV"}, {"id": "4442284", "name": "Sigtina", "vote": "UV"}, {"id": "5013754", "name": "ting129", "vote": "UV"}, {"id": "4107284", "name": "Unihedron", "vote": "UV"}], "rating": 7, "votes_jstf": [{"id": "5324572", "name": "DarkDrongo", "vote": "UV"}, {"id": "4002108", "name": "Dr_Die", "vote": "UV"}, {"id": "4990678", "name": "Dr V Valentine", "vote": "DV"}, {"id": "5010943", "name": "EbertLee", "vote": "UV"}, {"id": "5484164", "name": "Elsing", "vote": "UV"}, {"id": "5428435", "name": "Jhih", "vote": "DV"}, {"id": "4402177", "name": "LiNai33", "vote": "UV"}, {"id": "6091157", "name": "LuLu_Lucifelle", "vote": "UV"}, {"id": "7073060", "name": "Pao Mian", "vote": "DV"}, {"id": "4474355", "name": "PeiWeiArtz", "vote": "UV"}, {"id": "2797113", "name": "plutocat", "vote": "DV"}, {"id": "4239775", "name": "Semibreve", "vote": "UV"}, {"id": "4442284", "name": "Sigtina", "vote": "UV"}, {"id": "5013754", "name": "ting129", "vote": "UV"}, {"id": "4107284", "name": "Unihedron", "vote": "UV"}], "rating_jstf": 7, "votes_removed": [{"id": "DELETED", "name": "DELETED", "vote": "UV"}, {"id": "DELETED", "name": "DELETED", "vote": "DV"}], "rating_removed": 0, "viability": true}