{"page_info": {"created_at": "1552976753", "created_by_id": "5223229", "name": "scp-zh-883", "rating_vote": "14", "rating": "8", "tags": ["keter", "scp", "\u539f\u5275"], "status": "ONLINE"}, "votes": [{"id": "5273385", "name": "42anonymous", "vote": "DV"}, {"id": "5344757", "name": "Bales20147", "vote": "UV"}, {"id": "4213515", "name": "ChAoS_UnItY", "vote": "UV"}, {"id": "4990678", "name": "Dr V Valentine", "vote": "UV"}, {"id": "5010943", "name": "EbertLee", "vote": "UV"}, {"id": "6258289", "name": "KarlKaku", "vote": "UV"}, {"id": "5248484", "name": "manpo", "vote": "UV"}, {"id": "7073060", "name": "Pao Mian", "vote": "DV"}, {"id": "5238833", "name": "RahRah1997325", "vote": "UV"}, {"id": "4239775", "name": "Semibreve", "vote": "UV"}, {"id": "5013754", "name": "ting129", "vote": "UV"}, {"id": "5223229", "name": "Wupaispanda", "vote": "DV"}, {"id": "6141493", "name": "Xiang_feng", "vote": "UV"}, {"id": "5454699", "name": "ZH_mercury", "vote": "UV"}], "rating": 8, "votes_jstf": [{"id": "5273385", "name": "42anonymous", "vote": "DV"}, {"id": "5344757", "name": "Bales20147", "vote": "UV"}, {"id": "4213515", "name": "ChAoS_UnItY", "vote": "UV"}, {"id": "4990678", "name": "Dr V Valentine", "vote": "UV"}, {"id": "5010943", "name": "EbertLee", "vote": "UV"}, {"id": "6258289", "name": "KarlKaku", "vote": "UV"}, {"id": "5248484", "name": "manpo", "vote": "UV"}, {"id": "7073060", "name": "Pao Mian", "vote": "DV"}, {"id": "5238833", "name": "RahRah1997325", "vote": "UV"}, {"id": "4239775", "name": "Semibreve", "vote": "UV"}, {"id": "5013754", "name": "ting129", "vote": "UV"}, {"id": "5223229", "name": "Wupaispanda", "vote": "DV"}, {"id": "6141493", "name": "Xiang_feng", "vote": "UV"}, {"id": "5454699", "name": "ZH_mercury", "vote": "UV"}], "rating_jstf": 8, "votes_removed": [], "rating_removed": 0, "viability": true}