{"page_info": {"created_at": "1552290519", "created_by_id": "3979351", "name": "scp-zh-117", "rating_vote": "34", "rating": "34", "tags": ["euclid", "scp", "\u539f\u5275", "\u5730\u9ede", "\u5c55\u51fa"], "status": "ONLINE"}, "votes": [{"id": "5414694", "name": "5kyBlu3", "vote": "UV"}, {"id": "6646980", "name": "AnnulusBlaze", "vote": "UV"}, {"id": "4861423", "name": "Bacon Coinber", "vote": "UV"}, {"id": "5158476", "name": "blacktiger0917", "vote": "UV"}, {"id": "4213515", "name": "ChAoS_UnItY", "vote": "UV"}, {"id": "4990678", "name": "Dr V Valentine", "vote": "UV"}, {"id": "5010943", "name": "EbertLee", "vote": "UV"}, {"id": "5040419", "name": "eternal2018", "vote": "UV"}, {"id": "3766456", "name": "gary14242", "vote": "UV"}, {"id": "5275077", "name": "Glutton66", "vote": "UV"}, {"id": "5252281", "name": "Hildebrand", "vote": "UV"}, {"id": "7840542", "name": "Just grass", "vote": "UV"}, {"id": "6258289", "name": "KarlKaku", "vote": "UV"}, {"id": "5062193", "name": "KenNG", "vote": "UV"}, {"id": "5289810", "name": "Lotus leaf 666x3", "vote": "UV"}, {"id": "6091157", "name": "LuLu_Lucifelle", "vote": "UV"}, {"id": "5428286", "name": "Meow the Maple", "vote": "UV"}, {"id": "3979351", "name": "minmasterqw", "vote": "UV"}, {"id": "5289350", "name": "Moller Enoch", "vote": "UV"}, {"id": "4000297", "name": "N1992", "vote": "UV"}, {"id": "5289307", "name": "nakula413", "vote": "UV"}, {"id": "7034978", "name": "oilyhu", "vote": "UV"}, {"id": "4474355", "name": "PeiWeiArtz", "vote": "UV"}, {"id": "6690335", "name": "Red Paint", "vote": "UV"}, {"id": "6788064", "name": "relena_xd", "vote": "UV"}, {"id": "5357283", "name": "ridiculous paradox", "vote": "UV"}, {"id": "4239775", "name": "Semibreve", "vote": "UV"}, {"id": "4052359", "name": "SieDorran", "vote": "UV"}, {"id": "5298572", "name": "SpeaLi", "vote": "UV"}, {"id": "5039979", "name": "Starkidoky", "vote": "UV"}, {"id": "5289456", "name": "Sun Ting", "vote": "UV"}, {"id": "5013754", "name": "ting129", "vote": "UV"}, {"id": "3981670", "name": "Viken-K", "vote": "UV"}], "rating": 34, "votes_jstf": [{"id": "5414694", "name": "5kyBlu3", "vote": "UV"}, {"id": "6646980", "name": "AnnulusBlaze", "vote": "UV"}, {"id": "4861423", "name": "Bacon Coinber", "vote": "UV"}, {"id": "5158476", "name": "blacktiger0917", "vote": "UV"}, {"id": "4213515", "name": "ChAoS_UnItY", "vote": "UV"}, {"id": "4990678", "name": "Dr V Valentine", "vote": "UV"}, {"id": "5010943", "name": "EbertLee", "vote": "UV"}, {"id": "5040419", "name": "eternal2018", "vote": "UV"}, {"id": "3766456", "name": "gary14242", "vote": "UV"}, {"id": "5275077", "name": "Glutton66", "vote": "UV"}, {"id": "5252281", "name": "Hildebrand", "vote": "UV"}, {"id": "7840542", "name": "Just grass", "vote": "UV"}, {"id": "6258289", "name": "KarlKaku", "vote": "UV"}, {"id": "5062193", "name": "KenNG", "vote": "UV"}, {"id": "5289810", "name": "Lotus leaf 666x3", "vote": "UV"}, {"id": "6091157", "name": "LuLu_Lucifelle", "vote": "UV"}, {"id": "5428286", "name": "Meow the Maple", "vote": "UV"}, {"id": "3979351", "name": "minmasterqw", "vote": "UV"}, {"id": "5289350", "name": "Moller Enoch", "vote": "UV"}, {"id": "4000297", "name": "N1992", "vote": "UV"}, {"id": "5289307", "name": "nakula413", "vote": "UV"}, {"id": "7034978", "name": "oilyhu", "vote": "UV"}, {"id": "4474355", "name": "PeiWeiArtz", "vote": "UV"}, {"id": "6690335", "name": "Red Paint", "vote": "UV"}, {"id": "6788064", "name": "relena_xd", "vote": "UV"}, {"id": "5357283", "name": "ridiculous paradox", "vote": "UV"}, {"id": "4239775", "name": "Semibreve", "vote": "UV"}, {"id": "4052359", "name": "SieDorran", "vote": "UV"}, {"id": "5298572", "name": "SpeaLi", "vote": "UV"}, {"id": "5039979", "name": "Starkidoky", "vote": "UV"}, {"id": "5289456", "name": "Sun Ting", "vote": "UV"}, {"id": "5013754", "name": "ting129", "vote": "UV"}, {"id": "3981670", "name": "Viken-K", "vote": "UV"}], "rating_jstf": 33, "votes_removed": [{"id": "DELETED", "name": "DELETED", "vote": "UV"}], "rating_removed": 1, "viability": true}