{"page_info": {"created_at": "1552399811", "created_by_id": "4002108", "name": "scp-zh-124", "rating_vote": "6", "rating": "6", "tags": ["safe", "scp", "\u539f\u5275"], "status": "ONLINE"}, "votes": [{"id": "4990678", "name": "Dr V Valentine", "vote": "UV"}, {"id": "5010943", "name": "EbertLee", "vote": "UV"}, {"id": "5229688", "name": "Errorho", "vote": "UV"}, {"id": "5314605", "name": "jisonnelson", "vote": "UV"}, {"id": "5013754", "name": "ting129", "vote": "UV"}], "rating": 6, "votes_jstf": [{"id": "4990678", "name": "Dr V Valentine", "vote": "UV"}, {"id": "5010943", "name": "EbertLee", "vote": "UV"}, {"id": "5229688", "name": "Errorho", "vote": "UV"}, {"id": "5314605", "name": "jisonnelson", "vote": "UV"}, {"id": "5013754", "name": "ting129", "vote": "UV"}], "rating_jstf": 5, "votes_removed": [{"id": "DELETED", "name": "DELETED", "vote": "UV"}], "rating_removed": 1, "viability": true}