{"page_info": {"created_at": "1552139969", "created_by_id": "4990678", "name": "scp-zh-919", "rating_vote": "21", "rating": "1", "tags": ["euclid", "scp", "\u4eba\u5f62", "\u539f\u5275"], "status": "ONLINE"}, "votes": [{"id": "6647195", "name": "A1wan_9441", "vote": "UV"}, {"id": "5869516", "name": "a little fish", "vote": "UV"}, {"id": "7255587", "name": "Axel777", "vote": "DV"}, {"id": "5686853", "name": "duck11", "vote": "UV"}, {"id": "5010943", "name": "EbertLee", "vote": "UV"}, {"id": "6615090", "name": "Foxicy ", "vote": "DV"}, {"id": "5252281", "name": "Hildebrand", "vote": "DV"}, {"id": "5230135", "name": "Kaze Yang", "vote": "DV"}, {"id": "3980953", "name": "LIINight", "vote": "UV"}, {"id": "5334590", "name": "Lostwhat", "vote": "DV"}, {"id": "3356098", "name": "meteotAWA", "vote": "DV"}, {"id": "3979351", "name": "minmasterqw", "vote": "DV"}, {"id": "5709442", "name": "Nelson Tam", "vote": "UV"}, {"id": "6348157", "name": "Nyunyunyun", "vote": "UV"}, {"id": "7073060", "name": "Pao Mian", "vote": "DV"}, {"id": "4474355", "name": "PeiWeiArtz", "vote": "UV"}, {"id": "6690335", "name": "Red Paint", "vote": "DV"}, {"id": "4239775", "name": "Semibreve", "vote": "UV"}, {"id": "4442284", "name": "Sigtina", "vote": "UV"}, {"id": "5013754", "name": "ting129", "vote": "UV"}, {"id": "3981670", "name": "Viken-K", "vote": "DV"}], "rating": 1, "votes_jstf": [{"id": "6647195", "name": "A1wan_9441", "vote": "UV"}, {"id": "5869516", "name": "a little fish", "vote": "UV"}, {"id": "7255587", "name": "Axel777", "vote": "DV"}, {"id": "5686853", "name": "duck11", "vote": "UV"}, {"id": "5010943", "name": "EbertLee", "vote": "UV"}, {"id": "6615090", "name": "Foxicy ", "vote": "DV"}, {"id": "5252281", "name": "Hildebrand", "vote": "DV"}, {"id": "5230135", "name": "Kaze Yang", "vote": "DV"}, {"id": "3980953", "name": "LIINight", "vote": "UV"}, {"id": "5334590", "name": "Lostwhat", "vote": "DV"}, {"id": "3356098", "name": "meteotAWA", "vote": "DV"}, {"id": "3979351", "name": "minmasterqw", "vote": "DV"}, {"id": "5709442", "name": "Nelson Tam", "vote": "UV"}, {"id": "6348157", "name": "Nyunyunyun", "vote": "UV"}, {"id": "7073060", "name": "Pao Mian", "vote": "DV"}, {"id": "4474355", "name": "PeiWeiArtz", "vote": "UV"}, {"id": "6690335", "name": "Red Paint", "vote": "DV"}, {"id": "4239775", "name": "Semibreve", "vote": "UV"}, {"id": "4442284", "name": "Sigtina", "vote": "UV"}, {"id": "5013754", "name": "ting129", "vote": "UV"}, {"id": "3981670", "name": "Viken-K", "vote": "DV"}], "rating_jstf": 1, "votes_removed": [], "rating_removed": 0, "viability": true}