{"page_info": {"created_at": "1552188302", "created_by_id": "4545047", "name": "scp-zh-551", "rating_vote": "7", "rating": "7", "tags": ["euclid", "scp", "site-zh-31", "\u539f\u5275"], "status": "ONLINE"}, "votes": [{"id": "4990678", "name": "Dr V Valentine", "vote": "UV"}, {"id": "5010943", "name": "EbertLee", "vote": "UV"}, {"id": "5275077", "name": "Glutton66", "vote": "UV"}, {"id": "5230135", "name": "Kaze Yang", "vote": "UV"}, {"id": "4239775", "name": "Semibreve", "vote": "UV"}, {"id": "5013754", "name": "ting129", "vote": "UV"}, {"id": "5223229", "name": "Wupaispanda", "vote": "UV"}], "rating": 7, "votes_jstf": [{"id": "4990678", "name": "Dr V Valentine", "vote": "UV"}, {"id": "5010943", "name": "EbertLee", "vote": "UV"}, {"id": "5275077", "name": "Glutton66", "vote": "UV"}, {"id": "5230135", "name": "Kaze Yang", "vote": "UV"}, {"id": "4239775", "name": "Semibreve", "vote": "UV"}, {"id": "5013754", "name": "ting129", "vote": "UV"}, {"id": "5223229", "name": "Wupaispanda", "vote": "UV"}], "rating_jstf": 7, "votes_removed": [], "rating_removed": 0, "viability": true}