{"page_info": {"created_at": "1552209198", "created_by_id": "5230135", "name": "scp-zh-953", "rating_vote": "8", "rating": "8", "tags": ["safe", "scp", "\u539f\u5275", "\u53f0\u7063\u539f\u4f4f\u6c11", "\u6642\u7a7a"], "status": "ONLINE"}, "votes": [{"id": "4990678", "name": "Dr V Valentine", "vote": "UV"}, {"id": "5010943", "name": "EbertLee", "vote": "UV"}, {"id": "3979351", "name": "minmasterqw", "vote": "UV"}, {"id": "4545047", "name": "prtp14", "vote": "UV"}, {"id": "5230621", "name": "Pudding_Boy", "vote": "UV"}, {"id": "3775116", "name": "Sancote", "vote": "UV"}, {"id": "5013754", "name": "ting129", "vote": "UV"}, {"id": "3981670", "name": "Viken-K", "vote": "UV"}], "rating": 8, "votes_jstf": [{"id": "4990678", "name": "Dr V Valentine", "vote": "UV"}, {"id": "5010943", "name": "EbertLee", "vote": "UV"}, {"id": "3979351", "name": "minmasterqw", "vote": "UV"}, {"id": "4545047", "name": "prtp14", "vote": "UV"}, {"id": "5230621", "name": "Pudding_Boy", "vote": "UV"}, {"id": "3775116", "name": "Sancote", "vote": "UV"}, {"id": "5013754", "name": "ting129", "vote": "UV"}, {"id": "3981670", "name": "Viken-K", "vote": "UV"}], "rating_jstf": 8, "votes_removed": [], "rating_removed": 0, "viability": true}