{"page_info": {"created_at": "1552285826", "created_by_id": "5010943", "name": "scp-zh-977", "rating_vote": "13", "rating": "5", "tags": ["safe", "scp", "\u539f\u5275", "\u6587\u737b", "\u6728\u6613"], "status": "ONLINE"}, "votes": [{"id": "5232235", "name": "CheeseRice", "vote": "UV"}, {"id": "5956873", "name": "Chromeblushowo ", "vote": "DV"}, {"id": "4990678", "name": "Dr V Valentine", "vote": "DV"}, {"id": "5275077", "name": "Glutton66", "vote": "DV"}, {"id": "5230881", "name": "Jane0314", "vote": "UV"}, {"id": "6258289", "name": "KarlKaku", "vote": "UV"}, {"id": "5684299", "name": "kingdom war", "vote": "UV"}, {"id": "4230970", "name": "KNW891206", "vote": "UV"}, {"id": "4000297", "name": "N1992", "vote": "UV"}, {"id": "7034978", "name": "oilyhu", "vote": "UV"}, {"id": "4474355", "name": "PeiWeiArtz", "vote": "UV"}, {"id": "4239775", "name": "Semibreve", "vote": "UV"}, {"id": "5415046", "name": "vomiter", "vote": "DV"}], "rating": 5, "votes_jstf": [{"id": "5232235", "name": "CheeseRice", "vote": "UV"}, {"id": "5956873", "name": "Chromeblushowo ", "vote": "DV"}, {"id": "4990678", "name": "Dr V Valentine", "vote": "DV"}, {"id": "5275077", "name": "Glutton66", "vote": "DV"}, {"id": "5230881", "name": "Jane0314", "vote": "UV"}, {"id": "6258289", "name": "KarlKaku", "vote": "UV"}, {"id": "5684299", "name": "kingdom war", "vote": "UV"}, {"id": "4230970", "name": "KNW891206", "vote": "UV"}, {"id": "4000297", "name": "N1992", "vote": "UV"}, {"id": "7034978", "name": "oilyhu", "vote": "UV"}, {"id": "4474355", "name": "PeiWeiArtz", "vote": "UV"}, {"id": "4239775", "name": "Semibreve", "vote": "UV"}, {"id": "5415046", "name": "vomiter", "vote": "DV"}], "rating_jstf": 5, "votes_removed": [], "rating_removed": 0, "viability": true}