{"page_info": {"created_at": "1552188482", "created_by_id": "4545047", "name": "scp-zh-431", "rating_vote": "8", "rating": "4", "tags": ["awcy", "safe", "scp", "site-zh-31", "\u539f\u5275"], "status": "ONLINE"}, "votes": [{"id": "5344757", "name": "Bales20147", "vote": "DV"}, {"id": "4213515", "name": "ChAoS_UnItY", "vote": "UV"}, {"id": "4990678", "name": "Dr V Valentine", "vote": "UV"}, {"id": "5010943", "name": "EbertLee", "vote": "UV"}, {"id": "5252281", "name": "Hildebrand", "vote": "UV"}, {"id": "3979351", "name": "minmasterqw", "vote": "UV"}, {"id": "4474355", "name": "PeiWeiArtz", "vote": "UV"}, {"id": "5415046", "name": "vomiter", "vote": "DV"}], "rating": 4, "votes_jstf": [{"id": "5344757", "name": "Bales20147", "vote": "DV"}, {"id": "4213515", "name": "ChAoS_UnItY", "vote": "UV"}, {"id": "4990678", "name": "Dr V Valentine", "vote": "UV"}, {"id": "5010943", "name": "EbertLee", "vote": "UV"}, {"id": "5252281", "name": "Hildebrand", "vote": "UV"}, {"id": "3979351", "name": "minmasterqw", "vote": "UV"}, {"id": "4474355", "name": "PeiWeiArtz", "vote": "UV"}, {"id": "5415046", "name": "vomiter", "vote": "DV"}], "rating_jstf": 4, "votes_removed": [], "rating_removed": 0, "viability": true}