{"page_info": {"created_at": "1552837081", "created_by_id": "4990678", "name": "scp-zh-439", "rating_vote": "11", "rating": "3", "tags": ["safe", "scp", "\u539f\u5275", "\u8f09\u5177"], "status": "ONLINE"}, "votes": [{"id": "5344757", "name": "Bales20147", "vote": "DV"}, {"id": "5565302", "name": "Control Z", "vote": "DV"}, {"id": "4990678", "name": "Dr V Valentine", "vote": "UV"}, {"id": "5010943", "name": "EbertLee", "vote": "UV"}, {"id": "7513990", "name": "KaiTenno", "vote": "DV"}, {"id": "5230135", "name": "Kaze Yang", "vote": "UV"}, {"id": "4474355", "name": "PeiWeiArtz", "vote": "UV"}, {"id": "5238833", "name": "RahRah1997325", "vote": "DV"}, {"id": "4239775", "name": "Semibreve", "vote": "UV"}, {"id": "5310971", "name": "SkyDragon509", "vote": "UV"}, {"id": "5225164", "name": "WaterBrich", "vote": "UV"}], "rating": 3, "votes_jstf": [{"id": "5344757", "name": "Bales20147", "vote": "DV"}, {"id": "5565302", "name": "Control Z", "vote": "DV"}, {"id": "4990678", "name": "Dr V Valentine", "vote": "UV"}, {"id": "5010943", "name": "EbertLee", "vote": "UV"}, {"id": "7513990", "name": "KaiTenno", "vote": "DV"}, {"id": "5230135", "name": "Kaze Yang", "vote": "UV"}, {"id": "4474355", "name": "PeiWeiArtz", "vote": "UV"}, {"id": "5238833", "name": "RahRah1997325", "vote": "DV"}, {"id": "4239775", "name": "Semibreve", "vote": "UV"}, {"id": "5310971", "name": "SkyDragon509", "vote": "UV"}, {"id": "5225164", "name": "WaterBrich", "vote": "UV"}], "rating_jstf": 3, "votes_removed": [], "rating_removed": 0, "viability": true}