{"page_info": {"created_at": "1552135451", "created_by_id": "3979351", "name": "scp-zh-253", "rating_vote": "12", "rating": "12", "tags": ["safe", "scp", "site-zh-25", "\u539f\u5275", "\u6728\u6613"], "status": "ONLINE"}, "votes": [{"id": "5970137", "name": "Alexander_716", "vote": "UV"}, {"id": "4990678", "name": "Dr V Valentine", "vote": "UV"}, {"id": "5013713", "name": "D_r__Y_o_u_n_g__", "vote": "UV"}, {"id": "5010943", "name": "EbertLee", "vote": "UV"}, {"id": "4909183", "name": "fourfish1123", "vote": "UV"}, {"id": "6091157", "name": "LuLu_Lucifelle", "vote": "UV"}, {"id": "4144669", "name": "Ogoat", "vote": "UV"}, {"id": "7034978", "name": "oilyhu", "vote": "UV"}, {"id": "4545047", "name": "prtp14", "vote": "UV"}, {"id": "6788064", "name": "relena_xd", "vote": "UV"}, {"id": "4239775", "name": "Semibreve", "vote": "UV"}, {"id": "5013754", "name": "ting129", "vote": "UV"}], "rating": 12, "votes_jstf": [{"id": "5970137", "name": "Alexander_716", "vote": "UV"}, {"id": "4990678", "name": "Dr V Valentine", "vote": "UV"}, {"id": "5013713", "name": "D_r__Y_o_u_n_g__", "vote": "UV"}, {"id": "5010943", "name": "EbertLee", "vote": "UV"}, {"id": "4909183", "name": "fourfish1123", "vote": "UV"}, {"id": "6091157", "name": "LuLu_Lucifelle", "vote": "UV"}, {"id": "4144669", "name": "Ogoat", "vote": "UV"}, {"id": "7034978", "name": "oilyhu", "vote": "UV"}, {"id": "4545047", "name": "prtp14", "vote": "UV"}, {"id": "6788064", "name": "relena_xd", "vote": "UV"}, {"id": "4239775", "name": "Semibreve", "vote": "UV"}, {"id": "5013754", "name": "ting129", "vote": "UV"}], "rating_jstf": 12, "votes_removed": [], "rating_removed": 0, "viability": true}