{"page_info": {"created_at": "1552231633", "created_by_id": "5223229", "name": "scp-zh-555", "rating_vote": "9", "rating": "1", "tags": ["\u539f\u5275", "\u91cd\u5beb\u4e2d"], "status": "ONLINE"}, "votes": [{"id": "5218607", "name": "argentum Luna", "vote": "UV"}, {"id": "4990678", "name": "Dr V Valentine", "vote": "UV"}, {"id": "5010943", "name": "EbertLee", "vote": "UV"}, {"id": "6615090", "name": "Foxicy ", "vote": "DV"}, {"id": "5013754", "name": "ting129", "vote": "UV"}, {"id": "4107284", "name": "Unihedron", "vote": "DV"}, {"id": "3981670", "name": "Viken-K", "vote": "DV"}, {"id": "5223229", "name": "Wupaispanda", "vote": "UV"}, {"id": "5454699", "name": "ZH_mercury", "vote": "DV"}], "rating": 1, "votes_jstf": [{"id": "5218607", "name": "argentum Luna", "vote": "UV"}, {"id": "4990678", "name": "Dr V Valentine", "vote": "UV"}, {"id": "5010943", "name": "EbertLee", "vote": "UV"}, {"id": "6615090", "name": "Foxicy ", "vote": "DV"}, {"id": "5013754", "name": "ting129", "vote": "UV"}, {"id": "4107284", "name": "Unihedron", "vote": "DV"}, {"id": "3981670", "name": "Viken-K", "vote": "DV"}, {"id": "5223229", "name": "Wupaispanda", "vote": "UV"}, {"id": "5454699", "name": "ZH_mercury", "vote": "DV"}], "rating_jstf": 1, "votes_removed": [], "rating_removed": 0, "viability": true}