{"page_info": {"created_at": "1552208487", "created_by_id": "5223229", "name": "scp-zh-666", "rating_vote": "15", "rating": "15", "tags": ["keter", "scp", "\u4eba\u5f62", "\u539f\u5275", "\u7cbe\u795e\u5f71\u97ff"], "status": "ONLINE"}, "votes": [{"id": "6268737", "name": "Chen Mengye", "vote": "UV"}, {"id": "5956873", "name": "Chromeblushowo ", "vote": "UV"}, {"id": "5355920", "name": "cojawdvgyj1", "vote": "UV"}, {"id": "5565302", "name": "Control Z", "vote": "UV"}, {"id": "4990678", "name": "Dr V Valentine", "vote": "UV"}, {"id": "5010943", "name": "EbertLee", "vote": "UV"}, {"id": "5484164", "name": "Elsing", "vote": "UV"}, {"id": "5275077", "name": "Glutton66", "vote": "UV"}, {"id": "5252281", "name": "Hildebrand", "vote": "UV"}, {"id": "5312713", "name": "MATENO", "vote": "UV"}, {"id": "7869145", "name": "minatoyukiyo", "vote": "UV"}, {"id": "5435485", "name": "SamScript", "vote": "UV"}, {"id": "4442284", "name": "Sigtina", "vote": "UV"}, {"id": "5013754", "name": "ting129", "vote": "UV"}, {"id": "5223229", "name": "Wupaispanda", "vote": "UV"}], "rating": 15, "votes_jstf": [{"id": "6268737", "name": "Chen Mengye", "vote": "UV"}, {"id": "5956873", "name": "Chromeblushowo ", "vote": "UV"}, {"id": "5355920", "name": "cojawdvgyj1", "vote": "UV"}, {"id": "5565302", "name": "Control Z", "vote": "UV"}, {"id": "4990678", "name": "Dr V Valentine", "vote": "UV"}, {"id": "5010943", "name": "EbertLee", "vote": "UV"}, {"id": "5484164", "name": "Elsing", "vote": "UV"}, {"id": "5275077", "name": "Glutton66", "vote": "UV"}, {"id": "5252281", "name": "Hildebrand", "vote": "UV"}, {"id": "5312713", "name": "MATENO", "vote": "UV"}, {"id": "7869145", "name": "minatoyukiyo", "vote": "UV"}, {"id": "5435485", "name": "SamScript", "vote": "UV"}, {"id": "4442284", "name": "Sigtina", "vote": "UV"}, {"id": "5013754", "name": "ting129", "vote": "UV"}, {"id": "5223229", "name": "Wupaispanda", "vote": "UV"}], "rating_jstf": 15, "votes_removed": [], "rating_removed": 0, "viability": true}