{"page_info": {"created_at": "1552989555", "created_by_id": "4239775", "name": "scp-173", "rating_vote": "63", "rating": "61", "tags": ["en", "euclid", "scp", "\u5851\u50cf173", "\u7ffb\u8b6f", "\u81ea\u4e3b", "\u89c0\u5bdf\u5f71\u97ff"], "status": "ONLINE"}, "votes": [{"id": "5431561", "name": "20190529", "vote": "UV"}, {"id": "6516148", "name": "36 plans", "vote": "UV"}, {"id": "6599182", "name": "Alger Clarke", "vote": "UV"}, {"id": "5344855", "name": "Arnoold2019", "vote": "UV"}, {"id": "7975483", "name": "Asaerror", "vote": "UV"}, {"id": "5729454", "name": "BossCat", "vote": "UV"}, {"id": "5687996", "name": "Chan Namsing", "vote": "UV"}, {"id": "4213515", "name": "ChAoS_UnItY", "vote": "UV"}, {"id": "6268737", "name": "Chen Mengye", "vote": "UV"}, {"id": "5241122", "name": "Chen XX", "vote": "UV"}, {"id": "7486810", "name": "CureEveryone", "vote": "UV"}, {"id": "5572913", "name": "D-2074", "vote": "UV"}, {"id": "6127045", "name": "Dr Fishbone", "vote": "UV"}, {"id": "4990678", "name": "Dr V Valentine", "vote": "UV"}, {"id": "6683985", "name": "Dr Yuchen Lin", "vote": "UV"}, {"id": "5010943", "name": "EbertLee", "vote": "UV"}, {"id": "5270993", "name": "e ioli", "vote": "UV"}, {"id": "5484164", "name": "Elsing", "vote": "UV"}, {"id": "5842934", "name": "Falconiformes", "vote": "UV"}, {"id": "7655555", "name": "Fallen_Truth", "vote": "UV"}, {"id": "4913214", "name": "Halasha", "vote": "UV"}, {"id": "6692711", "name": "Howian0905", "vote": "UV"}, {"id": "4761754", "name": "H-Storm Z", "vote": "UV"}, {"id": "4091748", "name": "Imnotcore", "vote": "UV"}, {"id": "5987568", "name": "Jetttttt", "vote": "UV"}, {"id": "6093878", "name": "justin7887", "vote": "UV"}, {"id": "7513990", "name": "KaiTenno", "vote": "UV"}, {"id": "5684299", "name": "kingdom war", "vote": "UV"}, {"id": "5351675", "name": "Lin DAdA", "vote": "UV"}, {"id": "5334590", "name": "Lostwhat", "vote": "UV"}, {"id": "6091157", "name": "LuLu_Lucifelle", "vote": "UV"}, {"id": "4671772", "name": "Maugu Tang", "vote": "UV"}, {"id": "5616551", "name": "MAxyma", "vote": "UV"}, {"id": "7892415", "name": "Michael Schmelz", "vote": "UV"}, {"id": "3979351", "name": "minmasterqw", "vote": "UV"}, {"id": "5343848", "name": "Nanaya6984", "vote": "UV"}, {"id": "5653267", "name": "Nihilmace", "vote": "UV"}, {"id": "6786798", "name": "NutronStar45", "vote": "UV"}, {"id": "5345446", "name": "OCT3000", "vote": "UV"}, {"id": "7532608", "name": "Octupus Tea", "vote": "UV"}, {"id": "7198635", "name": "Oscar168", "vote": "UV"}, {"id": "5426662", "name": "Puyui", "vote": "UV"}, {"id": "5238833", "name": "RahRah1997325", "vote": "UV"}, {"id": "8033564", "name": "Red phosphorus", "vote": "UV"}, {"id": "7064164", "name": "rejth", "vote": "UV"}, {"id": "5435485", "name": "SamScript", "vote": "UV"}, {"id": "6866715", "name": "scratchjb190590", "vote": "UV"}, {"id": "7618181", "name": "Soh jing tao", "vote": "UV"}, {"id": "5039979", "name": "Starkidoky", "vote": "UV"}, {"id": "6783502", "name": "TFKTKC", "vote": "UV"}, {"id": "7586696", "name": "Tigah", "vote": "UV"}, {"id": "5013754", "name": "ting129", "vote": "UV"}, {"id": "5271278", "name": "TkiWnoZ", "vote": "UV"}, {"id": "4107284", "name": "Unihedron", "vote": "UV"}, {"id": "5475028", "name": "Wai Kuen Tsang", "vote": "UV"}, {"id": "4640859", "name": "Waltsai", "vote": "UV"}, {"id": "5225164", "name": "WaterBrich", "vote": "UV"}, {"id": "3979966", "name": "Yeegan", "vote": "UV"}, {"id": "6766816", "name": "YianChen", "vote": "UV"}, {"id": "5647698", "name": "yoyo0901", "vote": "UV"}, {"id": "6624115", "name": "Yu tp", "vote": "UV"}, {"id": "5454699", "name": "ZH_mercury", "vote": "UV"}], "rating": 61, "votes_jstf": [{"id": "5431561", "name": "20190529", "vote": "UV"}, {"id": "6516148", "name": "36 plans", "vote": "UV"}, {"id": "6599182", "name": "Alger Clarke", "vote": "UV"}, {"id": "5344855", "name": "Arnoold2019", "vote": "UV"}, {"id": "7975483", "name": "Asaerror", "vote": "UV"}, {"id": "5729454", "name": "BossCat", "vote": "UV"}, {"id": "5687996", "name": "Chan Namsing", "vote": "UV"}, {"id": "4213515", "name": "ChAoS_UnItY", "vote": "UV"}, {"id": "6268737", "name": "Chen Mengye", "vote": "UV"}, {"id": "5241122", "name": "Chen XX", "vote": "UV"}, {"id": "7486810", "name": "CureEveryone", "vote": "UV"}, {"id": "5572913", "name": "D-2074", "vote": "UV"}, {"id": "6127045", "name": "Dr Fishbone", "vote": "UV"}, {"id": "4990678", "name": "Dr V Valentine", "vote": "UV"}, {"id": "6683985", "name": "Dr Yuchen Lin", "vote": "UV"}, {"id": "5010943", "name": "EbertLee", "vote": "UV"}, {"id": "5270993", "name": "e ioli", "vote": "UV"}, {"id": "5484164", "name": "Elsing", "vote": "UV"}, {"id": "5842934", "name": "Falconiformes", "vote": "UV"}, {"id": "7655555", "name": "Fallen_Truth", "vote": "UV"}, {"id": "4913214", "name": "Halasha", "vote": "UV"}, {"id": "6692711", "name": "Howian0905", "vote": "UV"}, {"id": "4761754", "name": "H-Storm Z", "vote": "UV"}, {"id": "4091748", "name": "Imnotcore", "vote": "UV"}, {"id": "5987568", "name": "Jetttttt", "vote": "UV"}, {"id": "6093878", "name": "justin7887", "vote": "UV"}, {"id": "7513990", "name": "KaiTenno", "vote": "UV"}, {"id": "5684299", "name": "kingdom war", "vote": "UV"}, {"id": "5351675", "name": "Lin DAdA", "vote": "UV"}, {"id": "5334590", "name": "Lostwhat", "vote": "UV"}, {"id": "6091157", "name": "LuLu_Lucifelle", "vote": "UV"}, {"id": "4671772", "name": "Maugu Tang", "vote": "UV"}, {"id": "5616551", "name": "MAxyma", "vote": "UV"}, {"id": "7892415", "name": "Michael Schmelz", "vote": "UV"}, {"id": "3979351", "name": "minmasterqw", "vote": "UV"}, {"id": "5343848", "name": "Nanaya6984", "vote": "UV"}, {"id": "5653267", "name": "Nihilmace", "vote": "UV"}, {"id": "6786798", "name": "NutronStar45", "vote": "UV"}, {"id": "5345446", "name": "OCT3000", "vote": "UV"}, {"id": "7532608", "name": "Octupus Tea", "vote": "UV"}, {"id": "7198635", "name": "Oscar168", "vote": "UV"}, {"id": "5426662", "name": "Puyui", "vote": "UV"}, {"id": "5238833", "name": "RahRah1997325", "vote": "UV"}, {"id": "8033564", "name": "Red phosphorus", "vote": "UV"}, {"id": "7064164", "name": "rejth", "vote": "UV"}, {"id": "5435485", "name": "SamScript", "vote": "UV"}, {"id": "6866715", "name": "scratchjb190590", "vote": "UV"}, {"id": "7618181", "name": "Soh jing tao", "vote": "UV"}, {"id": "5039979", "name": "Starkidoky", "vote": "UV"}, {"id": "6783502", "name": "TFKTKC", "vote": "UV"}, {"id": "7586696", "name": "Tigah", "vote": "UV"}, {"id": "5013754", "name": "ting129", "vote": "UV"}, {"id": "5271278", "name": "TkiWnoZ", "vote": "UV"}, {"id": "4107284", "name": "Unihedron", "vote": "UV"}, {"id": "5475028", "name": "Wai Kuen Tsang", "vote": "UV"}, {"id": "4640859", "name": "Waltsai", "vote": "UV"}, {"id": "5225164", "name": "WaterBrich", "vote": "UV"}, {"id": "3979966", "name": "Yeegan", "vote": "UV"}, {"id": "6766816", "name": "YianChen", "vote": "UV"}, {"id": "5647698", "name": "yoyo0901", "vote": "UV"}, {"id": "6624115", "name": "Yu tp", "vote": "UV"}, {"id": "5454699", "name": "ZH_mercury", "vote": "UV"}], "rating_jstf": 62, "votes_removed": [{"id": "DELETED", "name": "DELETED", "vote": "DV"}], "rating_removed": -1, "viability": true}