{"page_info": {"created_at": "1552135828", "created_by_id": "3979351", "name": "scp-zh-017", "rating_vote": "19", "rating": "19", "tags": ["safe", "scp", "site-zh-25", "\u539f\u5275", "\u6728\u6613", "\u6c38\u8861\u6559\u6703", "\u7121\u6548\u5316"], "status": "ONLINE"}, "votes": [{"id": "5970137", "name": "Alexander_716", "vote": "UV"}, {"id": "4213515", "name": "ChAoS_UnItY", "vote": "UV"}, {"id": "4990678", "name": "Dr V Valentine", "vote": "UV"}, {"id": "5010943", "name": "EbertLee", "vote": "UV"}, {"id": "5040419", "name": "eternal2018", "vote": "UV"}, {"id": "5275077", "name": "Glutton66", "vote": "UV"}, {"id": "4913214", "name": "Halasha", "vote": "UV"}, {"id": "5252281", "name": "Hildebrand", "vote": "UV"}, {"id": "4761754", "name": "H-Storm Z", "vote": "UV"}, {"id": "5230135", "name": "Kaze Yang", "vote": "UV"}, {"id": "4128767", "name": "Mimaomao", "vote": "UV"}, {"id": "4000297", "name": "N1992", "vote": "UV"}, {"id": "6303274", "name": "Naxsor", "vote": "UV"}, {"id": "4545047", "name": "prtp14", "vote": "UV"}, {"id": "6139589", "name": "Red Sword", "vote": "UV"}, {"id": "4239775", "name": "Semibreve", "vote": "UV"}, {"id": "5039979", "name": "Starkidoky", "vote": "UV"}, {"id": "5013754", "name": "ting129", "vote": "UV"}], "rating": 19, "votes_jstf": [{"id": "5970137", "name": "Alexander_716", "vote": "UV"}, {"id": "4213515", "name": "ChAoS_UnItY", "vote": "UV"}, {"id": "4990678", "name": "Dr V Valentine", "vote": "UV"}, {"id": "5010943", "name": "EbertLee", "vote": "UV"}, {"id": "5040419", "name": "eternal2018", "vote": "UV"}, {"id": "5275077", "name": "Glutton66", "vote": "UV"}, {"id": "4913214", "name": "Halasha", "vote": "UV"}, {"id": "5252281", "name": "Hildebrand", "vote": "UV"}, {"id": "4761754", "name": "H-Storm Z", "vote": "UV"}, {"id": "5230135", "name": "Kaze Yang", "vote": "UV"}, {"id": "4128767", "name": "Mimaomao", "vote": "UV"}, {"id": "4000297", "name": "N1992", "vote": "UV"}, {"id": "6303274", "name": "Naxsor", "vote": "UV"}, {"id": "4545047", "name": "prtp14", "vote": "UV"}, {"id": "6139589", "name": "Red Sword", "vote": "UV"}, {"id": "4239775", "name": "Semibreve", "vote": "UV"}, {"id": "5039979", "name": "Starkidoky", "vote": "UV"}, {"id": "5013754", "name": "ting129", "vote": "UV"}], "rating_jstf": 18, "votes_removed": [{"id": "DELETED", "name": "DELETED", "vote": "UV"}], "rating_removed": 1, "viability": true}