{"page_info": {"created_at": "1552112115", "created_by_id": "3979351", "name": "groups-of-interest-zh", "rating_vote": "3", "rating": "3", "tags": ["\u4e2d\u5fc3", "\u539f\u5275", "\u6307\u5c0e"], "status": "ONLINE"}, "votes": [{"id": "6516148", "name": "36 plans", "vote": "UV"}, {"id": "6127045", "name": "Dr Fishbone", "vote": "UV"}, {"id": "7892415", "name": "Michael Schmelz", "vote": "UV"}], "rating": 3, "votes_jstf": [{"id": "6516148", "name": "36 plans", "vote": "UV"}, {"id": "6127045", "name": "Dr Fishbone", "vote": "UV"}, {"id": "7892415", "name": "Michael Schmelz", "vote": "UV"}], "rating_jstf": 3, "votes_removed": [], "rating_removed": 0, "viability": true}