{"page_info": {"created_at": "1552764978", "created_by_id": "5225164", "name": "security-clearance-levels", "rating_vote": "3", "rating": "3", "tags": ["en", "\u7ffb\u8b6f", "\u8cc7\u6e90"], "status": "ONLINE"}, "votes": [{"id": "5729454", "name": "BossCat", "vote": "UV"}, {"id": "6655922", "name": "vfs", "vote": "UV"}, {"id": "5475028", "name": "Wai Kuen Tsang", "vote": "UV"}], "rating": 3, "votes_jstf": [{"id": "5729454", "name": "BossCat", "vote": "UV"}, {"id": "6655922", "name": "vfs", "vote": "UV"}, {"id": "5475028", "name": "Wai Kuen Tsang", "vote": "UV"}], "rating_jstf": 3, "votes_removed": [], "rating_removed": 0, "viability": true}