{"page_info": {"created_at": "1552486067", "created_by_id": "3775116", "name": "scp-004", "rating_vote": "5", "rating": "5", "tags": ["en", "euclid", "scp", "\u6642\u7a7a", "\u6642\u9593\u5f71\u97ff", "\u7cbe\u795e\u5f71\u97ff", "\u7d50\u69cb\u7269", "\u7ffb\u8b6f", "\u9470\u5319", "\u9580\u5f91"], "status": "ONLINE"}, "votes": [{"id": "4990678", "name": "Dr V Valentine", "vote": "UV"}, {"id": "5252281", "name": "Hildebrand", "vote": "UV"}, {"id": "4442284", "name": "Sigtina", "vote": "UV"}, {"id": "5891442", "name": "Summer kn1ght", "vote": "UV"}, {"id": "5225164", "name": "WaterBrich", "vote": "UV"}], "rating": 5, "votes_jstf": [{"id": "4990678", "name": "Dr V Valentine", "vote": "UV"}, {"id": "5252281", "name": "Hildebrand", "vote": "UV"}, {"id": "4442284", "name": "Sigtina", "vote": "UV"}, {"id": "5891442", "name": "Summer kn1ght", "vote": "UV"}, {"id": "5225164", "name": "WaterBrich", "vote": "UV"}], "rating_jstf": 5, "votes_removed": [], "rating_removed": 0, "viability": true}