{"page_info": {"created_at": "1552122030", "created_by_id": "3979351", "name": "mu-yi-hub", "rating_vote": "13", "rating": "13", "tags": ["\u4e2d\u5fc3", "\u539f\u5275", "\u6728\u6613"], "status": "ONLINE"}, "votes": [{"id": "6516148", "name": "36 plans", "vote": "UV"}, {"id": "5114793", "name": "C2C2", "vote": "UV"}, {"id": "4990678", "name": "Dr V Valentine", "vote": "UV"}, {"id": "5010943", "name": "EbertLee", "vote": "UV"}, {"id": "5252281", "name": "Hildebrand", "vote": "UV"}, {"id": "5684299", "name": "kingdom war", "vote": "UV"}, {"id": "4128767", "name": "Mimaomao", "vote": "UV"}, {"id": "4000297", "name": "N1992", "vote": "UV"}, {"id": "5990589", "name": "Red Data Girl", "vote": "UV"}, {"id": "4239775", "name": "Semibreve", "vote": "UV"}, {"id": "5013754", "name": "ting129", "vote": "UV"}, {"id": "5225164", "name": "WaterBrich", "vote": "UV"}], "rating": 13, "votes_jstf": [{"id": "6516148", "name": "36 plans", "vote": "UV"}, {"id": "5114793", "name": "C2C2", "vote": "UV"}, {"id": "4990678", "name": "Dr V Valentine", "vote": "UV"}, {"id": "5010943", "name": "EbertLee", "vote": "UV"}, {"id": "5252281", "name": "Hildebrand", "vote": "UV"}, {"id": "5684299", "name": "kingdom war", "vote": "UV"}, {"id": "4128767", "name": "Mimaomao", "vote": "UV"}, {"id": "4000297", "name": "N1992", "vote": "UV"}, {"id": "5990589", "name": "Red Data Girl", "vote": "UV"}, {"id": "4239775", "name": "Semibreve", "vote": "UV"}, {"id": "5013754", "name": "ting129", "vote": "UV"}, {"id": "5225164", "name": "WaterBrich", "vote": "UV"}], "rating_jstf": 12, "votes_removed": [{"id": "DELETED", "name": "DELETED", "vote": "UV"}], "rating_removed": 1, "viability": true}