{"page_info": {"created_at": "1552481985", "created_by_id": "3775116", "name": "scp-002", "rating_vote": "14", "rating": "12", "tags": ["en", "euclid", "scp", "\u6d3b\u7269", "\u7d50\u69cb\u7269", "\u7ffb\u8b6f", "\u8b8a\u5f62"], "status": "ONLINE"}, "votes": [{"id": "4213515", "name": "ChAoS_UnItY", "vote": "UV"}, {"id": "5396271", "name": "congee", "vote": "UV"}, {"id": "4990678", "name": "Dr V Valentine", "vote": "UV"}, {"id": "5010943", "name": "EbertLee", "vote": "UV"}, {"id": "5270993", "name": "e ioli", "vote": "UV"}, {"id": "5252281", "name": "Hildebrand", "vote": "UV"}, {"id": "7840542", "name": "Just grass", "vote": "UV"}, {"id": "5238833", "name": "RahRah1997325", "vote": "UV"}, {"id": "4239775", "name": "Semibreve", "vote": "UV"}, {"id": "5418348", "name": "Tianshu20031104 ", "vote": "UV"}, {"id": "5013754", "name": "ting129", "vote": "UV"}, {"id": "6655922", "name": "vfs", "vote": "UV"}, {"id": "5225164", "name": "WaterBrich", "vote": "UV"}], "rating": 12, "votes_jstf": [{"id": "4213515", "name": "ChAoS_UnItY", "vote": "UV"}, {"id": "5396271", "name": "congee", "vote": "UV"}, {"id": "4990678", "name": "Dr V Valentine", "vote": "UV"}, {"id": "5010943", "name": "EbertLee", "vote": "UV"}, {"id": "5270993", "name": "e ioli", "vote": "UV"}, {"id": "5252281", "name": "Hildebrand", "vote": "UV"}, {"id": "7840542", "name": "Just grass", "vote": "UV"}, {"id": "5238833", "name": "RahRah1997325", "vote": "UV"}, {"id": "4239775", "name": "Semibreve", "vote": "UV"}, {"id": "5418348", "name": "Tianshu20031104 ", "vote": "UV"}, {"id": "5013754", "name": "ting129", "vote": "UV"}, {"id": "6655922", "name": "vfs", "vote": "UV"}, {"id": "5225164", "name": "WaterBrich", "vote": "UV"}], "rating_jstf": 13, "votes_removed": [{"id": "DELETED", "name": "DELETED", "vote": "DV"}], "rating_removed": -1, "viability": true}