{"page_info": {"created_at": "1552190150", "created_by_id": "5223229", "name": "scp-zh-229", "rating_vote": "14", "rating": "14", "tags": ["euclid", "scp", "\u539f\u5275"], "status": "ONLINE"}, "votes": [{"id": "5344757", "name": "Bales20147", "vote": "UV"}, {"id": "5158476", "name": "blacktiger0917", "vote": "UV"}, {"id": "5956873", "name": "Chromeblushowo ", "vote": "UV"}, {"id": "5355920", "name": "cojawdvgyj1", "vote": "UV"}, {"id": "4990678", "name": "Dr V Valentine", "vote": "UV"}, {"id": "5010943", "name": "EbertLee", "vote": "UV"}, {"id": "5275077", "name": "Glutton66", "vote": "UV"}, {"id": "3979351", "name": "minmasterqw", "vote": "UV"}, {"id": "4144669", "name": "Ogoat", "vote": "UV"}, {"id": "4474355", "name": "PeiWeiArtz", "vote": "UV"}, {"id": "2797113", "name": "plutocat", "vote": "UV"}, {"id": "5013754", "name": "ting129", "vote": "UV"}, {"id": "6048694", "name": "verdi-ye", "vote": "UV"}, {"id": "5223229", "name": "Wupaispanda", "vote": "UV"}], "rating": 14, "votes_jstf": [{"id": "5344757", "name": "Bales20147", "vote": "UV"}, {"id": "5158476", "name": "blacktiger0917", "vote": "UV"}, {"id": "5956873", "name": "Chromeblushowo ", "vote": "UV"}, {"id": "5355920", "name": "cojawdvgyj1", "vote": "UV"}, {"id": "4990678", "name": "Dr V Valentine", "vote": "UV"}, {"id": "5010943", "name": "EbertLee", "vote": "UV"}, {"id": "5275077", "name": "Glutton66", "vote": "UV"}, {"id": "3979351", "name": "minmasterqw", "vote": "UV"}, {"id": "4144669", "name": "Ogoat", "vote": "UV"}, {"id": "4474355", "name": "PeiWeiArtz", "vote": "UV"}, {"id": "2797113", "name": "plutocat", "vote": "UV"}, {"id": "5013754", "name": "ting129", "vote": "UV"}, {"id": "6048694", "name": "verdi-ye", "vote": "UV"}, {"id": "5223229", "name": "Wupaispanda", "vote": "UV"}], "rating_jstf": 14, "votes_removed": [], "rating_removed": 0, "viability": true}