{"page_info": {"created_at": "1552914170", "created_by_id": "4076342", "name": "scp-zh-127", "rating_vote": "11", "rating": "11", "tags": ["safe", "scp", "site-zh-02", "\u539f\u5275"], "status": "ONLINE"}, "votes": [{"id": "3977603", "name": "ChiFong", "vote": "UV"}, {"id": "4990678", "name": "Dr V Valentine", "vote": "UV"}, {"id": "5010943", "name": "EbertLee", "vote": "UV"}, {"id": "5275077", "name": "Glutton66", "vote": "UV"}, {"id": "6091157", "name": "LuLu_Lucifelle", "vote": "UV"}, {"id": "4239775", "name": "Semibreve", "vote": "UV"}, {"id": "5013754", "name": "ting129", "vote": "UV"}, {"id": "5225164", "name": "WaterBrich", "vote": "UV"}, {"id": "5454699", "name": "ZH_mercury", "vote": "UV"}], "rating": 11, "votes_jstf": [{"id": "3977603", "name": "ChiFong", "vote": "UV"}, {"id": "4990678", "name": "Dr V Valentine", "vote": "UV"}, {"id": "5010943", "name": "EbertLee", "vote": "UV"}, {"id": "5275077", "name": "Glutton66", "vote": "UV"}, {"id": "6091157", "name": "LuLu_Lucifelle", "vote": "UV"}, {"id": "4239775", "name": "Semibreve", "vote": "UV"}, {"id": "5013754", "name": "ting129", "vote": "UV"}, {"id": "5225164", "name": "WaterBrich", "vote": "UV"}, {"id": "5454699", "name": "ZH_mercury", "vote": "UV"}], "rating_jstf": 9, "votes_removed": [{"id": "DELETED", "name": "DELETED", "vote": "UV"}, {"id": "DELETED", "name": "DELETED", "vote": "UV"}], "rating_removed": 2, "viability": true}