{"page_info": {"created_at": "1552976942", "created_by_id": "5223229", "name": "scp-zh-882", "rating_vote": "17", "rating": "13", "tags": ["safe", "scp", "\u539f\u5275", "\u6587\u737b"], "status": "ONLINE"}, "votes": [{"id": "5318127", "name": "ACn97414", "vote": "UV"}, {"id": "4264056", "name": "Aindavis_817", "vote": "UV"}, {"id": "2988659", "name": "blinking DM", "vote": "UV"}, {"id": "4213515", "name": "ChAoS_UnItY", "vote": "UV"}, {"id": "7827462", "name": "cywhitebear", "vote": "UV"}, {"id": "4790472", "name": "Derrrek", "vote": "UV"}, {"id": "4990678", "name": "Dr V Valentine", "vote": "UV"}, {"id": "4357011", "name": "feitag", "vote": "DV"}, {"id": "4909183", "name": "fourfish1123", "vote": "UV"}, {"id": "4761754", "name": "H-Storm Z", "vote": "UV"}, {"id": "5825353", "name": "Pontus Lau", "vote": "UV"}, {"id": "5238833", "name": "RahRah1997325", "vote": "UV"}, {"id": "5435485", "name": "SamScript", "vote": "DV"}, {"id": "4239775", "name": "Semibreve", "vote": "UV"}, {"id": "4052359", "name": "SieDorran", "vote": "UV"}, {"id": "5013754", "name": "ting129", "vote": "UV"}, {"id": "5223229", "name": "Wupaispanda", "vote": "UV"}], "rating": 13, "votes_jstf": [{"id": "5318127", "name": "ACn97414", "vote": "UV"}, {"id": "4264056", "name": "Aindavis_817", "vote": "UV"}, {"id": "2988659", "name": "blinking DM", "vote": "UV"}, {"id": "4213515", "name": "ChAoS_UnItY", "vote": "UV"}, {"id": "7827462", "name": "cywhitebear", "vote": "UV"}, {"id": "4790472", "name": "Derrrek", "vote": "UV"}, {"id": "4990678", "name": "Dr V Valentine", "vote": "UV"}, {"id": "4357011", "name": "feitag", "vote": "DV"}, {"id": "4909183", "name": "fourfish1123", "vote": "UV"}, {"id": "4761754", "name": "H-Storm Z", "vote": "UV"}, {"id": "5825353", "name": "Pontus Lau", "vote": "UV"}, {"id": "5238833", "name": "RahRah1997325", "vote": "UV"}, {"id": "5435485", "name": "SamScript", "vote": "DV"}, {"id": "4239775", "name": "Semibreve", "vote": "UV"}, {"id": "4052359", "name": "SieDorran", "vote": "UV"}, {"id": "5013754", "name": "ting129", "vote": "UV"}, {"id": "5223229", "name": "Wupaispanda", "vote": "UV"}], "rating_jstf": 13, "votes_removed": [], "rating_removed": 0, "viability": true}