{"page_info": {"created_at": "1552099638", "created_by_id": "3979351", "name": "scp-zh-255", "rating_vote": "24", "rating": "24", "tags": ["aw\u6559\u6388", "keter", "scp", "uiu", "\u4e09\u6ce2\u7279\u862d", "\u5168\u7403\u8d85\u81ea\u7136\u806f\u76df", "\u539f\u5275", "\u5a01\u723e\u905c\u751f\u7269\u61c9\u5c0d\u7d44", "\u5c55\u51fa", "\u5efa\u7bc9\u7269", "\u6728\u6613", "\u6b66\u5668", "\u7570\u5e38\u79fb\u52d5", "\u82f1\u570b\u795e\u79d8\u60c5\u5831\u5c40", "\u91d1\u5e33\u8ecd"], "status": "ONLINE"}, "votes": [{"id": "5970137", "name": "Alexander_716", "vote": "UV"}, {"id": "5227514", "name": "Ceis", "vote": "UV"}, {"id": "4213515", "name": "ChAoS_UnItY", "vote": "UV"}, {"id": "4990678", "name": "Dr V Valentine", "vote": "UV"}, {"id": "5010943", "name": "EbertLee", "vote": "UV"}, {"id": "4357011", "name": "feitag", "vote": "UV"}, {"id": "5684299", "name": "kingdom war", "vote": "UV"}, {"id": "5426682", "name": "Lai Oscar", "vote": "UV"}, {"id": "5428286", "name": "Meow the Maple", "vote": "UV"}, {"id": "4128767", "name": "Mimaomao", "vote": "UV"}, {"id": "4474355", "name": "PeiWeiArtz", "vote": "UV"}, {"id": "4545047", "name": "prtp14", "vote": "UV"}, {"id": "4239775", "name": "Semibreve", "vote": "UV"}, {"id": "8064046", "name": "Shen Qing", "vote": "UV"}, {"id": "5341777", "name": "Shizumi", "vote": "UV"}, {"id": "4442284", "name": "Sigtina", "vote": "UV"}, {"id": "5334919", "name": "sovietRussiabest", "vote": "UV"}, {"id": "5381335", "name": "the Hydra", "vote": "UV"}, {"id": "5013754", "name": "ting129", "vote": "UV"}, {"id": "5415046", "name": "vomiter", "vote": "UV"}, {"id": "5225164", "name": "WaterBrich", "vote": "UV"}, {"id": "5817419", "name": "Xina Harwood", "vote": "UV"}], "rating": 24, "votes_jstf": [{"id": "5970137", "name": "Alexander_716", "vote": "UV"}, {"id": "5227514", "name": "Ceis", "vote": "UV"}, {"id": "4213515", "name": "ChAoS_UnItY", "vote": "UV"}, {"id": "4990678", "name": "Dr V Valentine", "vote": "UV"}, {"id": "5010943", "name": "EbertLee", "vote": "UV"}, {"id": "4357011", "name": "feitag", "vote": "UV"}, {"id": "5684299", "name": "kingdom war", "vote": "UV"}, {"id": "5426682", "name": "Lai Oscar", "vote": "UV"}, {"id": "5428286", "name": "Meow the Maple", "vote": "UV"}, {"id": "4128767", "name": "Mimaomao", "vote": "UV"}, {"id": "4474355", "name": "PeiWeiArtz", "vote": "UV"}, {"id": "4545047", "name": "prtp14", "vote": "UV"}, {"id": "4239775", "name": "Semibreve", "vote": "UV"}, {"id": "8064046", "name": "Shen Qing", "vote": "UV"}, {"id": "5341777", "name": "Shizumi", "vote": "UV"}, {"id": "4442284", "name": "Sigtina", "vote": "UV"}, {"id": "5334919", "name": "sovietRussiabest", "vote": "UV"}, {"id": "5381335", "name": "the Hydra", "vote": "UV"}, {"id": "5013754", "name": "ting129", "vote": "UV"}, {"id": "5415046", "name": "vomiter", "vote": "UV"}, {"id": "5225164", "name": "WaterBrich", "vote": "UV"}, {"id": "5817419", "name": "Xina Harwood", "vote": "UV"}], "rating_jstf": 22, "votes_removed": [{"id": "DELETED", "name": "DELETED", "vote": "UV"}, {"id": "DELETED", "name": "DELETED", "vote": "UV"}], "rating_removed": 2, "viability": true}