{"page_info": {"created_at": "1552310342", "created_by_id": "5223229", "name": "scp-zh-629", "rating_vote": "7", "rating": "5", "tags": ["safe", "scp", "site-zh-25", "\u539f\u5275", "\u53cd\u71b5", "\u6728\u6613", "\u8072\u97f3"], "status": "ONLINE"}, "votes": [{"id": "4213515", "name": "ChAoS_UnItY", "vote": "UV"}, {"id": "5010943", "name": "EbertLee", "vote": "UV"}, {"id": "5275077", "name": "Glutton66", "vote": "DV"}, {"id": "5252281", "name": "Hildebrand", "vote": "UV"}, {"id": "5013754", "name": "ting129", "vote": "UV"}, {"id": "5150230", "name": "UraniumSanchez", "vote": "UV"}, {"id": "5223229", "name": "Wupaispanda", "vote": "UV"}], "rating": 5, "votes_jstf": [{"id": "4213515", "name": "ChAoS_UnItY", "vote": "UV"}, {"id": "5010943", "name": "EbertLee", "vote": "UV"}, {"id": "5275077", "name": "Glutton66", "vote": "DV"}, {"id": "5252281", "name": "Hildebrand", "vote": "UV"}, {"id": "5013754", "name": "ting129", "vote": "UV"}, {"id": "5150230", "name": "UraniumSanchez", "vote": "UV"}, {"id": "5223229", "name": "Wupaispanda", "vote": "UV"}], "rating_jstf": 5, "votes_removed": [], "rating_removed": 0, "viability": true}