{"page_info": {"created_at": "1553710208", "created_by_id": "5230135", "name": "scp-zh-582", "rating_vote": "17", "rating": "15", "tags": ["keter", "scp", "\u539f\u5275", "\u6a21\u56e0\u6548\u61c9", "\u751f\u7269\u6027", "\u8a8d\u77e5\u5371\u5bb3"], "status": "ONLINE"}, "votes": [{"id": "5565302", "name": "Control Z", "vote": "UV"}, {"id": "4990678", "name": "Dr V Valentine", "vote": "UV"}, {"id": "5010943", "name": "EbertLee", "vote": "UV"}, {"id": "4761754", "name": "H-Storm Z", "vote": "UV"}, {"id": "4091748", "name": "Imnotcore", "vote": "UV"}, {"id": "5040174", "name": "JHUO YUN YING", "vote": "UV"}, {"id": "5400749", "name": "Ling RO", "vote": "UV"}, {"id": "6091157", "name": "LuLu_Lucifelle", "vote": "UV"}, {"id": "4128767", "name": "Mimaomao", "vote": "UV"}, {"id": "3979351", "name": "minmasterqw", "vote": "UV"}, {"id": "5343848", "name": "Nanaya6984", "vote": "UV"}, {"id": "5653267", "name": "Nihilmace", "vote": "UV"}, {"id": "5230621", "name": "Pudding_Boy", "vote": "UV"}, {"id": "7064164", "name": "rejth", "vote": "UV"}, {"id": "5435485", "name": "SamScript", "vote": "DV"}, {"id": "5013754", "name": "ting129", "vote": "UV"}, {"id": "6589133", "name": "Tow Thousand", "vote": "UV"}], "rating": 15, "votes_jstf": [{"id": "5565302", "name": "Control Z", "vote": "UV"}, {"id": "4990678", "name": "Dr V Valentine", "vote": "UV"}, {"id": "5010943", "name": "EbertLee", "vote": "UV"}, {"id": "4761754", "name": "H-Storm Z", "vote": "UV"}, {"id": "4091748", "name": "Imnotcore", "vote": "UV"}, {"id": "5040174", "name": "JHUO YUN YING", "vote": "UV"}, {"id": "5400749", "name": "Ling RO", "vote": "UV"}, {"id": "6091157", "name": "LuLu_Lucifelle", "vote": "UV"}, {"id": "4128767", "name": "Mimaomao", "vote": "UV"}, {"id": "3979351", "name": "minmasterqw", "vote": "UV"}, {"id": "5343848", "name": "Nanaya6984", "vote": "UV"}, {"id": "5653267", "name": "Nihilmace", "vote": "UV"}, {"id": "5230621", "name": "Pudding_Boy", "vote": "UV"}, {"id": "7064164", "name": "rejth", "vote": "UV"}, {"id": "5435485", "name": "SamScript", "vote": "DV"}, {"id": "5013754", "name": "ting129", "vote": "UV"}, {"id": "6589133", "name": "Tow Thousand", "vote": "UV"}], "rating_jstf": 15, "votes_removed": [], "rating_removed": 0, "viability": true}