{"page_info": {"created_at": "1553503038", "created_by_id": "3979351", "name": "scp-043", "rating_vote": "2", "rating": "2", "tags": ["en", "safe", "scp", "\u5a92\u9ad4", "\u611f\u77e5\u529b", "\u667a\u80fd", "\u77e5\u8b58", "\u7ffb\u8b6f", "\u8a18\u9304"], "status": "ONLINE"}, "votes": [{"id": "5645482", "name": "BosRedXos", "vote": "UV"}, {"id": "4990678", "name": "Dr V Valentine", "vote": "UV"}], "rating": 2, "votes_jstf": [{"id": "5645482", "name": "BosRedXos", "vote": "UV"}, {"id": "4990678", "name": "Dr V Valentine", "vote": "UV"}], "rating_jstf": 2, "votes_removed": [], "rating_removed": 0, "viability": true}