{"page_info": {"created_at": "1553933521", "created_by_id": "5010943", "name": "ethics-committee-orientation", "rating_vote": "13", "rating": "13", "tags": ["en", "\u502b\u7406\u59d4\u54e1\u6703", "\u6545\u4e8b", "\u7ffb\u8b6f", "\u8aaa\u660e"], "status": "ONLINE"}, "votes": [{"id": "5325850", "name": "AbyssDream", "vote": "UV"}, {"id": "4990678", "name": "Dr V Valentine", "vote": "UV"}, {"id": "6217438", "name": "Frederica Bernkastel", "vote": "UV"}, {"id": "5230881", "name": "Jane0314", "vote": "UV"}, {"id": "5334590", "name": "Lostwhat", "vote": "UV"}, {"id": "6091157", "name": "LuLu_Lucifelle", "vote": "UV"}, {"id": "3979351", "name": "minmasterqw", "vote": "UV"}, {"id": "5653267", "name": "Nihilmace", "vote": "UV"}, {"id": "7504530", "name": "Pseudopoet", "vote": "UV"}, {"id": "4442284", "name": "Sigtina", "vote": "UV"}, {"id": "5013754", "name": "ting129", "vote": "UV"}, {"id": "4107284", "name": "Unihedron", "vote": "UV"}, {"id": "5454699", "name": "ZH_mercury", "vote": "UV"}], "rating": 13, "votes_jstf": [{"id": "5325850", "name": "AbyssDream", "vote": "UV"}, {"id": "4990678", "name": "Dr V Valentine", "vote": "UV"}, {"id": "6217438", "name": "Frederica Bernkastel", "vote": "UV"}, {"id": "5230881", "name": "Jane0314", "vote": "UV"}, {"id": "5334590", "name": "Lostwhat", "vote": "UV"}, {"id": "6091157", "name": "LuLu_Lucifelle", "vote": "UV"}, {"id": "3979351", "name": "minmasterqw", "vote": "UV"}, {"id": "5653267", "name": "Nihilmace", "vote": "UV"}, {"id": "7504530", "name": "Pseudopoet", "vote": "UV"}, {"id": "4442284", "name": "Sigtina", "vote": "UV"}, {"id": "5013754", "name": "ting129", "vote": "UV"}, {"id": "4107284", "name": "Unihedron", "vote": "UV"}, {"id": "5454699", "name": "ZH_mercury", "vote": "UV"}], "rating_jstf": 13, "votes_removed": [], "rating_removed": 0, "viability": true}