{"page_info": {"created_at": "1553094252", "created_by_id": "4239775", "name": "spc-hub", "rating_vote": "3", "rating": "3", "tags": ["en", "\u4e2d\u5fc3", "\u5f85\u66f4\u65b0", "\u6bc6\u6253\u9bca\u9b5a\u4e2d\u5fc3", "\u7ffb\u8b6f"], "status": "ONLINE"}, "votes": [{"id": "4990678", "name": "Dr V Valentine", "vote": "UV"}, {"id": "4474355", "name": "PeiWeiArtz", "vote": "UV"}, {"id": "6980791", "name": "Thanksforhelping", "vote": "UV"}], "rating": 3, "votes_jstf": [{"id": "4990678", "name": "Dr V Valentine", "vote": "UV"}, {"id": "4474355", "name": "PeiWeiArtz", "vote": "UV"}, {"id": "6980791", "name": "Thanksforhelping", "vote": "UV"}], "rating_jstf": 3, "votes_removed": [], "rating_removed": 0, "viability": true}