{"page_info": {"created_at": "1553178956", "created_by_id": "3775116", "name": "scp-zh-004", "rating_vote": "18", "rating": "10", "tags": ["euclid", "scp", "\u539f\u5275"], "status": "ONLINE"}, "votes": [{"id": "6753207", "name": "Chris fantasy", "vote": "UV"}, {"id": "5565302", "name": "Control Z", "vote": "DV"}, {"id": "4990678", "name": "Dr V Valentine", "vote": "UV"}, {"id": "5818926", "name": "Dr Yari", "vote": "UV"}, {"id": "5010943", "name": "EbertLee", "vote": "UV"}, {"id": "5275077", "name": "Glutton66", "vote": "UV"}, {"id": "4913214", "name": "Halasha", "vote": "UV"}, {"id": "6809508", "name": "Isona Ei", "vote": "UV"}, {"id": "4230970", "name": "KNW891206", "vote": "UV"}, {"id": "4128767", "name": "Mimaomao", "vote": "UV"}, {"id": "5503196", "name": "oasisegghunter", "vote": "UV"}, {"id": "5238833", "name": "RahRah1997325", "vote": "UV"}, {"id": "5435485", "name": "SamScript", "vote": "DV"}, {"id": "5334919", "name": "sovietRussiabest", "vote": "UV"}, {"id": "5013754", "name": "ting129", "vote": "UV"}, {"id": "5415046", "name": "vomiter", "vote": "DV"}, {"id": "5454699", "name": "ZH_mercury", "vote": "DV"}], "rating": 10, "votes_jstf": [{"id": "6753207", "name": "Chris fantasy", "vote": "UV"}, {"id": "5565302", "name": "Control Z", "vote": "DV"}, {"id": "4990678", "name": "Dr V Valentine", "vote": "UV"}, {"id": "5818926", "name": "Dr Yari", "vote": "UV"}, {"id": "5010943", "name": "EbertLee", "vote": "UV"}, {"id": "5275077", "name": "Glutton66", "vote": "UV"}, {"id": "4913214", "name": "Halasha", "vote": "UV"}, {"id": "6809508", "name": "Isona Ei", "vote": "UV"}, {"id": "4230970", "name": "KNW891206", "vote": "UV"}, {"id": "4128767", "name": "Mimaomao", "vote": "UV"}, {"id": "5503196", "name": "oasisegghunter", "vote": "UV"}, {"id": "5238833", "name": "RahRah1997325", "vote": "UV"}, {"id": "5435485", "name": "SamScript", "vote": "DV"}, {"id": "5334919", "name": "sovietRussiabest", "vote": "UV"}, {"id": "5013754", "name": "ting129", "vote": "UV"}, {"id": "5415046", "name": "vomiter", "vote": "DV"}, {"id": "5454699", "name": "ZH_mercury", "vote": "DV"}], "rating_jstf": 9, "votes_removed": [{"id": "DELETED", "name": "DELETED", "vote": "UV"}], "rating_removed": 1, "viability": true}