{"page_info": {"created_at": "1553134599", "created_by_id": "4128767", "name": "scp-240-jp", "rating_vote": "7", "rating": "7", "tags": ["euclid", "jp", "scp", "\u4eba\u9020\u7269\u54c1", "\u50b3\u627f\u689d\u76ee-jp", "\u65e5\u672c\u751f\u985e\u5275\u7814", "\u6606\u87f2", "\u672c\u8cea\u4fc3\u52d5", "\u7ffb\u8b6f"], "status": "ONLINE"}, "votes": [{"id": "5565302", "name": "Control Z", "vote": "UV"}, {"id": "4990678", "name": "Dr V Valentine", "vote": "UV"}, {"id": "3979351", "name": "minmasterqw", "vote": "UV"}, {"id": "5238833", "name": "RahRah1997325", "vote": "UV"}, {"id": "5435485", "name": "SamScript", "vote": "UV"}, {"id": "5013754", "name": "ting129", "vote": "UV"}, {"id": "5225164", "name": "WaterBrich", "vote": "UV"}], "rating": 7, "votes_jstf": [{"id": "5565302", "name": "Control Z", "vote": "UV"}, {"id": "4990678", "name": "Dr V Valentine", "vote": "UV"}, {"id": "3979351", "name": "minmasterqw", "vote": "UV"}, {"id": "5238833", "name": "RahRah1997325", "vote": "UV"}, {"id": "5435485", "name": "SamScript", "vote": "UV"}, {"id": "5013754", "name": "ting129", "vote": "UV"}, {"id": "5225164", "name": "WaterBrich", "vote": "UV"}], "rating_jstf": 7, "votes_removed": [], "rating_removed": 0, "viability": true}