{"page_info": {"created_at": "1553404006", "created_by_id": "4239775", "name": "scp-zh-587-j", "rating_vote": "23", "rating": "23", "tags": ["keter", "scp", "\u539f\u5275", "\u641e\u7b11", "\u6a21\u56e0\u6548\u61c9"], "status": "ONLINE"}, "votes": [{"id": "6444453", "name": "0469wyz", "vote": "UV"}, {"id": "5956873", "name": "Chromeblushowo ", "vote": "UV"}, {"id": "4990678", "name": "Dr V Valentine", "vote": "UV"}, {"id": "5010943", "name": "EbertLee", "vote": "UV"}, {"id": "5422432", "name": "Egg Head", "vote": "UV"}, {"id": "4909183", "name": "fourfish1123", "vote": "UV"}, {"id": "5252281", "name": "Hildebrand", "vote": "UV"}, {"id": "5040174", "name": "JHUO YUN YING", "vote": "UV"}, {"id": "5370805", "name": "Kikunai", "vote": "UV"}, {"id": "5110158", "name": "kraken7261", "vote": "UV"}, {"id": "4128767", "name": "Mimaomao", "vote": "UV"}, {"id": "3979351", "name": "minmasterqw", "vote": "UV"}, {"id": "7499032", "name": "moonnotwhite", "vote": "UV"}, {"id": "5335004", "name": "NightG", "vote": "UV"}, {"id": "5238833", "name": "RahRah1997325", "vote": "UV"}, {"id": "6690335", "name": "Red Paint", "vote": "UV"}, {"id": "8033564", "name": "Red phosphorus", "vote": "UV"}, {"id": "6788064", "name": "relena_xd", "vote": "UV"}, {"id": "4239775", "name": "Semibreve", "vote": "UV"}, {"id": "5013754", "name": "ting129", "vote": "UV"}, {"id": "5415046", "name": "vomiter", "vote": "UV"}, {"id": "7226401", "name": "ZoeLin", "vote": "UV"}], "rating": 23, "votes_jstf": [{"id": "6444453", "name": "0469wyz", "vote": "UV"}, {"id": "5956873", "name": "Chromeblushowo ", "vote": "UV"}, {"id": "4990678", "name": "Dr V Valentine", "vote": "UV"}, {"id": "5010943", "name": "EbertLee", "vote": "UV"}, {"id": "5422432", "name": "Egg Head", "vote": "UV"}, {"id": "4909183", "name": "fourfish1123", "vote": "UV"}, {"id": "5252281", "name": "Hildebrand", "vote": "UV"}, {"id": "5040174", "name": "JHUO YUN YING", "vote": "UV"}, {"id": "5370805", "name": "Kikunai", "vote": "UV"}, {"id": "5110158", "name": "kraken7261", "vote": "UV"}, {"id": "4128767", "name": "Mimaomao", "vote": "UV"}, {"id": "3979351", "name": "minmasterqw", "vote": "UV"}, {"id": "7499032", "name": "moonnotwhite", "vote": "UV"}, {"id": "5335004", "name": "NightG", "vote": "UV"}, {"id": "5238833", "name": "RahRah1997325", "vote": "UV"}, {"id": "6690335", "name": "Red Paint", "vote": "UV"}, {"id": "8033564", "name": "Red phosphorus", "vote": "UV"}, {"id": "6788064", "name": "relena_xd", "vote": "UV"}, {"id": "4239775", "name": "Semibreve", "vote": "UV"}, {"id": "5013754", "name": "ting129", "vote": "UV"}, {"id": "5415046", "name": "vomiter", "vote": "UV"}, {"id": "7226401", "name": "ZoeLin", "vote": "UV"}], "rating_jstf": 22, "votes_removed": [{"id": "DELETED", "name": "DELETED", "vote": "UV"}], "rating_removed": 1, "viability": true}