{"page_info": {"created_at": "1553425654", "created_by_id": "4990678", "name": "scp-zh-419", "rating_vote": "10", "rating": "10", "tags": ["keter", "scp", "\u50b3\u67d3\u6027", "\u539f\u5275", "\u7761\u7720"], "status": "ONLINE"}, "votes": [{"id": "4213515", "name": "ChAoS_UnItY", "vote": "UV"}, {"id": "5565302", "name": "Control Z", "vote": "UV"}, {"id": "4990678", "name": "Dr V Valentine", "vote": "UV"}, {"id": "5010943", "name": "EbertLee", "vote": "UV"}, {"id": "5275077", "name": "Glutton66", "vote": "UV"}, {"id": "3979351", "name": "minmasterqw", "vote": "UV"}, {"id": "6303274", "name": "Naxsor", "vote": "UV"}, {"id": "5238833", "name": "RahRah1997325", "vote": "UV"}, {"id": "4442284", "name": "Sigtina", "vote": "UV"}, {"id": "5013754", "name": "ting129", "vote": "UV"}], "rating": 10, "votes_jstf": [{"id": "4213515", "name": "ChAoS_UnItY", "vote": "UV"}, {"id": "5565302", "name": "Control Z", "vote": "UV"}, {"id": "4990678", "name": "Dr V Valentine", "vote": "UV"}, {"id": "5010943", "name": "EbertLee", "vote": "UV"}, {"id": "5275077", "name": "Glutton66", "vote": "UV"}, {"id": "3979351", "name": "minmasterqw", "vote": "UV"}, {"id": "6303274", "name": "Naxsor", "vote": "UV"}, {"id": "5238833", "name": "RahRah1997325", "vote": "UV"}, {"id": "4442284", "name": "Sigtina", "vote": "UV"}, {"id": "5013754", "name": "ting129", "vote": "UV"}], "rating_jstf": 10, "votes_removed": [], "rating_removed": 0, "viability": true}