{"page_info": {"created_at": "1553417070", "created_by_id": "4990678", "name": "scp-zh-472-j", "rating_vote": "14", "rating": "4", "tags": ["euclid", "scp", "\u539f\u5275", "\u641e\u7b11"], "status": "ONLINE"}, "votes": [{"id": "5344757", "name": "Bales20147", "vote": "UV"}, {"id": "4990678", "name": "Dr V Valentine", "vote": "DV"}, {"id": "5010943", "name": "EbertLee", "vote": "UV"}, {"id": "5270993", "name": "e ioli", "vote": "UV"}, {"id": "5275077", "name": "Glutton66", "vote": "UV"}, {"id": "5523523", "name": "Goldfish Wang", "vote": "UV"}, {"id": "3979351", "name": "minmasterqw", "vote": "UV"}, {"id": "4474355", "name": "PeiWeiArtz", "vote": "DV"}, {"id": "5435485", "name": "SamScript", "vote": "DV"}, {"id": "4442284", "name": "Sigtina", "vote": "DV"}, {"id": "5013754", "name": "ting129", "vote": "UV"}, {"id": "7539739", "name": "TWpasserby", "vote": "UV"}, {"id": "5415046", "name": "vomiter", "vote": "DV"}, {"id": "7226401", "name": "ZoeLin", "vote": "UV"}], "rating": 4, "votes_jstf": [{"id": "5344757", "name": "Bales20147", "vote": "UV"}, {"id": "4990678", "name": "Dr V Valentine", "vote": "DV"}, {"id": "5010943", "name": "EbertLee", "vote": "UV"}, {"id": "5270993", "name": "e ioli", "vote": "UV"}, {"id": "5275077", "name": "Glutton66", "vote": "UV"}, {"id": "5523523", "name": "Goldfish Wang", "vote": "UV"}, {"id": "3979351", "name": "minmasterqw", "vote": "UV"}, {"id": "4474355", "name": "PeiWeiArtz", "vote": "DV"}, {"id": "5435485", "name": "SamScript", "vote": "DV"}, {"id": "4442284", "name": "Sigtina", "vote": "DV"}, {"id": "5013754", "name": "ting129", "vote": "UV"}, {"id": "7539739", "name": "TWpasserby", "vote": "UV"}, {"id": "5415046", "name": "vomiter", "vote": "DV"}, {"id": "7226401", "name": "ZoeLin", "vote": "UV"}], "rating_jstf": 4, "votes_removed": [], "rating_removed": 0, "viability": true}