{"page_info": {"created_at": "1553786767", "created_by_id": "4076342", "name": "scp-zh-687", "rating_vote": "15", "rating": "3", "tags": ["safe", "scp", "site-zh-02", "\u52d5\u7269", "\u539f\u5275", "\u751f\u7269\u6027"], "status": "ONLINE"}, "votes": [{"id": "4213515", "name": "ChAoS_UnItY", "vote": "UV"}, {"id": "4273918", "name": "Cocuki", "vote": "UV"}, {"id": "4990678", "name": "Dr V Valentine", "vote": "UV"}, {"id": "5010943", "name": "EbertLee", "vote": "UV"}, {"id": "7521095", "name": "helloahuman", "vote": "DV"}, {"id": "4761754", "name": "H-Storm Z", "vote": "DV"}, {"id": "6952002", "name": "k1s10r0db00ne", "vote": "DV"}, {"id": "4128767", "name": "Mimaomao", "vote": "UV"}, {"id": "7034978", "name": "oilyhu", "vote": "UV"}, {"id": "5990589", "name": "Red Data Girl", "vote": "DV"}, {"id": "5413616", "name": "s97169", "vote": "DV"}, {"id": "4239775", "name": "Semibreve", "vote": "UV"}, {"id": "5013754", "name": "ting129", "vote": "UV"}, {"id": "4107284", "name": "Unihedron", "vote": "DV"}, {"id": "5415046", "name": "vomiter", "vote": "UV"}], "rating": 3, "votes_jstf": [{"id": "4213515", "name": "ChAoS_UnItY", "vote": "UV"}, {"id": "4273918", "name": "Cocuki", "vote": "UV"}, {"id": "4990678", "name": "Dr V Valentine", "vote": "UV"}, {"id": "5010943", "name": "EbertLee", "vote": "UV"}, {"id": "7521095", "name": "helloahuman", "vote": "DV"}, {"id": "4761754", "name": "H-Storm Z", "vote": "DV"}, {"id": "6952002", "name": "k1s10r0db00ne", "vote": "DV"}, {"id": "4128767", "name": "Mimaomao", "vote": "UV"}, {"id": "7034978", "name": "oilyhu", "vote": "UV"}, {"id": "5990589", "name": "Red Data Girl", "vote": "DV"}, {"id": "5413616", "name": "s97169", "vote": "DV"}, {"id": "4239775", "name": "Semibreve", "vote": "UV"}, {"id": "5013754", "name": "ting129", "vote": "UV"}, {"id": "4107284", "name": "Unihedron", "vote": "DV"}, {"id": "5415046", "name": "vomiter", "vote": "UV"}], "rating_jstf": 3, "votes_removed": [], "rating_removed": 0, "viability": true}