{"page_info": {"created_at": "1553786521", "created_by_id": "4273918", "name": "scp-020", "rating_vote": "6", "rating": "6", "tags": ["en", "keter", "scp", "\u50b3\u67d3", "\u611f\u77e5\u5f71\u97ff", "\u6d3b\u7269", "\u751f\u7269\u5371\u5bb3", "\u771f\u83cc", "\u7cbe\u795e\u5f71\u97ff", "\u7ffb\u8b6f"], "status": "ONLINE"}, "votes": [{"id": "4273918", "name": "Cocuki", "vote": "UV"}, {"id": "4990678", "name": "Dr V Valentine", "vote": "UV"}, {"id": "4128767", "name": "Mimaomao", "vote": "UV"}, {"id": "3979351", "name": "minmasterqw", "vote": "UV"}, {"id": "6303274", "name": "Naxsor", "vote": "UV"}, {"id": "5225164", "name": "WaterBrich", "vote": "UV"}], "rating": 6, "votes_jstf": [{"id": "4273918", "name": "Cocuki", "vote": "UV"}, {"id": "4990678", "name": "Dr V Valentine", "vote": "UV"}, {"id": "4128767", "name": "Mimaomao", "vote": "UV"}, {"id": "3979351", "name": "minmasterqw", "vote": "UV"}, {"id": "6303274", "name": "Naxsor", "vote": "UV"}, {"id": "5225164", "name": "WaterBrich", "vote": "UV"}], "rating_jstf": 6, "votes_removed": [], "rating_removed": 0, "viability": true}