{"page_info": {"created_at": "1553159006", "created_by_id": "3979351", "name": "scp-int-translation-hub", "rating_vote": "2", "rating": "2", "tags": ["\u4e2d\u5fc3", "\u7ffb\u8b6f", "\u8a6e\u91cb\u8cc7\u6599"], "status": "ONLINE"}, "votes": [{"id": "7198635", "name": "Oscar168", "vote": "UV"}, {"id": "6369875", "name": "Sensenca12", "vote": "UV"}], "rating": 2, "votes_jstf": [{"id": "7198635", "name": "Oscar168", "vote": "UV"}, {"id": "6369875", "name": "Sensenca12", "vote": "UV"}], "rating_jstf": 2, "votes_removed": [], "rating_removed": 0, "viability": true}