{"page_info": {"created_at": "1553170853", "created_by_id": "4239775", "name": "scp-008", "rating_vote": "10", "rating": "6", "tags": ["en", "eucild", "scp", "\u50b3\u67d3\u6027", "\u5fa9\u6d3b", "\u6d3b\u7269", "\u751f\u7269\u5371\u5bb3", "\u7ffb\u8b6f", "\u8b8a\u5f62"], "status": "ONLINE"}, "votes": [{"id": "4002108", "name": "Dr_Die", "vote": "UV"}, {"id": "4990678", "name": "Dr V Valentine", "vote": "UV"}, {"id": "5010943", "name": "EbertLee", "vote": "UV"}, {"id": "5252281", "name": "Hildebrand", "vote": "UV"}, {"id": "5654206", "name": "Jeffrey Mok", "vote": "UV"}, {"id": "5062193", "name": "KenNG", "vote": "UV"}, {"id": "5238833", "name": "RahRah1997325", "vote": "UV"}, {"id": "6783502", "name": "TFKTKC", "vote": "DV"}, {"id": "7501004", "name": "Yasaki Climate", "vote": "UV"}], "rating": 6, "votes_jstf": [{"id": "4002108", "name": "Dr_Die", "vote": "UV"}, {"id": "4990678", "name": "Dr V Valentine", "vote": "UV"}, {"id": "5010943", "name": "EbertLee", "vote": "UV"}, {"id": "5252281", "name": "Hildebrand", "vote": "UV"}, {"id": "5654206", "name": "Jeffrey Mok", "vote": "UV"}, {"id": "5062193", "name": "KenNG", "vote": "UV"}, {"id": "5238833", "name": "RahRah1997325", "vote": "UV"}, {"id": "6783502", "name": "TFKTKC", "vote": "DV"}, {"id": "7501004", "name": "Yasaki Climate", "vote": "UV"}], "rating_jstf": 7, "votes_removed": [{"id": "DELETED", "name": "DELETED", "vote": "DV"}], "rating_removed": -1, "viability": true}