{"page_info": {"created_at": "1553064752", "created_by_id": "5230135", "name": "scp-zh-372", "rating_vote": "19", "rating": "15", "tags": ["scp", "\u539f\u5275", "\u5c55\u51fa", "\u6a5f\u5bc6\u5206\u7d1a", "\u751f\u7269\u6027"], "status": "ONLINE"}, "votes": [{"id": "5242886", "name": "123GoJJJ", "vote": "UV"}, {"id": "4264056", "name": "Aindavis_817", "vote": "UV"}, {"id": "5344757", "name": "Bales20147", "vote": "UV"}, {"id": "7486810", "name": "CureEveryone", "vote": "UV"}, {"id": "4990678", "name": "Dr V Valentine", "vote": "UV"}, {"id": "5010943", "name": "EbertLee", "vote": "UV"}, {"id": "5275077", "name": "Glutton66", "vote": "UV"}, {"id": "5252281", "name": "Hildebrand", "vote": "UV"}, {"id": "4128767", "name": "Mimaomao", "vote": "UV"}, {"id": "3979351", "name": "minmasterqw", "vote": "UV"}, {"id": "4474355", "name": "PeiWeiArtz", "vote": "UV"}, {"id": "5238833", "name": "RahRah1997325", "vote": "UV"}, {"id": "5435485", "name": "SamScript", "vote": "DV"}, {"id": "3775116", "name": "Sancote", "vote": "UV"}, {"id": "4239775", "name": "Semibreve", "vote": "UV"}, {"id": "5341777", "name": "Shizumi", "vote": "UV"}, {"id": "5013754", "name": "ting129", "vote": "UV"}, {"id": "5225164", "name": "WaterBrich", "vote": "UV"}, {"id": "4351112", "name": "Yu Ken Dai", "vote": "DV"}], "rating": 15, "votes_jstf": [{"id": "5242886", "name": "123GoJJJ", "vote": "UV"}, {"id": "4264056", "name": "Aindavis_817", "vote": "UV"}, {"id": "5344757", "name": "Bales20147", "vote": "UV"}, {"id": "7486810", "name": "CureEveryone", "vote": "UV"}, {"id": "4990678", "name": "Dr V Valentine", "vote": "UV"}, {"id": "5010943", "name": "EbertLee", "vote": "UV"}, {"id": "5275077", "name": "Glutton66", "vote": "UV"}, {"id": "5252281", "name": "Hildebrand", "vote": "UV"}, {"id": "4128767", "name": "Mimaomao", "vote": "UV"}, {"id": "3979351", "name": "minmasterqw", "vote": "UV"}, {"id": "4474355", "name": "PeiWeiArtz", "vote": "UV"}, {"id": "5238833", "name": "RahRah1997325", "vote": "UV"}, {"id": "5435485", "name": "SamScript", "vote": "DV"}, {"id": "3775116", "name": "Sancote", "vote": "UV"}, {"id": "4239775", "name": "Semibreve", "vote": "UV"}, {"id": "5341777", "name": "Shizumi", "vote": "UV"}, {"id": "5013754", "name": "ting129", "vote": "UV"}, {"id": "5225164", "name": "WaterBrich", "vote": "UV"}, {"id": "4351112", "name": "Yu Ken Dai", "vote": "DV"}], "rating_jstf": 15, "votes_removed": [], "rating_removed": 0, "viability": true}