{"page_info": {"created_at": "1553506008", "created_by_id": "4990678", "name": "another-goddamn-magic-system", "rating_vote": "10", "rating": "10", "tags": ["en", "en-mtf2016", "\u5168\u7403\u8d85\u81ea\u7136\u806f\u76df", "\u6545\u4e8b", "\u6d41\u6d6a\u8005\u5716\u66f8\u9928", "\u7ffb\u8b6f", "\u86c7\u4e4b\u624b", "\u8aaa\u660e"], "status": "ONLINE"}, "votes": [{"id": "5344757", "name": "Bales20147", "vote": "UV"}, {"id": "5010943", "name": "EbertLee", "vote": "UV"}, {"id": "5684299", "name": "kingdom war", "vote": "UV"}, {"id": "5334590", "name": "Lostwhat", "vote": "UV"}, {"id": "6091157", "name": "LuLu_Lucifelle", "vote": "UV"}, {"id": "7610018", "name": "makikami", "vote": "UV"}, {"id": "5653267", "name": "Nihilmace", "vote": "UV"}, {"id": "7504530", "name": "Pseudopoet", "vote": "UV"}, {"id": "6788064", "name": "relena_xd", "vote": "UV"}, {"id": "5013754", "name": "ting129", "vote": "UV"}], "rating": 10, "votes_jstf": [{"id": "5344757", "name": "Bales20147", "vote": "UV"}, {"id": "5010943", "name": "EbertLee", "vote": "UV"}, {"id": "5684299", "name": "kingdom war", "vote": "UV"}, {"id": "5334590", "name": "Lostwhat", "vote": "UV"}, {"id": "6091157", "name": "LuLu_Lucifelle", "vote": "UV"}, {"id": "7610018", "name": "makikami", "vote": "UV"}, {"id": "5653267", "name": "Nihilmace", "vote": "UV"}, {"id": "7504530", "name": "Pseudopoet", "vote": "UV"}, {"id": "6788064", "name": "relena_xd", "vote": "UV"}, {"id": "5013754", "name": "ting129", "vote": "UV"}], "rating_jstf": 10, "votes_removed": [], "rating_removed": 0, "viability": true}