{"page_info": {"created_at": "1553331116", "created_by_id": "4076342", "name": "scp-zh-748", "rating_vote": "13", "rating": "5", "tags": ["euclid", "scp", "\u4eba\u5f62", "\u539f\u5275"], "status": "ONLINE"}, "votes": [{"id": "5273385", "name": "42anonymous", "vote": "DV"}, {"id": "3977603", "name": "ChiFong", "vote": "UV"}, {"id": "4990678", "name": "Dr V Valentine", "vote": "UV"}, {"id": "5686853", "name": "duck11", "vote": "UV"}, {"id": "5010943", "name": "EbertLee", "vote": "UV"}, {"id": "5275077", "name": "Glutton66", "vote": "DV"}, {"id": "4913214", "name": "Halasha", "vote": "DV"}, {"id": "5252281", "name": "Hildebrand", "vote": "UV"}, {"id": "5062193", "name": "KenNG", "vote": "UV"}, {"id": "5684299", "name": "kingdom war", "vote": "UV"}, {"id": "3979351", "name": "minmasterqw", "vote": "DV"}, {"id": "4474355", "name": "PeiWeiArtz", "vote": "UV"}, {"id": "4442284", "name": "Sigtina", "vote": "UV"}], "rating": 5, "votes_jstf": [{"id": "5273385", "name": "42anonymous", "vote": "DV"}, {"id": "3977603", "name": "ChiFong", "vote": "UV"}, {"id": "4990678", "name": "Dr V Valentine", "vote": "UV"}, {"id": "5686853", "name": "duck11", "vote": "UV"}, {"id": "5010943", "name": "EbertLee", "vote": "UV"}, {"id": "5275077", "name": "Glutton66", "vote": "DV"}, {"id": "4913214", "name": "Halasha", "vote": "DV"}, {"id": "5252281", "name": "Hildebrand", "vote": "UV"}, {"id": "5062193", "name": "KenNG", "vote": "UV"}, {"id": "5684299", "name": "kingdom war", "vote": "UV"}, {"id": "3979351", "name": "minmasterqw", "vote": "DV"}, {"id": "4474355", "name": "PeiWeiArtz", "vote": "UV"}, {"id": "4442284", "name": "Sigtina", "vote": "UV"}], "rating_jstf": 5, "votes_removed": [], "rating_removed": 0, "viability": true}