{"page_info": {"created_at": "1553399980", "created_by_id": "4990678", "name": "scp-zh-089", "rating_vote": "15", "rating": "15", "tags": ["euclid", "scp", "\u539f\u5275"], "status": "ONLINE"}, "votes": [{"id": "5158476", "name": "blacktiger0917", "vote": "UV"}, {"id": "5010943", "name": "EbertLee", "vote": "UV"}, {"id": "4357011", "name": "feitag", "vote": "UV"}, {"id": "5275077", "name": "Glutton66", "vote": "UV"}, {"id": "5428435", "name": "Jhih", "vote": "UV"}, {"id": "6258289", "name": "KarlKaku", "vote": "UV"}, {"id": "5334590", "name": "Lostwhat", "vote": "UV"}, {"id": "5428286", "name": "Meow the Maple", "vote": "UV"}, {"id": "3979351", "name": "minmasterqw", "vote": "UV"}, {"id": "5357283", "name": "ridiculous paradox", "vote": "UV"}, {"id": "4239775", "name": "Semibreve", "vote": "UV"}, {"id": "5013754", "name": "ting129", "vote": "UV"}, {"id": "5489892", "name": "tntspider76", "vote": "UV"}, {"id": "5422944", "name": "Xiuxx", "vote": "UV"}], "rating": 15, "votes_jstf": [{"id": "5158476", "name": "blacktiger0917", "vote": "UV"}, {"id": "5010943", "name": "EbertLee", "vote": "UV"}, {"id": "4357011", "name": "feitag", "vote": "UV"}, {"id": "5275077", "name": "Glutton66", "vote": "UV"}, {"id": "5428435", "name": "Jhih", "vote": "UV"}, {"id": "6258289", "name": "KarlKaku", "vote": "UV"}, {"id": "5334590", "name": "Lostwhat", "vote": "UV"}, {"id": "5428286", "name": "Meow the Maple", "vote": "UV"}, {"id": "3979351", "name": "minmasterqw", "vote": "UV"}, {"id": "5357283", "name": "ridiculous paradox", "vote": "UV"}, {"id": "4239775", "name": "Semibreve", "vote": "UV"}, {"id": "5013754", "name": "ting129", "vote": "UV"}, {"id": "5489892", "name": "tntspider76", "vote": "UV"}, {"id": "5422944", "name": "Xiuxx", "vote": "UV"}], "rating_jstf": 14, "votes_removed": [{"id": "DELETED", "name": "DELETED", "vote": "UV"}], "rating_removed": 1, "viability": true}