{"page_info": {"created_at": "1553939195", "created_by_id": "4239775", "name": "task-forces-complete-list", "rating_vote": "10", "rating": "10", "tags": ["en", "\u5408\u4f5c", "\u5408\u8457", "\u7ffb\u8b6f", "\u8cc7\u6e90"], "status": "ONLINE"}, "votes": [{"id": "4990678", "name": "Dr V Valentine", "vote": "UV"}, {"id": "5270993", "name": "e ioli", "vote": "UV"}, {"id": "5230135", "name": "Kaze Yang", "vote": "UV"}, {"id": "5251681", "name": "NocturnalT", "vote": "UV"}, {"id": "7352090", "name": "PenguinBengui", "vote": "UV"}, {"id": "5238833", "name": "RahRah1997325", "vote": "UV"}, {"id": "5013754", "name": "ting129", "vote": "UV"}, {"id": "4107284", "name": "Unihedron", "vote": "UV"}, {"id": "5225164", "name": "WaterBrich", "vote": "UV"}, {"id": "5223229", "name": "Wupaispanda", "vote": "UV"}], "rating": 10, "votes_jstf": [{"id": "4990678", "name": "Dr V Valentine", "vote": "UV"}, {"id": "5270993", "name": "e ioli", "vote": "UV"}, {"id": "5230135", "name": "Kaze Yang", "vote": "UV"}, {"id": "5251681", "name": "NocturnalT", "vote": "UV"}, {"id": "7352090", "name": "PenguinBengui", "vote": "UV"}, {"id": "5238833", "name": "RahRah1997325", "vote": "UV"}, {"id": "5013754", "name": "ting129", "vote": "UV"}, {"id": "4107284", "name": "Unihedron", "vote": "UV"}, {"id": "5225164", "name": "WaterBrich", "vote": "UV"}, {"id": "5223229", "name": "Wupaispanda", "vote": "UV"}], "rating_jstf": 10, "votes_removed": [], "rating_removed": 0, "viability": true}