{"page_info": {"created_at": "1553713681", "created_by_id": "5230135", "name": "scp-zh-222-j", "rating_vote": "24", "rating": "24", "tags": ["scp", "site-zh-02", "\u539f\u5275", "\u5df2\u89e3\u660e", "\u641e\u7b11"], "status": "ONLINE"}, "votes": [{"id": "6709715", "name": "Adev Drafaski", "vote": "UV"}, {"id": "5344757", "name": "Bales20147", "vote": "UV"}, {"id": "5956873", "name": "Chromeblushowo ", "vote": "UV"}, {"id": "5355920", "name": "cojawdvgyj1", "vote": "UV"}, {"id": "4990678", "name": "Dr V Valentine", "vote": "UV"}, {"id": "5010943", "name": "EbertLee", "vote": "UV"}, {"id": "5422432", "name": "Egg Head", "vote": "UV"}, {"id": "4909183", "name": "fourfish1123", "vote": "UV"}, {"id": "4913214", "name": "Halasha", "vote": "UV"}, {"id": "5987568", "name": "Jetttttt", "vote": "UV"}, {"id": "6952002", "name": "k1s10r0db00ne", "vote": "UV"}, {"id": "5110158", "name": "kraken7261", "vote": "UV"}, {"id": "5389547", "name": "LiuShiloh", "vote": "UV"}, {"id": "6690335", "name": "Red Paint", "vote": "UV"}, {"id": "8033564", "name": "Red phosphorus", "vote": "UV"}, {"id": "5435485", "name": "SamScript", "vote": "UV"}, {"id": "4239775", "name": "Semibreve", "vote": "UV"}, {"id": "6980791", "name": "Thanksforhelping", "vote": "UV"}, {"id": "5013754", "name": "ting129", "vote": "UV"}, {"id": "3981670", "name": "Viken-K", "vote": "UV"}, {"id": "5225164", "name": "WaterBrich", "vote": "UV"}, {"id": "5647698", "name": "yoyo0901", "vote": "UV"}, {"id": "5454699", "name": "ZH_mercury", "vote": "UV"}, {"id": "7226401", "name": "ZoeLin", "vote": "UV"}], "rating": 24, "votes_jstf": [{"id": "6709715", "name": "Adev Drafaski", "vote": "UV"}, {"id": "5344757", "name": "Bales20147", "vote": "UV"}, {"id": "5956873", "name": "Chromeblushowo ", "vote": "UV"}, {"id": "5355920", "name": "cojawdvgyj1", "vote": "UV"}, {"id": "4990678", "name": "Dr V Valentine", "vote": "UV"}, {"id": "5010943", "name": "EbertLee", "vote": "UV"}, {"id": "5422432", "name": "Egg Head", "vote": "UV"}, {"id": "4909183", "name": "fourfish1123", "vote": "UV"}, {"id": "4913214", "name": "Halasha", "vote": "UV"}, {"id": "5987568", "name": "Jetttttt", "vote": "UV"}, {"id": "6952002", "name": "k1s10r0db00ne", "vote": "UV"}, {"id": "5110158", "name": "kraken7261", "vote": "UV"}, {"id": "5389547", "name": "LiuShiloh", "vote": "UV"}, {"id": "6690335", "name": "Red Paint", "vote": "UV"}, {"id": "8033564", "name": "Red phosphorus", "vote": "UV"}, {"id": "5435485", "name": "SamScript", "vote": "UV"}, {"id": "4239775", "name": "Semibreve", "vote": "UV"}, {"id": "6980791", "name": "Thanksforhelping", "vote": "UV"}, {"id": "5013754", "name": "ting129", "vote": "UV"}, {"id": "3981670", "name": "Viken-K", "vote": "UV"}, {"id": "5225164", "name": "WaterBrich", "vote": "UV"}, {"id": "5647698", "name": "yoyo0901", "vote": "UV"}, {"id": "5454699", "name": "ZH_mercury", "vote": "UV"}, {"id": "7226401", "name": "ZoeLin", "vote": "UV"}], "rating_jstf": 24, "votes_removed": [], "rating_removed": 0, "viability": true}