{"page_info": {"created_at": "1554119016", "created_by_id": "3979351", "name": "hk-016", "rating_vote": "2", "rating": "2", "tags": ["en", "\u4f5c\u8005\u9801\u9762", "\u7ffb\u8b6f"], "status": "ONLINE"}, "votes": [{"id": "4990678", "name": "Dr V Valentine", "vote": "UV"}, {"id": "5225164", "name": "WaterBrich", "vote": "UV"}], "rating": 2, "votes_jstf": [{"id": "4990678", "name": "Dr V Valentine", "vote": "UV"}, {"id": "5225164", "name": "WaterBrich", "vote": "UV"}], "rating_jstf": 2, "votes_removed": [], "rating_removed": 0, "viability": true}