{"page_info": {"created_at": "1554441113", "created_by_id": "3979351", "name": "scp-149", "rating_vote": "3", "rating": "3", "tags": ["en", "safe", "scp", "\u6606\u87f2", "\u6d3b\u7269", "\u7121\u810a\u690e\u751f\u7269", "\u75c5\u6bd2", "\u7a7a\u4e2d", "\u7ffb\u8b6f"], "status": "ONLINE"}, "votes": [{"id": "5565302", "name": "Control Z", "vote": "UV"}, {"id": "4990678", "name": "Dr V Valentine", "vote": "UV"}, {"id": "4913214", "name": "Halasha", "vote": "UV"}], "rating": 3, "votes_jstf": [{"id": "5565302", "name": "Control Z", "vote": "UV"}, {"id": "4990678", "name": "Dr V Valentine", "vote": "UV"}, {"id": "4913214", "name": "Halasha", "vote": "UV"}], "rating_jstf": 3, "votes_removed": [], "rating_removed": 0, "viability": true}