{"page_info": {"created_at": "1554866763", "created_by_id": "5230135", "name": "organization-code-utopia", "rating_vote": "7", "rating": "5", "tags": ["\u539f\u5275", "\u5c55\u51fa", "\u6545\u4e8b"], "status": "ONLINE"}, "votes": [{"id": "4990678", "name": "Dr V Valentine", "vote": "UV"}, {"id": "5010943", "name": "EbertLee", "vote": "UV"}, {"id": "5275077", "name": "Glutton66", "vote": "UV"}, {"id": "4128767", "name": "Mimaomao", "vote": "UV"}, {"id": "3979351", "name": "minmasterqw", "vote": "UV"}, {"id": "5225164", "name": "WaterBrich", "vote": "DV"}, {"id": "4351112", "name": "Yu Ken Dai", "vote": "UV"}], "rating": 5, "votes_jstf": [{"id": "4990678", "name": "Dr V Valentine", "vote": "UV"}, {"id": "5010943", "name": "EbertLee", "vote": "UV"}, {"id": "5275077", "name": "Glutton66", "vote": "UV"}, {"id": "4128767", "name": "Mimaomao", "vote": "UV"}, {"id": "3979351", "name": "minmasterqw", "vote": "UV"}, {"id": "5225164", "name": "WaterBrich", "vote": "DV"}, {"id": "4351112", "name": "Yu Ken Dai", "vote": "UV"}], "rating_jstf": 5, "votes_removed": [], "rating_removed": 0, "viability": true}