{"page_info": {"created_at": "1554649130", "created_by_id": "3979351", "name": "scp-1045", "rating_vote": "3", "rating": "3", "tags": ["en", "safe", "scp", "\u4eba\u5f62", "\u5bb6\u5177", "\u706b", "\u7ffb\u8b6f", "\u8072\u97f3", "\u8996\u89ba\u6027", "\u9670\u5f71"], "status": "ONLINE"}, "votes": [{"id": "4990678", "name": "Dr V Valentine", "vote": "UV"}, {"id": "7226401", "name": "ZoeLin", "vote": "UV"}], "rating": 3, "votes_jstf": [{"id": "4990678", "name": "Dr V Valentine", "vote": "UV"}, {"id": "7226401", "name": "ZoeLin", "vote": "UV"}], "rating_jstf": 2, "votes_removed": [{"id": "DELETED", "name": "DELETED", "vote": "UV"}], "rating_removed": 1, "viability": true}