{"page_info": {"created_at": "1554566691", "created_by_id": "3979351", "name": "scp-1021", "rating_vote": "3", "rating": "-1", "tags": ["en", "safe", "scp", "\u4eba\u9020\u7269\u54c1", "\u50b3\u9001\u9580", "\u6642\u7a7a", "\u7ffb\u8b6f", "\u85dd\u8853\u6027", "\u984c\u5beb"], "status": "ONLINE"}, "votes": [{"id": "4990678", "name": "Dr V Valentine", "vote": "UV"}, {"id": "6600606", "name": "TSS5964", "vote": "DV"}], "rating": -1, "votes_jstf": [{"id": "4990678", "name": "Dr V Valentine", "vote": "UV"}, {"id": "6600606", "name": "TSS5964", "vote": "DV"}], "rating_jstf": 0, "votes_removed": [{"id": "DELETED", "name": "DELETED", "vote": "DV"}], "rating_removed": -1, "viability": true}