{"page_info": {"created_at": "1554555784", "created_by_id": "4239775", "name": "scp-2521", "rating_vote": "21", "rating": "21", "tags": ["en", "en-\u77ed\u6587\u7af6\u8cfd2015", "keter", "meta", "scp", "\u4eba\u5f62", "\u50b3\u9001", "\u611f\u77e5\u529b", "\u672a\u6536\u5bb9", "\u7ffb\u8b6f", "\u8cc7\u8a0a\u5371\u5bb3"], "status": "ONLINE"}, "votes": [{"id": "5242886", "name": "123GoJJJ", "vote": "UV"}, {"id": "4264056", "name": "Aindavis_817", "vote": "UV"}, {"id": "4213515", "name": "ChAoS_UnItY", "vote": "UV"}, {"id": "4990678", "name": "Dr V Valentine", "vote": "UV"}, {"id": "5010943", "name": "EbertLee", "vote": "UV"}, {"id": "5604919", "name": "k1s10r0d", "vote": "UV"}, {"id": "6952002", "name": "k1s10r0db00ne", "vote": "UV"}, {"id": "7513990", "name": "KaiTenno", "vote": "UV"}, {"id": "5495167", "name": "Katherine cdfg", "vote": "UV"}, {"id": "5428067", "name": "milymili8919", "vote": "UV"}, {"id": "3979351", "name": "minmasterqw", "vote": "UV"}, {"id": "6453498", "name": "passerbysir", "vote": "UV"}, {"id": "4474355", "name": "PeiWeiArtz", "vote": "UV"}, {"id": "3662223", "name": "pokm", "vote": "UV"}, {"id": "5238833", "name": "RahRah1997325", "vote": "UV"}, {"id": "8033564", "name": "Red phosphorus", "vote": "UV"}, {"id": "7064164", "name": "rejth", "vote": "UV"}, {"id": "4442284", "name": "Sigtina", "vote": "UV"}, {"id": "7039934", "name": "THE CREAKOR", "vote": "UV"}, {"id": "5225164", "name": "WaterBrich", "vote": "UV"}, {"id": "5348504", "name": "YSJSam", "vote": "UV"}], "rating": 21, "votes_jstf": [{"id": "5242886", "name": "123GoJJJ", "vote": "UV"}, {"id": "4264056", "name": "Aindavis_817", "vote": "UV"}, {"id": "4213515", "name": "ChAoS_UnItY", "vote": "UV"}, {"id": "4990678", "name": "Dr V Valentine", "vote": "UV"}, {"id": "5010943", "name": "EbertLee", "vote": "UV"}, {"id": "5604919", "name": "k1s10r0d", "vote": "UV"}, {"id": "6952002", "name": "k1s10r0db00ne", "vote": "UV"}, {"id": "7513990", "name": "KaiTenno", "vote": "UV"}, {"id": "5495167", "name": "Katherine cdfg", "vote": "UV"}, {"id": "5428067", "name": "milymili8919", "vote": "UV"}, {"id": "3979351", "name": "minmasterqw", "vote": "UV"}, {"id": "6453498", "name": "passerbysir", "vote": "UV"}, {"id": "4474355", "name": "PeiWeiArtz", "vote": "UV"}, {"id": "3662223", "name": "pokm", "vote": "UV"}, {"id": "5238833", "name": "RahRah1997325", "vote": "UV"}, {"id": "8033564", "name": "Red phosphorus", "vote": "UV"}, {"id": "7064164", "name": "rejth", "vote": "UV"}, {"id": "4442284", "name": "Sigtina", "vote": "UV"}, {"id": "7039934", "name": "THE CREAKOR", "vote": "UV"}, {"id": "5225164", "name": "WaterBrich", "vote": "UV"}, {"id": "5348504", "name": "YSJSam", "vote": "UV"}], "rating_jstf": 21, "votes_removed": [], "rating_removed": 0, "viability": true}