{"page_info": {"created_at": "1554368212", "created_by_id": "3979351", "name": "scp-j", "rating_vote": "24", "rating": "22", "tags": ["en", "scp", "\u641e\u7b11", "\u7ffb\u8b6f"], "status": "ONLINE"}, "votes": [{"id": "5355920", "name": "cojawdvgyj1", "vote": "UV"}, {"id": "4990678", "name": "Dr V Valentine", "vote": "UV"}, {"id": "5422432", "name": "Egg Head", "vote": "UV"}, {"id": "5270993", "name": "e ioli", "vote": "UV"}, {"id": "5604919", "name": "k1s10r0d", "vote": "UV"}, {"id": "6952002", "name": "k1s10r0db00ne", "vote": "UV"}, {"id": "7513990", "name": "KaiTenno", "vote": "UV"}, {"id": "4268388", "name": "LSRay", "vote": "UV"}, {"id": "4128767", "name": "Mimaomao", "vote": "UV"}, {"id": "5251681", "name": "NocturnalT", "vote": "UV"}, {"id": "6348157", "name": "Nyunyunyun", "vote": "UV"}, {"id": "7198635", "name": "Oscar168", "vote": "UV"}, {"id": "5238833", "name": "RahRah1997325", "vote": "UV"}, {"id": "6788064", "name": "relena_xd", "vote": "UV"}, {"id": "5435485", "name": "SamScript", "vote": "UV"}, {"id": "4239775", "name": "Semibreve", "vote": "UV"}, {"id": "4442284", "name": "Sigtina", "vote": "UV"}, {"id": "5013754", "name": "ting129", "vote": "UV"}, {"id": "6048694", "name": "verdi-ye", "vote": "UV"}, {"id": "7313177", "name": "YTtoung", "vote": "UV"}, {"id": "5454699", "name": "ZH_mercury", "vote": "UV"}, {"id": "7226401", "name": "ZoeLin", "vote": "UV"}], "rating": 22, "votes_jstf": [{"id": "5355920", "name": "cojawdvgyj1", "vote": "UV"}, {"id": "4990678", "name": "Dr V Valentine", "vote": "UV"}, {"id": "5422432", "name": "Egg Head", "vote": "UV"}, {"id": "5270993", "name": "e ioli", "vote": "UV"}, {"id": "5604919", "name": "k1s10r0d", "vote": "UV"}, {"id": "6952002", "name": "k1s10r0db00ne", "vote": "UV"}, {"id": "7513990", "name": "KaiTenno", "vote": "UV"}, {"id": "4268388", "name": "LSRay", "vote": "UV"}, {"id": "4128767", "name": "Mimaomao", "vote": "UV"}, {"id": "5251681", "name": "NocturnalT", "vote": "UV"}, {"id": "6348157", "name": "Nyunyunyun", "vote": "UV"}, {"id": "7198635", "name": "Oscar168", "vote": "UV"}, {"id": "5238833", "name": "RahRah1997325", "vote": "UV"}, {"id": "6788064", "name": "relena_xd", "vote": "UV"}, {"id": "5435485", "name": "SamScript", "vote": "UV"}, {"id": "4239775", "name": "Semibreve", "vote": "UV"}, {"id": "4442284", "name": "Sigtina", "vote": "UV"}, {"id": "5013754", "name": "ting129", "vote": "UV"}, {"id": "6048694", "name": "verdi-ye", "vote": "UV"}, {"id": "7313177", "name": "YTtoung", "vote": "UV"}, {"id": "5454699", "name": "ZH_mercury", "vote": "UV"}, {"id": "7226401", "name": "ZoeLin", "vote": "UV"}], "rating_jstf": 22, "votes_removed": [{"id": "DELETED", "name": "DELETED", "vote": "UV"}, {"id": "DELETED", "name": "DELETED", "vote": "DV"}], "rating_removed": 0, "viability": true}