{"page_info": {"created_at": "1554398431", "created_by_id": "3979351", "name": "scp-304", "rating_vote": "2", "rating": "2", "tags": ["en", "safe", "scp", "\u661f\u969b", "\u7ffb\u8b6f", "\u8cc7\u8a0a", "\u901a\u8a0a"], "status": "ONLINE"}, "votes": [{"id": "4990678", "name": "Dr V Valentine", "vote": "UV"}, {"id": "5225164", "name": "WaterBrich", "vote": "UV"}], "rating": 2, "votes_jstf": [{"id": "4990678", "name": "Dr V Valentine", "vote": "UV"}, {"id": "5225164", "name": "WaterBrich", "vote": "UV"}], "rating_jstf": 2, "votes_removed": [], "rating_removed": 0, "viability": true}