{"page_info": {"created_at": "1554448329", "created_by_id": "4239775", "name": "spc-1057-j", "rating_vote": "7", "rating": "7", "tags": ["en", "scp", "\u52d5\u7269", "\u641e\u7b11", "\u6a5f\u5bc6\u5206\u7d1a", "\u6bc6\u6253\u9bca\u9b5a\u4e2d\u5fc3", "\u6c34\u68f2", "\u7121\u5f62", "\u7ffb\u8b6f", "\u8089\u98df\u6027", "\u9b5a\u985e", "\u9bca\u985e"], "status": "ONLINE"}, "votes": [{"id": "4213515", "name": "ChAoS_UnItY", "vote": "UV"}, {"id": "4990678", "name": "Dr V Valentine", "vote": "UV"}, {"id": "5010943", "name": "EbertLee", "vote": "UV"}, {"id": "4913214", "name": "Halasha", "vote": "UV"}, {"id": "5987568", "name": "Jetttttt", "vote": "UV"}, {"id": "3979351", "name": "minmasterqw", "vote": "UV"}, {"id": "5238833", "name": "RahRah1997325", "vote": "UV"}], "rating": 7, "votes_jstf": [{"id": "4213515", "name": "ChAoS_UnItY", "vote": "UV"}, {"id": "4990678", "name": "Dr V Valentine", "vote": "UV"}, {"id": "5010943", "name": "EbertLee", "vote": "UV"}, {"id": "4913214", "name": "Halasha", "vote": "UV"}, {"id": "5987568", "name": "Jetttttt", "vote": "UV"}, {"id": "3979351", "name": "minmasterqw", "vote": "UV"}, {"id": "5238833", "name": "RahRah1997325", "vote": "UV"}], "rating_jstf": 7, "votes_removed": [], "rating_removed": 0, "viability": true}