{"page_info": {"created_at": "1554805066", "created_by_id": "3980953", "name": "scp-133", "rating_vote": "2", "rating": "2", "tags": ["en", "safe", "scp", "\u53cd\u71b5", "\u5de5\u5ee0", "\u7ffb\u8b6f", "\u91cd\u5beb"], "status": "ONLINE"}, "votes": [{"id": "4990678", "name": "Dr V Valentine", "vote": "UV"}, {"id": "5238833", "name": "RahRah1997325", "vote": "UV"}], "rating": 2, "votes_jstf": [{"id": "4990678", "name": "Dr V Valentine", "vote": "UV"}, {"id": "5238833", "name": "RahRah1997325", "vote": "UV"}], "rating_jstf": 2, "votes_removed": [], "rating_removed": 0, "viability": true}