{"page_info": {"created_at": "1554374175", "created_by_id": "3980953", "name": "scp-010", "rating_vote": "2", "rating": "2", "tags": ["en", "safe", "scp", "\u4eba\u9020\u7269\u54c1", "\u5f37\u5236\u6027", "\u7cbe\u795e\u5f71\u97ff", "\u7ffb\u8b6f", "\u96fb\u5b50"], "status": "ONLINE"}, "votes": [{"id": "4990678", "name": "Dr V Valentine", "vote": "UV"}, {"id": "3979351", "name": "minmasterqw", "vote": "UV"}], "rating": 2, "votes_jstf": [{"id": "4990678", "name": "Dr V Valentine", "vote": "UV"}, {"id": "3979351", "name": "minmasterqw", "vote": "UV"}], "rating_jstf": 2, "votes_removed": [], "rating_removed": 0, "viability": true}