{"page_info": {"created_at": "1554562268", "created_by_id": "3979351", "name": "scp-2851", "rating_vote": "5", "rating": "5", "tags": ["en", "meta", "safe", "scp", "\u5149\u7167\u5f71\u97ff", "\u5e7b\u89ba", "\u611f\u77e5\u529b", "\u6575\u610f", "\u7ffb\u8b6f"], "status": "ONLINE"}, "votes": [{"id": "5565302", "name": "Control Z", "vote": "UV"}, {"id": "4990678", "name": "Dr V Valentine", "vote": "UV"}, {"id": "7513990", "name": "KaiTenno", "vote": "UV"}, {"id": "4107284", "name": "Unihedron", "vote": "UV"}, {"id": "6048694", "name": "verdi-ye", "vote": "UV"}], "rating": 5, "votes_jstf": [{"id": "5565302", "name": "Control Z", "vote": "UV"}, {"id": "4990678", "name": "Dr V Valentine", "vote": "UV"}, {"id": "7513990", "name": "KaiTenno", "vote": "UV"}, {"id": "4107284", "name": "Unihedron", "vote": "UV"}, {"id": "6048694", "name": "verdi-ye", "vote": "UV"}], "rating_jstf": 5, "votes_removed": [], "rating_removed": 0, "viability": true}