{"page_info": {"created_at": "1554608017", "created_by_id": "5230135", "name": "scp-395", "rating_vote": "3", "rating": "1", "tags": ["en", "euclid", "scp", "\u4eba\u5f62", "\u5bc4\u751f\u6027", "\u5f37\u8feb\u6027", "\u7ffb\u8b6f"], "status": "ONLINE"}, "votes": [{"id": "4990678", "name": "Dr V Valentine", "vote": "UV"}, {"id": "3979351", "name": "minmasterqw", "vote": "UV"}], "rating": 1, "votes_jstf": [{"id": "4990678", "name": "Dr V Valentine", "vote": "UV"}, {"id": "3979351", "name": "minmasterqw", "vote": "UV"}], "rating_jstf": 2, "votes_removed": [{"id": "DELETED", "name": "DELETED", "vote": "DV"}], "rating_removed": -1, "viability": true}