{"page_info": {"created_at": "1554202847", "created_by_id": "3979351", "name": "scp-050", "rating_vote": "11", "rating": "11", "tags": ["en", "euclid", "scp", "\u4e0d\u53ef\u6467\u6bc0", "\u611f\u77e5\u529b", "\u667a\u80fd", "\u733f\u985e", "\u7ffb\u8b6f", "\u96d5\u50cf"], "status": "ONLINE"}, "votes": [{"id": "6333851", "name": "Dr peter1", "vote": "UV"}, {"id": "4990678", "name": "Dr V Valentine", "vote": "UV"}, {"id": "5270993", "name": "e ioli", "vote": "UV"}, {"id": "5408396", "name": "evbnb6685", "vote": "UV"}, {"id": "5271074", "name": "jjy45168", "vote": "UV"}, {"id": "6093878", "name": "justin7887", "vote": "UV"}, {"id": "3980953", "name": "LIINight", "vote": "UV"}, {"id": "4701365", "name": "Thundereyes ", "vote": "UV"}, {"id": "5397430", "name": "Tong Kong Fu", "vote": "UV"}, {"id": "5225164", "name": "WaterBrich", "vote": "UV"}, {"id": "4351112", "name": "Yu Ken Dai", "vote": "UV"}], "rating": 11, "votes_jstf": [{"id": "6333851", "name": "Dr peter1", "vote": "UV"}, {"id": "4990678", "name": "Dr V Valentine", "vote": "UV"}, {"id": "5270993", "name": "e ioli", "vote": "UV"}, {"id": "5408396", "name": "evbnb6685", "vote": "UV"}, {"id": "5271074", "name": "jjy45168", "vote": "UV"}, {"id": "6093878", "name": "justin7887", "vote": "UV"}, {"id": "3980953", "name": "LIINight", "vote": "UV"}, {"id": "4701365", "name": "Thundereyes ", "vote": "UV"}, {"id": "5397430", "name": "Tong Kong Fu", "vote": "UV"}, {"id": "5225164", "name": "WaterBrich", "vote": "UV"}, {"id": "4351112", "name": "Yu Ken Dai", "vote": "UV"}], "rating_jstf": 11, "votes_removed": [], "rating_removed": 0, "viability": true}