{"page_info": {"created_at": "1554641115", "created_by_id": "4913214", "name": "scp-790", "rating_vote": "3", "rating": "3", "tags": ["en", "euclid", "scp", "\u5bc4\u751f\u6027", "\u611f\u77e5\u529b", "\u6d3b\u7269", "\u6db2\u9ad4", "\u7269\u7a2e", "\u7ffb\u8b6f"], "status": "ONLINE"}, "votes": [{"id": "4990678", "name": "Dr V Valentine", "vote": "UV"}, {"id": "3979351", "name": "minmasterqw", "vote": "UV"}, {"id": "4442284", "name": "Sigtina", "vote": "UV"}], "rating": 3, "votes_jstf": [{"id": "4990678", "name": "Dr V Valentine", "vote": "UV"}, {"id": "3979351", "name": "minmasterqw", "vote": "UV"}, {"id": "4442284", "name": "Sigtina", "vote": "UV"}], "rating_jstf": 3, "votes_removed": [], "rating_removed": 0, "viability": true}