{"page_info": {"created_at": "1554563873", "created_by_id": "3979351", "name": "scp-2165", "rating_vote": "2", "rating": "2", "tags": ["en", "en-\u77ed\u6587\u7af6\u8cfd2015", "meta", "scp", "\u672a\u6536\u5bb9", "\u6a5f\u5bc6\u5206\u7d1a", "\u7ffb\u8b6f"], "status": "ONLINE"}, "votes": [{"id": "4990678", "name": "Dr V Valentine", "vote": "UV"}, {"id": "3981670", "name": "Viken-K", "vote": "UV"}], "rating": 2, "votes_jstf": [{"id": "4990678", "name": "Dr V Valentine", "vote": "UV"}, {"id": "3981670", "name": "Viken-K", "vote": "UV"}], "rating_jstf": 2, "votes_removed": [], "rating_removed": 0, "viability": true}