{"page_info": {"created_at": "1554727279", "created_by_id": "4474355", "name": "scp-312", "rating_vote": "3", "rating": "3", "tags": ["en", "euclid", "scp", "\u52d5\u7269", "\u7121\u810a\u690e\u52d5\u7269", "\u7269\u7a2e", "\u773c\u775b", "\u7a7a\u4e2d", "\u7ffb\u8b6f", "\u8089\u98df\u6027"], "status": "ONLINE"}, "votes": [{"id": "4913214", "name": "Halasha", "vote": "UV"}, {"id": "5230135", "name": "Kaze Yang", "vote": "UV"}, {"id": "3979351", "name": "minmasterqw", "vote": "UV"}], "rating": 3, "votes_jstf": [{"id": "4913214", "name": "Halasha", "vote": "UV"}, {"id": "5230135", "name": "Kaze Yang", "vote": "UV"}, {"id": "3979351", "name": "minmasterqw", "vote": "UV"}], "rating_jstf": 3, "votes_removed": [], "rating_removed": 0, "viability": true}