{"page_info": {"created_at": "1554560384", "created_by_id": "4239775", "name": "scp-181", "rating_vote": "5", "rating": "5", "tags": ["en", "safe", "scp", "\u4eba\u5f62", "\u611f\u77e5\u529b", "\u667a\u80fd", "\u6a5f\u7387\u6027", "\u6d3b\u7269", "\u7ffb\u8b6f", "\u91cd\u5beb"], "status": "ONLINE"}, "votes": [{"id": "4990678", "name": "Dr V Valentine", "vote": "UV"}, {"id": "3979351", "name": "minmasterqw", "vote": "UV"}, {"id": "6348157", "name": "Nyunyunyun", "vote": "UV"}, {"id": "7034978", "name": "oilyhu", "vote": "UV"}, {"id": "4442284", "name": "Sigtina", "vote": "UV"}], "rating": 5, "votes_jstf": [{"id": "4990678", "name": "Dr V Valentine", "vote": "UV"}, {"id": "3979351", "name": "minmasterqw", "vote": "UV"}, {"id": "6348157", "name": "Nyunyunyun", "vote": "UV"}, {"id": "7034978", "name": "oilyhu", "vote": "UV"}, {"id": "4442284", "name": "Sigtina", "vote": "UV"}], "rating_jstf": 5, "votes_removed": [], "rating_removed": 0, "viability": true}