{"page_info": {"created_at": "1554610589", "created_by_id": "4239775", "name": "scp-1004", "rating_vote": "5", "rating": "5", "tags": ["en", "redirect", "safe", "scp", "\u5a92\u9ad4", "\u5de5\u5ee0", "\u6027", "\u6210\u4eba\u5167\u5bb9", "\u7cbe\u795e\u5f71\u97ff", "\u7ffb\u8b6f", "\u807d\u89ba\u5f71\u97ff", "\u8996\u89ba\u6027", "\u8a18\u9304", "\u9069\u61c9\u6027", "\u91cd\u65b0\u5c0e\u5411"], "status": "ONLINE"}, "votes": [], "rating": 0, "votes_jstf": [], "rating_jstf": 0, "votes_removed": [], "rating_removed": 0, "viability": true}