{"page_info": {"created_at": "1554542617", "created_by_id": "4913214", "name": "scp-zh-029", "rating_vote": "18", "rating": "0", "tags": ["safe", "scp", "site-zh-25", "\u539f\u5275", "\u5bb6\u5177", "\u89f8\u89ba\u5f71\u97ff", "\u8b8a\u5f62"], "status": "ONLINE"}, "votes": [{"id": "6647195", "name": "A1wan_9441", "vote": "UV"}, {"id": "4213515", "name": "ChAoS_UnItY", "vote": "UV"}, {"id": "5565302", "name": "Control Z", "vote": "DV"}, {"id": "4990678", "name": "Dr V Valentine", "vote": "DV"}, {"id": "5010943", "name": "EbertLee", "vote": "UV"}, {"id": "5275077", "name": "Glutton66", "vote": "DV"}, {"id": "7513990", "name": "KaiTenno", "vote": "DV"}, {"id": "4402177", "name": "LiNai33", "vote": "UV"}, {"id": "5334590", "name": "Lostwhat", "vote": "DV"}, {"id": "3356098", "name": "meteotAWA", "vote": "DV"}, {"id": "3979351", "name": "minmasterqw", "vote": "UV"}, {"id": "4474355", "name": "PeiWeiArtz", "vote": "UV"}, {"id": "4442284", "name": "Sigtina", "vote": "DV"}, {"id": "4701365", "name": "Thundereyes ", "vote": "UV"}, {"id": "5013754", "name": "ting129", "vote": "UV"}, {"id": "3981670", "name": "Viken-K", "vote": "DV"}, {"id": "5415046", "name": "vomiter", "vote": "DV"}, {"id": "5225164", "name": "WaterBrich", "vote": "UV"}], "rating": 0, "votes_jstf": [{"id": "6647195", "name": "A1wan_9441", "vote": "UV"}, {"id": "4213515", "name": "ChAoS_UnItY", "vote": "UV"}, {"id": "5565302", "name": "Control Z", "vote": "DV"}, {"id": "4990678", "name": "Dr V Valentine", "vote": "DV"}, {"id": "5010943", "name": "EbertLee", "vote": "UV"}, {"id": "5275077", "name": "Glutton66", "vote": "DV"}, {"id": "7513990", "name": "KaiTenno", "vote": "DV"}, {"id": "4402177", "name": "LiNai33", "vote": "UV"}, {"id": "5334590", "name": "Lostwhat", "vote": "DV"}, {"id": "3356098", "name": "meteotAWA", "vote": "DV"}, {"id": "3979351", "name": "minmasterqw", "vote": "UV"}, {"id": "4474355", "name": "PeiWeiArtz", "vote": "UV"}, {"id": "4442284", "name": "Sigtina", "vote": "DV"}, {"id": "4701365", "name": "Thundereyes ", "vote": "UV"}, {"id": "5013754", "name": "ting129", "vote": "UV"}, {"id": "3981670", "name": "Viken-K", "vote": "DV"}, {"id": "5415046", "name": "vomiter", "vote": "DV"}, {"id": "5225164", "name": "WaterBrich", "vote": "UV"}], "rating_jstf": 0, "votes_removed": [], "rating_removed": 0, "viability": true}