{"page_info": {"created_at": "1554617772", "created_by_id": "4213515", "name": "ouroboros", "rating_vote": "4", "rating": "4", "tags": ["001\u63d0\u6848", "en", "\u4e2d\u5fc3", "\u7ffb\u8b6f"], "status": "ONLINE"}, "votes": [{"id": "3979351", "name": "minmasterqw", "vote": "UV"}, {"id": "4474355", "name": "PeiWeiArtz", "vote": "UV"}, {"id": "3981670", "name": "Viken-K", "vote": "UV"}, {"id": "5225164", "name": "WaterBrich", "vote": "UV"}], "rating": 4, "votes_jstf": [{"id": "3979351", "name": "minmasterqw", "vote": "UV"}, {"id": "4474355", "name": "PeiWeiArtz", "vote": "UV"}, {"id": "3981670", "name": "Viken-K", "vote": "UV"}, {"id": "5225164", "name": "WaterBrich", "vote": "UV"}], "rating_jstf": 4, "votes_removed": [], "rating_removed": 0, "viability": true}