{"page_info": {"created_at": "1554572689", "created_by_id": "3979351", "name": "scp-984", "rating_vote": "2", "rating": "2", "tags": ["en", "safe", "scp", "\u52d5\u7269", "\u53cd\u71b5", "\u5efa\u7bc9\u7269", "\u6575\u610f", "\u7ffb\u8b6f"], "status": "ONLINE"}, "votes": [{"id": "4990678", "name": "Dr V Valentine", "vote": "UV"}, {"id": "4442284", "name": "Sigtina", "vote": "UV"}], "rating": 2, "votes_jstf": [{"id": "4990678", "name": "Dr V Valentine", "vote": "UV"}, {"id": "4442284", "name": "Sigtina", "vote": "UV"}], "rating_jstf": 2, "votes_removed": [], "rating_removed": 0, "viability": true}