{"page_info": {"created_at": "1554467274", "created_by_id": "3979351", "name": "lily-s-proposal", "rating_vote": "17", "rating": "17", "tags": ["001\u63d0\u6848", "en", "k\u7d1a\u60c5\u666f", "scp", "\u672a\u6536\u5bb9", "\u6a5f\u5bc6\u5206\u7d1a", "\u7ffb\u8b6f", "\u9810\u6e2c\u6027"], "status": "ONLINE"}, "votes": [{"id": "5410129", "name": "angelduck", "vote": "UV"}, {"id": "4990678", "name": "Dr V Valentine", "vote": "UV"}, {"id": "6217438", "name": "Frederica Bernkastel", "vote": "UV"}, {"id": "5472072", "name": "hhw4682", "vote": "UV"}, {"id": "5252281", "name": "Hildebrand", "vote": "UV"}, {"id": "6952002", "name": "k1s10r0db00ne", "vote": "UV"}, {"id": "5684299", "name": "kingdom war", "vote": "UV"}, {"id": "5258481", "name": "Loya_Cosga", "vote": "UV"}, {"id": "5238833", "name": "RahRah1997325", "vote": "UV"}, {"id": "6788064", "name": "relena_xd", "vote": "UV"}, {"id": "4239775", "name": "Semibreve", "vote": "UV"}, {"id": "6980791", "name": "Thanksforhelping", "vote": "UV"}, {"id": "7039934", "name": "THE CREAKOR", "vote": "UV"}, {"id": "5013754", "name": "ting129", "vote": "UV"}, {"id": "4107284", "name": "Unihedron", "vote": "UV"}, {"id": "3981670", "name": "Viken-K", "vote": "UV"}, {"id": "5454699", "name": "ZH_mercury", "vote": "UV"}], "rating": 17, "votes_jstf": [{"id": "5410129", "name": "angelduck", "vote": "UV"}, {"id": "4990678", "name": "Dr V Valentine", "vote": "UV"}, {"id": "6217438", "name": "Frederica Bernkastel", "vote": "UV"}, {"id": "5472072", "name": "hhw4682", "vote": "UV"}, {"id": "5252281", "name": "Hildebrand", "vote": "UV"}, {"id": "6952002", "name": "k1s10r0db00ne", "vote": "UV"}, {"id": "5684299", "name": "kingdom war", "vote": "UV"}, {"id": "5258481", "name": "Loya_Cosga", "vote": "UV"}, {"id": "5238833", "name": "RahRah1997325", "vote": "UV"}, {"id": "6788064", "name": "relena_xd", "vote": "UV"}, {"id": "4239775", "name": "Semibreve", "vote": "UV"}, {"id": "6980791", "name": "Thanksforhelping", "vote": "UV"}, {"id": "7039934", "name": "THE CREAKOR", "vote": "UV"}, {"id": "5013754", "name": "ting129", "vote": "UV"}, {"id": "4107284", "name": "Unihedron", "vote": "UV"}, {"id": "3981670", "name": "Viken-K", "vote": "UV"}, {"id": "5454699", "name": "ZH_mercury", "vote": "UV"}], "rating_jstf": 17, "votes_removed": [], "rating_removed": 0, "viability": true}