{"page_info": {"created_at": "1554810606", "created_by_id": "4913214", "name": "scp-063", "rating_vote": "6", "rating": "6", "tags": ["en", "safe", "scp", "\u53cd\u71b5", "\u5de5\u5177", "\u653e\u5c04\u6027", "\u7ffb\u8b6f"], "status": "ONLINE"}, "votes": [{"id": "4990678", "name": "Dr V Valentine", "vote": "UV"}, {"id": "5062193", "name": "KenNG", "vote": "UV"}, {"id": "3980953", "name": "LIINight", "vote": "UV"}, {"id": "3979351", "name": "minmasterqw", "vote": "UV"}, {"id": "5295260", "name": "MountainFern", "vote": "UV"}, {"id": "4474355", "name": "PeiWeiArtz", "vote": "UV"}], "rating": 6, "votes_jstf": [{"id": "4990678", "name": "Dr V Valentine", "vote": "UV"}, {"id": "5062193", "name": "KenNG", "vote": "UV"}, {"id": "3980953", "name": "LIINight", "vote": "UV"}, {"id": "3979351", "name": "minmasterqw", "vote": "UV"}, {"id": "5295260", "name": "MountainFern", "vote": "UV"}, {"id": "4474355", "name": "PeiWeiArtz", "vote": "UV"}], "rating_jstf": 6, "votes_removed": [], "rating_removed": 0, "viability": true}