{"page_info": {"created_at": "1554381937", "created_by_id": "5062193", "name": "scp-524", "rating_vote": "9", "rating": "7", "tags": ["en", "safe", "scp", "\u5154\u5c6c", "\u52d5\u7269", "\u6d3b\u7269", "\u7ffb\u8b6f", "\u96dc\u98df\u6027"], "status": "ONLINE"}, "votes": [{"id": "4990678", "name": "Dr V Valentine", "vote": "UV"}, {"id": "5010943", "name": "EbertLee", "vote": "UV"}, {"id": "5270993", "name": "e ioli", "vote": "UV"}, {"id": "4357011", "name": "feitag", "vote": "DV"}, {"id": "3979351", "name": "minmasterqw", "vote": "UV"}, {"id": "4474355", "name": "PeiWeiArtz", "vote": "UV"}, {"id": "4474355", "name": "PeiWeiArtz", "vote": "UV"}, {"id": "4442284", "name": "Sigtina", "vote": "UV"}, {"id": "6655922", "name": "vfs", "vote": "UV"}], "rating": 7, "votes_jstf": [{"id": "4990678", "name": "Dr V Valentine", "vote": "UV"}, {"id": "5010943", "name": "EbertLee", "vote": "UV"}, {"id": "5270993", "name": "e ioli", "vote": "UV"}, {"id": "4357011", "name": "feitag", "vote": "DV"}, {"id": "3979351", "name": "minmasterqw", "vote": "UV"}, {"id": "4474355", "name": "PeiWeiArtz", "vote": "UV"}, {"id": "4474355", "name": "PeiWeiArtz", "vote": "UV"}, {"id": "4442284", "name": "Sigtina", "vote": "UV"}, {"id": "6655922", "name": "vfs", "vote": "UV"}], "rating_jstf": 7, "votes_removed": [], "rating_removed": 0, "viability": true}