{"page_info": {"created_at": "1554748681", "created_by_id": "4990678", "name": "ocd-virus02", "rating_vote": "5", "rating": "5", "tags": ["\u539f\u5275", "\u6545\u4e8b"], "status": "ONLINE"}, "votes": [{"id": "4990678", "name": "Dr V Valentine", "vote": "UV"}, {"id": "5010943", "name": "EbertLee", "vote": "UV"}, {"id": "5414791", "name": "Shingowu", "vote": "UV"}, {"id": "5415046", "name": "vomiter", "vote": "UV"}], "rating": 5, "votes_jstf": [{"id": "4990678", "name": "Dr V Valentine", "vote": "UV"}, {"id": "5010943", "name": "EbertLee", "vote": "UV"}, {"id": "5414791", "name": "Shingowu", "vote": "UV"}, {"id": "5415046", "name": "vomiter", "vote": "UV"}], "rating_jstf": 4, "votes_removed": [{"id": "DELETED", "name": "DELETED", "vote": "UV"}], "rating_removed": 1, "viability": true}