{"page_info": {"created_at": "1554644307", "created_by_id": "3979351", "name": "scp-944", "rating_vote": "3", "rating": "3", "tags": ["en", "euclid", "scp", "\u5efa\u7bc9\u7269", "\u73bb\u7483", "\u7ffb\u8b6f", "\u8b8a\u5f62", "\u8d85\u7dad\u5ea6"], "status": "ONLINE"}, "votes": [{"id": "4990678", "name": "Dr V Valentine", "vote": "UV"}, {"id": "7513990", "name": "KaiTenno", "vote": "UV"}, {"id": "5230135", "name": "Kaze Yang", "vote": "UV"}], "rating": 3, "votes_jstf": [{"id": "4990678", "name": "Dr V Valentine", "vote": "UV"}, {"id": "7513990", "name": "KaiTenno", "vote": "UV"}, {"id": "5230135", "name": "Kaze Yang", "vote": "UV"}], "rating_jstf": 3, "votes_removed": [], "rating_removed": 0, "viability": true}