{"page_info": {"created_at": "1554058319", "created_by_id": "4273918", "name": "scp-021", "rating_vote": "4", "rating": "4", "tags": ["en", "safe", "scp", "\u5bc4\u751f\u6027", "\u6d3b\u7269", "\u7ffb\u8b6f", "\u85dd\u8853\u6027"], "status": "ONLINE"}, "votes": [{"id": "4273918", "name": "Cocuki", "vote": "UV"}, {"id": "4990678", "name": "Dr V Valentine", "vote": "UV"}, {"id": "5010943", "name": "EbertLee", "vote": "UV"}, {"id": "3979351", "name": "minmasterqw", "vote": "UV"}], "rating": 4, "votes_jstf": [{"id": "4273918", "name": "Cocuki", "vote": "UV"}, {"id": "4990678", "name": "Dr V Valentine", "vote": "UV"}, {"id": "5010943", "name": "EbertLee", "vote": "UV"}, {"id": "3979351", "name": "minmasterqw", "vote": "UV"}], "rating_jstf": 4, "votes_removed": [], "rating_removed": 0, "viability": true}