{"page_info": {"created_at": "1554388633", "created_by_id": "3979351", "name": "scp-300", "rating_vote": "2", "rating": "2", "tags": ["aw\u6559\u6388", "en", "safe", "scp", "\u6db2\u9ad4", "\u7ffb\u8b6f", "\u85dd\u8853\u6027"], "status": "ONLINE"}, "votes": [{"id": "4990678", "name": "Dr V Valentine", "vote": "UV"}, {"id": "5414791", "name": "Shingowu", "vote": "UV"}], "rating": 2, "votes_jstf": [{"id": "4990678", "name": "Dr V Valentine", "vote": "UV"}, {"id": "5414791", "name": "Shingowu", "vote": "UV"}], "rating_jstf": 2, "votes_removed": [], "rating_removed": 0, "viability": true}