{"page_info": {"created_at": "1554605141", "created_by_id": "5238833", "name": "scp-048", "rating_vote": "9", "rating": "9", "tags": ["en", "meta", "scp", "\u6578\u5b78\u6027", "\u6a5f\u5bc6\u5206\u7d1a", "\u6a5f\u7387\u6027", "\u7ffb\u8b6f"], "status": "ONLINE"}, "votes": [{"id": "4213515", "name": "ChAoS_UnItY", "vote": "UV"}, {"id": "4990678", "name": "Dr V Valentine", "vote": "UV"}, {"id": "5523523", "name": "Goldfish Wang", "vote": "UV"}, {"id": "7513990", "name": "KaiTenno", "vote": "UV"}, {"id": "3979351", "name": "minmasterqw", "vote": "UV"}, {"id": "5539910", "name": "Neo Elysion", "vote": "UV"}, {"id": "4239775", "name": "Semibreve", "vote": "UV"}, {"id": "4701365", "name": "Thundereyes ", "vote": "UV"}], "rating": 9, "votes_jstf": [{"id": "4213515", "name": "ChAoS_UnItY", "vote": "UV"}, {"id": "4990678", "name": "Dr V Valentine", "vote": "UV"}, {"id": "5523523", "name": "Goldfish Wang", "vote": "UV"}, {"id": "7513990", "name": "KaiTenno", "vote": "UV"}, {"id": "3979351", "name": "minmasterqw", "vote": "UV"}, {"id": "5539910", "name": "Neo Elysion", "vote": "UV"}, {"id": "4239775", "name": "Semibreve", "vote": "UV"}, {"id": "4701365", "name": "Thundereyes ", "vote": "UV"}], "rating_jstf": 8, "votes_removed": [{"id": "DELETED", "name": "DELETED", "vote": "UV"}], "rating_removed": 1, "viability": true}