{"page_info": {"created_at": "1554648291", "created_by_id": "4213515", "name": "djkaktus", "rating_vote": "4", "rating": "4", "tags": ["en", "\u4f5c\u8005\u9801\u9762", "\u5b9a\u671f\u6aa2\u67e5", "\u5f85\u66f4\u65b0", "\u7ffb\u8b6f"], "status": "ONLINE"}, "votes": [{"id": "5325850", "name": "AbyssDream", "vote": "UV"}, {"id": "7073060", "name": "Pao Mian", "vote": "UV"}, {"id": "6788064", "name": "relena_xd", "vote": "UV"}, {"id": "5225164", "name": "WaterBrich", "vote": "UV"}], "rating": 4, "votes_jstf": [{"id": "5325850", "name": "AbyssDream", "vote": "UV"}, {"id": "7073060", "name": "Pao Mian", "vote": "UV"}, {"id": "6788064", "name": "relena_xd", "vote": "UV"}, {"id": "5225164", "name": "WaterBrich", "vote": "UV"}], "rating_jstf": 4, "votes_removed": [], "rating_removed": 0, "viability": true}