{"page_info": {"created_at": "1555754108", "created_by_id": "4990678", "name": "esther", "rating_vote": "8", "rating": "8", "tags": ["goi\u683c\u5f0f", "\u539f\u5275", "\u5a01\u723e\u905c\u751f\u7269\u61c9\u5c0d\u7d44", "\u65e5\u672c\u751f\u985e\u5275\u7814"], "status": "ONLINE"}, "votes": [{"id": "5010943", "name": "EbertLee", "vote": "UV"}, {"id": "4357011", "name": "feitag", "vote": "UV"}, {"id": "5275077", "name": "Glutton66", "vote": "UV"}, {"id": "5040174", "name": "JHUO YUN YING", "vote": "UV"}, {"id": "5230135", "name": "Kaze Yang", "vote": "UV"}, {"id": "5684299", "name": "kingdom war", "vote": "UV"}, {"id": "3979351", "name": "minmasterqw", "vote": "UV"}, {"id": "4107284", "name": "Unihedron", "vote": "UV"}], "rating": 8, "votes_jstf": [{"id": "5010943", "name": "EbertLee", "vote": "UV"}, {"id": "4357011", "name": "feitag", "vote": "UV"}, {"id": "5275077", "name": "Glutton66", "vote": "UV"}, {"id": "5040174", "name": "JHUO YUN YING", "vote": "UV"}, {"id": "5230135", "name": "Kaze Yang", "vote": "UV"}, {"id": "5684299", "name": "kingdom war", "vote": "UV"}, {"id": "3979351", "name": "minmasterqw", "vote": "UV"}, {"id": "4107284", "name": "Unihedron", "vote": "UV"}], "rating_jstf": 8, "votes_removed": [], "rating_removed": 0, "viability": true}