{"page_info": {"created_at": "1555159295", "created_by_id": "3979351", "name": "scp-2172", "rating_vote": "4", "rating": "4", "tags": ["en", "safe", "scp", "\u5730\u5e73\u7dda\u5021\u8b70", "\u5b97\u6559", "\u6587\u737b", "\u6d77\u7063", "\u7ffb\u8b6f", "\u96fb\u529b"], "status": "ONLINE"}, "votes": [{"id": "4990678", "name": "Dr V Valentine", "vote": "UV"}, {"id": "3788228", "name": "ETHEM", "vote": "UV"}, {"id": "4442284", "name": "Sigtina", "vote": "UV"}, {"id": "5039979", "name": "Starkidoky", "vote": "UV"}], "rating": 4, "votes_jstf": [{"id": "4990678", "name": "Dr V Valentine", "vote": "UV"}, {"id": "3788228", "name": "ETHEM", "vote": "UV"}, {"id": "4442284", "name": "Sigtina", "vote": "UV"}, {"id": "5039979", "name": "Starkidoky", "vote": "UV"}], "rating_jstf": 4, "votes_removed": [], "rating_removed": 0, "viability": true}