{"page_info": {"created_at": "1555849623", "created_by_id": "3979351", "name": "scp-901-th", "rating_vote": "4", "rating": "4", "tags": ["safe", "scp", "th", "\u4e8c\u6b21\u7ffb\u8b6f", "\u4eba\u5f62", "\u4eba\u9020\u7269\u54c1", "\u6575\u5c0d", "\u670d\u88dd", "\u795e\u7d93", "\u7cbe\u795e\u5f71\u97ff", "\u7ffb\u8b6f", "\u85dd\u8853\u6027"], "status": "ONLINE"}, "votes": [{"id": "4990678", "name": "Dr V Valentine", "vote": "UV"}, {"id": "5010943", "name": "EbertLee", "vote": "UV"}, {"id": "5275077", "name": "Glutton66", "vote": "UV"}, {"id": "6783502", "name": "TFKTKC", "vote": "UV"}], "rating": 4, "votes_jstf": [{"id": "4990678", "name": "Dr V Valentine", "vote": "UV"}, {"id": "5010943", "name": "EbertLee", "vote": "UV"}, {"id": "5275077", "name": "Glutton66", "vote": "UV"}, {"id": "6783502", "name": "TFKTKC", "vote": "UV"}], "rating_jstf": 4, "votes_removed": [], "rating_removed": 0, "viability": true}