{"page_info": {"created_at": "1555754240", "created_by_id": "4990678", "name": "scp-zh-618", "rating_vote": "41", "rating": "41", "tags": ["safe", "scp", "site-zh-02", "\u539f\u5275", "\u5730\u4e0b\u8857", "\u751f\u7269\u6027", "\u7e41\u5ee3"], "status": "ONLINE"}, "votes": [{"id": "5325850", "name": "AbyssDream", "vote": "UV"}, {"id": "5663596", "name": "Agent_REXPX", "vote": "UV"}, {"id": "4264056", "name": "Aindavis_817", "vote": "UV"}, {"id": "5218607", "name": "argentum Luna", "vote": "UV"}, {"id": "4352548", "name": "BarkAPuppy", "vote": "UV"}, {"id": "5013973", "name": "Boooonta", "vote": "UV"}, {"id": "5085036", "name": "cassiuslouis", "vote": "UV"}, {"id": "4213515", "name": "ChAoS_UnItY", "vote": "UV"}, {"id": "5956873", "name": "Chromeblushowo ", "vote": "UV"}, {"id": "5565302", "name": "Control Z", "vote": "UV"}, {"id": "5010943", "name": "EbertLee", "vote": "UV"}, {"id": "5040419", "name": "eternal2018", "vote": "UV"}, {"id": "4909183", "name": "fourfish1123", "vote": "UV"}, {"id": "5275077", "name": "Glutton66", "vote": "UV"}, {"id": "5252281", "name": "Hildebrand", "vote": "UV"}, {"id": "5987568", "name": "Jetttttt", "vote": "UV"}, {"id": "5040174", "name": "JHUO YUN YING", "vote": "UV"}, {"id": "7840542", "name": "Just grass", "vote": "UV"}, {"id": "7513990", "name": "KaiTenno", "vote": "UV"}, {"id": "5230135", "name": "Kaze Yang", "vote": "UV"}, {"id": "5633735", "name": "Leslie Flourite", "vote": "UV"}, {"id": "5381720", "name": "Liliko Diana Brown", "vote": "UV"}, {"id": "5318909", "name": "Lindust", "vote": "UV"}, {"id": "5334590", "name": "Lostwhat", "vote": "UV"}, {"id": "6091157", "name": "LuLu_Lucifelle", "vote": "UV"}, {"id": "4671772", "name": "Maugu Tang", "vote": "UV"}, {"id": "5428286", "name": "Meow the Maple", "vote": "UV"}, {"id": "3979351", "name": "minmasterqw", "vote": "UV"}, {"id": "5295260", "name": "MountainFern", "vote": "UV"}, {"id": "5435485", "name": "SamScript", "vote": "UV"}, {"id": "4239775", "name": "Semibreve", "vote": "UV"}, {"id": "6369875", "name": "Sensenca12", "vote": "UV"}, {"id": "5334919", "name": "sovietRussiabest", "vote": "UV"}, {"id": "5039979", "name": "Starkidoky", "vote": "UV"}, {"id": "4107284", "name": "Unihedron", "vote": "UV"}, {"id": "5150230", "name": "UraniumSanchez", "vote": "UV"}, {"id": "3981670", "name": "Viken-K", "vote": "UV"}, {"id": "5415046", "name": "vomiter", "vote": "UV"}, {"id": "5817419", "name": "Xina Harwood", "vote": "UV"}, {"id": "6678442", "name": "zqgk2001", "vote": "UV"}], "rating": 41, "votes_jstf": [{"id": "5325850", "name": "AbyssDream", "vote": "UV"}, {"id": "5663596", "name": "Agent_REXPX", "vote": "UV"}, {"id": "4264056", "name": "Aindavis_817", "vote": "UV"}, {"id": "5218607", "name": "argentum Luna", "vote": "UV"}, {"id": "4352548", "name": "BarkAPuppy", "vote": "UV"}, {"id": "5013973", "name": "Boooonta", "vote": "UV"}, {"id": "5085036", "name": "cassiuslouis", "vote": "UV"}, {"id": "4213515", "name": "ChAoS_UnItY", "vote": "UV"}, {"id": "5956873", "name": "Chromeblushowo ", "vote": "UV"}, {"id": "5565302", "name": "Control Z", "vote": "UV"}, {"id": "5010943", "name": "EbertLee", "vote": "UV"}, {"id": "5040419", "name": "eternal2018", "vote": "UV"}, {"id": "4909183", "name": "fourfish1123", "vote": "UV"}, {"id": "5275077", "name": "Glutton66", "vote": "UV"}, {"id": "5252281", "name": "Hildebrand", "vote": "UV"}, {"id": "5987568", "name": "Jetttttt", "vote": "UV"}, {"id": "5040174", "name": "JHUO YUN YING", "vote": "UV"}, {"id": "7840542", "name": "Just grass", "vote": "UV"}, {"id": "7513990", "name": "KaiTenno", "vote": "UV"}, {"id": "5230135", "name": "Kaze Yang", "vote": "UV"}, {"id": "5633735", "name": "Leslie Flourite", "vote": "UV"}, {"id": "5381720", "name": "Liliko Diana Brown", "vote": "UV"}, {"id": "5318909", "name": "Lindust", "vote": "UV"}, {"id": "5334590", "name": "Lostwhat", "vote": "UV"}, {"id": "6091157", "name": "LuLu_Lucifelle", "vote": "UV"}, {"id": "4671772", "name": "Maugu Tang", "vote": "UV"}, {"id": "5428286", "name": "Meow the Maple", "vote": "UV"}, {"id": "3979351", "name": "minmasterqw", "vote": "UV"}, {"id": "5295260", "name": "MountainFern", "vote": "UV"}, {"id": "5435485", "name": "SamScript", "vote": "UV"}, {"id": "4239775", "name": "Semibreve", "vote": "UV"}, {"id": "6369875", "name": "Sensenca12", "vote": "UV"}, {"id": "5334919", "name": "sovietRussiabest", "vote": "UV"}, {"id": "5039979", "name": "Starkidoky", "vote": "UV"}, {"id": "4107284", "name": "Unihedron", "vote": "UV"}, {"id": "5150230", "name": "UraniumSanchez", "vote": "UV"}, {"id": "3981670", "name": "Viken-K", "vote": "UV"}, {"id": "5415046", "name": "vomiter", "vote": "UV"}, {"id": "5817419", "name": "Xina Harwood", "vote": "UV"}, {"id": "6678442", "name": "zqgk2001", "vote": "UV"}], "rating_jstf": 40, "votes_removed": [{"id": "DELETED", "name": "DELETED", "vote": "UV"}], "rating_removed": 1, "viability": true}