{"page_info": {"created_at": "1555926806", "created_by_id": "4213515", "name": "djkaktus-s-proposal-ii", "rating_vote": "8", "rating": "8", "tags": ["001\u63d0\u6848", "en", "en-\u672b\u65e52018", "keter", "k\u7d1a\u60c5\u666f", "scp", "\u4e0d\u53ef\u79fb\u52d5", "\u4eba\u5f62", "\u53cd\u71b5", "\u57fa\u91d1\u6703\u88fd\u9020", "\u611f\u77e5\u529b", "\u667a\u80fd", "\u7ffb\u8b6f", "\u8d85\u7dad\u5ea6", "\u91cd\u529b\u5f71\u97ff"], "status": "ONLINE"}, "votes": [{"id": "5325850", "name": "AbyssDream", "vote": "UV"}, {"id": "5344757", "name": "Bales20147", "vote": "UV"}, {"id": "4990678", "name": "Dr V Valentine", "vote": "UV"}, {"id": "5010943", "name": "EbertLee", "vote": "UV"}, {"id": "3979351", "name": "minmasterqw", "vote": "UV"}, {"id": "5013754", "name": "ting129", "vote": "UV"}, {"id": "4107284", "name": "Unihedron", "vote": "UV"}, {"id": "3981670", "name": "Viken-K", "vote": "UV"}], "rating": 8, "votes_jstf": [{"id": "5325850", "name": "AbyssDream", "vote": "UV"}, {"id": "5344757", "name": "Bales20147", "vote": "UV"}, {"id": "4990678", "name": "Dr V Valentine", "vote": "UV"}, {"id": "5010943", "name": "EbertLee", "vote": "UV"}, {"id": "3979351", "name": "minmasterqw", "vote": "UV"}, {"id": "5013754", "name": "ting129", "vote": "UV"}, {"id": "4107284", "name": "Unihedron", "vote": "UV"}, {"id": "3981670", "name": "Viken-K", "vote": "UV"}], "rating_jstf": 8, "votes_removed": [], "rating_removed": 0, "viability": true}