{"page_info": {"created_at": "1555752921", "created_by_id": "4990678", "name": "scp-zh-510", "rating_vote": "10", "rating": "10", "tags": ["lofia", "safe", "scp", "\u4eba\u9020\u7269\u54c1", "\u539f\u5275"], "status": "ONLINE"}, "votes": [{"id": "3977603", "name": "ChiFong", "vote": "UV"}, {"id": "5565302", "name": "Control Z", "vote": "UV"}, {"id": "4990678", "name": "Dr V Valentine", "vote": "UV"}, {"id": "5010943", "name": "EbertLee", "vote": "UV"}, {"id": "5484164", "name": "Elsing", "vote": "UV"}, {"id": "5040174", "name": "JHUO YUN YING", "vote": "UV"}, {"id": "5230135", "name": "Kaze Yang", "vote": "UV"}, {"id": "4144669", "name": "Ogoat", "vote": "UV"}, {"id": "5435485", "name": "SamScript", "vote": "UV"}, {"id": "5150230", "name": "UraniumSanchez", "vote": "UV"}], "rating": 10, "votes_jstf": [{"id": "3977603", "name": "ChiFong", "vote": "UV"}, {"id": "5565302", "name": "Control Z", "vote": "UV"}, {"id": "4990678", "name": "Dr V Valentine", "vote": "UV"}, {"id": "5010943", "name": "EbertLee", "vote": "UV"}, {"id": "5484164", "name": "Elsing", "vote": "UV"}, {"id": "5040174", "name": "JHUO YUN YING", "vote": "UV"}, {"id": "5230135", "name": "Kaze Yang", "vote": "UV"}, {"id": "4144669", "name": "Ogoat", "vote": "UV"}, {"id": "5435485", "name": "SamScript", "vote": "UV"}, {"id": "5150230", "name": "UraniumSanchez", "vote": "UV"}], "rating_jstf": 10, "votes_removed": [], "rating_removed": 0, "viability": true}