{"page_info": {"created_at": "1555752697", "created_by_id": "4239775", "name": "wilson-s-wildlife-solutions-hub", "rating_vote": "6", "rating": "6", "tags": ["en", "\u4e2d\u5fc3", "\u5a01\u723e\u905c\u751f\u7269\u61c9\u5c0d\u7d44", "\u7ffb\u8b6f"], "status": "ONLINE"}, "votes": [{"id": "4213515", "name": "ChAoS_UnItY", "vote": "UV"}, {"id": "6952002", "name": "k1s10r0db00ne", "vote": "UV"}, {"id": "5684299", "name": "kingdom war", "vote": "UV"}, {"id": "3979351", "name": "minmasterqw", "vote": "UV"}, {"id": "6607068", "name": "Rodan Huang", "vote": "UV"}, {"id": "5150230", "name": "UraniumSanchez", "vote": "UV"}], "rating": 6, "votes_jstf": [{"id": "4213515", "name": "ChAoS_UnItY", "vote": "UV"}, {"id": "6952002", "name": "k1s10r0db00ne", "vote": "UV"}, {"id": "5684299", "name": "kingdom war", "vote": "UV"}, {"id": "3979351", "name": "minmasterqw", "vote": "UV"}, {"id": "6607068", "name": "Rodan Huang", "vote": "UV"}, {"id": "5150230", "name": "UraniumSanchez", "vote": "UV"}], "rating_jstf": 6, "votes_removed": [], "rating_removed": 0, "viability": true}