{"page_info": {"created_at": "1555212195", "created_by_id": "4213515", "name": "scp-zh-009", "rating_vote": "29", "rating": "21", "tags": ["safe", "scp", "site-zh-02", "\u539f\u5275", "\u5730\u4e0b\u8857", "\u71b1\u91cf\u5f71\u97ff", "\u98df\u7269"], "status": "ONLINE"}, "votes": [{"id": "4352548", "name": "BarkAPuppy", "vote": "DV"}, {"id": "5365629", "name": "Ceis unlift", "vote": "UV"}, {"id": "5956873", "name": "Chromeblushowo ", "vote": "UV"}, {"id": "5572913", "name": "D-2074", "vote": "UV"}, {"id": "4990678", "name": "Dr V Valentine", "vote": "UV"}, {"id": "5010943", "name": "EbertLee", "vote": "UV"}, {"id": "4357011", "name": "feitag", "vote": "DV"}, {"id": "7027183", "name": "H7Kharifel", "vote": "UV"}, {"id": "5411945", "name": "Iopjn Iome", "vote": "UV"}, {"id": "5987568", "name": "Jetttttt", "vote": "UV"}, {"id": "5428435", "name": "Jhih", "vote": "UV"}, {"id": "5322372", "name": "Jin Zi", "vote": "UV"}, {"id": "7513990", "name": "KaiTenno", "vote": "UV"}, {"id": "6258289", "name": "KarlKaku", "vote": "UV"}, {"id": "5312713", "name": "MATENO", "vote": "UV"}, {"id": "6303274", "name": "Naxsor", "vote": "UV"}, {"id": "6459420", "name": "October Lemon", "vote": "UV"}, {"id": "4474355", "name": "PeiWeiArtz", "vote": "UV"}, {"id": "2797113", "name": "plutocat", "vote": "DV"}, {"id": "6690335", "name": "Red Paint", "vote": "UV"}, {"id": "5435485", "name": "SamScript", "vote": "UV"}, {"id": "5141810", "name": "SeanTsao", "vote": "UV"}, {"id": "4239775", "name": "Semibreve", "vote": "UV"}, {"id": "5341777", "name": "Shizumi", "vote": "UV"}, {"id": "5039979", "name": "Starkidoky", "vote": "UV"}, {"id": "5013754", "name": "ting129", "vote": "UV"}, {"id": "5415046", "name": "vomiter", "vote": "DV"}, {"id": "5817419", "name": "Xina Harwood", "vote": "UV"}], "rating": 21, "votes_jstf": [{"id": "4352548", "name": "BarkAPuppy", "vote": "DV"}, {"id": "5365629", "name": "Ceis unlift", "vote": "UV"}, {"id": "5956873", "name": "Chromeblushowo ", "vote": "UV"}, {"id": "5572913", "name": "D-2074", "vote": "UV"}, {"id": "4990678", "name": "Dr V Valentine", "vote": "UV"}, {"id": "5010943", "name": "EbertLee", "vote": "UV"}, {"id": "4357011", "name": "feitag", "vote": "DV"}, {"id": "7027183", "name": "H7Kharifel", "vote": "UV"}, {"id": "5411945", "name": "Iopjn Iome", "vote": "UV"}, {"id": "5987568", "name": "Jetttttt", "vote": "UV"}, {"id": "5428435", "name": "Jhih", "vote": "UV"}, {"id": "5322372", "name": "Jin Zi", "vote": "UV"}, {"id": "7513990", "name": "KaiTenno", "vote": "UV"}, {"id": "6258289", "name": "KarlKaku", "vote": "UV"}, {"id": "5312713", "name": "MATENO", "vote": "UV"}, {"id": "6303274", "name": "Naxsor", "vote": "UV"}, {"id": "6459420", "name": "October Lemon", "vote": "UV"}, {"id": "4474355", "name": "PeiWeiArtz", "vote": "UV"}, {"id": "2797113", "name": "plutocat", "vote": "DV"}, {"id": "6690335", "name": "Red Paint", "vote": "UV"}, {"id": "5435485", "name": "SamScript", "vote": "UV"}, {"id": "5141810", "name": "SeanTsao", "vote": "UV"}, {"id": "4239775", "name": "Semibreve", "vote": "UV"}, {"id": "5341777", "name": "Shizumi", "vote": "UV"}, {"id": "5039979", "name": "Starkidoky", "vote": "UV"}, {"id": "5013754", "name": "ting129", "vote": "UV"}, {"id": "5415046", "name": "vomiter", "vote": "DV"}, {"id": "5817419", "name": "Xina Harwood", "vote": "UV"}], "rating_jstf": 20, "votes_removed": [{"id": "DELETED", "name": "DELETED", "vote": "UV"}], "rating_removed": 1, "viability": true}