{"page_info": {"created_at": "1555760023", "created_by_id": "3979351", "name": "scp-404-jp", "rating_vote": "11", "rating": "11", "tags": ["jp", "meta", "safe", "scp", "\u4e8c\u6b21\u7ffb\u8b6f", "\u5a92\u9ad4", "\u6587\u737b", "\u7ffb\u8b6f", "\u8a18\u61b6\u5f71\u97ff"], "status": "ONLINE"}, "votes": [{"id": "4609483", "name": "Anyone you think ", "vote": "UV"}, {"id": "4990678", "name": "Dr V Valentine", "vote": "UV"}, {"id": "5010943", "name": "EbertLee", "vote": "UV"}, {"id": "5275077", "name": "Glutton66", "vote": "UV"}, {"id": "4913214", "name": "Halasha", "vote": "UV"}, {"id": "7513990", "name": "KaiTenno", "vote": "UV"}, {"id": "4128767", "name": "Mimaomao", "vote": "UV"}, {"id": "6690335", "name": "Red Paint", "vote": "UV"}, {"id": "6980791", "name": "Thanksforhelping", "vote": "UV"}, {"id": "5013754", "name": "ting129", "vote": "UV"}, {"id": "3981670", "name": "Viken-K", "vote": "UV"}], "rating": 11, "votes_jstf": [{"id": "4609483", "name": "Anyone you think ", "vote": "UV"}, {"id": "4990678", "name": "Dr V Valentine", "vote": "UV"}, {"id": "5010943", "name": "EbertLee", "vote": "UV"}, {"id": "5275077", "name": "Glutton66", "vote": "UV"}, {"id": "4913214", "name": "Halasha", "vote": "UV"}, {"id": "7513990", "name": "KaiTenno", "vote": "UV"}, {"id": "4128767", "name": "Mimaomao", "vote": "UV"}, {"id": "6690335", "name": "Red Paint", "vote": "UV"}, {"id": "6980791", "name": "Thanksforhelping", "vote": "UV"}, {"id": "5013754", "name": "ting129", "vote": "UV"}, {"id": "3981670", "name": "Viken-K", "vote": "UV"}], "rating_jstf": 11, "votes_removed": [], "rating_removed": 0, "viability": true}