{"page_info": {"created_at": "1555161844", "created_by_id": "3979351", "name": "macro-7happy7-proposal", "rating_vote": "29", "rating": "29", "tags": ["int", "scp", "\u5408\u8457", "\u641e\u7b11", "\u6a5f\u5bc6\u5206\u7d1a", "\u7ffb\u8b6f"], "status": "ONLINE"}, "votes": [{"id": "5344757", "name": "Bales20147", "vote": "UV"}, {"id": "3699277", "name": "BenjaminChong", "vote": "UV"}, {"id": "4213515", "name": "ChAoS_UnItY", "vote": "UV"}, {"id": "5956873", "name": "Chromeblushowo ", "vote": "UV"}, {"id": "5565302", "name": "Control Z", "vote": "UV"}, {"id": "4990678", "name": "Dr V Valentine", "vote": "UV"}, {"id": "5010943", "name": "EbertLee", "vote": "UV"}, {"id": "5422432", "name": "Egg Head", "vote": "UV"}, {"id": "6503482", "name": "EmptyName723", "vote": "UV"}, {"id": "6376768", "name": "Freudewald", "vote": "UV"}, {"id": "5701756", "name": "Jimmypong10", "vote": "UV"}, {"id": "5237516", "name": "K the intern", "vote": "UV"}, {"id": "6091157", "name": "LuLu_Lucifelle", "vote": "UV"}, {"id": "6787405", "name": "Mang Gwan", "vote": "UV"}, {"id": "5653267", "name": "Nihilmace", "vote": "UV"}, {"id": "5251681", "name": "NocturnalT", "vote": "UV"}, {"id": "4474355", "name": "PeiWeiArtz", "vote": "UV"}, {"id": "5238833", "name": "RahRah1997325", "vote": "UV"}, {"id": "7064164", "name": "rejth", "vote": "UV"}, {"id": "6788064", "name": "relena_xd", "vote": "UV"}, {"id": "5255954", "name": "Reverberate_a", "vote": "UV"}, {"id": "5039979", "name": "Starkidoky", "vote": "UV"}, {"id": "6980791", "name": "Thanksforhelping", "vote": "UV"}, {"id": "5013754", "name": "ting129", "vote": "UV"}, {"id": "4107284", "name": "Unihedron", "vote": "UV"}, {"id": "4640859", "name": "Waltsai", "vote": "UV"}, {"id": "7313177", "name": "YTtoung", "vote": "UV"}, {"id": "5454699", "name": "ZH_mercury", "vote": "UV"}], "rating": 29, "votes_jstf": [{"id": "5344757", "name": "Bales20147", "vote": "UV"}, {"id": "3699277", "name": "BenjaminChong", "vote": "UV"}, {"id": "4213515", "name": "ChAoS_UnItY", "vote": "UV"}, {"id": "5956873", "name": "Chromeblushowo ", "vote": "UV"}, {"id": "5565302", "name": "Control Z", "vote": "UV"}, {"id": "4990678", "name": "Dr V Valentine", "vote": "UV"}, {"id": "5010943", "name": "EbertLee", "vote": "UV"}, {"id": "5422432", "name": "Egg Head", "vote": "UV"}, {"id": "6503482", "name": "EmptyName723", "vote": "UV"}, {"id": "6376768", "name": "Freudewald", "vote": "UV"}, {"id": "5701756", "name": "Jimmypong10", "vote": "UV"}, {"id": "5237516", "name": "K the intern", "vote": "UV"}, {"id": "6091157", "name": "LuLu_Lucifelle", "vote": "UV"}, {"id": "6787405", "name": "Mang Gwan", "vote": "UV"}, {"id": "5653267", "name": "Nihilmace", "vote": "UV"}, {"id": "5251681", "name": "NocturnalT", "vote": "UV"}, {"id": "4474355", "name": "PeiWeiArtz", "vote": "UV"}, {"id": "5238833", "name": "RahRah1997325", "vote": "UV"}, {"id": "7064164", "name": "rejth", "vote": "UV"}, {"id": "6788064", "name": "relena_xd", "vote": "UV"}, {"id": "5255954", "name": "Reverberate_a", "vote": "UV"}, {"id": "5039979", "name": "Starkidoky", "vote": "UV"}, {"id": "6980791", "name": "Thanksforhelping", "vote": "UV"}, {"id": "5013754", "name": "ting129", "vote": "UV"}, {"id": "4107284", "name": "Unihedron", "vote": "UV"}, {"id": "4640859", "name": "Waltsai", "vote": "UV"}, {"id": "7313177", "name": "YTtoung", "vote": "UV"}, {"id": "5454699", "name": "ZH_mercury", "vote": "UV"}], "rating_jstf": 28, "votes_removed": [{"id": "DELETED", "name": "DELETED", "vote": "UV"}], "rating_removed": 1, "viability": true}