{"page_info": {"created_at": "1555591695", "created_by_id": "3979351", "name": "scp-682-j-james-coloring-book", "rating_vote": "9", "rating": "9", "tags": ["en", "\u5408\u4f5c", "\u7814\u7a76\u54e1james", "\u7ffb\u8b6f", "\u85dd\u8853\u4f5c\u54c1", "\u9644\u52a0\u8cc7\u6599"], "status": "ONLINE"}, "votes": [{"id": "5956873", "name": "Chromeblushowo ", "vote": "UV"}, {"id": "4990678", "name": "Dr V Valentine", "vote": "UV"}, {"id": "4076342", "name": "horizon fish", "vote": "UV"}, {"id": "4442284", "name": "Sigtina", "vote": "UV"}, {"id": "5039979", "name": "Starkidoky", "vote": "UV"}, {"id": "4701365", "name": "Thundereyes ", "vote": "UV"}, {"id": "5225164", "name": "WaterBrich", "vote": "UV"}, {"id": "4351112", "name": "Yu Ken Dai", "vote": "UV"}, {"id": "7226401", "name": "ZoeLin", "vote": "UV"}], "rating": 9, "votes_jstf": [{"id": "5956873", "name": "Chromeblushowo ", "vote": "UV"}, {"id": "4990678", "name": "Dr V Valentine", "vote": "UV"}, {"id": "4076342", "name": "horizon fish", "vote": "UV"}, {"id": "4442284", "name": "Sigtina", "vote": "UV"}, {"id": "5039979", "name": "Starkidoky", "vote": "UV"}, {"id": "4701365", "name": "Thundereyes ", "vote": "UV"}, {"id": "5225164", "name": "WaterBrich", "vote": "UV"}, {"id": "4351112", "name": "Yu Ken Dai", "vote": "UV"}, {"id": "7226401", "name": "ZoeLin", "vote": "UV"}], "rating_jstf": 9, "votes_removed": [], "rating_removed": 0, "viability": true}