{"page_info": {"created_at": "1555300780", "created_by_id": "5010943", "name": "scp-073", "rating_vote": "10", "rating": "10", "tags": ["en", "euclid", "scp", "\u4e0d\u53ef\u6467\u6bc0", "\u4e9e\u4f2f", "\u4eba\u5f62", "\u611f\u77e5\u529b", "\u667a\u80fd", "\u6d3b\u7269", "\u7ffb\u8b6f", "\u8089\u98df\u6027", "\u8a72\u96b1", "\u91d1\u5c6c", "\u96d5\u523b"], "status": "ONLINE"}, "votes": [{"id": "4213515", "name": "ChAoS_UnItY", "vote": "UV"}, {"id": "5232235", "name": "CheeseRice", "vote": "UV"}, {"id": "4990678", "name": "Dr V Valentine", "vote": "UV"}, {"id": "5230881", "name": "Jane0314", "vote": "UV"}, {"id": "7513990", "name": "KaiTenno", "vote": "UV"}, {"id": "4607540", "name": "Kunokun", "vote": "UV"}, {"id": "3979351", "name": "minmasterqw", "vote": "UV"}, {"id": "4474355", "name": "PeiWeiArtz", "vote": "UV"}, {"id": "5039979", "name": "Starkidoky", "vote": "UV"}, {"id": "6980791", "name": "Thanksforhelping", "vote": "UV"}], "rating": 10, "votes_jstf": [{"id": "4213515", "name": "ChAoS_UnItY", "vote": "UV"}, {"id": "5232235", "name": "CheeseRice", "vote": "UV"}, {"id": "4990678", "name": "Dr V Valentine", "vote": "UV"}, {"id": "5230881", "name": "Jane0314", "vote": "UV"}, {"id": "7513990", "name": "KaiTenno", "vote": "UV"}, {"id": "4607540", "name": "Kunokun", "vote": "UV"}, {"id": "3979351", "name": "minmasterqw", "vote": "UV"}, {"id": "4474355", "name": "PeiWeiArtz", "vote": "UV"}, {"id": "5039979", "name": "Starkidoky", "vote": "UV"}, {"id": "6980791", "name": "Thanksforhelping", "vote": "UV"}], "rating_jstf": 10, "votes_removed": [], "rating_removed": 0, "viability": true}