{"page_info": {"created_at": "1555753233", "created_by_id": "4990678", "name": "scp-zh-406", "rating_vote": "11", "rating": "11", "tags": ["keter", "scp", "site-zh-02", "\u539f\u5275", "\u9006\u6a21\u56e0"], "status": "ONLINE"}, "votes": [{"id": "4213515", "name": "ChAoS_UnItY", "vote": "UV"}, {"id": "3977603", "name": "ChiFong", "vote": "UV"}, {"id": "5324572", "name": "DarkDrongo", "vote": "UV"}, {"id": "4990678", "name": "Dr V Valentine", "vote": "UV"}, {"id": "5010943", "name": "EbertLee", "vote": "UV"}, {"id": "5040174", "name": "JHUO YUN YING", "vote": "UV"}, {"id": "7513990", "name": "KaiTenno", "vote": "UV"}, {"id": "3979351", "name": "minmasterqw", "vote": "UV"}, {"id": "4144669", "name": "Ogoat", "vote": "UV"}, {"id": "5238833", "name": "RahRah1997325", "vote": "UV"}, {"id": "5435485", "name": "SamScript", "vote": "UV"}], "rating": 11, "votes_jstf": [{"id": "4213515", "name": "ChAoS_UnItY", "vote": "UV"}, {"id": "3977603", "name": "ChiFong", "vote": "UV"}, {"id": "5324572", "name": "DarkDrongo", "vote": "UV"}, {"id": "4990678", "name": "Dr V Valentine", "vote": "UV"}, {"id": "5010943", "name": "EbertLee", "vote": "UV"}, {"id": "5040174", "name": "JHUO YUN YING", "vote": "UV"}, {"id": "7513990", "name": "KaiTenno", "vote": "UV"}, {"id": "3979351", "name": "minmasterqw", "vote": "UV"}, {"id": "4144669", "name": "Ogoat", "vote": "UV"}, {"id": "5238833", "name": "RahRah1997325", "vote": "UV"}, {"id": "5435485", "name": "SamScript", "vote": "UV"}], "rating_jstf": 11, "votes_removed": [], "rating_removed": 0, "viability": true}