{"page_info": {"created_at": "1555247246", "created_by_id": "5062193", "name": "scp-343", "rating_vote": "8", "rating": "4", "tags": ["en", "safe", "scp", "\u300c\u4e0a\u5e1d\u300d", "\u4eba\u5f62", "\u50b3\u9001", "\u5fc3\u9748\u611f\u61c9", "\u5ff5\u529b", "\u672c\u8cea\u4fc3\u52d5", "\u6d3b\u7269", "\u7cbe\u795e\u5f71\u97ff", "\u7ffb\u8b6f"], "status": "ONLINE"}, "votes": [{"id": "5729454", "name": "BossCat", "vote": "DV"}, {"id": "5687996", "name": "Chan Namsing", "vote": "UV"}, {"id": "4213515", "name": "ChAoS_UnItY", "vote": "UV"}, {"id": "7123264", "name": "DominicHo0905", "vote": "UV"}, {"id": "4990678", "name": "Dr V Valentine", "vote": "UV"}, {"id": "7513990", "name": "KaiTenno", "vote": "UV"}, {"id": "3979351", "name": "minmasterqw", "vote": "UV"}], "rating": 4, "votes_jstf": [{"id": "5729454", "name": "BossCat", "vote": "DV"}, {"id": "5687996", "name": "Chan Namsing", "vote": "UV"}, {"id": "4213515", "name": "ChAoS_UnItY", "vote": "UV"}, {"id": "7123264", "name": "DominicHo0905", "vote": "UV"}, {"id": "4990678", "name": "Dr V Valentine", "vote": "UV"}, {"id": "7513990", "name": "KaiTenno", "vote": "UV"}, {"id": "3979351", "name": "minmasterqw", "vote": "UV"}], "rating_jstf": 5, "votes_removed": [{"id": "DELETED", "name": "DELETED", "vote": "DV"}], "rating_removed": -1, "viability": true}