{"page_info": {"created_at": "1555119781", "created_by_id": "5039979", "name": "scp-283", "rating_vote": "2", "rating": "2", "tags": ["en", "safe", "scp", "\u77f3\u982d", "\u7ffb\u8b6f", "\u91cd\u529b\u5f71\u97ff"], "status": "ONLINE"}, "votes": [{"id": "4990678", "name": "Dr V Valentine", "vote": "UV"}, {"id": "3979351", "name": "minmasterqw", "vote": "UV"}], "rating": 2, "votes_jstf": [{"id": "4990678", "name": "Dr V Valentine", "vote": "UV"}, {"id": "3979351", "name": "minmasterqw", "vote": "UV"}], "rating_jstf": 2, "votes_removed": [], "rating_removed": 0, "viability": true}