{"page_info": {"created_at": "1555227401", "created_by_id": "4213515", "name": "eco-09", "rating_vote": "8", "rating": "8", "tags": ["goi\u683c\u5f0f", "site-zh-02", "\u539f\u5275", "\u9644\u52a0\u8cc7\u6599"], "status": "ONLINE"}, "votes": [{"id": "5956873", "name": "Chromeblushowo ", "vote": "UV"}, {"id": "4990678", "name": "Dr V Valentine", "vote": "UV"}, {"id": "5010943", "name": "EbertLee", "vote": "UV"}, {"id": "5684299", "name": "kingdom war", "vote": "UV"}, {"id": "3979351", "name": "minmasterqw", "vote": "UV"}, {"id": "4239775", "name": "Semibreve", "vote": "UV"}, {"id": "5225164", "name": "WaterBrich", "vote": "UV"}, {"id": "5817419", "name": "Xina Harwood", "vote": "UV"}], "rating": 8, "votes_jstf": [{"id": "5956873", "name": "Chromeblushowo ", "vote": "UV"}, {"id": "4990678", "name": "Dr V Valentine", "vote": "UV"}, {"id": "5010943", "name": "EbertLee", "vote": "UV"}, {"id": "5684299", "name": "kingdom war", "vote": "UV"}, {"id": "3979351", "name": "minmasterqw", "vote": "UV"}, {"id": "4239775", "name": "Semibreve", "vote": "UV"}, {"id": "5225164", "name": "WaterBrich", "vote": "UV"}, {"id": "5817419", "name": "Xina Harwood", "vote": "UV"}], "rating_jstf": 8, "votes_removed": [], "rating_removed": 0, "viability": true}