{"page_info": {"created_at": "1555556787", "created_by_id": "5039979", "name": "scp-2984", "rating_vote": "8", "rating": "6", "tags": ["en", "en-\u77ed\u6587\u7af6\u8cfd2015", "euclid", "scp", "\u52d5\u7269", "\u6d3b\u7269", "\u706b", "\u733f\u985e", "\u7ffb\u8b6f"], "status": "ONLINE"}, "votes": [{"id": "4990678", "name": "Dr V Valentine", "vote": "UV"}, {"id": "5275077", "name": "Glutton66", "vote": "UV"}, {"id": "3979351", "name": "minmasterqw", "vote": "UV"}, {"id": "4442284", "name": "Sigtina", "vote": "UV"}, {"id": "5150230", "name": "UraniumSanchez", "vote": "DV"}, {"id": "5225164", "name": "WaterBrich", "vote": "UV"}], "rating": 6, "votes_jstf": [{"id": "4990678", "name": "Dr V Valentine", "vote": "UV"}, {"id": "5275077", "name": "Glutton66", "vote": "UV"}, {"id": "3979351", "name": "minmasterqw", "vote": "UV"}, {"id": "4442284", "name": "Sigtina", "vote": "UV"}, {"id": "5150230", "name": "UraniumSanchez", "vote": "DV"}, {"id": "5225164", "name": "WaterBrich", "vote": "UV"}], "rating_jstf": 4, "votes_removed": [{"id": "DELETED", "name": "DELETED", "vote": "UV"}, {"id": "DELETED", "name": "DELETED", "vote": "UV"}], "rating_removed": 2, "viability": true}