{"page_info": {"created_at": "1555288647", "created_by_id": "5039979", "name": "scp-276", "rating_vote": "5", "rating": "5", "tags": ["en", "euclid", "scp", "\u6642\u9593\u5f71\u97ff", "\u7ffb\u8b6f", "\u8f09\u5177"], "status": "ONLINE"}, "votes": [{"id": "4990678", "name": "Dr V Valentine", "vote": "UV"}, {"id": "5010943", "name": "EbertLee", "vote": "UV"}, {"id": "3979351", "name": "minmasterqw", "vote": "UV"}, {"id": "7618181", "name": "Soh jing tao", "vote": "UV"}, {"id": "5225164", "name": "WaterBrich", "vote": "UV"}], "rating": 5, "votes_jstf": [{"id": "4990678", "name": "Dr V Valentine", "vote": "UV"}, {"id": "5010943", "name": "EbertLee", "vote": "UV"}, {"id": "3979351", "name": "minmasterqw", "vote": "UV"}, {"id": "7618181", "name": "Soh jing tao", "vote": "UV"}, {"id": "5225164", "name": "WaterBrich", "vote": "UV"}], "rating_jstf": 5, "votes_removed": [], "rating_removed": 0, "viability": true}