{"page_info": {"created_at": "1555842683", "created_by_id": "4128767", "name": "counseling-room", "rating_vote": "10", "rating": "2", "tags": ["site-zh-02", "\u539f\u5275", "\u6545\u4e8b"], "status": "ONLINE"}, "votes": [{"id": "4213515", "name": "ChAoS_UnItY", "vote": "UV"}, {"id": "5010943", "name": "EbertLee", "vote": "UV"}, {"id": "5338400", "name": "Heronflew", "vote": "DV"}, {"id": "6952002", "name": "k1s10r0db00ne", "vote": "DV"}, {"id": "5230135", "name": "Kaze Yang", "vote": "DV"}, {"id": "5339767", "name": "OliverCrisis", "vote": "UV"}, {"id": "4239775", "name": "Semibreve", "vote": "UV"}, {"id": "4442284", "name": "Sigtina", "vote": "UV"}, {"id": "5225164", "name": "WaterBrich", "vote": "UV"}, {"id": "4351112", "name": "Yu Ken Dai", "vote": "DV"}], "rating": 2, "votes_jstf": [{"id": "4213515", "name": "ChAoS_UnItY", "vote": "UV"}, {"id": "5010943", "name": "EbertLee", "vote": "UV"}, {"id": "5338400", "name": "Heronflew", "vote": "DV"}, {"id": "6952002", "name": "k1s10r0db00ne", "vote": "DV"}, {"id": "5230135", "name": "Kaze Yang", "vote": "DV"}, {"id": "5339767", "name": "OliverCrisis", "vote": "UV"}, {"id": "4239775", "name": "Semibreve", "vote": "UV"}, {"id": "4442284", "name": "Sigtina", "vote": "UV"}, {"id": "5225164", "name": "WaterBrich", "vote": "UV"}, {"id": "4351112", "name": "Yu Ken Dai", "vote": "DV"}], "rating_jstf": 2, "votes_removed": [], "rating_removed": 0, "viability": true}