{"page_info": {"created_at": "1555924941", "created_by_id": "3979351", "name": "scp-707", "rating_vote": "5", "rating": "3", "tags": ["en", "safe", "scp", "\u73a9\u5177", "\u7ffb\u8b6f", "\u8b8a\u5f62"], "status": "ONLINE"}, "votes": [{"id": "4990678", "name": "Dr V Valentine", "vote": "UV"}, {"id": "5010943", "name": "EbertLee", "vote": "UV"}, {"id": "5062193", "name": "KenNG", "vote": "UV"}, {"id": "5250623", "name": "MomijiAst", "vote": "DV"}, {"id": "4442284", "name": "Sigtina", "vote": "UV"}], "rating": 3, "votes_jstf": [{"id": "4990678", "name": "Dr V Valentine", "vote": "UV"}, {"id": "5010943", "name": "EbertLee", "vote": "UV"}, {"id": "5062193", "name": "KenNG", "vote": "UV"}, {"id": "5250623", "name": "MomijiAst", "vote": "DV"}, {"id": "4442284", "name": "Sigtina", "vote": "UV"}], "rating_jstf": 3, "votes_removed": [], "rating_removed": 0, "viability": true}