{"page_info": {"created_at": "1556131110", "created_by_id": "5255954", "name": "scp-408", "rating_vote": "7", "rating": "7", "tags": ["en", "kondraki\u535a\u58eb", "safe", "scp", "\u5c4d\u9ad4", "\u6606\u87f2", "\u6d3b\u7269", "\u7a7a\u4e2d", "\u7ffb\u8b6f", "\u8702\u5de2\u601d\u7dad", "\u9c57\u7fc5\u76ee"], "status": "ONLINE"}, "votes": [{"id": "4213515", "name": "ChAoS_UnItY", "vote": "UV"}, {"id": "4990678", "name": "Dr V Valentine", "vote": "UV"}, {"id": "5010943", "name": "EbertLee", "vote": "UV"}, {"id": "6127351", "name": "North Agate", "vote": "UV"}, {"id": "8033564", "name": "Red phosphorus", "vote": "UV"}, {"id": "5435485", "name": "SamScript", "vote": "UV"}, {"id": "4442284", "name": "Sigtina", "vote": "UV"}], "rating": 7, "votes_jstf": [{"id": "4213515", "name": "ChAoS_UnItY", "vote": "UV"}, {"id": "4990678", "name": "Dr V Valentine", "vote": "UV"}, {"id": "5010943", "name": "EbertLee", "vote": "UV"}, {"id": "6127351", "name": "North Agate", "vote": "UV"}, {"id": "8033564", "name": "Red phosphorus", "vote": "UV"}, {"id": "5435485", "name": "SamScript", "vote": "UV"}, {"id": "4442284", "name": "Sigtina", "vote": "UV"}], "rating_jstf": 7, "votes_removed": [], "rating_removed": 0, "viability": true}