{"page_info": {"created_at": "1556889025", "created_by_id": "4357011", "name": "the-seltzorcism", "rating_vote": "4", "rating": "4", "tags": ["en", "\u4e09\u6ce2\u7279\u862d", "\u5408\u8457", "\u6545\u4e8b", "\u6b6a\u677e", "\u7b2c\u4e09\u5b9a\u5f8b", "\u7ffb\u8b6f", "\u9e7f\u5b78\u9662"], "status": "ONLINE"}, "votes": [{"id": "4213515", "name": "ChAoS_UnItY", "vote": "UV"}, {"id": "4990678", "name": "Dr V Valentine", "vote": "UV"}, {"id": "5684299", "name": "kingdom war", "vote": "UV"}, {"id": "3979351", "name": "minmasterqw", "vote": "UV"}], "rating": 4, "votes_jstf": [{"id": "4213515", "name": "ChAoS_UnItY", "vote": "UV"}, {"id": "4990678", "name": "Dr V Valentine", "vote": "UV"}, {"id": "5684299", "name": "kingdom war", "vote": "UV"}, {"id": "3979351", "name": "minmasterqw", "vote": "UV"}], "rating_jstf": 4, "votes_removed": [], "rating_removed": 0, "viability": true}