{"page_info": {"created_at": "1556953000", "created_by_id": "4357011", "name": "updated-amnestics-guide", "rating_vote": "14", "rating": "14", "tags": ["en", "\u6545\u4e8b", "\u7ffb\u8b6f"], "status": "ONLINE"}, "votes": [{"id": "5013973", "name": "Boooonta", "vote": "UV"}, {"id": "5565302", "name": "Control Z", "vote": "UV"}, {"id": "4990678", "name": "Dr V Valentine", "vote": "UV"}, {"id": "5428435", "name": "Jhih", "vote": "UV"}, {"id": "6952002", "name": "k1s10r0db00ne", "vote": "UV"}, {"id": "5334590", "name": "Lostwhat", "vote": "UV"}, {"id": "3979351", "name": "minmasterqw", "vote": "UV"}, {"id": "5653267", "name": "Nihilmace", "vote": "UV"}, {"id": "8033564", "name": "Red phosphorus", "vote": "UV"}, {"id": "4442284", "name": "Sigtina", "vote": "UV"}, {"id": "5013754", "name": "ting129", "vote": "UV"}, {"id": "3981670", "name": "Viken-K", "vote": "UV"}, {"id": "5817419", "name": "Xina Harwood", "vote": "UV"}, {"id": "6082642", "name": "Yui611", "vote": "UV"}], "rating": 14, "votes_jstf": [{"id": "5013973", "name": "Boooonta", "vote": "UV"}, {"id": "5565302", "name": "Control Z", "vote": "UV"}, {"id": "4990678", "name": "Dr V Valentine", "vote": "UV"}, {"id": "5428435", "name": "Jhih", "vote": "UV"}, {"id": "6952002", "name": "k1s10r0db00ne", "vote": "UV"}, {"id": "5334590", "name": "Lostwhat", "vote": "UV"}, {"id": "3979351", "name": "minmasterqw", "vote": "UV"}, {"id": "5653267", "name": "Nihilmace", "vote": "UV"}, {"id": "8033564", "name": "Red phosphorus", "vote": "UV"}, {"id": "4442284", "name": "Sigtina", "vote": "UV"}, {"id": "5013754", "name": "ting129", "vote": "UV"}, {"id": "3981670", "name": "Viken-K", "vote": "UV"}, {"id": "5817419", "name": "Xina Harwood", "vote": "UV"}, {"id": "6082642", "name": "Yui611", "vote": "UV"}], "rating_jstf": 14, "votes_removed": [], "rating_removed": 0, "viability": true}