{"page_info": {"created_at": "1556628729", "created_by_id": "4913214", "name": "scp-2443", "rating_vote": "4", "rating": "4", "tags": ["en", "euclid", "scp", "\u4eba\u5f62", "\u6d3b\u7269", "\u751f\u6b96\u6027", "\u7570\u5e38\u79fb\u52d5", "\u7ffb\u8b6f"], "status": "ONLINE"}, "votes": [{"id": "4213515", "name": "ChAoS_UnItY", "vote": "UV"}, {"id": "4990678", "name": "Dr V Valentine", "vote": "UV"}, {"id": "5010943", "name": "EbertLee", "vote": "UV"}, {"id": "4913214", "name": "Halasha", "vote": "UV"}], "rating": 4, "votes_jstf": [{"id": "4213515", "name": "ChAoS_UnItY", "vote": "UV"}, {"id": "4990678", "name": "Dr V Valentine", "vote": "UV"}, {"id": "5010943", "name": "EbertLee", "vote": "UV"}, {"id": "4913214", "name": "Halasha", "vote": "UV"}], "rating_jstf": 4, "votes_removed": [], "rating_removed": 0, "viability": true}