{"page_info": {"created_at": "1556024436", "created_by_id": "4913214", "name": "scp-151", "rating_vote": "4", "rating": "4", "tags": ["en", "euclid", "scp", "\u6db2\u9ad4", "\u7ffb\u8b6f", "\u85dd\u8853\u6027", "\u8996\u89ba\u6027", "\u8a8d\u77e5\u5371\u5bb3"], "status": "ONLINE"}, "votes": [{"id": "4990678", "name": "Dr V Valentine", "vote": "UV"}, {"id": "5010943", "name": "EbertLee", "vote": "UV"}, {"id": "5255954", "name": "Reverberate_a", "vote": "UV"}, {"id": "4442284", "name": "Sigtina", "vote": "UV"}], "rating": 4, "votes_jstf": [{"id": "4990678", "name": "Dr V Valentine", "vote": "UV"}, {"id": "5010943", "name": "EbertLee", "vote": "UV"}, {"id": "5255954", "name": "Reverberate_a", "vote": "UV"}, {"id": "4442284", "name": "Sigtina", "vote": "UV"}], "rating_jstf": 4, "votes_removed": [], "rating_removed": 0, "viability": true}