{"page_info": {"created_at": "1556866282", "created_by_id": "5255954", "name": "the-liars-confession", "rating_vote": "5", "rating": "5", "tags": ["clef\u535a\u58eb", "gears\u535a\u58eb", "kondraki\u535a\u58eb", "ru", "\u570b\u969b", "\u6545\u4e8b", "\u7ffb\u8b6f", "\u97f3\u983b"], "status": "ONLINE"}, "votes": [{"id": "4213515", "name": "ChAoS_UnItY", "vote": "UV"}, {"id": "4990678", "name": "Dr V Valentine", "vote": "UV"}, {"id": "6545515", "name": "Happy meat", "vote": "UV"}, {"id": "3979351", "name": "minmasterqw", "vote": "UV"}, {"id": "6788064", "name": "relena_xd", "vote": "UV"}], "rating": 5, "votes_jstf": [{"id": "4213515", "name": "ChAoS_UnItY", "vote": "UV"}, {"id": "4990678", "name": "Dr V Valentine", "vote": "UV"}, {"id": "6545515", "name": "Happy meat", "vote": "UV"}, {"id": "3979351", "name": "minmasterqw", "vote": "UV"}, {"id": "6788064", "name": "relena_xd", "vote": "UV"}], "rating_jstf": 5, "votes_removed": [], "rating_removed": 0, "viability": true}