{"page_info": {"created_at": "1556181551", "created_by_id": "4213515", "name": "scp-zh-583", "rating_vote": "15", "rating": "13", "tags": ["keter", "scp", "\u539f\u5275", "\u6642\u7a7a", "\u6642\u9418"], "status": "ONLINE"}, "votes": [{"id": "4264056", "name": "Aindavis_817", "vote": "UV"}, {"id": "4548860", "name": "Bochy", "vote": "UV"}, {"id": "5355920", "name": "cojawdvgyj1", "vote": "UV"}, {"id": "3958712", "name": "D-8700", "vote": "DV"}, {"id": "4990678", "name": "Dr V Valentine", "vote": "UV"}, {"id": "5010943", "name": "EbertLee", "vote": "UV"}, {"id": "4268388", "name": "LSRay", "vote": "UV"}, {"id": "3979351", "name": "minmasterqw", "vote": "UV"}, {"id": "5230621", "name": "Pudding_Boy", "vote": "UV"}, {"id": "5334919", "name": "sovietRussiabest", "vote": "UV"}, {"id": "5013754", "name": "ting129", "vote": "UV"}, {"id": "2854925", "name": "Um4vm06", "vote": "UV"}, {"id": "5225164", "name": "WaterBrich", "vote": "UV"}, {"id": "5223229", "name": "Wupaispanda", "vote": "UV"}], "rating": 13, "votes_jstf": [{"id": "4264056", "name": "Aindavis_817", "vote": "UV"}, {"id": "4548860", "name": "Bochy", "vote": "UV"}, {"id": "5355920", "name": "cojawdvgyj1", "vote": "UV"}, {"id": "3958712", "name": "D-8700", "vote": "DV"}, {"id": "4990678", "name": "Dr V Valentine", "vote": "UV"}, {"id": "5010943", "name": "EbertLee", "vote": "UV"}, {"id": "4268388", "name": "LSRay", "vote": "UV"}, {"id": "3979351", "name": "minmasterqw", "vote": "UV"}, {"id": "5230621", "name": "Pudding_Boy", "vote": "UV"}, {"id": "5334919", "name": "sovietRussiabest", "vote": "UV"}, {"id": "5013754", "name": "ting129", "vote": "UV"}, {"id": "2854925", "name": "Um4vm06", "vote": "UV"}, {"id": "5225164", "name": "WaterBrich", "vote": "UV"}, {"id": "5223229", "name": "Wupaispanda", "vote": "UV"}], "rating_jstf": 12, "votes_removed": [{"id": "DELETED", "name": "DELETED", "vote": "UV"}], "rating_removed": 1, "viability": true}