{"page_info": {"created_at": "1556531492", "created_by_id": "4357011", "name": "about-deer", "rating_vote": "5", "rating": "5", "tags": ["en", "\u4e09\u6ce2\u7279\u862d", "\u6545\u4e8b", "\u6b32\u8089\u6559", "\u7ffb\u8b6f", "\u9e7f\u5b78\u9662"], "status": "ONLINE"}, "votes": [{"id": "4990678", "name": "Dr V Valentine", "vote": "UV"}, {"id": "5010943", "name": "EbertLee", "vote": "UV"}, {"id": "5318909", "name": "Lindust", "vote": "UV"}, {"id": "3979351", "name": "minmasterqw", "vote": "UV"}], "rating": 5, "votes_jstf": [{"id": "4990678", "name": "Dr V Valentine", "vote": "UV"}, {"id": "5010943", "name": "EbertLee", "vote": "UV"}, {"id": "5318909", "name": "Lindust", "vote": "UV"}, {"id": "3979351", "name": "minmasterqw", "vote": "UV"}], "rating_jstf": 4, "votes_removed": [{"id": "DELETED", "name": "DELETED", "vote": "UV"}], "rating_removed": 1, "viability": true}