{"page_info": {"created_at": "1556200258", "created_by_id": "3981670", "name": "scp-zh-477", "rating_vote": "18", "rating": "14", "tags": ["apoyn\u535a\u58eb", "keter", "scp", "\u539f\u5275"], "status": "ONLINE"}, "votes": [{"id": "4264056", "name": "Aindavis_817", "vote": "UV"}, {"id": "4880916", "name": "Amano Ai", "vote": "UV"}, {"id": "5344757", "name": "Bales20147", "vote": "UV"}, {"id": "4548860", "name": "Bochy", "vote": "UV"}, {"id": "4213515", "name": "ChAoS_UnItY", "vote": "UV"}, {"id": "5565302", "name": "Control Z", "vote": "UV"}, {"id": "4990678", "name": "Dr V Valentine", "vote": "UV"}, {"id": "5010943", "name": "EbertLee", "vote": "UV"}, {"id": "4357011", "name": "feitag", "vote": "DV"}, {"id": "5275077", "name": "Glutton66", "vote": "DV"}, {"id": "6258289", "name": "KarlKaku", "vote": "UV"}, {"id": "6091157", "name": "LuLu_Lucifelle", "vote": "UV"}, {"id": "3979351", "name": "minmasterqw", "vote": "UV"}, {"id": "5238833", "name": "RahRah1997325", "vote": "UV"}, {"id": "4239775", "name": "Semibreve", "vote": "UV"}, {"id": "5013754", "name": "ting129", "vote": "UV"}, {"id": "5454699", "name": "ZH_mercury", "vote": "UV"}], "rating": 14, "votes_jstf": [{"id": "4264056", "name": "Aindavis_817", "vote": "UV"}, {"id": "4880916", "name": "Amano Ai", "vote": "UV"}, {"id": "5344757", "name": "Bales20147", "vote": "UV"}, {"id": "4548860", "name": "Bochy", "vote": "UV"}, {"id": "4213515", "name": "ChAoS_UnItY", "vote": "UV"}, {"id": "5565302", "name": "Control Z", "vote": "UV"}, {"id": "4990678", "name": "Dr V Valentine", "vote": "UV"}, {"id": "5010943", "name": "EbertLee", "vote": "UV"}, {"id": "4357011", "name": "feitag", "vote": "DV"}, {"id": "5275077", "name": "Glutton66", "vote": "DV"}, {"id": "6258289", "name": "KarlKaku", "vote": "UV"}, {"id": "6091157", "name": "LuLu_Lucifelle", "vote": "UV"}, {"id": "3979351", "name": "minmasterqw", "vote": "UV"}, {"id": "5238833", "name": "RahRah1997325", "vote": "UV"}, {"id": "4239775", "name": "Semibreve", "vote": "UV"}, {"id": "5013754", "name": "ting129", "vote": "UV"}, {"id": "5454699", "name": "ZH_mercury", "vote": "UV"}], "rating_jstf": 13, "votes_removed": [{"id": "DELETED", "name": "DELETED", "vote": "UV"}], "rating_removed": 1, "viability": true}