{"page_info": {"created_at": "1556545206", "created_by_id": "5010943", "name": "scp-076", "rating_vote": "10", "rating": "10", "tags": ["en", "keter", "scp", "\u4e9e\u4f2f", "\u4eba\u5f62", "\u611f\u77e5\u529b", "\u6575\u610f", "\u6d3b\u7269", "\u7ffb\u8b6f", "\u8d85\u7dad\u5ea6", "\u91cd\u5beb", "\u96d5\u523b"], "status": "ONLINE"}, "votes": [{"id": "5409650", "name": "anyuteb10457", "vote": "UV"}, {"id": "7571354", "name": "Baiyeshuangyue", "vote": "UV"}, {"id": "4213515", "name": "ChAoS_UnItY", "vote": "UV"}, {"id": "5232235", "name": "CheeseRice", "vote": "UV"}, {"id": "4990678", "name": "Dr V Valentine", "vote": "UV"}, {"id": "3979351", "name": "minmasterqw", "vote": "UV"}, {"id": "6303274", "name": "Naxsor", "vote": "UV"}, {"id": "8033564", "name": "Red phosphorus", "vote": "UV"}, {"id": "7885093", "name": "TBI1919", "vote": "UV"}, {"id": "4107284", "name": "Unihedron", "vote": "UV"}], "rating": 10, "votes_jstf": [{"id": "5409650", "name": "anyuteb10457", "vote": "UV"}, {"id": "7571354", "name": "Baiyeshuangyue", "vote": "UV"}, {"id": "4213515", "name": "ChAoS_UnItY", "vote": "UV"}, {"id": "5232235", "name": "CheeseRice", "vote": "UV"}, {"id": "4990678", "name": "Dr V Valentine", "vote": "UV"}, {"id": "3979351", "name": "minmasterqw", "vote": "UV"}, {"id": "6303274", "name": "Naxsor", "vote": "UV"}, {"id": "8033564", "name": "Red phosphorus", "vote": "UV"}, {"id": "7885093", "name": "TBI1919", "vote": "UV"}, {"id": "4107284", "name": "Unihedron", "vote": "UV"}], "rating_jstf": 10, "votes_removed": [], "rating_removed": 0, "viability": true}