{"page_info": {"created_at": "1556888823", "created_by_id": "4357011", "name": "portlands-roller-derby", "rating_vote": "2", "rating": "2", "tags": ["en", "goi\u683c\u5f0f", "uiu", "\u4e09\u6ce2\u7279\u862d", "\u7b2c\u4e09\u5b9a\u5f8b", "\u7ffb\u8b6f", "\u9e7f\u5b78\u9662"], "status": "ONLINE"}, "votes": [{"id": "4990678", "name": "Dr V Valentine", "vote": "UV"}, {"id": "3979351", "name": "minmasterqw", "vote": "UV"}], "rating": 2, "votes_jstf": [{"id": "4990678", "name": "Dr V Valentine", "vote": "UV"}, {"id": "3979351", "name": "minmasterqw", "vote": "UV"}], "rating_jstf": 2, "votes_removed": [], "rating_removed": 0, "viability": true}