{"page_info": {"created_at": "1556114948", "created_by_id": "3571906", "name": "scp-zh-118", "rating_vote": "20", "rating": "6", "tags": ["awcy", "safe", "scp", "\u52d5\u7269", "\u539f\u5275", "\u6b66\u5668", "\u751f\u7269\u6027", "\u9ce5\u985e"], "status": "ONLINE"}, "votes": [{"id": "4548860", "name": "Bochy", "vote": "UV"}, {"id": "4990678", "name": "Dr V Valentine", "vote": "DV"}, {"id": "5010943", "name": "EbertLee", "vote": "UV"}, {"id": "5275077", "name": "Glutton66", "vote": "UV"}, {"id": "5252281", "name": "Hildebrand", "vote": "DV"}, {"id": "6258289", "name": "KarlKaku", "vote": "UV"}, {"id": "4230970", "name": "KNW891206", "vote": "DV"}, {"id": "5237516", "name": "K the intern", "vote": "UV"}, {"id": "6091157", "name": "LuLu_Lucifelle", "vote": "UV"}, {"id": "3979351", "name": "minmasterqw", "vote": "DV"}, {"id": "5709442", "name": "Nelson Tam", "vote": "UV"}, {"id": "5238833", "name": "RahRah1997325", "vote": "UV"}, {"id": "6788064", "name": "relena_xd", "vote": "UV"}, {"id": "4239775", "name": "Semibreve", "vote": "UV"}, {"id": "3981670", "name": "Viken-K", "vote": "DV"}, {"id": "5415046", "name": "vomiter", "vote": "DV"}, {"id": "4351112", "name": "Yu Ken Dai", "vote": "UV"}, {"id": "5454699", "name": "ZH_mercury", "vote": "UV"}], "rating": 6, "votes_jstf": [{"id": "4548860", "name": "Bochy", "vote": "UV"}, {"id": "4990678", "name": "Dr V Valentine", "vote": "DV"}, {"id": "5010943", "name": "EbertLee", "vote": "UV"}, {"id": "5275077", "name": "Glutton66", "vote": "UV"}, {"id": "5252281", "name": "Hildebrand", "vote": "DV"}, {"id": "6258289", "name": "KarlKaku", "vote": "UV"}, {"id": "4230970", "name": "KNW891206", "vote": "DV"}, {"id": "5237516", "name": "K the intern", "vote": "UV"}, {"id": "6091157", "name": "LuLu_Lucifelle", "vote": "UV"}, {"id": "3979351", "name": "minmasterqw", "vote": "DV"}, {"id": "5709442", "name": "Nelson Tam", "vote": "UV"}, {"id": "5238833", "name": "RahRah1997325", "vote": "UV"}, {"id": "6788064", "name": "relena_xd", "vote": "UV"}, {"id": "4239775", "name": "Semibreve", "vote": "UV"}, {"id": "3981670", "name": "Viken-K", "vote": "DV"}, {"id": "5415046", "name": "vomiter", "vote": "DV"}, {"id": "4351112", "name": "Yu Ken Dai", "vote": "UV"}, {"id": "5454699", "name": "ZH_mercury", "vote": "UV"}], "rating_jstf": 6, "votes_removed": [{"id": "DELETED", "name": "DELETED", "vote": "UV"}, {"id": "DELETED", "name": "DELETED", "vote": "DV"}], "rating_removed": 0, "viability": true}