{"page_info": {"created_at": "1556789216", "created_by_id": "5010943", "name": "scp-990", "rating_vote": "6", "rating": "4", "tags": ["en", "keter", "scp", "\u4eba\u5f62", "\u611f\u77e5\u529b", "\u667a\u80fd", "\u672a\u6536\u5bb9", "\u7761\u7720", "\u7ffb\u8b6f", "\u9810\u6e2c\u6027"], "status": "ONLINE"}, "votes": [{"id": "5273385", "name": "42anonymous", "vote": "DV"}, {"id": "4213515", "name": "ChAoS_UnItY", "vote": "UV"}, {"id": "5232235", "name": "CheeseRice", "vote": "UV"}, {"id": "4990678", "name": "Dr V Valentine", "vote": "UV"}, {"id": "5251681", "name": "NocturnalT", "vote": "UV"}, {"id": "2854925", "name": "Um4vm06", "vote": "UV"}], "rating": 4, "votes_jstf": [{"id": "5273385", "name": "42anonymous", "vote": "DV"}, {"id": "4213515", "name": "ChAoS_UnItY", "vote": "UV"}, {"id": "5232235", "name": "CheeseRice", "vote": "UV"}, {"id": "4990678", "name": "Dr V Valentine", "vote": "UV"}, {"id": "5251681", "name": "NocturnalT", "vote": "UV"}, {"id": "2854925", "name": "Um4vm06", "vote": "UV"}], "rating_jstf": 4, "votes_removed": [], "rating_removed": 0, "viability": true}