{"page_info": {"created_at": "1556895124", "created_by_id": "4357011", "name": "number-27-oneiroi-station", "rating_vote": "4", "rating": "4", "tags": ["en", "goi\u683c\u5f0f", "\u5922\u795e", "\u7ffb\u8b6f"], "status": "ONLINE"}, "votes": [{"id": "5325850", "name": "AbyssDream", "vote": "UV"}, {"id": "4213515", "name": "ChAoS_UnItY", "vote": "UV"}, {"id": "4990678", "name": "Dr V Valentine", "vote": "UV"}, {"id": "5013754", "name": "ting129", "vote": "UV"}], "rating": 4, "votes_jstf": [{"id": "5325850", "name": "AbyssDream", "vote": "UV"}, {"id": "4213515", "name": "ChAoS_UnItY", "vote": "UV"}, {"id": "4990678", "name": "Dr V Valentine", "vote": "UV"}, {"id": "5013754", "name": "ting129", "vote": "UV"}], "rating_jstf": 4, "votes_removed": [], "rating_removed": 0, "viability": true}