{"page_info": {"created_at": "1556085531", "created_by_id": "5255954", "name": "scp-1841", "rating_vote": "11", "rating": "11", "tags": ["en", "safe", "scp", "\u5fc3\u9748\u611f\u61c9", "\u6587\u737b", "\u7761\u7720", "\u77e5\u8b58", "\u7ffb\u8b6f"], "status": "ONLINE"}, "votes": [{"id": "6513052", "name": "14#7_MonochromeMix", "vote": "UV"}, {"id": "5325850", "name": "AbyssDream", "vote": "UV"}, {"id": "4213515", "name": "ChAoS_UnItY", "vote": "UV"}, {"id": "5206218", "name": "Danza", "vote": "UV"}, {"id": "4990678", "name": "Dr V Valentine", "vote": "UV"}, {"id": "5684299", "name": "kingdom war", "vote": "UV"}, {"id": "3979351", "name": "minmasterqw", "vote": "UV"}, {"id": "8033564", "name": "Red phosphorus", "vote": "UV"}, {"id": "5435485", "name": "SamScript", "vote": "UV"}, {"id": "4442284", "name": "Sigtina", "vote": "UV"}, {"id": "5039979", "name": "Starkidoky", "vote": "UV"}], "rating": 11, "votes_jstf": [{"id": "6513052", "name": "14#7_MonochromeMix", "vote": "UV"}, {"id": "5325850", "name": "AbyssDream", "vote": "UV"}, {"id": "4213515", "name": "ChAoS_UnItY", "vote": "UV"}, {"id": "5206218", "name": "Danza", "vote": "UV"}, {"id": "4990678", "name": "Dr V Valentine", "vote": "UV"}, {"id": "5684299", "name": "kingdom war", "vote": "UV"}, {"id": "3979351", "name": "minmasterqw", "vote": "UV"}, {"id": "8033564", "name": "Red phosphorus", "vote": "UV"}, {"id": "5435485", "name": "SamScript", "vote": "UV"}, {"id": "4442284", "name": "Sigtina", "vote": "UV"}, {"id": "5039979", "name": "Starkidoky", "vote": "UV"}], "rating_jstf": 11, "votes_removed": [], "rating_removed": 0, "viability": true}