{"page_info": {"created_at": "1556538898", "created_by_id": "5206218", "name": "scp-963", "rating_vote": "10", "rating": "10", "tags": ["bright\u535a\u58eb", "en", "euclid", "scp", "\u7cbe\u795e\u5f71\u97ff", "\u7ffb\u8b6f", "\u8a18\u61b6\u5f71\u97ff", "\u98fe\u54c1"], "status": "ONLINE"}, "votes": [{"id": "4213515", "name": "ChAoS_UnItY", "vote": "UV"}, {"id": "5565302", "name": "Control Z", "vote": "UV"}, {"id": "4990678", "name": "Dr V Valentine", "vote": "UV"}, {"id": "5010943", "name": "EbertLee", "vote": "UV"}, {"id": "3979351", "name": "minmasterqw", "vote": "UV"}, {"id": "6300422", "name": "Qmariocurl", "vote": "UV"}, {"id": "8064046", "name": "Shen Qing", "vote": "UV"}, {"id": "4107284", "name": "Unihedron", "vote": "UV"}, {"id": "3981670", "name": "Viken-K", "vote": "UV"}, {"id": "5327537", "name": "Yanganna0925", "vote": "UV"}], "rating": 10, "votes_jstf": [{"id": "4213515", "name": "ChAoS_UnItY", "vote": "UV"}, {"id": "5565302", "name": "Control Z", "vote": "UV"}, {"id": "4990678", "name": "Dr V Valentine", "vote": "UV"}, {"id": "5010943", "name": "EbertLee", "vote": "UV"}, {"id": "3979351", "name": "minmasterqw", "vote": "UV"}, {"id": "6300422", "name": "Qmariocurl", "vote": "UV"}, {"id": "8064046", "name": "Shen Qing", "vote": "UV"}, {"id": "4107284", "name": "Unihedron", "vote": "UV"}, {"id": "3981670", "name": "Viken-K", "vote": "UV"}, {"id": "5327537", "name": "Yanganna0925", "vote": "UV"}], "rating_jstf": 10, "votes_removed": [], "rating_removed": 0, "viability": true}