{"page_info": {"created_at": "1557411371", "created_by_id": "4357011", "name": "ute-1919-discofather", "rating_vote": "4", "rating": "4", "tags": ["en", "goi\u683c\u5f0f", "uiu", "\u4e09\u6ce2\u7279\u862d", "\u5168\u7403\u8d85\u81ea\u7136\u806f\u76df", "\u7ffb\u8b6f", "\u829d\u52a0\u54e5\u9b3c\u9748", "\u82f1\u570b\u795e\u79d8\u60c5\u5831\u5c40", "\u91d1\u5e33\u8ecd"], "status": "ONLINE"}, "votes": [{"id": "4213515", "name": "ChAoS_UnItY", "vote": "UV"}, {"id": "4990678", "name": "Dr V Valentine", "vote": "UV"}, {"id": "5013754", "name": "ting129", "vote": "UV"}, {"id": "5225164", "name": "WaterBrich", "vote": "UV"}], "rating": 4, "votes_jstf": [{"id": "4213515", "name": "ChAoS_UnItY", "vote": "UV"}, {"id": "4990678", "name": "Dr V Valentine", "vote": "UV"}, {"id": "5013754", "name": "ting129", "vote": "UV"}, {"id": "5225164", "name": "WaterBrich", "vote": "UV"}], "rating_jstf": 4, "votes_removed": [], "rating_removed": 0, "viability": true}