{"page_info": {"created_at": "1557681386", "created_by_id": "3979351", "name": "site-zh-25", "rating_vote": "17", "rating": "17", "tags": ["site-zh-25", "\u4e2d\u5fc3", "\u539f\u5275", "\u6728\u6613", "\u7ad9\u9ede"], "status": "ONLINE"}, "votes": [{"id": "4213515", "name": "ChAoS_UnItY", "vote": "UV"}, {"id": "5319036", "name": "cookiesjekk", "vote": "UV"}, {"id": "6115931", "name": "Dr C Matthew", "vote": "UV"}, {"id": "4990678", "name": "Dr V Valentine", "vote": "UV"}, {"id": "5010943", "name": "EbertLee", "vote": "UV"}, {"id": "4913214", "name": "Halasha", "vote": "UV"}, {"id": "5252281", "name": "Hildebrand", "vote": "UV"}, {"id": "5230135", "name": "Kaze Yang", "vote": "UV"}, {"id": "5062193", "name": "KenNG", "vote": "UV"}, {"id": "5684299", "name": "kingdom war", "vote": "UV"}, {"id": "5958685", "name": "meowlok0327", "vote": "UV"}, {"id": "5295260", "name": "MountainFern", "vote": "UV"}, {"id": "5039979", "name": "Starkidoky", "vote": "UV"}, {"id": "6783502", "name": "TFKTKC", "vote": "UV"}, {"id": "4701365", "name": "Thundereyes ", "vote": "UV"}, {"id": "5013754", "name": "ting129", "vote": "UV"}], "rating": 17, "votes_jstf": [{"id": "4213515", "name": "ChAoS_UnItY", "vote": "UV"}, {"id": "5319036", "name": "cookiesjekk", "vote": "UV"}, {"id": "6115931", "name": "Dr C Matthew", "vote": "UV"}, {"id": "4990678", "name": "Dr V Valentine", "vote": "UV"}, {"id": "5010943", "name": "EbertLee", "vote": "UV"}, {"id": "4913214", "name": "Halasha", "vote": "UV"}, {"id": "5252281", "name": "Hildebrand", "vote": "UV"}, {"id": "5230135", "name": "Kaze Yang", "vote": "UV"}, {"id": "5062193", "name": "KenNG", "vote": "UV"}, {"id": "5684299", "name": "kingdom war", "vote": "UV"}, {"id": "5958685", "name": "meowlok0327", "vote": "UV"}, {"id": "5295260", "name": "MountainFern", "vote": "UV"}, {"id": "5039979", "name": "Starkidoky", "vote": "UV"}, {"id": "6783502", "name": "TFKTKC", "vote": "UV"}, {"id": "4701365", "name": "Thundereyes ", "vote": "UV"}, {"id": "5013754", "name": "ting129", "vote": "UV"}], "rating_jstf": 16, "votes_removed": [{"id": "DELETED", "name": "DELETED", "vote": "UV"}], "rating_removed": 1, "viability": true}