{"page_info": {"created_at": "1557674342", "created_by_id": "4055881", "name": "sky-sermon-hub", "rating_vote": "4", "rating": "4", "tags": ["en", "int-goi2019", "\u4e2d\u5fc3", "\u7ffb\u8b6f", "\u9280\u6cb3\u806f\u90a6"], "status": "ONLINE"}, "votes": [{"id": "4213515", "name": "ChAoS_UnItY", "vote": "UV"}, {"id": "4990678", "name": "Dr V Valentine", "vote": "UV"}, {"id": "4357011", "name": "feitag", "vote": "UV"}, {"id": "4351112", "name": "Yu Ken Dai", "vote": "UV"}], "rating": 4, "votes_jstf": [{"id": "4213515", "name": "ChAoS_UnItY", "vote": "UV"}, {"id": "4990678", "name": "Dr V Valentine", "vote": "UV"}, {"id": "4357011", "name": "feitag", "vote": "UV"}, {"id": "4351112", "name": "Yu Ken Dai", "vote": "UV"}], "rating_jstf": 4, "votes_removed": [], "rating_removed": 0, "viability": true}