{"page_info": {"created_at": "1557040521", "created_by_id": "3979351", "name": "nexus-series", "rating_vote": "8", "rating": "8", "tags": ["en", "\u5408\u4f5c", "\u7ffb\u8b6f", "\u8cc7\u6e90", "\u91cd\u5beb"], "status": "ONLINE"}, "votes": [{"id": "6516148", "name": "36 plans", "vote": "UV"}, {"id": "4213515", "name": "ChAoS_UnItY", "vote": "UV"}, {"id": "4990678", "name": "Dr V Valentine", "vote": "UV"}, {"id": "7504530", "name": "Pseudopoet", "vote": "UV"}, {"id": "5990589", "name": "Red Data Girl", "vote": "UV"}, {"id": "4239775", "name": "Semibreve", "vote": "UV"}, {"id": "5013754", "name": "ting129", "vote": "UV"}, {"id": "4107284", "name": "Unihedron", "vote": "UV"}], "rating": 8, "votes_jstf": [{"id": "6516148", "name": "36 plans", "vote": "UV"}, {"id": "4213515", "name": "ChAoS_UnItY", "vote": "UV"}, {"id": "4990678", "name": "Dr V Valentine", "vote": "UV"}, {"id": "7504530", "name": "Pseudopoet", "vote": "UV"}, {"id": "5990589", "name": "Red Data Girl", "vote": "UV"}, {"id": "4239775", "name": "Semibreve", "vote": "UV"}, {"id": "5013754", "name": "ting129", "vote": "UV"}, {"id": "4107284", "name": "Unihedron", "vote": "UV"}], "rating_jstf": 8, "votes_removed": [], "rating_removed": 0, "viability": true}