{"page_info": {"created_at": "1557758125", "created_by_id": "4055881", "name": "chapter-1-verse-1", "rating_vote": "7", "rating": "7", "tags": ["en", "\u6545\u4e8b", "\u6b7b\u6ec5\u5f1f\u5144", "\u7ffb\u8b6f"], "status": "ONLINE"}, "votes": [{"id": "5355920", "name": "cojawdvgyj1", "vote": "UV"}, {"id": "6381244", "name": "defenestration", "vote": "UV"}, {"id": "4990678", "name": "Dr V Valentine", "vote": "UV"}, {"id": "5010943", "name": "EbertLee", "vote": "UV"}, {"id": "4357011", "name": "feitag", "vote": "UV"}, {"id": "6980791", "name": "Thanksforhelping", "vote": "UV"}, {"id": "5013754", "name": "ting129", "vote": "UV"}], "rating": 7, "votes_jstf": [{"id": "5355920", "name": "cojawdvgyj1", "vote": "UV"}, {"id": "6381244", "name": "defenestration", "vote": "UV"}, {"id": "4990678", "name": "Dr V Valentine", "vote": "UV"}, {"id": "5010943", "name": "EbertLee", "vote": "UV"}, {"id": "4357011", "name": "feitag", "vote": "UV"}, {"id": "6980791", "name": "Thanksforhelping", "vote": "UV"}, {"id": "5013754", "name": "ting129", "vote": "UV"}], "rating_jstf": 7, "votes_removed": [], "rating_removed": 0, "viability": true}