{"page_info": {"created_at": "1557409590", "created_by_id": "4357011", "name": "black-as-night", "rating_vote": "5", "rating": "5", "tags": ["en", "\u4e2d\u5fc3", "\u7ffb\u8b6f", "\u829d\u52a0\u54e5\u9b3c\u9748"], "status": "ONLINE"}, "votes": [{"id": "4213515", "name": "ChAoS_UnItY", "vote": "UV"}, {"id": "4990678", "name": "Dr V Valentine", "vote": "UV"}, {"id": "5684299", "name": "kingdom war", "vote": "UV"}, {"id": "5225164", "name": "WaterBrich", "vote": "UV"}, {"id": "4351112", "name": "Yu Ken Dai", "vote": "UV"}], "rating": 5, "votes_jstf": [{"id": "4213515", "name": "ChAoS_UnItY", "vote": "UV"}, {"id": "4990678", "name": "Dr V Valentine", "vote": "UV"}, {"id": "5684299", "name": "kingdom war", "vote": "UV"}, {"id": "5225164", "name": "WaterBrich", "vote": "UV"}, {"id": "4351112", "name": "Yu Ken Dai", "vote": "UV"}], "rating_jstf": 5, "votes_removed": [], "rating_removed": 0, "viability": true}