{"page_info": {"created_at": "1557063820", "created_by_id": "4357011", "name": "do-not-collect-200", "rating_vote": "4", "rating": "4", "tags": ["en", "fynegan\u535a\u58eb", "\u6545\u4e8b", "\u7ffb\u8b6f"], "status": "ONLINE"}, "votes": [{"id": "4213515", "name": "ChAoS_UnItY", "vote": "UV"}, {"id": "4990678", "name": "Dr V Valentine", "vote": "UV"}, {"id": "4128767", "name": "Mimaomao", "vote": "UV"}], "rating": 4, "votes_jstf": [{"id": "4213515", "name": "ChAoS_UnItY", "vote": "UV"}, {"id": "4990678", "name": "Dr V Valentine", "vote": "UV"}, {"id": "4128767", "name": "Mimaomao", "vote": "UV"}], "rating_jstf": 3, "votes_removed": [{"id": "DELETED", "name": "DELETED", "vote": "UV"}], "rating_removed": 1, "viability": true}