{"page_info": {"created_at": "1557593830", "created_by_id": "5334590", "name": "scp-zh-069", "rating_vote": "14", "rating": "10", "tags": ["euclid", "scp", "\u4eba\u5f62", "\u539f\u5275", "\u7814\u7a76\u54e1l.what", "\u8f09\u5177"], "status": "ONLINE"}, "votes": [{"id": "4548860", "name": "Bochy", "vote": "UV"}, {"id": "5085036", "name": "cassiuslouis", "vote": "UV"}, {"id": "4213515", "name": "ChAoS_UnItY", "vote": "UV"}, {"id": "4083667", "name": "Dimserene", "vote": "UV"}, {"id": "4990678", "name": "Dr V Valentine", "vote": "DV"}, {"id": "5010943", "name": "EbertLee", "vote": "UV"}, {"id": "5275077", "name": "Glutton66", "vote": "UV"}, {"id": "4913214", "name": "Halasha", "vote": "UV"}, {"id": "5237516", "name": "K the intern", "vote": "UV"}, {"id": "6091157", "name": "LuLu_Lucifelle", "vote": "UV"}, {"id": "4474355", "name": "PeiWeiArtz", "vote": "UV"}, {"id": "4239775", "name": "Semibreve", "vote": "DV"}, {"id": "5039979", "name": "Starkidoky", "vote": "UV"}, {"id": "5013754", "name": "ting129", "vote": "UV"}], "rating": 10, "votes_jstf": [{"id": "4548860", "name": "Bochy", "vote": "UV"}, {"id": "5085036", "name": "cassiuslouis", "vote": "UV"}, {"id": "4213515", "name": "ChAoS_UnItY", "vote": "UV"}, {"id": "4083667", "name": "Dimserene", "vote": "UV"}, {"id": "4990678", "name": "Dr V Valentine", "vote": "DV"}, {"id": "5010943", "name": "EbertLee", "vote": "UV"}, {"id": "5275077", "name": "Glutton66", "vote": "UV"}, {"id": "4913214", "name": "Halasha", "vote": "UV"}, {"id": "5237516", "name": "K the intern", "vote": "UV"}, {"id": "6091157", "name": "LuLu_Lucifelle", "vote": "UV"}, {"id": "4474355", "name": "PeiWeiArtz", "vote": "UV"}, {"id": "4239775", "name": "Semibreve", "vote": "DV"}, {"id": "5039979", "name": "Starkidoky", "vote": "UV"}, {"id": "5013754", "name": "ting129", "vote": "UV"}], "rating_jstf": 10, "votes_removed": [], "rating_removed": 0, "viability": true}