{"page_info": {"created_at": "1557745610", "created_by_id": "4357011", "name": "raisa-6147", "rating_vote": "5", "rating": "5", "tags": ["en", "hmfscp", "\u6545\u4e8b", "\u672a\u660e\u8ecd\u5718", "\u6e3e\u6c8c\u53cd\u53db\u8ecd", "\u7ffb\u8b6f"], "status": "ONLINE"}, "votes": [{"id": "4213515", "name": "ChAoS_UnItY", "vote": "UV"}, {"id": "4990678", "name": "Dr V Valentine", "vote": "UV"}, {"id": "5684299", "name": "kingdom war", "vote": "UV"}, {"id": "5435485", "name": "SamScript", "vote": "UV"}, {"id": "5013754", "name": "ting129", "vote": "UV"}], "rating": 5, "votes_jstf": [{"id": "4213515", "name": "ChAoS_UnItY", "vote": "UV"}, {"id": "4990678", "name": "Dr V Valentine", "vote": "UV"}, {"id": "5684299", "name": "kingdom war", "vote": "UV"}, {"id": "5435485", "name": "SamScript", "vote": "UV"}, {"id": "5013754", "name": "ting129", "vote": "UV"}], "rating_jstf": 5, "votes_removed": [], "rating_removed": 0, "viability": true}