{"page_info": {"created_at": "1557060017", "created_by_id": "4083667", "name": "scp-001-ex", "rating_vote": "17", "rating": "17", "tags": ["001\u63d0\u6848", "en", "maria-jones", "scp", "\u502b\u7406\u59d4\u54e1\u6703", "\u5408\u8457", "\u57fa\u91d1\u6703\u88fd\u9020", "\u5df2\u89e3\u660e", "\u6578\u5b78\u6027", "\u666e\u7f85\u7c73\u4fee\u65af\u5be6\u9a57\u5ba4", "\u7ffb\u8b6f", "\u901a\u8a0a", "\u96fb\u529b", "\u96fb\u5b50", "\u96fb\u8166", "\u9810\u6e2c\u6027"], "status": "ONLINE"}, "votes": [{"id": "5431561", "name": "20190529", "vote": "UV"}, {"id": "4213515", "name": "ChAoS_UnItY", "vote": "UV"}, {"id": "5565302", "name": "Control Z", "vote": "UV"}, {"id": "4990678", "name": "Dr V Valentine", "vote": "UV"}, {"id": "6503482", "name": "EmptyName723", "vote": "UV"}, {"id": "4357011", "name": "feitag", "vote": "UV"}, {"id": "4761754", "name": "H-Storm Z", "vote": "UV"}, {"id": "5604919", "name": "k1s10r0d", "vote": "UV"}, {"id": "6303274", "name": "Naxsor", "vote": "UV"}, {"id": "4474355", "name": "PeiWeiArtz", "vote": "UV"}, {"id": "5230621", "name": "Pudding_Boy", "vote": "UV"}, {"id": "4442284", "name": "Sigtina", "vote": "UV"}, {"id": "5013754", "name": "ting129", "vote": "UV"}, {"id": "4107284", "name": "Unihedron", "vote": "UV"}, {"id": "3981670", "name": "Viken-K", "vote": "UV"}, {"id": "5817419", "name": "Xina Harwood", "vote": "UV"}, {"id": "5415940", "name": "Yang  Joe", "vote": "UV"}], "rating": 17, "votes_jstf": [{"id": "5431561", "name": "20190529", "vote": "UV"}, {"id": "4213515", "name": "ChAoS_UnItY", "vote": "UV"}, {"id": "5565302", "name": "Control Z", "vote": "UV"}, {"id": "4990678", "name": "Dr V Valentine", "vote": "UV"}, {"id": "6503482", "name": "EmptyName723", "vote": "UV"}, {"id": "4357011", "name": "feitag", "vote": "UV"}, {"id": "4761754", "name": "H-Storm Z", "vote": "UV"}, {"id": "5604919", "name": "k1s10r0d", "vote": "UV"}, {"id": "6303274", "name": "Naxsor", "vote": "UV"}, {"id": "4474355", "name": "PeiWeiArtz", "vote": "UV"}, {"id": "5230621", "name": "Pudding_Boy", "vote": "UV"}, {"id": "4442284", "name": "Sigtina", "vote": "UV"}, {"id": "5013754", "name": "ting129", "vote": "UV"}, {"id": "4107284", "name": "Unihedron", "vote": "UV"}, {"id": "3981670", "name": "Viken-K", "vote": "UV"}, {"id": "5817419", "name": "Xina Harwood", "vote": "UV"}, {"id": "5415940", "name": "Yang  Joe", "vote": "UV"}], "rating_jstf": 17, "votes_removed": [], "rating_removed": 0, "viability": true}