{"page_info": {"created_at": "1557993953", "created_by_id": "4055881", "name": "contain", "rating_vote": "2", "rating": "2", "tags": ["en", "\u6545\u4e8b", "\u7ffb\u8b6f", "\u8a69\u6b4c"], "status": "ONLINE"}, "votes": [{"id": "4990678", "name": "Dr V Valentine", "vote": "UV"}, {"id": "4357011", "name": "feitag", "vote": "UV"}], "rating": 2, "votes_jstf": [{"id": "4990678", "name": "Dr V Valentine", "vote": "UV"}, {"id": "4357011", "name": "feitag", "vote": "UV"}], "rating_jstf": 2, "votes_removed": [], "rating_removed": 0, "viability": true}