{"page_info": {"created_at": "1557555561", "created_by_id": "4357011", "name": "the-great-shucks-of-the-unnamed-lords", "rating_vote": "4", "rating": "4", "tags": ["en", "goi\u683c\u5f0f", "\u7ffb\u8b6f", "\u86c7\u4e4b\u624b", "\u9e7f\u5b78\u9662"], "status": "ONLINE"}, "votes": [{"id": "4213515", "name": "ChAoS_UnItY", "vote": "UV"}, {"id": "4990678", "name": "Dr V Valentine", "vote": "UV"}, {"id": "5684299", "name": "kingdom war", "vote": "UV"}, {"id": "3979351", "name": "minmasterqw", "vote": "UV"}], "rating": 4, "votes_jstf": [{"id": "4213515", "name": "ChAoS_UnItY", "vote": "UV"}, {"id": "4990678", "name": "Dr V Valentine", "vote": "UV"}, {"id": "5684299", "name": "kingdom war", "vote": "UV"}, {"id": "3979351", "name": "minmasterqw", "vote": "UV"}], "rating_jstf": 4, "votes_removed": [], "rating_removed": 0, "viability": true}