{"page_info": {"created_at": "1557368927", "created_by_id": "4128767", "name": "task-forces-jp", "rating_vote": "6", "rating": "6", "tags": ["jp", "\u4e2d\u5fc3", "\u5fc3\u5f97", "\u7ffb\u8b6f"], "status": "ONLINE"}, "votes": [{"id": "6516148", "name": "36 plans", "vote": "UV"}, {"id": "4213515", "name": "ChAoS_UnItY", "vote": "UV"}, {"id": "4990678", "name": "Dr V Valentine", "vote": "UV"}, {"id": "5684299", "name": "kingdom war", "vote": "UV"}, {"id": "3979351", "name": "minmasterqw", "vote": "UV"}, {"id": "4239775", "name": "Semibreve", "vote": "UV"}], "rating": 6, "votes_jstf": [{"id": "6516148", "name": "36 plans", "vote": "UV"}, {"id": "4213515", "name": "ChAoS_UnItY", "vote": "UV"}, {"id": "4990678", "name": "Dr V Valentine", "vote": "UV"}, {"id": "5684299", "name": "kingdom war", "vote": "UV"}, {"id": "3979351", "name": "minmasterqw", "vote": "UV"}, {"id": "4239775", "name": "Semibreve", "vote": "UV"}], "rating_jstf": 6, "votes_removed": [], "rating_removed": 0, "viability": true}