{"page_info": {"created_at": "1557418395", "created_by_id": "3981670", "name": "scp-zh-285", "rating_vote": "21", "rating": "17", "tags": ["apoyn\u535a\u58eb", "safe", "scp", "site-zh-02", "\u52d5\u7269", "\u539f\u5275", "\u578b\u614b\u8b8a\u5316", "\u7cbe\u795e\u5f71\u97ff", "\u8a8d\u77e5\u5371\u5bb3", "\u8c93\u985e"], "status": "ONLINE"}, "votes": [{"id": "6360190", "name": "6Noya9", "vote": "UV"}, {"id": "5344757", "name": "Bales20147", "vote": "UV"}, {"id": "4548860", "name": "Bochy", "vote": "UV"}, {"id": "4213515", "name": "ChAoS_UnItY", "vote": "UV"}, {"id": "3088425", "name": "Chen YC", "vote": "UV"}, {"id": "5565302", "name": "Control Z", "vote": "UV"}, {"id": "4083667", "name": "Dimserene", "vote": "UV"}, {"id": "4990678", "name": "Dr V Valentine", "vote": "UV"}, {"id": "5010943", "name": "EbertLee", "vote": "UV"}, {"id": "4909183", "name": "fourfish1123", "vote": "UV"}, {"id": "5350702", "name": "jijiong", "vote": "UV"}, {"id": "5230135", "name": "Kaze Yang", "vote": "DV"}, {"id": "5289036", "name": "Liberty_mOuOm", "vote": "UV"}, {"id": "3979351", "name": "minmasterqw", "vote": "DV"}, {"id": "6788064", "name": "relena_xd", "vote": "UV"}, {"id": "5357283", "name": "ridiculous paradox", "vote": "UV"}, {"id": "4239775", "name": "Semibreve", "vote": "UV"}, {"id": "5013754", "name": "ting129", "vote": "UV"}, {"id": "4351112", "name": "Yu Ken Dai", "vote": "UV"}, {"id": "5454699", "name": "ZH_mercury", "vote": "UV"}], "rating": 17, "votes_jstf": [{"id": "6360190", "name": "6Noya9", "vote": "UV"}, {"id": "5344757", "name": "Bales20147", "vote": "UV"}, {"id": "4548860", "name": "Bochy", "vote": "UV"}, {"id": "4213515", "name": "ChAoS_UnItY", "vote": "UV"}, {"id": "3088425", "name": "Chen YC", "vote": "UV"}, {"id": "5565302", "name": "Control Z", "vote": "UV"}, {"id": "4083667", "name": "Dimserene", "vote": "UV"}, {"id": "4990678", "name": "Dr V Valentine", "vote": "UV"}, {"id": "5010943", "name": "EbertLee", "vote": "UV"}, {"id": "4909183", "name": "fourfish1123", "vote": "UV"}, {"id": "5350702", "name": "jijiong", "vote": "UV"}, {"id": "5230135", "name": "Kaze Yang", "vote": "DV"}, {"id": "5289036", "name": "Liberty_mOuOm", "vote": "UV"}, {"id": "3979351", "name": "minmasterqw", "vote": "DV"}, {"id": "6788064", "name": "relena_xd", "vote": "UV"}, {"id": "5357283", "name": "ridiculous paradox", "vote": "UV"}, {"id": "4239775", "name": "Semibreve", "vote": "UV"}, {"id": "5013754", "name": "ting129", "vote": "UV"}, {"id": "4351112", "name": "Yu Ken Dai", "vote": "UV"}, {"id": "5454699", "name": "ZH_mercury", "vote": "UV"}], "rating_jstf": 16, "votes_removed": [{"id": "DELETED", "name": "DELETED", "vote": "UV"}], "rating_removed": 1, "viability": true}