{"page_info": {"created_at": "1557886042", "created_by_id": "5039979", "name": "ruins-of-your-memories-1", "rating_vote": "10", "rating": "10", "tags": ["site-zh-02", "\u539f\u5275", "\u6545\u4e8b"], "status": "ONLINE"}, "votes": [{"id": "5344757", "name": "Bales20147", "vote": "UV"}, {"id": "4213515", "name": "ChAoS_UnItY", "vote": "UV"}, {"id": "4990678", "name": "Dr V Valentine", "vote": "UV"}, {"id": "5010943", "name": "EbertLee", "vote": "UV"}, {"id": "4128767", "name": "Mimaomao", "vote": "UV"}, {"id": "6788064", "name": "relena_xd", "vote": "UV"}, {"id": "4239775", "name": "Semibreve", "vote": "UV"}, {"id": "5013754", "name": "ting129", "vote": "UV"}, {"id": "4351112", "name": "Yu Ken Dai", "vote": "UV"}], "rating": 10, "votes_jstf": [{"id": "5344757", "name": "Bales20147", "vote": "UV"}, {"id": "4213515", "name": "ChAoS_UnItY", "vote": "UV"}, {"id": "4990678", "name": "Dr V Valentine", "vote": "UV"}, {"id": "5010943", "name": "EbertLee", "vote": "UV"}, {"id": "4128767", "name": "Mimaomao", "vote": "UV"}, {"id": "6788064", "name": "relena_xd", "vote": "UV"}, {"id": "4239775", "name": "Semibreve", "vote": "UV"}, {"id": "5013754", "name": "ting129", "vote": "UV"}, {"id": "4351112", "name": "Yu Ken Dai", "vote": "UV"}], "rating_jstf": 9, "votes_removed": [{"id": "DELETED", "name": "DELETED", "vote": "UV"}], "rating_removed": 1, "viability": true}