{"page_info": {"created_at": "1557922370", "created_by_id": "4055881", "name": "to-swear-an-oath", "rating_vote": "5", "rating": "5", "tags": ["en", "\u6545\u4e8b", "\u7ffb\u8b6f", "\u8a69\u6b4c"], "status": "ONLINE"}, "votes": [{"id": "4213515", "name": "ChAoS_UnItY", "vote": "UV"}, {"id": "4990678", "name": "Dr V Valentine", "vote": "UV"}, {"id": "4357011", "name": "feitag", "vote": "UV"}, {"id": "5684299", "name": "kingdom war", "vote": "UV"}], "rating": 5, "votes_jstf": [{"id": "4213515", "name": "ChAoS_UnItY", "vote": "UV"}, {"id": "4990678", "name": "Dr V Valentine", "vote": "UV"}, {"id": "4357011", "name": "feitag", "vote": "UV"}, {"id": "5684299", "name": "kingdom war", "vote": "UV"}], "rating_jstf": 4, "votes_removed": [{"id": "DELETED", "name": "DELETED", "vote": "UV"}], "rating_removed": 1, "viability": true}