{"page_info": {"created_at": "1557410101", "created_by_id": "4357011", "name": "uiu-file-1941-016", "rating_vote": "2", "rating": "2", "tags": ["en", "en-\u6025\u8feb\u7af6\u8cfd2018", "goi\u683c\u5f0f", "uiu", "\u7ffb\u8b6f", "\u829d\u52a0\u54e5\u9b3c\u9748"], "status": "ONLINE"}, "votes": [{"id": "4213515", "name": "ChAoS_UnItY", "vote": "UV"}, {"id": "4990678", "name": "Dr V Valentine", "vote": "UV"}], "rating": 2, "votes_jstf": [{"id": "4213515", "name": "ChAoS_UnItY", "vote": "UV"}, {"id": "4990678", "name": "Dr V Valentine", "vote": "UV"}], "rating_jstf": 2, "votes_removed": [], "rating_removed": 0, "viability": true}