{"page_info": {"created_at": "1557148301", "created_by_id": "4357011", "name": "ambrose-london-prix-fixe", "rating_vote": "9", "rating": "9", "tags": ["en", "en-\u4ea4\u63db\u85dd\u8853", "goi\u683c\u5f0f", "\u5b89\u5e03\u7f85\u65af\u9910\u5ef3", "\u7ffb\u8b6f"], "status": "ONLINE"}, "votes": [{"id": "5344757", "name": "Bales20147", "vote": "UV"}, {"id": "4213515", "name": "ChAoS_UnItY", "vote": "UV"}, {"id": "4990678", "name": "Dr V Valentine", "vote": "UV"}, {"id": "5010943", "name": "EbertLee", "vote": "UV"}, {"id": "5275077", "name": "Glutton66", "vote": "UV"}, {"id": "5062193", "name": "KenNG", "vote": "UV"}, {"id": "5684299", "name": "kingdom war", "vote": "UV"}, {"id": "5013754", "name": "ting129", "vote": "UV"}, {"id": "5344651", "name": "Yunlin", "vote": "UV"}], "rating": 9, "votes_jstf": [{"id": "5344757", "name": "Bales20147", "vote": "UV"}, {"id": "4213515", "name": "ChAoS_UnItY", "vote": "UV"}, {"id": "4990678", "name": "Dr V Valentine", "vote": "UV"}, {"id": "5010943", "name": "EbertLee", "vote": "UV"}, {"id": "5275077", "name": "Glutton66", "vote": "UV"}, {"id": "5062193", "name": "KenNG", "vote": "UV"}, {"id": "5684299", "name": "kingdom war", "vote": "UV"}, {"id": "5013754", "name": "ting129", "vote": "UV"}, {"id": "5344651", "name": "Yunlin", "vote": "UV"}], "rating_jstf": 9, "votes_removed": [], "rating_removed": 0, "viability": true}