{"page_info": {"created_at": "1557751866", "created_by_id": "3997192", "name": "scp-zh-087-j", "rating_vote": "14", "rating": "12", "tags": ["scp", "site-zh-02", "\u539f\u5275", "\u5df2\u89e3\u660e", "\u5f35\u9053\u58eb", "\u641e\u7b11"], "status": "ONLINE"}, "votes": [{"id": "4264056", "name": "Aindavis_817", "vote": "UV"}, {"id": "5344757", "name": "Bales20147", "vote": "UV"}, {"id": "4213515", "name": "ChAoS_UnItY", "vote": "UV"}, {"id": "5355920", "name": "cojawdvgyj1", "vote": "UV"}, {"id": "5010943", "name": "EbertLee", "vote": "UV"}, {"id": "4909183", "name": "fourfish1123", "vote": "UV"}, {"id": "5275077", "name": "Glutton66", "vote": "UV"}, {"id": "6258289", "name": "KarlKaku", "vote": "UV"}, {"id": "5389547", "name": "LiuShiloh", "vote": "UV"}, {"id": "4128767", "name": "Mimaomao", "vote": "UV"}, {"id": "5250924", "name": "NgStyle", "vote": "UV"}, {"id": "5039979", "name": "Starkidoky", "vote": "UV"}, {"id": "4107284", "name": "Unihedron", "vote": "DV"}], "rating": 12, "votes_jstf": [{"id": "4264056", "name": "Aindavis_817", "vote": "UV"}, {"id": "5344757", "name": "Bales20147", "vote": "UV"}, {"id": "4213515", "name": "ChAoS_UnItY", "vote": "UV"}, {"id": "5355920", "name": "cojawdvgyj1", "vote": "UV"}, {"id": "5010943", "name": "EbertLee", "vote": "UV"}, {"id": "4909183", "name": "fourfish1123", "vote": "UV"}, {"id": "5275077", "name": "Glutton66", "vote": "UV"}, {"id": "6258289", "name": "KarlKaku", "vote": "UV"}, {"id": "5389547", "name": "LiuShiloh", "vote": "UV"}, {"id": "4128767", "name": "Mimaomao", "vote": "UV"}, {"id": "5250924", "name": "NgStyle", "vote": "UV"}, {"id": "5039979", "name": "Starkidoky", "vote": "UV"}, {"id": "4107284", "name": "Unihedron", "vote": "DV"}], "rating_jstf": 11, "votes_removed": [{"id": "DELETED", "name": "DELETED", "vote": "UV"}], "rating_removed": 1, "viability": true}