{"page_info": {"created_at": "1557064338", "created_by_id": "4357011", "name": "prantortiz-the-vile", "rating_vote": "5", "rating": "5", "tags": ["en", "goi\u683c\u5f0f", "\u7ffb\u8b6f", "\u9ed1\u7687\u540e"], "status": "ONLINE"}, "votes": [{"id": "4213515", "name": "ChAoS_UnItY", "vote": "UV"}, {"id": "4990678", "name": "Dr V Valentine", "vote": "UV"}, {"id": "5010943", "name": "EbertLee", "vote": "UV"}, {"id": "3979351", "name": "minmasterqw", "vote": "UV"}], "rating": 5, "votes_jstf": [{"id": "4213515", "name": "ChAoS_UnItY", "vote": "UV"}, {"id": "4990678", "name": "Dr V Valentine", "vote": "UV"}, {"id": "5010943", "name": "EbertLee", "vote": "UV"}, {"id": "3979351", "name": "minmasterqw", "vote": "UV"}], "rating_jstf": 4, "votes_removed": [{"id": "DELETED", "name": "DELETED", "vote": "UV"}], "rating_removed": 1, "viability": true}