{"page_info": {"created_at": "1557232598", "created_by_id": "4357011", "name": "recovered-media-the-hard-boiled-adventures-of-murphy-law", "rating_vote": "3", "rating": "3", "tags": ["en", "en-\u4ea4\u63db\u85dd\u8853", "\u5f17\u96f7\u5fb7", "\u6545\u4e8b", "\u7ffb\u8b6f"], "status": "ONLINE"}, "votes": [{"id": "4213515", "name": "ChAoS_UnItY", "vote": "UV"}, {"id": "4990678", "name": "Dr V Valentine", "vote": "UV"}, {"id": "3979351", "name": "minmasterqw", "vote": "UV"}], "rating": 3, "votes_jstf": [{"id": "4213515", "name": "ChAoS_UnItY", "vote": "UV"}, {"id": "4990678", "name": "Dr V Valentine", "vote": "UV"}, {"id": "3979351", "name": "minmasterqw", "vote": "UV"}], "rating_jstf": 3, "votes_removed": [], "rating_removed": 0, "viability": true}