{"page_info": {"created_at": "1557232383", "created_by_id": "4357011", "name": "project-proposal-1994-87-a-day-in-the-roman-court", "rating_vote": "5", "rating": "5", "tags": ["awcy", "en", "goi\u683c\u5f0f", "\u7ffb\u8b6f"], "status": "ONLINE"}, "votes": [{"id": "4213515", "name": "ChAoS_UnItY", "vote": "UV"}, {"id": "4990678", "name": "Dr V Valentine", "vote": "UV"}, {"id": "3979351", "name": "minmasterqw", "vote": "UV"}, {"id": "6788064", "name": "relena_xd", "vote": "UV"}, {"id": "5013754", "name": "ting129", "vote": "UV"}], "rating": 5, "votes_jstf": [{"id": "4213515", "name": "ChAoS_UnItY", "vote": "UV"}, {"id": "4990678", "name": "Dr V Valentine", "vote": "UV"}, {"id": "3979351", "name": "minmasterqw", "vote": "UV"}, {"id": "6788064", "name": "relena_xd", "vote": "UV"}, {"id": "5013754", "name": "ting129", "vote": "UV"}], "rating_jstf": 5, "votes_removed": [], "rating_removed": 0, "viability": true}