{"page_info": {"created_at": "1557409838", "created_by_id": "4357011", "name": "night-s-collection", "rating_vote": "3", "rating": "3", "tags": ["en", "goi\u683c\u5f0f", "mc&amp;d", "\u7ffb\u8b6f", "\u829d\u52a0\u54e5\u9b3c\u9748"], "status": "ONLINE"}, "votes": [{"id": "4213515", "name": "ChAoS_UnItY", "vote": "UV"}, {"id": "4990678", "name": "Dr V Valentine", "vote": "UV"}, {"id": "5684299", "name": "kingdom war", "vote": "UV"}], "rating": 3, "votes_jstf": [{"id": "4213515", "name": "ChAoS_UnItY", "vote": "UV"}, {"id": "4990678", "name": "Dr V Valentine", "vote": "UV"}, {"id": "5684299", "name": "kingdom war", "vote": "UV"}], "rating_jstf": 3, "votes_removed": [], "rating_removed": 0, "viability": true}