{"page_info": {"created_at": "1557924776", "created_by_id": "4357011", "name": "scp-3465", "rating_vote": "4", "rating": "4", "tags": ["en", "mc&amp;d", "scp", "thaumiel", "\u52d5\u7269", "\u57fa\u56e0", "\u5a01\u723e\u905c\u751f\u7269\u61c9\u5c0d\u7d44", "\u6c34\u68f2", "\u6d3b\u7269", "\u722c\u87f2\u985e\u52d5\u7269", "\u751f\u6b96\u6027", "\u7ffb\u8b6f", "\u96dc\u98df\u6027"], "status": "ONLINE"}, "votes": [{"id": "4213515", "name": "ChAoS_UnItY", "vote": "UV"}, {"id": "4990678", "name": "Dr V Valentine", "vote": "UV"}, {"id": "4239775", "name": "Semibreve", "vote": "UV"}, {"id": "5225164", "name": "WaterBrich", "vote": "UV"}], "rating": 4, "votes_jstf": [{"id": "4213515", "name": "ChAoS_UnItY", "vote": "UV"}, {"id": "4990678", "name": "Dr V Valentine", "vote": "UV"}, {"id": "4239775", "name": "Semibreve", "vote": "UV"}, {"id": "5225164", "name": "WaterBrich", "vote": "UV"}], "rating_jstf": 4, "votes_removed": [], "rating_removed": 0, "viability": true}