{"page_info": {"created_at": "1558014419", "created_by_id": "4239775", "name": "scp-zh-888", "rating_vote": "21", "rating": "21", "tags": ["keter", "scp", "site-zh-02", "site-zh-25", "\u5168\u7403\u8d85\u81ea\u7136\u806f\u76df", "\u539f\u5275", "\u672a\u6536\u5bb9", "\u6c23\u8c61", "\u7b2c\u516b\u8655", "\u82f1\u570b\u795e\u79d8\u60c5\u5831\u5c40", "\u96d9\u57ce\u4f5c\u6230", "\u96f6\u865f\u5c08\u968a"], "status": "ONLINE"}, "votes": [{"id": "4213515", "name": "ChAoS_UnItY", "vote": "UV"}, {"id": "4990678", "name": "Dr V Valentine", "vote": "UV"}, {"id": "5010943", "name": "EbertLee", "vote": "UV"}, {"id": "5275077", "name": "Glutton66", "vote": "UV"}, {"id": "4913214", "name": "Halasha", "vote": "UV"}, {"id": "5252281", "name": "Hildebrand", "vote": "UV"}, {"id": "6258289", "name": "KarlKaku", "vote": "UV"}, {"id": "5230135", "name": "Kaze Yang", "vote": "UV"}, {"id": "5318909", "name": "Lindust", "vote": "UV"}, {"id": "4128767", "name": "Mimaomao", "vote": "UV"}, {"id": "5653267", "name": "Nihilmace", "vote": "UV"}, {"id": "5238833", "name": "RahRah1997325", "vote": "UV"}, {"id": "4442284", "name": "Sigtina", "vote": "UV"}, {"id": "5039979", "name": "Starkidoky", "vote": "UV"}, {"id": "5013754", "name": "ting129", "vote": "UV"}, {"id": "4107284", "name": "Unihedron", "vote": "UV"}, {"id": "3981670", "name": "Viken-K", "vote": "UV"}, {"id": "5415046", "name": "vomiter", "vote": "UV"}, {"id": "4351112", "name": "Yu Ken Dai", "vote": "UV"}], "rating": 21, "votes_jstf": [{"id": "4213515", "name": "ChAoS_UnItY", "vote": "UV"}, {"id": "4990678", "name": "Dr V Valentine", "vote": "UV"}, {"id": "5010943", "name": "EbertLee", "vote": "UV"}, {"id": "5275077", "name": "Glutton66", "vote": "UV"}, {"id": "4913214", "name": "Halasha", "vote": "UV"}, {"id": "5252281", "name": "Hildebrand", "vote": "UV"}, {"id": "6258289", "name": "KarlKaku", "vote": "UV"}, {"id": "5230135", "name": "Kaze Yang", "vote": "UV"}, {"id": "5318909", "name": "Lindust", "vote": "UV"}, {"id": "4128767", "name": "Mimaomao", "vote": "UV"}, {"id": "5653267", "name": "Nihilmace", "vote": "UV"}, {"id": "5238833", "name": "RahRah1997325", "vote": "UV"}, {"id": "4442284", "name": "Sigtina", "vote": "UV"}, {"id": "5039979", "name": "Starkidoky", "vote": "UV"}, {"id": "5013754", "name": "ting129", "vote": "UV"}, {"id": "4107284", "name": "Unihedron", "vote": "UV"}, {"id": "3981670", "name": "Viken-K", "vote": "UV"}, {"id": "5415046", "name": "vomiter", "vote": "UV"}, {"id": "4351112", "name": "Yu Ken Dai", "vote": "UV"}], "rating_jstf": 19, "votes_removed": [{"id": "DELETED", "name": "DELETED", "vote": "UV"}, {"id": "DELETED", "name": "DELETED", "vote": "UV"}], "rating_removed": 2, "viability": true}