{"page_info": {"created_at": "1558061869", "created_by_id": "4990678", "name": "niveaux-de-menace-des-objets-scp", "rating_vote": "6", "rating": "6", "tags": ["fr", "\u6307\u5c0e", "\u7ffb\u8b6f"], "status": "ONLINE"}, "votes": [{"id": "5729454", "name": "BossCat", "vote": "UV"}, {"id": "6258289", "name": "KarlKaku", "vote": "UV"}, {"id": "4239775", "name": "Semibreve", "vote": "UV"}, {"id": "6783502", "name": "TFKTKC", "vote": "UV"}, {"id": "5013754", "name": "ting129", "vote": "UV"}, {"id": "6082642", "name": "Yui611", "vote": "UV"}], "rating": 6, "votes_jstf": [{"id": "5729454", "name": "BossCat", "vote": "UV"}, {"id": "6258289", "name": "KarlKaku", "vote": "UV"}, {"id": "4239775", "name": "Semibreve", "vote": "UV"}, {"id": "6783502", "name": "TFKTKC", "vote": "UV"}, {"id": "5013754", "name": "ting129", "vote": "UV"}, {"id": "6082642", "name": "Yui611", "vote": "UV"}], "rating_jstf": 6, "votes_removed": [], "rating_removed": 0, "viability": true}