{"page_info": {"created_at": "1558678192", "created_by_id": "5334590", "name": "scp-zh-020", "rating_vote": "13", "rating": "13", "tags": ["safe", "scp", "site-zh-16", "\u539f\u5275", "\u690d\u7269", "\u7814\u7a76\u54e1l.what"], "status": "ONLINE"}, "votes": [{"id": "4548860", "name": "Bochy", "vote": "UV"}, {"id": "4002108", "name": "Dr_Die", "vote": "UV"}, {"id": "4990678", "name": "Dr V Valentine", "vote": "UV"}, {"id": "5275077", "name": "Glutton66", "vote": "UV"}, {"id": "5987568", "name": "Jetttttt", "vote": "UV"}, {"id": "5428435", "name": "Jhih", "vote": "UV"}, {"id": "5230135", "name": "Kaze Yang", "vote": "UV"}, {"id": "5318909", "name": "Lindust", "vote": "UV"}, {"id": "6091157", "name": "LuLu_Lucifelle", "vote": "UV"}, {"id": "5238833", "name": "RahRah1997325", "vote": "UV"}, {"id": "6788064", "name": "relena_xd", "vote": "UV"}, {"id": "4239775", "name": "Semibreve", "vote": "UV"}, {"id": "5415046", "name": "vomiter", "vote": "UV"}], "rating": 13, "votes_jstf": [{"id": "4548860", "name": "Bochy", "vote": "UV"}, {"id": "4002108", "name": "Dr_Die", "vote": "UV"}, {"id": "4990678", "name": "Dr V Valentine", "vote": "UV"}, {"id": "5275077", "name": "Glutton66", "vote": "UV"}, {"id": "5987568", "name": "Jetttttt", "vote": "UV"}, {"id": "5428435", "name": "Jhih", "vote": "UV"}, {"id": "5230135", "name": "Kaze Yang", "vote": "UV"}, {"id": "5318909", "name": "Lindust", "vote": "UV"}, {"id": "6091157", "name": "LuLu_Lucifelle", "vote": "UV"}, {"id": "5238833", "name": "RahRah1997325", "vote": "UV"}, {"id": "6788064", "name": "relena_xd", "vote": "UV"}, {"id": "4239775", "name": "Semibreve", "vote": "UV"}, {"id": "5415046", "name": "vomiter", "vote": "UV"}], "rating_jstf": 13, "votes_removed": [], "rating_removed": 0, "viability": true}