{"page_info": {"created_at": "1558190194", "created_by_id": "4055881", "name": "non-prophet-organization-hub", "rating_vote": "3", "rating": "3", "tags": ["en", "int-goi2019", "saphir", "\u4e2d\u5fc3", "\u5408\u8457", "\u706b\u70ac\u4e4b\u5b50", "\u7ffb\u8b6f", "\u85cd\u5bf6\u77f3"], "status": "ONLINE"}, "votes": [{"id": "4213515", "name": "ChAoS_UnItY", "vote": "UV"}, {"id": "4990678", "name": "Dr V Valentine", "vote": "UV"}, {"id": "5013754", "name": "ting129", "vote": "UV"}], "rating": 3, "votes_jstf": [{"id": "4213515", "name": "ChAoS_UnItY", "vote": "UV"}, {"id": "4990678", "name": "Dr V Valentine", "vote": "UV"}, {"id": "5013754", "name": "ting129", "vote": "UV"}], "rating_jstf": 3, "votes_removed": [], "rating_removed": 0, "viability": true}