{"page_info": {"created_at": "1558262137", "created_by_id": "5344757", "name": "scp-zh-720", "rating_vote": "17", "rating": "9", "tags": ["safe", "scp", "site-zh-16", "\u4eba\u5f62", "\u539f\u5275", "\u6c34\u68f2"], "status": "ONLINE"}, "votes": [{"id": "6010720", "name": "01051", "vote": "UV"}, {"id": "4264056", "name": "Aindavis_817", "vote": "UV"}, {"id": "4548860", "name": "Bochy", "vote": "UV"}, {"id": "4213515", "name": "ChAoS_UnItY", "vote": "DV"}, {"id": "5565302", "name": "Control Z", "vote": "UV"}, {"id": "5010943", "name": "EbertLee", "vote": "UV"}, {"id": "4357011", "name": "feitag", "vote": "DV"}, {"id": "5230135", "name": "Kaze Yang", "vote": "UV"}, {"id": "6091157", "name": "LuLu_Lucifelle", "vote": "UV"}, {"id": "3979351", "name": "minmasterqw", "vote": "DV"}, {"id": "4474355", "name": "PeiWeiArtz", "vote": "UV"}, {"id": "5238833", "name": "RahRah1997325", "vote": "UV"}, {"id": "5435485", "name": "SamScript", "vote": "UV"}, {"id": "4239775", "name": "Semibreve", "vote": "DV"}, {"id": "5341777", "name": "Shizumi", "vote": "UV"}, {"id": "5013754", "name": "ting129", "vote": "UV"}, {"id": "4351112", "name": "Yu Ken Dai", "vote": "UV"}], "rating": 9, "votes_jstf": [{"id": "6010720", "name": "01051", "vote": "UV"}, {"id": "4264056", "name": "Aindavis_817", "vote": "UV"}, {"id": "4548860", "name": "Bochy", "vote": "UV"}, {"id": "4213515", "name": "ChAoS_UnItY", "vote": "DV"}, {"id": "5565302", "name": "Control Z", "vote": "UV"}, {"id": "5010943", "name": "EbertLee", "vote": "UV"}, {"id": "4357011", "name": "feitag", "vote": "DV"}, {"id": "5230135", "name": "Kaze Yang", "vote": "UV"}, {"id": "6091157", "name": "LuLu_Lucifelle", "vote": "UV"}, {"id": "3979351", "name": "minmasterqw", "vote": "DV"}, {"id": "4474355", "name": "PeiWeiArtz", "vote": "UV"}, {"id": "5238833", "name": "RahRah1997325", "vote": "UV"}, {"id": "5435485", "name": "SamScript", "vote": "UV"}, {"id": "4239775", "name": "Semibreve", "vote": "DV"}, {"id": "5341777", "name": "Shizumi", "vote": "UV"}, {"id": "5013754", "name": "ting129", "vote": "UV"}, {"id": "4351112", "name": "Yu Ken Dai", "vote": "UV"}], "rating_jstf": 9, "votes_removed": [], "rating_removed": 0, "viability": true}