{"page_info": {"created_at": "1558172228", "created_by_id": "4055881", "name": "zetetic-bulletin-wu-xing-iris", "rating_vote": "5", "rating": "3", "tags": ["blackwood", "en", "int-goi2019", "saphir", "\u6703\u610f\u51fa\u7248", "\u706b\u70ac\u4e4b\u5b50", "\u7ffb\u8b6f", "\u85cd\u5bf6\u77f3"], "status": "ONLINE"}, "votes": [{"id": "4213515", "name": "ChAoS_UnItY", "vote": "UV"}, {"id": "4990678", "name": "Dr V Valentine", "vote": "UV"}, {"id": "4357011", "name": "feitag", "vote": "UV"}, {"id": "5403711", "name": "gjckiller", "vote": "DV"}, {"id": "3979351", "name": "minmasterqw", "vote": "UV"}], "rating": 3, "votes_jstf": [{"id": "4213515", "name": "ChAoS_UnItY", "vote": "UV"}, {"id": "4990678", "name": "Dr V Valentine", "vote": "UV"}, {"id": "4357011", "name": "feitag", "vote": "UV"}, {"id": "5403711", "name": "gjckiller", "vote": "DV"}, {"id": "3979351", "name": "minmasterqw", "vote": "UV"}], "rating_jstf": 3, "votes_removed": [], "rating_removed": 0, "viability": true}