{"page_info": {"created_at": "1558284944", "created_by_id": "5013754", "name": "thinking-and-write", "rating_vote": "15", "rating": "11", "tags": ["ijamea", "\u539f\u5275", "\u6545\u4e8b", "\u8490\u96c6\u9662"], "status": "ONLINE"}, "votes": [{"id": "6516148", "name": "36 plans", "vote": "DV"}, {"id": "5344757", "name": "Bales20147", "vote": "UV"}, {"id": "4213515", "name": "ChAoS_UnItY", "vote": "UV"}, {"id": "4990678", "name": "Dr V Valentine", "vote": "UV"}, {"id": "5010943", "name": "EbertLee", "vote": "UV"}, {"id": "5413566", "name": "light sun boy", "vote": "UV"}, {"id": "3979351", "name": "minmasterqw", "vote": "UV"}, {"id": "3438721", "name": "Mishary", "vote": "UV"}, {"id": "4474355", "name": "PeiWeiArtz", "vote": "UV"}, {"id": "5238833", "name": "RahRah1997325", "vote": "UV"}, {"id": "5990589", "name": "Red Data Girl", "vote": "UV"}, {"id": "4239775", "name": "Semibreve", "vote": "UV"}, {"id": "6048694", "name": "verdi-ye", "vote": "UV"}, {"id": "3981670", "name": "Viken-K", "vote": "UV"}, {"id": "4351112", "name": "Yu Ken Dai", "vote": "DV"}], "rating": 11, "votes_jstf": [{"id": "6516148", "name": "36 plans", "vote": "DV"}, {"id": "5344757", "name": "Bales20147", "vote": "UV"}, {"id": "4213515", "name": "ChAoS_UnItY", "vote": "UV"}, {"id": "4990678", "name": "Dr V Valentine", "vote": "UV"}, {"id": "5010943", "name": "EbertLee", "vote": "UV"}, {"id": "5413566", "name": "light sun boy", "vote": "UV"}, {"id": "3979351", "name": "minmasterqw", "vote": "UV"}, {"id": "3438721", "name": "Mishary", "vote": "UV"}, {"id": "4474355", "name": "PeiWeiArtz", "vote": "UV"}, {"id": "5238833", "name": "RahRah1997325", "vote": "UV"}, {"id": "5990589", "name": "Red Data Girl", "vote": "UV"}, {"id": "4239775", "name": "Semibreve", "vote": "UV"}, {"id": "6048694", "name": "verdi-ye", "vote": "UV"}, {"id": "3981670", "name": "Viken-K", "vote": "UV"}, {"id": "4351112", "name": "Yu Ken Dai", "vote": "DV"}], "rating_jstf": 11, "votes_removed": [], "rating_removed": 0, "viability": true}