{"page_info": {"created_at": "1558571621", "created_by_id": "5230135", "name": "scp-682", "rating_vote": "25", "rating": "23", "tags": ["en", "keter", "scp", "\u4e0d\u6ec5\u5b7d\u8725", "\u5408\u8457", "\u611f\u77e5\u529b", "\u722c\u884c\u985e\u52d5\u7269", "\u7ffb\u8b6f", "\u81ea\u6211\u4fee\u5fa9", "\u9069\u61c9\u6027", "\u97f3\u983b"], "status": "ONLINE"}, "votes": [{"id": "5729454", "name": "BossCat", "vote": "UV"}, {"id": "4213515", "name": "ChAoS_UnItY", "vote": "UV"}, {"id": "5572913", "name": "D-2074", "vote": "UV"}, {"id": "7538117", "name": "drsean5", "vote": "UV"}, {"id": "4990678", "name": "Dr V Valentine", "vote": "UV"}, {"id": "5010943", "name": "EbertLee", "vote": "UV"}, {"id": "5484164", "name": "Elsing", "vote": "UV"}, {"id": "5842934", "name": "Falconiformes", "vote": "UV"}, {"id": "5334590", "name": "Lostwhat", "vote": "UV"}, {"id": "6535938", "name": "Man in dream", "vote": "UV"}, {"id": "5709442", "name": "Nelson Tam", "vote": "UV"}, {"id": "4474355", "name": "PeiWeiArtz", "vote": "UV"}, {"id": "5400670", "name": "postilve", "vote": "UV"}, {"id": "6418091", "name": "ray880727", "vote": "UV"}, {"id": "5990589", "name": "Red Data Girl", "vote": "UV"}, {"id": "8033564", "name": "Red phosphorus", "vote": "UV"}, {"id": "4239775", "name": "Semibreve", "vote": "UV"}, {"id": "5341777", "name": "Shizumi", "vote": "UV"}, {"id": "6980791", "name": "Thanksforhelping", "vote": "UV"}, {"id": "5013754", "name": "ting129", "vote": "UV"}, {"id": "4107284", "name": "Unihedron", "vote": "UV"}, {"id": "6655922", "name": "vfs", "vote": "UV"}, {"id": "5647698", "name": "yoyo0901", "vote": "UV"}, {"id": "6082642", "name": "Yui611", "vote": "UV"}], "rating": 23, "votes_jstf": [{"id": "5729454", "name": "BossCat", "vote": "UV"}, {"id": "4213515", "name": "ChAoS_UnItY", "vote": "UV"}, {"id": "5572913", "name": "D-2074", "vote": "UV"}, {"id": "7538117", "name": "drsean5", "vote": "UV"}, {"id": "4990678", "name": "Dr V Valentine", "vote": "UV"}, {"id": "5010943", "name": "EbertLee", "vote": "UV"}, {"id": "5484164", "name": "Elsing", "vote": "UV"}, {"id": "5842934", "name": "Falconiformes", "vote": "UV"}, {"id": "5334590", "name": "Lostwhat", "vote": "UV"}, {"id": "6535938", "name": "Man in dream", "vote": "UV"}, {"id": "5709442", "name": "Nelson Tam", "vote": "UV"}, {"id": "4474355", "name": "PeiWeiArtz", "vote": "UV"}, {"id": "5400670", "name": "postilve", "vote": "UV"}, {"id": "6418091", "name": "ray880727", "vote": "UV"}, {"id": "5990589", "name": "Red Data Girl", "vote": "UV"}, {"id": "8033564", "name": "Red phosphorus", "vote": "UV"}, {"id": "4239775", "name": "Semibreve", "vote": "UV"}, {"id": "5341777", "name": "Shizumi", "vote": "UV"}, {"id": "6980791", "name": "Thanksforhelping", "vote": "UV"}, {"id": "5013754", "name": "ting129", "vote": "UV"}, {"id": "4107284", "name": "Unihedron", "vote": "UV"}, {"id": "6655922", "name": "vfs", "vote": "UV"}, {"id": "5647698", "name": "yoyo0901", "vote": "UV"}, {"id": "6082642", "name": "Yui611", "vote": "UV"}], "rating_jstf": 24, "votes_removed": [{"id": "DELETED", "name": "DELETED", "vote": "DV"}], "rating_removed": -1, "viability": true}