{"page_info": {"created_at": "1558601177", "created_by_id": "4128767", "name": "scp-745-jp", "rating_vote": "9", "rating": "9", "tags": ["euclid", "jp", "scp", "\u4eba\u5f62", "\u65e5\u5949\u4e00\u65cf", "\u6642\u7a7a", "\u7ffb\u8b6f"], "status": "ONLINE"}, "votes": [{"id": "4213515", "name": "ChAoS_UnItY", "vote": "UV"}, {"id": "4990678", "name": "Dr V Valentine", "vote": "UV"}, {"id": "5010943", "name": "EbertLee", "vote": "UV"}, {"id": "6541167", "name": "espect", "vote": "UV"}, {"id": "5684299", "name": "kingdom war", "vote": "UV"}, {"id": "3979351", "name": "minmasterqw", "vote": "UV"}, {"id": "6788064", "name": "relena_xd", "vote": "UV"}, {"id": "5435485", "name": "SamScript", "vote": "UV"}, {"id": "5013754", "name": "ting129", "vote": "UV"}], "rating": 9, "votes_jstf": [{"id": "4213515", "name": "ChAoS_UnItY", "vote": "UV"}, {"id": "4990678", "name": "Dr V Valentine", "vote": "UV"}, {"id": "5010943", "name": "EbertLee", "vote": "UV"}, {"id": "6541167", "name": "espect", "vote": "UV"}, {"id": "5684299", "name": "kingdom war", "vote": "UV"}, {"id": "3979351", "name": "minmasterqw", "vote": "UV"}, {"id": "6788064", "name": "relena_xd", "vote": "UV"}, {"id": "5435485", "name": "SamScript", "vote": "UV"}, {"id": "5013754", "name": "ting129", "vote": "UV"}], "rating_jstf": 9, "votes_removed": [], "rating_removed": 0, "viability": true}