{"page_info": {"created_at": "1558952778", "created_by_id": "3979351", "name": "scp-309-j", "rating_vote": "19", "rating": "19", "tags": ["en", "scp", "\u641e\u7b11", "\u6a5f\u5bc6\u5206\u7d1a", "\u7ffb\u8b6f"], "status": "ONLINE"}, "votes": [{"id": "5663596", "name": "Agent_REXPX", "vote": "UV"}, {"id": "4213515", "name": "ChAoS_UnItY", "vote": "UV"}, {"id": "4990678", "name": "Dr V Valentine", "vote": "UV"}, {"id": "5010943", "name": "EbertLee", "vote": "UV"}, {"id": "7513990", "name": "KaiTenno", "vote": "UV"}, {"id": "6258289", "name": "KarlKaku", "vote": "UV"}, {"id": "5958685", "name": "meowlok0327", "vote": "UV"}, {"id": "7499032", "name": "moonnotwhite", "vote": "UV"}, {"id": "6432694", "name": "Necolv", "vote": "UV"}, {"id": "6348157", "name": "Nyunyunyun", "vote": "UV"}, {"id": "5435485", "name": "SamScript", "vote": "UV"}, {"id": "4239775", "name": "Semibreve", "vote": "UV"}, {"id": "4442284", "name": "Sigtina", "vote": "UV"}, {"id": "3981670", "name": "Viken-K", "vote": "UV"}, {"id": "5450442", "name": "Ylumwlne", "vote": "UV"}, {"id": "7313177", "name": "YTtoung", "vote": "UV"}, {"id": "5454699", "name": "ZH_mercury", "vote": "UV"}, {"id": "7226401", "name": "ZoeLin", "vote": "UV"}], "rating": 19, "votes_jstf": [{"id": "5663596", "name": "Agent_REXPX", "vote": "UV"}, {"id": "4213515", "name": "ChAoS_UnItY", "vote": "UV"}, {"id": "4990678", "name": "Dr V Valentine", "vote": "UV"}, {"id": "5010943", "name": "EbertLee", "vote": "UV"}, {"id": "7513990", "name": "KaiTenno", "vote": "UV"}, {"id": "6258289", "name": "KarlKaku", "vote": "UV"}, {"id": "5958685", "name": "meowlok0327", "vote": "UV"}, {"id": "7499032", "name": "moonnotwhite", "vote": "UV"}, {"id": "6432694", "name": "Necolv", "vote": "UV"}, {"id": "6348157", "name": "Nyunyunyun", "vote": "UV"}, {"id": "5435485", "name": "SamScript", "vote": "UV"}, {"id": "4239775", "name": "Semibreve", "vote": "UV"}, {"id": "4442284", "name": "Sigtina", "vote": "UV"}, {"id": "3981670", "name": "Viken-K", "vote": "UV"}, {"id": "5450442", "name": "Ylumwlne", "vote": "UV"}, {"id": "7313177", "name": "YTtoung", "vote": "UV"}, {"id": "5454699", "name": "ZH_mercury", "vote": "UV"}, {"id": "7226401", "name": "ZoeLin", "vote": "UV"}], "rating_jstf": 18, "votes_removed": [{"id": "DELETED", "name": "DELETED", "vote": "UV"}], "rating_removed": 1, "viability": true}