{"page_info": {"created_at": "1558177291", "created_by_id": "3979351", "name": "scp-zh-256", "rating_vote": "15", "rating": "15", "tags": ["safe", "scp", "site-zh-25", "\u539f\u5275", "\u5730\u9ede", "\u5b89\u5e03\u7f85\u65af\u9910\u5ef3", "\u6728\u6613", "\u6db2\u9ad4", "\u96d9\u57ce\u4f5c\u6230", "\u96f6\u865f\u5c08\u968a"], "status": "ONLINE"}, "votes": [{"id": "5970137", "name": "Alexander_716", "vote": "UV"}, {"id": "5085036", "name": "cassiuslouis", "vote": "UV"}, {"id": "3997192", "name": "cdbeta", "vote": "UV"}, {"id": "4990678", "name": "Dr V Valentine", "vote": "UV"}, {"id": "5010943", "name": "EbertLee", "vote": "UV"}, {"id": "5275077", "name": "Glutton66", "vote": "UV"}, {"id": "4913214", "name": "Halasha", "vote": "UV"}, {"id": "5230135", "name": "Kaze Yang", "vote": "UV"}, {"id": "5062193", "name": "KenNG", "vote": "UV"}, {"id": "5348516", "name": "Mayaw Kacaw", "vote": "UV"}, {"id": "4545047", "name": "prtp14", "vote": "UV"}, {"id": "5238833", "name": "RahRah1997325", "vote": "UV"}, {"id": "5039979", "name": "Starkidoky", "vote": "UV"}, {"id": "5013754", "name": "ting129", "vote": "UV"}, {"id": "4107284", "name": "Unihedron", "vote": "UV"}], "rating": 15, "votes_jstf": [{"id": "5970137", "name": "Alexander_716", "vote": "UV"}, {"id": "5085036", "name": "cassiuslouis", "vote": "UV"}, {"id": "3997192", "name": "cdbeta", "vote": "UV"}, {"id": "4990678", "name": "Dr V Valentine", "vote": "UV"}, {"id": "5010943", "name": "EbertLee", "vote": "UV"}, {"id": "5275077", "name": "Glutton66", "vote": "UV"}, {"id": "4913214", "name": "Halasha", "vote": "UV"}, {"id": "5230135", "name": "Kaze Yang", "vote": "UV"}, {"id": "5062193", "name": "KenNG", "vote": "UV"}, {"id": "5348516", "name": "Mayaw Kacaw", "vote": "UV"}, {"id": "4545047", "name": "prtp14", "vote": "UV"}, {"id": "5238833", "name": "RahRah1997325", "vote": "UV"}, {"id": "5039979", "name": "Starkidoky", "vote": "UV"}, {"id": "5013754", "name": "ting129", "vote": "UV"}, {"id": "4107284", "name": "Unihedron", "vote": "UV"}], "rating_jstf": 15, "votes_removed": [], "rating_removed": 0, "viability": true}