{"page_info": {"created_at": "1558849177", "created_by_id": "3979351", "name": "scp-505-ko", "rating_vote": "3", "rating": "1", "tags": ["ko", "safe", "scp", "\u4e8c\u6b21\u7ffb\u8b6f", "\u4eba\u9020\u7269\u54c1", "\u53cd\u71b5", "\u5bb9\u5668", "\u5c4d\u9ad4", "\u7ffb\u8b6f"], "status": "ONLINE"}, "votes": [{"id": "4213515", "name": "ChAoS_UnItY", "vote": "UV"}, {"id": "4990678", "name": "Dr V Valentine", "vote": "UV"}, {"id": "4357011", "name": "feitag", "vote": "DV"}], "rating": 1, "votes_jstf": [{"id": "4213515", "name": "ChAoS_UnItY", "vote": "UV"}, {"id": "4990678", "name": "Dr V Valentine", "vote": "UV"}, {"id": "4357011", "name": "feitag", "vote": "DV"}], "rating_jstf": 1, "votes_removed": [], "rating_removed": 0, "viability": true}