{"page_info": {"created_at": "1558422727", "created_by_id": "5010943", "name": "doctors-of-the-church-hub", "rating_vote": "7", "rating": "7", "tags": ["en", "\u4e2d\u5fc3", "\u5408\u4f5c", "\u6559\u6703\u8056\u5e2b", "\u7ffb\u8b6f"], "status": "ONLINE"}, "votes": [{"id": "4213515", "name": "ChAoS_UnItY", "vote": "UV"}, {"id": "5232235", "name": "CheeseRice", "vote": "UV"}, {"id": "4990678", "name": "Dr V Valentine", "vote": "UV"}, {"id": "5230881", "name": "Jane0314", "vote": "UV"}, {"id": "5495167", "name": "Katherine cdfg", "vote": "UV"}, {"id": "3979351", "name": "minmasterqw", "vote": "UV"}, {"id": "5238833", "name": "RahRah1997325", "vote": "UV"}], "rating": 7, "votes_jstf": [{"id": "4213515", "name": "ChAoS_UnItY", "vote": "UV"}, {"id": "5232235", "name": "CheeseRice", "vote": "UV"}, {"id": "4990678", "name": "Dr V Valentine", "vote": "UV"}, {"id": "5230881", "name": "Jane0314", "vote": "UV"}, {"id": "5495167", "name": "Katherine cdfg", "vote": "UV"}, {"id": "3979351", "name": "minmasterqw", "vote": "UV"}, {"id": "5238833", "name": "RahRah1997325", "vote": "UV"}], "rating_jstf": 7, "votes_removed": [], "rating_removed": 0, "viability": true}