{"page_info": {"created_at": "1558929739", "created_by_id": "5010943", "name": "dr-gerald-s-personnel-file", "rating_vote": "3", "rating": "3", "tags": ["en", "\u4f5c\u8005\u9801\u9762", "\u7ffb\u8b6f"], "status": "ONLINE"}, "votes": [{"id": "4213515", "name": "ChAoS_UnItY", "vote": "UV"}, {"id": "4990678", "name": "Dr V Valentine", "vote": "UV"}, {"id": "4909183", "name": "fourfish1123", "vote": "UV"}], "rating": 3, "votes_jstf": [{"id": "4213515", "name": "ChAoS_UnItY", "vote": "UV"}, {"id": "4990678", "name": "Dr V Valentine", "vote": "UV"}, {"id": "4909183", "name": "fourfish1123", "vote": "UV"}], "rating_jstf": 3, "votes_removed": [], "rating_removed": 0, "viability": true}