{"page_info": {"created_at": "1558374447", "created_by_id": "5230135", "name": "impossible-to-destroy-reptile", "rating_vote": "8", "rating": "8", "tags": ["en", "\u4e0d\u6ec5\u5b7d\u8725", "\u6545\u4e8b", "\u6b7b\u4ea1\u7d42\u4e86", "\u7ffb\u8b6f"], "status": "ONLINE"}, "votes": [{"id": "5325850", "name": "AbyssDream", "vote": "UV"}, {"id": "4213515", "name": "ChAoS_UnItY", "vote": "UV"}, {"id": "4990678", "name": "Dr V Valentine", "vote": "UV"}, {"id": "5010943", "name": "EbertLee", "vote": "UV"}, {"id": "5238833", "name": "RahRah1997325", "vote": "UV"}, {"id": "6788064", "name": "relena_xd", "vote": "UV"}, {"id": "4239775", "name": "Semibreve", "vote": "UV"}, {"id": "5013754", "name": "ting129", "vote": "UV"}], "rating": 8, "votes_jstf": [{"id": "5325850", "name": "AbyssDream", "vote": "UV"}, {"id": "4213515", "name": "ChAoS_UnItY", "vote": "UV"}, {"id": "4990678", "name": "Dr V Valentine", "vote": "UV"}, {"id": "5010943", "name": "EbertLee", "vote": "UV"}, {"id": "5238833", "name": "RahRah1997325", "vote": "UV"}, {"id": "6788064", "name": "relena_xd", "vote": "UV"}, {"id": "4239775", "name": "Semibreve", "vote": "UV"}, {"id": "5013754", "name": "ting129", "vote": "UV"}], "rating_jstf": 8, "votes_removed": [], "rating_removed": 0, "viability": true}