{"page_info": {"created_at": "1558614671", "created_by_id": "4357011", "name": "1st-cetres-donation", "rating_vote": "4", "rating": "2", "tags": ["en", "en-goi2014", "goi\u683c\u5f0f", "\u746a\u7d0d\u6148\u5584\u57fa\u91d1\u6703", "\u7ffb\u8b6f"], "status": "ONLINE"}, "votes": [{"id": "4213515", "name": "ChAoS_UnItY", "vote": "DV"}, {"id": "4990678", "name": "Dr V Valentine", "vote": "UV"}, {"id": "3979351", "name": "minmasterqw", "vote": "UV"}, {"id": "4442284", "name": "Sigtina", "vote": "UV"}], "rating": 2, "votes_jstf": [{"id": "4213515", "name": "ChAoS_UnItY", "vote": "DV"}, {"id": "4990678", "name": "Dr V Valentine", "vote": "UV"}, {"id": "3979351", "name": "minmasterqw", "vote": "UV"}, {"id": "4442284", "name": "Sigtina", "vote": "UV"}], "rating_jstf": 2, "votes_removed": [], "rating_removed": 0, "viability": true}