{"page_info": {"created_at": "1558785257", "created_by_id": "4055881", "name": "scpoems", "rating_vote": "4", "rating": "4", "tags": ["awcy", "blackwood", "en", "eric", "leslie", "wondertainment\u535a\u58eb", "\u5408\u4f5c", "\u591c\u4e4b\u5b50", "\u5de5\u5ee0", "\u6545\u4e8b", "\u6b32\u8089\u6559", "\u7814\u7a76\u54e1lloyd", "\u7834\u788e\u4e4b\u795e\u6559\u6703", "\u7ffb\u8b6f", "\u8a69\u6b4c", "\u9ed1\u5154\u516c\u53f8", "\u9ed1\u7687\u540e"], "status": "ONLINE"}, "votes": [{"id": "4213515", "name": "ChAoS_UnItY", "vote": "UV"}, {"id": "4990678", "name": "Dr V Valentine", "vote": "UV"}, {"id": "4357011", "name": "feitag", "vote": "UV"}, {"id": "4442284", "name": "Sigtina", "vote": "UV"}], "rating": 4, "votes_jstf": [{"id": "4213515", "name": "ChAoS_UnItY", "vote": "UV"}, {"id": "4990678", "name": "Dr V Valentine", "vote": "UV"}, {"id": "4357011", "name": "feitag", "vote": "UV"}, {"id": "4442284", "name": "Sigtina", "vote": "UV"}], "rating_jstf": 4, "votes_removed": [], "rating_removed": 0, "viability": true}