{"page_info": {"created_at": "1558869823", "created_by_id": "3979351", "name": "groups-of-interest-th", "rating_vote": "3", "rating": "3", "tags": ["th", "\u4e2d\u5fc3", "\u4e8c\u6b21\u7ffb\u8b6f", "\u6307\u5c0e", "\u7ffb\u8b6f"], "status": "ONLINE"}, "votes": [{"id": "4990678", "name": "Dr V Valentine", "vote": "UV"}, {"id": "5684299", "name": "kingdom war", "vote": "UV"}, {"id": "7504530", "name": "Pseudopoet", "vote": "UV"}], "rating": 3, "votes_jstf": [{"id": "4990678", "name": "Dr V Valentine", "vote": "UV"}, {"id": "5684299", "name": "kingdom war", "vote": "UV"}, {"id": "7504530", "name": "Pseudopoet", "vote": "UV"}], "rating_jstf": 3, "votes_removed": [], "rating_removed": 0, "viability": true}