{"page_info": {"created_at": "1558268571", "created_by_id": "4055881", "name": "oh-i-feel-it-i-feel-the-cosmos", "rating_vote": "6", "rating": "6", "tags": ["aiad", "en", "int-goi2019", "\u6545\u4e8b", "\u7ffb\u8b6f", "\u9280\u6cb3\u806f\u90a6"], "status": "ONLINE"}, "votes": [{"id": "4213515", "name": "ChAoS_UnItY", "vote": "UV"}, {"id": "4990678", "name": "Dr V Valentine", "vote": "UV"}, {"id": "4357011", "name": "feitag", "vote": "UV"}, {"id": "5334590", "name": "Lostwhat", "vote": "UV"}, {"id": "3981670", "name": "Viken-K", "vote": "UV"}, {"id": "4351112", "name": "Yu Ken Dai", "vote": "UV"}], "rating": 6, "votes_jstf": [{"id": "4213515", "name": "ChAoS_UnItY", "vote": "UV"}, {"id": "4990678", "name": "Dr V Valentine", "vote": "UV"}, {"id": "4357011", "name": "feitag", "vote": "UV"}, {"id": "5334590", "name": "Lostwhat", "vote": "UV"}, {"id": "3981670", "name": "Viken-K", "vote": "UV"}, {"id": "4351112", "name": "Yu Ken Dai", "vote": "UV"}], "rating_jstf": 6, "votes_removed": [], "rating_removed": 0, "viability": true}