{"page_info": {"created_at": "1558972001", "created_by_id": "3979351", "name": "scp-es-056", "rating_vote": "4", "rating": "4", "tags": ["es", "safe", "scp", "\u4e0d\u53ef\u79fb\u52d5", "\u4e8c\u6b21\u7ffb\u8b6f", "\u7ffb\u8b6f"], "status": "ONLINE"}, "votes": [{"id": "4213515", "name": "ChAoS_UnItY", "vote": "UV"}, {"id": "4990678", "name": "Dr V Valentine", "vote": "UV"}, {"id": "4128767", "name": "Mimaomao", "vote": "UV"}, {"id": "6592438", "name": "Twilit", "vote": "UV"}], "rating": 4, "votes_jstf": [{"id": "4213515", "name": "ChAoS_UnItY", "vote": "UV"}, {"id": "4990678", "name": "Dr V Valentine", "vote": "UV"}, {"id": "4128767", "name": "Mimaomao", "vote": "UV"}, {"id": "6592438", "name": "Twilit", "vote": "UV"}], "rating_jstf": 4, "votes_removed": [], "rating_removed": 0, "viability": true}