{"page_info": {"created_at": "1558697069", "created_by_id": "4255421", "name": "rating-against-traditions", "rating_vote": "24", "rating": "24", "tags": ["\u539f\u5275", "\u5fc3\u5f97"], "status": "ONLINE"}, "votes": [{"id": "5344757", "name": "Bales20147", "vote": "UV"}, {"id": "4548860", "name": "Bochy", "vote": "UV"}, {"id": "4213515", "name": "ChAoS_UnItY", "vote": "UV"}, {"id": "6660093", "name": "cheese_ge", "vote": "UV"}, {"id": "4990678", "name": "Dr V Valentine", "vote": "UV"}, {"id": "4008015", "name": "EatherAC", "vote": "UV"}, {"id": "4357011", "name": "feitag", "vote": "UV"}, {"id": "5334590", "name": "Lostwhat", "vote": "UV"}, {"id": "6091157", "name": "LuLu_Lucifelle", "vote": "UV"}, {"id": "5251681", "name": "NocturnalT", "vote": "UV"}, {"id": "7034978", "name": "oilyhu", "vote": "UV"}, {"id": "4474355", "name": "PeiWeiArtz", "vote": "UV"}, {"id": "5238833", "name": "RahRah1997325", "vote": "UV"}, {"id": "5238833", "name": "RahRah1997325", "vote": "UV"}, {"id": "6690335", "name": "Red Paint", "vote": "UV"}, {"id": "6788064", "name": "relena_xd", "vote": "UV"}, {"id": "5255954", "name": "Reverberate_a", "vote": "UV"}, {"id": "4239775", "name": "Semibreve", "vote": "UV"}, {"id": "4442284", "name": "Sigtina", "vote": "UV"}, {"id": "5013754", "name": "ting129", "vote": "UV"}, {"id": "5225164", "name": "WaterBrich", "vote": "UV"}, {"id": "5817419", "name": "Xina Harwood", "vote": "UV"}, {"id": "6082642", "name": "Yui611", "vote": "UV"}, {"id": "5454699", "name": "ZH_mercury", "vote": "UV"}], "rating": 24, "votes_jstf": [{"id": "5344757", "name": "Bales20147", "vote": "UV"}, {"id": "4548860", "name": "Bochy", "vote": "UV"}, {"id": "4213515", "name": "ChAoS_UnItY", "vote": "UV"}, {"id": "6660093", "name": "cheese_ge", "vote": "UV"}, {"id": "4990678", "name": "Dr V Valentine", "vote": "UV"}, {"id": "4008015", "name": "EatherAC", "vote": "UV"}, {"id": "4357011", "name": "feitag", "vote": "UV"}, {"id": "5334590", "name": "Lostwhat", "vote": "UV"}, {"id": "6091157", "name": "LuLu_Lucifelle", "vote": "UV"}, {"id": "5251681", "name": "NocturnalT", "vote": "UV"}, {"id": "7034978", "name": "oilyhu", "vote": "UV"}, {"id": "4474355", "name": "PeiWeiArtz", "vote": "UV"}, {"id": "5238833", "name": "RahRah1997325", "vote": "UV"}, {"id": "5238833", "name": "RahRah1997325", "vote": "UV"}, {"id": "6690335", "name": "Red Paint", "vote": "UV"}, {"id": "6788064", "name": "relena_xd", "vote": "UV"}, {"id": "5255954", "name": "Reverberate_a", "vote": "UV"}, {"id": "4239775", "name": "Semibreve", "vote": "UV"}, {"id": "4442284", "name": "Sigtina", "vote": "UV"}, {"id": "5013754", "name": "ting129", "vote": "UV"}, {"id": "5225164", "name": "WaterBrich", "vote": "UV"}, {"id": "5817419", "name": "Xina Harwood", "vote": "UV"}, {"id": "6082642", "name": "Yui611", "vote": "UV"}, {"id": "5454699", "name": "ZH_mercury", "vote": "UV"}], "rating_jstf": 24, "votes_removed": [], "rating_removed": 0, "viability": true}