{"page_info": {"created_at": "1558354772", "created_by_id": "4055881", "name": "world-went-beautiful", "rating_vote": "8", "rating": "8", "tags": ["clef\u535a\u58eb", "en", "gears\u535a\u58eb", "kondraki\u535a\u58eb", "mc&amp;d", "the-administrator", "wondertainment\u535a\u58eb", "\u5168\u7403\u8d85\u81ea\u7136\u806f\u76df", "\u5a01\u723e\u905c\u91ce\u751f\u52d5\u7269", "\u5b89\u5fb7\u68ee\u6a5f\u5668\u4eba", "\u5de5\u5ee0", "\u6545\u4e8b", "\u666e\u7f85\u7c73\u4fee\u65af\u5be6\u9a57\u5ba4", "\u7ffb\u8b6f", "\u97f3\u983b", "\u9e7f\u5b78\u9662"], "status": "ONLINE"}, "votes": [{"id": "4213515", "name": "ChAoS_UnItY", "vote": "UV"}, {"id": "4990678", "name": "Dr V Valentine", "vote": "UV"}, {"id": "5604919", "name": "k1s10r0d", "vote": "UV"}, {"id": "5684299", "name": "kingdom war", "vote": "UV"}, {"id": "5238833", "name": "RahRah1997325", "vote": "UV"}, {"id": "6788064", "name": "relena_xd", "vote": "UV"}, {"id": "5435485", "name": "SamScript", "vote": "UV"}, {"id": "5013754", "name": "ting129", "vote": "UV"}], "rating": 8, "votes_jstf": [{"id": "4213515", "name": "ChAoS_UnItY", "vote": "UV"}, {"id": "4990678", "name": "Dr V Valentine", "vote": "UV"}, {"id": "5604919", "name": "k1s10r0d", "vote": "UV"}, {"id": "5684299", "name": "kingdom war", "vote": "UV"}, {"id": "5238833", "name": "RahRah1997325", "vote": "UV"}, {"id": "6788064", "name": "relena_xd", "vote": "UV"}, {"id": "5435485", "name": "SamScript", "vote": "UV"}, {"id": "5013754", "name": "ting129", "vote": "UV"}], "rating_jstf": 8, "votes_removed": [], "rating_removed": 0, "viability": true}