{"page_info": {"created_at": "1558526411", "created_by_id": "4357011", "name": "first-ivady-donation", "rating_vote": "7", "rating": "7", "tags": ["en", "goi\u683c\u5f0f", "\u6b32\u8089\u6559", "\u746a\u7d0d\u6148\u5584\u57fa\u91d1\u6703", "\u7ffb\u8b6f"], "status": "ONLINE"}, "votes": [{"id": "4213515", "name": "ChAoS_UnItY", "vote": "UV"}, {"id": "4990678", "name": "Dr V Valentine", "vote": "UV"}, {"id": "5604919", "name": "k1s10r0d", "vote": "UV"}, {"id": "3979351", "name": "minmasterqw", "vote": "UV"}, {"id": "5653267", "name": "Nihilmace", "vote": "UV"}, {"id": "5013754", "name": "ting129", "vote": "UV"}, {"id": "3981670", "name": "Viken-K", "vote": "UV"}], "rating": 7, "votes_jstf": [{"id": "4213515", "name": "ChAoS_UnItY", "vote": "UV"}, {"id": "4990678", "name": "Dr V Valentine", "vote": "UV"}, {"id": "5604919", "name": "k1s10r0d", "vote": "UV"}, {"id": "3979351", "name": "minmasterqw", "vote": "UV"}, {"id": "5653267", "name": "Nihilmace", "vote": "UV"}, {"id": "5013754", "name": "ting129", "vote": "UV"}, {"id": "3981670", "name": "Viken-K", "vote": "UV"}], "rating_jstf": 7, "votes_removed": [], "rating_removed": 0, "viability": true}