{"page_info": {"created_at": "1558166822", "created_by_id": "4357011", "name": "sounds-of-silver", "rating_vote": "3", "rating": "3", "tags": ["en", "goi\u683c\u5f0f", "\u5168\u7403\u8d85\u81ea\u7136\u806f\u76df", "\u7ffb\u8b6f", "\u9ed1\u7687\u540e"], "status": "ONLINE"}, "votes": [{"id": "4990678", "name": "Dr V Valentine", "vote": "UV"}, {"id": "3979351", "name": "minmasterqw", "vote": "UV"}, {"id": "5013754", "name": "ting129", "vote": "UV"}], "rating": 3, "votes_jstf": [{"id": "4990678", "name": "Dr V Valentine", "vote": "UV"}, {"id": "3979351", "name": "minmasterqw", "vote": "UV"}, {"id": "5013754", "name": "ting129", "vote": "UV"}], "rating_jstf": 3, "votes_removed": [], "rating_removed": 0, "viability": true}