{"page_info": {"created_at": "1559470314", "created_by_id": "3423434", "name": "scp-009", "rating_vote": "4", "rating": "4", "tags": ["en", "euclid", "scp", "\u6db2\u9ad4", "\u71b1\u91cf\u5f71\u97ff", "\u7ffb\u8b6f", "\u81ea\u6211\u8907\u88fd"], "status": "ONLINE"}, "votes": [{"id": "4213515", "name": "ChAoS_UnItY", "vote": "UV"}, {"id": "4990678", "name": "Dr V Valentine", "vote": "UV"}, {"id": "3979351", "name": "minmasterqw", "vote": "UV"}, {"id": "6655922", "name": "vfs", "vote": "UV"}], "rating": 4, "votes_jstf": [{"id": "4213515", "name": "ChAoS_UnItY", "vote": "UV"}, {"id": "4990678", "name": "Dr V Valentine", "vote": "UV"}, {"id": "3979351", "name": "minmasterqw", "vote": "UV"}, {"id": "6655922", "name": "vfs", "vote": "UV"}], "rating_jstf": 4, "votes_removed": [], "rating_removed": 0, "viability": true}