{"page_info": {"created_at": "1559135430", "created_by_id": "3981670", "name": "scp-zh-501", "rating_vote": "4", "rating": "4", "tags": ["euclid", "scp", "\u539f\u5275", "\u96fb\u8166"], "status": "ONLINE"}, "votes": [{"id": "4548860", "name": "Bochy", "vote": "UV"}, {"id": "5010943", "name": "EbertLee", "vote": "UV"}, {"id": "4474355", "name": "PeiWeiArtz", "vote": "UV"}, {"id": "5013754", "name": "ting129", "vote": "UV"}], "rating": 4, "votes_jstf": [{"id": "4548860", "name": "Bochy", "vote": "UV"}, {"id": "5010943", "name": "EbertLee", "vote": "UV"}, {"id": "4474355", "name": "PeiWeiArtz", "vote": "UV"}, {"id": "5013754", "name": "ting129", "vote": "UV"}], "rating_jstf": 4, "votes_removed": [], "rating_removed": 0, "viability": true}