{"page_info": {"created_at": "1559574608", "created_by_id": "4357011", "name": "analysis-of-the-plokamisuchus", "rating_vote": "4", "rating": "4", "tags": ["en", "goi\u683c\u5f0f", "icsut", "\u5168\u7dda\u6230\u722d", "\u5408\u8457", "\u7ffb\u8b6f"], "status": "ONLINE"}, "votes": [{"id": "3997192", "name": "cdbeta", "vote": "UV"}, {"id": "4213515", "name": "ChAoS_UnItY", "vote": "UV"}, {"id": "4990678", "name": "Dr V Valentine", "vote": "UV"}, {"id": "3979351", "name": "minmasterqw", "vote": "UV"}], "rating": 4, "votes_jstf": [{"id": "3997192", "name": "cdbeta", "vote": "UV"}, {"id": "4213515", "name": "ChAoS_UnItY", "vote": "UV"}, {"id": "4990678", "name": "Dr V Valentine", "vote": "UV"}, {"id": "3979351", "name": "minmasterqw", "vote": "UV"}], "rating_jstf": 4, "votes_removed": [], "rating_removed": 0, "viability": true}