{"page_info": {"created_at": "1559138437", "created_by_id": "4545047", "name": "prtp14", "rating_vote": "2", "rating": "2", "tags": ["site-zh-31", "\u539f\u5275", "\u6545\u4e8b"], "status": "ONLINE"}, "votes": [{"id": "5252281", "name": "Hildebrand", "vote": "UV"}, {"id": "5684299", "name": "kingdom war", "vote": "UV"}], "rating": 2, "votes_jstf": [{"id": "5252281", "name": "Hildebrand", "vote": "UV"}, {"id": "5684299", "name": "kingdom war", "vote": "UV"}], "rating_jstf": 2, "votes_removed": [], "rating_removed": 0, "viability": true}