{"page_info": {"created_at": "1559921541", "created_by_id": "5344757", "name": "scp-zh-823", "rating_vote": "20", "rating": "14", "tags": ["euclid", "scp", "site-zh-16", "\u4eba\u5f62", "\u539f\u5275", "\u5ff5\u529b", "\u7570\u5e38\u79fb\u52d5"], "status": "ONLINE"}, "votes": [{"id": "5273385", "name": "42anonymous", "vote": "UV"}, {"id": "4548860", "name": "Bochy", "vote": "UV"}, {"id": "5085036", "name": "cassiuslouis", "vote": "UV"}, {"id": "3997192", "name": "cdbeta", "vote": "DV"}, {"id": "5565302", "name": "Control Z", "vote": "UV"}, {"id": "5010943", "name": "EbertLee", "vote": "UV"}, {"id": "5985636", "name": "Hirry", "vote": "UV"}, {"id": "6258289", "name": "KarlKaku", "vote": "UV"}, {"id": "5334590", "name": "Lostwhat", "vote": "UV"}, {"id": "6091157", "name": "LuLu_Lucifelle", "vote": "UV"}, {"id": "4495092", "name": "nekomylove", "vote": "UV"}, {"id": "4474355", "name": "PeiWeiArtz", "vote": "UV"}, {"id": "5230621", "name": "Pudding_Boy", "vote": "UV"}, {"id": "5435485", "name": "SamScript", "vote": "UV"}, {"id": "4442284", "name": "Sigtina", "vote": "UV"}, {"id": "5150230", "name": "UraniumSanchez", "vote": "UV"}, {"id": "3981670", "name": "Viken-K", "vote": "DV"}, {"id": "5415046", "name": "vomiter", "vote": "DV"}, {"id": "5338547", "name": "YONGZUN", "vote": "UV"}, {"id": "6082642", "name": "Yui611", "vote": "UV"}], "rating": 14, "votes_jstf": [{"id": "5273385", "name": "42anonymous", "vote": "UV"}, {"id": "4548860", "name": "Bochy", "vote": "UV"}, {"id": "5085036", "name": "cassiuslouis", "vote": "UV"}, {"id": "3997192", "name": "cdbeta", "vote": "DV"}, {"id": "5565302", "name": "Control Z", "vote": "UV"}, {"id": "5010943", "name": "EbertLee", "vote": "UV"}, {"id": "5985636", "name": "Hirry", "vote": "UV"}, {"id": "6258289", "name": "KarlKaku", "vote": "UV"}, {"id": "5334590", "name": "Lostwhat", "vote": "UV"}, {"id": "6091157", "name": "LuLu_Lucifelle", "vote": "UV"}, {"id": "4495092", "name": "nekomylove", "vote": "UV"}, {"id": "4474355", "name": "PeiWeiArtz", "vote": "UV"}, {"id": "5230621", "name": "Pudding_Boy", "vote": "UV"}, {"id": "5435485", "name": "SamScript", "vote": "UV"}, {"id": "4442284", "name": "Sigtina", "vote": "UV"}, {"id": "5150230", "name": "UraniumSanchez", "vote": "UV"}, {"id": "3981670", "name": "Viken-K", "vote": "DV"}, {"id": "5415046", "name": "vomiter", "vote": "DV"}, {"id": "5338547", "name": "YONGZUN", "vote": "UV"}, {"id": "6082642", "name": "Yui611", "vote": "UV"}], "rating_jstf": 14, "votes_removed": [], "rating_removed": 0, "viability": true}