{"page_info": {"created_at": "1559464164", "created_by_id": "4357011", "name": "scp-4494", "rating_vote": "10", "rating": "10", "tags": ["archon", "en", "en-\u6025\u8feb\u7af6\u8cfd2019", "scp", "\u4eba\u5f62", "\u5e7d\u97484494", "\u611f\u77e5\u529b", "\u667a\u80fd", "\u672c\u8cea\u4fc3\u52d5", "\u6982\u5ff5", "\u7ffb\u8b6f", "\u8cc7\u8a0a\u5371\u5bb3"], "status": "ONLINE"}, "votes": [{"id": "4990678", "name": "Dr V Valentine", "vote": "UV"}, {"id": "5653267", "name": "Nihilmace", "vote": "UV"}, {"id": "2129402", "name": "Nofer", "vote": "UV"}, {"id": "5435485", "name": "SamScript", "vote": "UV"}, {"id": "4239775", "name": "Semibreve", "vote": "UV"}, {"id": "5414791", "name": "Shingowu", "vote": "UV"}, {"id": "4442284", "name": "Sigtina", "vote": "UV"}, {"id": "6980791", "name": "Thanksforhelping", "vote": "UV"}, {"id": "5013754", "name": "ting129", "vote": "UV"}], "rating": 10, "votes_jstf": [{"id": "4990678", "name": "Dr V Valentine", "vote": "UV"}, {"id": "5653267", "name": "Nihilmace", "vote": "UV"}, {"id": "2129402", "name": "Nofer", "vote": "UV"}, {"id": "5435485", "name": "SamScript", "vote": "UV"}, {"id": "4239775", "name": "Semibreve", "vote": "UV"}, {"id": "5414791", "name": "Shingowu", "vote": "UV"}, {"id": "4442284", "name": "Sigtina", "vote": "UV"}, {"id": "6980791", "name": "Thanksforhelping", "vote": "UV"}, {"id": "5013754", "name": "ting129", "vote": "UV"}], "rating_jstf": 9, "votes_removed": [{"id": "DELETED", "name": "DELETED", "vote": "UV"}], "rating_removed": 1, "viability": true}