{"page_info": {"created_at": "1559831633", "created_by_id": "4357011", "name": "the-workshop", "rating_vote": "2", "rating": "2", "tags": ["en", "goi\u683c\u5f0f", "wondertainment\u535a\u58eb", "\u5408\u8457", "\u7f8e\u5999\u4e16\u754c", "\u7ffb\u8b6f", "\u829d\u52a0\u54e5\u9b3c\u9748"], "status": "ONLINE"}, "votes": [{"id": "4213515", "name": "ChAoS_UnItY", "vote": "UV"}, {"id": "4990678", "name": "Dr V Valentine", "vote": "UV"}], "rating": 2, "votes_jstf": [{"id": "4213515", "name": "ChAoS_UnItY", "vote": "UV"}, {"id": "4990678", "name": "Dr V Valentine", "vote": "UV"}], "rating_jstf": 2, "votes_removed": [], "rating_removed": 0, "viability": true}