{"page_info": {"created_at": "1559220047", "created_by_id": "4357011", "name": "scp-4449", "rating_vote": "3", "rating": "3", "tags": ["en", "euclid", "scp", "\u4eba\u5f62", "\u53cd\u71b5", "\u611f\u77e5\u529b", "\u667a\u80fd", "\u7570\u5e38\u79fb\u52d5", "\u7ffb\u8b6f", "\u81ea\u4e3b", "\u81ea\u6211\u4fee\u5fa9"], "status": "ONLINE"}, "votes": [{"id": "4213515", "name": "ChAoS_UnItY", "vote": "UV"}, {"id": "4990678", "name": "Dr V Valentine", "vote": "UV"}, {"id": "5414791", "name": "Shingowu", "vote": "UV"}], "rating": 3, "votes_jstf": [{"id": "4213515", "name": "ChAoS_UnItY", "vote": "UV"}, {"id": "4990678", "name": "Dr V Valentine", "vote": "UV"}, {"id": "5414791", "name": "Shingowu", "vote": "UV"}], "rating_jstf": 3, "votes_removed": [], "rating_removed": 0, "viability": true}