{"page_info": {"created_at": "1559925083", "created_by_id": "5230135", "name": "home-is-a-place-with-mushrooms", "rating_vote": "7", "rating": "7", "tags": ["en", "\u6545\u4e8b", "\u7ffb\u8b6f", "\u8de8\u754c\u8a08\u756b"], "status": "ONLINE"}, "votes": [{"id": "4213515", "name": "ChAoS_UnItY", "vote": "UV"}, {"id": "4990678", "name": "Dr V Valentine", "vote": "UV"}, {"id": "5275077", "name": "Glutton66", "vote": "UV"}, {"id": "5295260", "name": "MountainFern", "vote": "UV"}, {"id": "4239775", "name": "Semibreve", "vote": "UV"}, {"id": "5013754", "name": "ting129", "vote": "UV"}, {"id": "6048694", "name": "verdi-ye", "vote": "UV"}], "rating": 7, "votes_jstf": [{"id": "4213515", "name": "ChAoS_UnItY", "vote": "UV"}, {"id": "4990678", "name": "Dr V Valentine", "vote": "UV"}, {"id": "5275077", "name": "Glutton66", "vote": "UV"}, {"id": "5295260", "name": "MountainFern", "vote": "UV"}, {"id": "4239775", "name": "Semibreve", "vote": "UV"}, {"id": "5013754", "name": "ting129", "vote": "UV"}, {"id": "6048694", "name": "verdi-ye", "vote": "UV"}], "rating_jstf": 7, "votes_removed": [], "rating_removed": 0, "viability": true}