{"page_info": {"created_at": "1559058753", "created_by_id": "3979351", "name": "scp-es-112", "rating_vote": "2", "rating": "2", "tags": ["es", "safe", "scp", "\u4e0d\u53ef\u6467\u6bc0", "\u4e8c\u6b21\u7ffb\u8b6f", "\u6b66\u5668", "\u7ffb\u8b6f"], "status": "ONLINE"}, "votes": [{"id": "4213515", "name": "ChAoS_UnItY", "vote": "UV"}, {"id": "4990678", "name": "Dr V Valentine", "vote": "UV"}], "rating": 2, "votes_jstf": [{"id": "4213515", "name": "ChAoS_UnItY", "vote": "UV"}, {"id": "4990678", "name": "Dr V Valentine", "vote": "UV"}], "rating_jstf": 2, "votes_removed": [], "rating_removed": 0, "viability": true}