{"page_info": {"created_at": "1559832337", "created_by_id": "4357011", "name": "adoption-poster-bandit", "rating_vote": "4", "rating": "4", "tags": ["en", "goi\u683c\u5f0f", "\u4e09\u6ce2\u7279\u862d", "\u5a01\u723e\u905c\u751f\u7269\u61c9\u5c0d\u7d44", "\u7ffb\u8b6f"], "status": "ONLINE"}, "votes": [{"id": "4264056", "name": "Aindavis_817", "vote": "UV"}, {"id": "4213515", "name": "ChAoS_UnItY", "vote": "UV"}, {"id": "4990678", "name": "Dr V Valentine", "vote": "UV"}, {"id": "8064046", "name": "Shen Qing", "vote": "UV"}], "rating": 4, "votes_jstf": [{"id": "4264056", "name": "Aindavis_817", "vote": "UV"}, {"id": "4213515", "name": "ChAoS_UnItY", "vote": "UV"}, {"id": "4990678", "name": "Dr V Valentine", "vote": "UV"}, {"id": "8064046", "name": "Shen Qing", "vote": "UV"}], "rating_jstf": 4, "votes_removed": [], "rating_removed": 0, "viability": true}