{"page_info": {"created_at": "1559320970", "created_by_id": "4357011", "name": "critter-profile-bakugo", "rating_vote": "5", "rating": "5", "tags": ["en", "en-\u6025\u8feb\u7af6\u8cfd2019", "faeowynn-wilson", "goi\u683c\u5f0f", "\u5922\u795e", "\u5a01\u723e\u905c\u751f\u7269\u61c9\u5c0d\u7d44", "\u7ffb\u8b6f"], "status": "ONLINE"}, "votes": [{"id": "4264056", "name": "Aindavis_817", "vote": "UV"}, {"id": "4213515", "name": "ChAoS_UnItY", "vote": "UV"}, {"id": "4990678", "name": "Dr V Valentine", "vote": "UV"}, {"id": "4239775", "name": "Semibreve", "vote": "UV"}, {"id": "5013754", "name": "ting129", "vote": "UV"}], "rating": 5, "votes_jstf": [{"id": "4264056", "name": "Aindavis_817", "vote": "UV"}, {"id": "4213515", "name": "ChAoS_UnItY", "vote": "UV"}, {"id": "4990678", "name": "Dr V Valentine", "vote": "UV"}, {"id": "4239775", "name": "Semibreve", "vote": "UV"}, {"id": "5013754", "name": "ting129", "vote": "UV"}], "rating_jstf": 5, "votes_removed": [], "rating_removed": 0, "viability": true}