{"page_info": {"created_at": "1559056221", "created_by_id": "3979351", "name": "grupos-de-interes-hispanoparlantes", "rating_vote": "4", "rating": "4", "tags": ["es", "\u4e8c\u6b21\u7ffb\u8b6f", "\u5f85\u66f4\u65b0", "\u7ffb\u8b6f"], "status": "ONLINE"}, "votes": [{"id": "6516148", "name": "36 plans", "vote": "UV"}, {"id": "4213515", "name": "ChAoS_UnItY", "vote": "UV"}, {"id": "4990678", "name": "Dr V Valentine", "vote": "UV"}, {"id": "5013754", "name": "ting129", "vote": "UV"}], "rating": 4, "votes_jstf": [{"id": "6516148", "name": "36 plans", "vote": "UV"}, {"id": "4213515", "name": "ChAoS_UnItY", "vote": "UV"}, {"id": "4990678", "name": "Dr V Valentine", "vote": "UV"}, {"id": "5013754", "name": "ting129", "vote": "UV"}], "rating_jstf": 4, "votes_removed": [], "rating_removed": 0, "viability": true}