{"page_info": {"created_at": "1559147916", "created_by_id": "3979351", "name": "siti-italiani", "rating_vote": "3", "rating": "3", "tags": ["it", "\u4e8c\u6b21\u7ffb\u8b6f", "\u6307\u5c0e", "\u7ffb\u8b6f"], "status": "ONLINE"}, "votes": [{"id": "4213515", "name": "ChAoS_UnItY", "vote": "UV"}, {"id": "4990678", "name": "Dr V Valentine", "vote": "UV"}, {"id": "5013754", "name": "ting129", "vote": "UV"}], "rating": 3, "votes_jstf": [{"id": "4213515", "name": "ChAoS_UnItY", "vote": "UV"}, {"id": "4990678", "name": "Dr V Valentine", "vote": "UV"}, {"id": "5013754", "name": "ting129", "vote": "UV"}], "rating_jstf": 3, "votes_removed": [], "rating_removed": 0, "viability": true}