{"page_info": {"created_at": "1559219776", "created_by_id": "4357011", "name": "coming-out-to-the-woods", "rating_vote": "4", "rating": "4", "tags": ["en", "faeowynn-wilson", "\u5a01\u723e\u905c\u751f\u7269\u61c9\u5c0d\u7d44", "\u6545\u4e8b", "\u7f8e\u5999\u4e16\u754c", "\u7ffb\u8b6f"], "status": "ONLINE"}, "votes": [{"id": "4213515", "name": "ChAoS_UnItY", "vote": "UV"}, {"id": "4990678", "name": "Dr V Valentine", "vote": "UV"}, {"id": "4239775", "name": "Semibreve", "vote": "UV"}, {"id": "3981670", "name": "Viken-K", "vote": "UV"}], "rating": 4, "votes_jstf": [{"id": "4213515", "name": "ChAoS_UnItY", "vote": "UV"}, {"id": "4990678", "name": "Dr V Valentine", "vote": "UV"}, {"id": "4239775", "name": "Semibreve", "vote": "UV"}, {"id": "3981670", "name": "Viken-K", "vote": "UV"}], "rating_jstf": 4, "votes_removed": [], "rating_removed": 0, "viability": true}