{"page_info": {"created_at": "1559474161", "created_by_id": "3979351", "name": "scp-031", "rating_vote": "6", "rating": "6", "tags": ["en", "euclid", "maria-jones", "scp", "\u578b\u614b\u8b8a\u5316", "\u5bc4\u751f\u6027", "\u5e7b\u89ba", "\u611f\u77e5\u529b", "\u611f\u77e5\u5f71\u97ff", "\u63a0\u98df\u6027", "\u64ec\u614b", "\u6575\u610f", "\u6d3b\u7269", "\u7121\u5b9a\u5f62", "\u7ffb\u8b6f", "\u8996\u89ba\u6027", "\u8a8d\u77e5\u5371\u5bb3", "\u91cd\u5beb"], "status": "ONLINE"}, "votes": [{"id": "5344757", "name": "Bales20147", "vote": "UV"}, {"id": "4213515", "name": "ChAoS_UnItY", "vote": "UV"}, {"id": "4990678", "name": "Dr V Valentine", "vote": "UV"}, {"id": "7198635", "name": "Oscar168", "vote": "UV"}, {"id": "7073060", "name": "Pao Mian", "vote": "UV"}, {"id": "4442284", "name": "Sigtina", "vote": "UV"}], "rating": 6, "votes_jstf": [{"id": "5344757", "name": "Bales20147", "vote": "UV"}, {"id": "4213515", "name": "ChAoS_UnItY", "vote": "UV"}, {"id": "4990678", "name": "Dr V Valentine", "vote": "UV"}, {"id": "7198635", "name": "Oscar168", "vote": "UV"}, {"id": "7073060", "name": "Pao Mian", "vote": "UV"}, {"id": "4442284", "name": "Sigtina", "vote": "UV"}], "rating_jstf": 6, "votes_removed": [], "rating_removed": 0, "viability": true}