{"page_info": {"created_at": "1559297975", "created_by_id": "3979351", "name": "th-canon-hub", "rating_vote": "5", "rating": "5", "tags": ["th", "\u4e2d\u5fc3", "\u4e8c\u6b21\u7ffb\u8b6f", "\u7ffb\u8b6f"], "status": "ONLINE"}, "votes": [{"id": "4213515", "name": "ChAoS_UnItY", "vote": "UV"}, {"id": "4990678", "name": "Dr V Valentine", "vote": "UV"}, {"id": "4091748", "name": "Imnotcore", "vote": "UV"}, {"id": "4474355", "name": "PeiWeiArtz", "vote": "UV"}, {"id": "4107284", "name": "Unihedron", "vote": "UV"}], "rating": 5, "votes_jstf": [{"id": "4213515", "name": "ChAoS_UnItY", "vote": "UV"}, {"id": "4990678", "name": "Dr V Valentine", "vote": "UV"}, {"id": "4091748", "name": "Imnotcore", "vote": "UV"}, {"id": "4474355", "name": "PeiWeiArtz", "vote": "UV"}, {"id": "4107284", "name": "Unihedron", "vote": "UV"}], "rating_jstf": 5, "votes_removed": [], "rating_removed": 0, "viability": true}