{"page_info": {"created_at": "1559910032", "created_by_id": "4055881", "name": "maya-the-magnificent", "rating_vote": "4", "rating": "4", "tags": ["en", "goi\u683c\u5f0f", "\u6050\u61fc\u8207\u96dc\u6280", "\u7ffb\u8b6f", "\u8d6b\u66fc-\u5bcc\u52d2"], "status": "ONLINE"}, "votes": [{"id": "4213515", "name": "ChAoS_UnItY", "vote": "UV"}, {"id": "4990678", "name": "Dr V Valentine", "vote": "UV"}, {"id": "4357011", "name": "feitag", "vote": "UV"}, {"id": "6091157", "name": "LuLu_Lucifelle", "vote": "UV"}], "rating": 4, "votes_jstf": [{"id": "4213515", "name": "ChAoS_UnItY", "vote": "UV"}, {"id": "4990678", "name": "Dr V Valentine", "vote": "UV"}, {"id": "4357011", "name": "feitag", "vote": "UV"}, {"id": "6091157", "name": "LuLu_Lucifelle", "vote": "UV"}], "rating_jstf": 4, "votes_removed": [], "rating_removed": 0, "viability": true}