{"page_info": {"created_at": "1559634330", "created_by_id": "5008612", "name": "scp-239", "rating_vote": "6", "rating": "6", "tags": ["en", "keter", "scp", "\u4eba\u5f62", "\u5ff5\u529b", "\u611f\u77e5\u529b", "\u667a\u80fd", "\u672c\u8cea\u4fc3\u52d5", "\u6d3b\u7269", "\u7ffb\u8b6f", "\u8a69\u683c\u863f\u7d72", "\u8b8a\u5f62"], "status": "ONLINE"}, "votes": [{"id": "4213515", "name": "ChAoS_UnItY", "vote": "UV"}, {"id": "4990678", "name": "Dr V Valentine", "vote": "UV"}, {"id": "6217438", "name": "Frederica Bernkastel", "vote": "UV"}, {"id": "4239775", "name": "Semibreve", "vote": "UV"}, {"id": "5225164", "name": "WaterBrich", "vote": "UV"}], "rating": 6, "votes_jstf": [{"id": "4213515", "name": "ChAoS_UnItY", "vote": "UV"}, {"id": "4990678", "name": "Dr V Valentine", "vote": "UV"}, {"id": "6217438", "name": "Frederica Bernkastel", "vote": "UV"}, {"id": "4239775", "name": "Semibreve", "vote": "UV"}, {"id": "5225164", "name": "WaterBrich", "vote": "UV"}], "rating_jstf": 5, "votes_removed": [{"id": "DELETED", "name": "DELETED", "vote": "UV"}], "rating_removed": 1, "viability": true}