{"page_info": {"created_at": "1560961979", "created_by_id": "3979351", "name": "scp-814", "rating_vote": "4", "rating": "4", "tags": ["1976\u5e74\u73ed", "en", "euclid", "scp", "\u5bb6\u5177", "\u5f37\u8feb\u6027", "\u6642\u7a7a\u5f71\u97ff", "\u6a5f\u68b0", "\u7ffb\u8b6f", "\u8072\u97f3", "\u807d\u89ba\u5f71\u97ff", "\u91cd\u5beb"], "status": "ONLINE"}, "votes": [{"id": "5344757", "name": "Bales20147", "vote": "UV"}, {"id": "4213515", "name": "ChAoS_UnItY", "vote": "UV"}, {"id": "4990678", "name": "Dr V Valentine", "vote": "UV"}], "rating": 4, "votes_jstf": [{"id": "5344757", "name": "Bales20147", "vote": "UV"}, {"id": "4213515", "name": "ChAoS_UnItY", "vote": "UV"}, {"id": "4990678", "name": "Dr V Valentine", "vote": "UV"}], "rating_jstf": 3, "votes_removed": [{"id": "DELETED", "name": "DELETED", "vote": "UV"}], "rating_removed": 1, "viability": true}