{"page_info": {"created_at": "1560437111", "created_by_id": "4357011", "name": "scp-4127", "rating_vote": "9", "rating": "9", "tags": ["en", "scp", "\u5faa\u74b0", "\u6a5f\u7387\u6027", "\u7121\u6548\u5316", "\u7ffb\u8b6f", "\u8ca8\u5e63", "\u91d1\u5c6c", "\u96d5\u523b"], "status": "ONLINE"}, "votes": [{"id": "5344757", "name": "Bales20147", "vote": "UV"}, {"id": "4213515", "name": "ChAoS_UnItY", "vote": "UV"}, {"id": "4990678", "name": "Dr V Valentine", "vote": "UV"}, {"id": "5987568", "name": "Jetttttt", "vote": "UV"}, {"id": "3979351", "name": "minmasterqw", "vote": "UV"}, {"id": "4239775", "name": "Semibreve", "vote": "UV"}, {"id": "5414791", "name": "Shingowu", "vote": "UV"}, {"id": "5013754", "name": "ting129", "vote": "UV"}], "rating": 9, "votes_jstf": [{"id": "5344757", "name": "Bales20147", "vote": "UV"}, {"id": "4213515", "name": "ChAoS_UnItY", "vote": "UV"}, {"id": "4990678", "name": "Dr V Valentine", "vote": "UV"}, {"id": "5987568", "name": "Jetttttt", "vote": "UV"}, {"id": "3979351", "name": "minmasterqw", "vote": "UV"}, {"id": "4239775", "name": "Semibreve", "vote": "UV"}, {"id": "5414791", "name": "Shingowu", "vote": "UV"}, {"id": "5013754", "name": "ting129", "vote": "UV"}], "rating_jstf": 8, "votes_removed": [{"id": "DELETED", "name": "DELETED", "vote": "UV"}], "rating_removed": 1, "viability": true}