{"page_info": {"created_at": "1560958750", "created_by_id": "4357011", "name": "nobody-s-observations-on-temporal-displacement-family-and-wa", "rating_vote": "3", "rating": "3", "tags": ["en", "goi\u683c\u5f0f", "nobody", "\u5408\u8457", "\u5a01\u723e\u905c\u751f\u7269\u61c9\u5c0d\u7d44", "\u6e3e\u6c8c\u53cd\u53db\u8ecd", "\u7f8e\u5999\u4e16\u754c", "\u7ffb\u8b6f"], "status": "ONLINE"}, "votes": [{"id": "4213515", "name": "ChAoS_UnItY", "vote": "UV"}, {"id": "4990678", "name": "Dr V Valentine", "vote": "UV"}, {"id": "5013754", "name": "ting129", "vote": "UV"}], "rating": 3, "votes_jstf": [{"id": "4213515", "name": "ChAoS_UnItY", "vote": "UV"}, {"id": "4990678", "name": "Dr V Valentine", "vote": "UV"}, {"id": "5013754", "name": "ting129", "vote": "UV"}], "rating_jstf": 3, "votes_removed": [], "rating_removed": 0, "viability": true}