{"page_info": {"created_at": "1560180490", "created_by_id": "5255954", "name": "what-do-you-think", "rating_vote": "12", "rating": "12", "tags": ["\u539f\u5275", "\u5c55\u51fa", "\u6545\u4e8b"], "status": "ONLINE"}, "votes": [{"id": "4264056", "name": "Aindavis_817", "vote": "UV"}, {"id": "5344757", "name": "Bales20147", "vote": "UV"}, {"id": "4213515", "name": "ChAoS_UnItY", "vote": "UV"}, {"id": "4990678", "name": "Dr V Valentine", "vote": "UV"}, {"id": "5334590", "name": "Lostwhat", "vote": "UV"}, {"id": "5238833", "name": "RahRah1997325", "vote": "UV"}, {"id": "4239775", "name": "Semibreve", "vote": "UV"}, {"id": "5013754", "name": "ting129", "vote": "UV"}, {"id": "5415046", "name": "vomiter", "vote": "UV"}, {"id": "5817419", "name": "Xina Harwood", "vote": "UV"}, {"id": "4351112", "name": "Yu Ken Dai", "vote": "UV"}, {"id": "5454699", "name": "ZH_mercury", "vote": "UV"}], "rating": 12, "votes_jstf": [{"id": "4264056", "name": "Aindavis_817", "vote": "UV"}, {"id": "5344757", "name": "Bales20147", "vote": "UV"}, {"id": "4213515", "name": "ChAoS_UnItY", "vote": "UV"}, {"id": "4990678", "name": "Dr V Valentine", "vote": "UV"}, {"id": "5334590", "name": "Lostwhat", "vote": "UV"}, {"id": "5238833", "name": "RahRah1997325", "vote": "UV"}, {"id": "4239775", "name": "Semibreve", "vote": "UV"}, {"id": "5013754", "name": "ting129", "vote": "UV"}, {"id": "5415046", "name": "vomiter", "vote": "UV"}, {"id": "5817419", "name": "Xina Harwood", "vote": "UV"}, {"id": "4351112", "name": "Yu Ken Dai", "vote": "UV"}, {"id": "5454699", "name": "ZH_mercury", "vote": "UV"}], "rating_jstf": 12, "votes_removed": [], "rating_removed": 0, "viability": true}