{"page_info": {"created_at": "1560601857", "created_by_id": "3979351", "name": "the-big-list-of-overdone-scp-cliches", "rating_vote": "14", "rating": "14", "tags": ["en", "\u5fc3\u5f97", "\u641e\u7b11", "\u7ffb\u8b6f"], "status": "ONLINE"}, "votes": [{"id": "5344757", "name": "Bales20147", "vote": "UV"}, {"id": "4990678", "name": "Dr V Valentine", "vote": "UV"}, {"id": "5010943", "name": "EbertLee", "vote": "UV"}, {"id": "4091748", "name": "Imnotcore", "vote": "UV"}, {"id": "5604919", "name": "k1s10r0d", "vote": "UV"}, {"id": "6952002", "name": "k1s10r0db00ne", "vote": "UV"}, {"id": "6405527", "name": "kk542302", "vote": "UV"}, {"id": "5653267", "name": "Nihilmace", "vote": "UV"}, {"id": "7504530", "name": "Pseudopoet", "vote": "UV"}, {"id": "6690335", "name": "Red Paint", "vote": "UV"}, {"id": "4239775", "name": "Semibreve", "vote": "UV"}, {"id": "4442284", "name": "Sigtina", "vote": "UV"}, {"id": "5013754", "name": "ting129", "vote": "UV"}], "rating": 14, "votes_jstf": [{"id": "5344757", "name": "Bales20147", "vote": "UV"}, {"id": "4990678", "name": "Dr V Valentine", "vote": "UV"}, {"id": "5010943", "name": "EbertLee", "vote": "UV"}, {"id": "4091748", "name": "Imnotcore", "vote": "UV"}, {"id": "5604919", "name": "k1s10r0d", "vote": "UV"}, {"id": "6952002", "name": "k1s10r0db00ne", "vote": "UV"}, {"id": "6405527", "name": "kk542302", "vote": "UV"}, {"id": "5653267", "name": "Nihilmace", "vote": "UV"}, {"id": "7504530", "name": "Pseudopoet", "vote": "UV"}, {"id": "6690335", "name": "Red Paint", "vote": "UV"}, {"id": "4239775", "name": "Semibreve", "vote": "UV"}, {"id": "4442284", "name": "Sigtina", "vote": "UV"}, {"id": "5013754", "name": "ting129", "vote": "UV"}], "rating_jstf": 13, "votes_removed": [{"id": "DELETED", "name": "DELETED", "vote": "UV"}], "rating_removed": 1, "viability": true}