{"page_info": {"created_at": "1560350994", "created_by_id": "4357011", "name": "project-morpheus", "rating_vote": "4", "rating": "4", "tags": ["en", "\u5922\u795e", "\u6545\u4e8b", "\u7ffb\u8b6f"], "status": "ONLINE"}, "votes": [{"id": "4213515", "name": "ChAoS_UnItY", "vote": "UV"}, {"id": "4990678", "name": "Dr V Valentine", "vote": "UV"}, {"id": "4442284", "name": "Sigtina", "vote": "UV"}, {"id": "5013754", "name": "ting129", "vote": "UV"}], "rating": 4, "votes_jstf": [{"id": "4213515", "name": "ChAoS_UnItY", "vote": "UV"}, {"id": "4990678", "name": "Dr V Valentine", "vote": "UV"}, {"id": "4442284", "name": "Sigtina", "vote": "UV"}, {"id": "5013754", "name": "ting129", "vote": "UV"}], "rating_jstf": 4, "votes_removed": [], "rating_removed": 0, "viability": true}