{"page_info": {"created_at": "1560521143", "created_by_id": "5417963", "name": "scp-169", "rating_vote": "5", "rating": "5", "tags": ["en", "keter", "scp", "\u672a\u6536\u5bb9", "\u6c34\u68f2", "\u6d3b\u7269", "\u7121\u810a\u690e\u52d5\u7269", "\u7bc0\u80a2\u52d5\u7269", "\u7ffb\u8b6f"], "status": "ONLINE"}, "votes": [{"id": "5344757", "name": "Bales20147", "vote": "UV"}, {"id": "4213515", "name": "ChAoS_UnItY", "vote": "UV"}, {"id": "4990678", "name": "Dr V Valentine", "vote": "UV"}, {"id": "4239775", "name": "Semibreve", "vote": "UV"}, {"id": "4107284", "name": "Unihedron", "vote": "UV"}], "rating": 5, "votes_jstf": [{"id": "5344757", "name": "Bales20147", "vote": "UV"}, {"id": "4213515", "name": "ChAoS_UnItY", "vote": "UV"}, {"id": "4990678", "name": "Dr V Valentine", "vote": "UV"}, {"id": "4239775", "name": "Semibreve", "vote": "UV"}, {"id": "4107284", "name": "Unihedron", "vote": "UV"}], "rating_jstf": 5, "votes_removed": [], "rating_removed": 0, "viability": true}