{"page_info": {"created_at": "1560780182", "created_by_id": "5255954", "name": "dr-kondraki-s-work-log", "rating_vote": "2", "rating": "2", "tags": ["en", "\u6c99\u76d2", "\u7ffb\u8b6f"], "status": "ONLINE"}, "votes": [{"id": "4213515", "name": "ChAoS_UnItY", "vote": "UV"}, {"id": "4990678", "name": "Dr V Valentine", "vote": "UV"}], "rating": 2, "votes_jstf": [{"id": "4213515", "name": "ChAoS_UnItY", "vote": "UV"}, {"id": "4990678", "name": "Dr V Valentine", "vote": "UV"}], "rating_jstf": 2, "votes_removed": [], "rating_removed": 0, "viability": true}