{"page_info": {"created_at": "1560868552", "created_by_id": "4357011", "name": "scp-4923", "rating_vote": "7", "rating": "7", "tags": ["en", "keter", "meta", "scp", "\u795e\u7d93\u6027", "\u7ffb\u8b6f", "\u8cc7\u8a0a\u5371\u5bb3", "\u8d85\u73fe\u5be6\u90e8"], "status": "ONLINE"}, "votes": [{"id": "4213515", "name": "ChAoS_UnItY", "vote": "UV"}, {"id": "4990678", "name": "Dr V Valentine", "vote": "UV"}, {"id": "5985636", "name": "Hirry", "vote": "UV"}, {"id": "7073060", "name": "Pao Mian", "vote": "UV"}, {"id": "7504530", "name": "Pseudopoet", "vote": "UV"}, {"id": "5435485", "name": "SamScript", "vote": "UV"}, {"id": "5013754", "name": "ting129", "vote": "UV"}], "rating": 7, "votes_jstf": [{"id": "4213515", "name": "ChAoS_UnItY", "vote": "UV"}, {"id": "4990678", "name": "Dr V Valentine", "vote": "UV"}, {"id": "5985636", "name": "Hirry", "vote": "UV"}, {"id": "7073060", "name": "Pao Mian", "vote": "UV"}, {"id": "7504530", "name": "Pseudopoet", "vote": "UV"}, {"id": "5435485", "name": "SamScript", "vote": "UV"}, {"id": "5013754", "name": "ting129", "vote": "UV"}], "rating_jstf": 7, "votes_removed": [], "rating_removed": 0, "viability": true}