{"page_info": {"created_at": "1560003651", "created_by_id": "5008612", "name": "scp-053", "rating_vote": "4", "rating": "2", "tags": ["en", "euclid", "scp", "\u4eba\u5f62", "\u5fc3\u9748\u5f71\u97ff", "\u611f\u77e5\u529b", "\u667a\u80fd", "\u6d3b\u7269", "\u7cbe\u795e\u5f71\u97ff", "\u7ffb\u8b6f", "\u8a8d\u77e5\u5371\u5bb3"], "status": "ONLINE"}, "votes": [{"id": "4213515", "name": "ChAoS_UnItY", "vote": "UV"}, {"id": "5601790", "name": "Dr Rudy", "vote": "DV"}, {"id": "4990678", "name": "Dr V Valentine", "vote": "UV"}, {"id": "3979351", "name": "minmasterqw", "vote": "UV"}], "rating": 2, "votes_jstf": [{"id": "4213515", "name": "ChAoS_UnItY", "vote": "UV"}, {"id": "5601790", "name": "Dr Rudy", "vote": "DV"}, {"id": "4990678", "name": "Dr V Valentine", "vote": "UV"}, {"id": "3979351", "name": "minmasterqw", "vote": "UV"}], "rating_jstf": 2, "votes_removed": [], "rating_removed": 0, "viability": true}