{"page_info": {"created_at": "1560484198", "created_by_id": "5062193", "name": "scp-1154", "rating_vote": "7", "rating": "7", "tags": ["en", "safe", "scp", "\u5a92\u9ad4", "\u6558\u8ff0\u6027", "\u6a21\u56e0\u6548\u61c9", "\u706b", "\u722c\u87f2\u985e\u52d5\u7269", "\u7cbe\u795e\u5f71\u97ff", "\u7ffb\u8b6f", "\u85dd\u8853\u6027", "\u8996\u89ba\u6027"], "status": "ONLINE"}, "votes": [{"id": "4213515", "name": "ChAoS_UnItY", "vote": "UV"}, {"id": "4990678", "name": "Dr V Valentine", "vote": "UV"}, {"id": "5275077", "name": "Glutton66", "vote": "UV"}, {"id": "4474355", "name": "PeiWeiArtz", "vote": "UV"}, {"id": "5990589", "name": "Red Data Girl", "vote": "UV"}, {"id": "5225164", "name": "WaterBrich", "vote": "UV"}], "rating": 7, "votes_jstf": [{"id": "4213515", "name": "ChAoS_UnItY", "vote": "UV"}, {"id": "4990678", "name": "Dr V Valentine", "vote": "UV"}, {"id": "5275077", "name": "Glutton66", "vote": "UV"}, {"id": "4474355", "name": "PeiWeiArtz", "vote": "UV"}, {"id": "5990589", "name": "Red Data Girl", "vote": "UV"}, {"id": "5225164", "name": "WaterBrich", "vote": "UV"}], "rating_jstf": 6, "votes_removed": [{"id": "DELETED", "name": "DELETED", "vote": "UV"}], "rating_removed": 1, "viability": true}