{"page_info": {"created_at": "1560350558", "created_by_id": "4357011", "name": "scp-4830", "rating_vote": "6", "rating": "6", "tags": ["en", "keter", "meta", "scp", "\u63a0\u98df\u6027", "\u6a21\u56e0\u6548\u61c9", "\u7121\u5f62", "\u795e\u7d93\u6027", "\u7ffb\u8b6f", "\u8a18\u61b6\u5f71\u97ff"], "status": "ONLINE"}, "votes": [{"id": "4990678", "name": "Dr V Valentine", "vote": "UV"}, {"id": "5604919", "name": "k1s10r0d", "vote": "UV"}, {"id": "4239775", "name": "Semibreve", "vote": "UV"}, {"id": "4442284", "name": "Sigtina", "vote": "UV"}, {"id": "5013754", "name": "ting129", "vote": "UV"}], "rating": 6, "votes_jstf": [{"id": "4990678", "name": "Dr V Valentine", "vote": "UV"}, {"id": "5604919", "name": "k1s10r0d", "vote": "UV"}, {"id": "4239775", "name": "Semibreve", "vote": "UV"}, {"id": "4442284", "name": "Sigtina", "vote": "UV"}, {"id": "5013754", "name": "ting129", "vote": "UV"}], "rating_jstf": 5, "votes_removed": [{"id": "DELETED", "name": "DELETED", "vote": "UV"}], "rating_removed": 1, "viability": true}