{"page_info": {"created_at": "1560783619", "created_by_id": "4357011", "name": "scp-4517", "rating_vote": "12", "rating": "12", "tags": ["en", "safe", "scp", "\u6982\u5ff5", "\u7ffb\u8b6f", "\u8aa4\u50b3\u90e8"], "status": "ONLINE"}, "votes": [{"id": "5325850", "name": "AbyssDream", "vote": "UV"}, {"id": "4213515", "name": "ChAoS_UnItY", "vote": "UV"}, {"id": "4990678", "name": "Dr V Valentine", "vote": "UV"}, {"id": "6217438", "name": "Frederica Bernkastel", "vote": "UV"}, {"id": "5604919", "name": "k1s10r0d", "vote": "UV"}, {"id": "5684299", "name": "kingdom war", "vote": "UV"}, {"id": "4128767", "name": "Mimaomao", "vote": "UV"}, {"id": "3979351", "name": "minmasterqw", "vote": "UV"}, {"id": "8033564", "name": "Red phosphorus", "vote": "UV"}, {"id": "5013754", "name": "ting129", "vote": "UV"}, {"id": "3981670", "name": "Viken-K", "vote": "UV"}, {"id": "7226401", "name": "ZoeLin", "vote": "UV"}], "rating": 12, "votes_jstf": [{"id": "5325850", "name": "AbyssDream", "vote": "UV"}, {"id": "4213515", "name": "ChAoS_UnItY", "vote": "UV"}, {"id": "4990678", "name": "Dr V Valentine", "vote": "UV"}, {"id": "6217438", "name": "Frederica Bernkastel", "vote": "UV"}, {"id": "5604919", "name": "k1s10r0d", "vote": "UV"}, {"id": "5684299", "name": "kingdom war", "vote": "UV"}, {"id": "4128767", "name": "Mimaomao", "vote": "UV"}, {"id": "3979351", "name": "minmasterqw", "vote": "UV"}, {"id": "8033564", "name": "Red phosphorus", "vote": "UV"}, {"id": "5013754", "name": "ting129", "vote": "UV"}, {"id": "3981670", "name": "Viken-K", "vote": "UV"}, {"id": "7226401", "name": "ZoeLin", "vote": "UV"}], "rating_jstf": 12, "votes_removed": [], "rating_removed": 0, "viability": true}