{"page_info": {"created_at": "1560956493", "created_by_id": "5344757", "name": "scp-zh-886", "rating_vote": "13", "rating": "13", "tags": ["awcy", "safe", "scp", "site-zh-16", "\u539f\u5275", "\u7e41\u5ee3", "\u85dd\u8853\u6027"], "status": "ONLINE"}, "votes": [{"id": "4548860", "name": "Bochy", "vote": "UV"}, {"id": "5013973", "name": "Boooonta", "vote": "UV"}, {"id": "4213515", "name": "ChAoS_UnItY", "vote": "UV"}, {"id": "5565302", "name": "Control Z", "vote": "UV"}, {"id": "4990678", "name": "Dr V Valentine", "vote": "UV"}, {"id": "4474355", "name": "PeiWeiArtz", "vote": "UV"}, {"id": "5435485", "name": "SamScript", "vote": "UV"}, {"id": "4239775", "name": "Semibreve", "vote": "UV"}, {"id": "4442284", "name": "Sigtina", "vote": "UV"}, {"id": "5013754", "name": "ting129", "vote": "UV"}, {"id": "3981670", "name": "Viken-K", "vote": "UV"}, {"id": "5415046", "name": "vomiter", "vote": "UV"}, {"id": "4351112", "name": "Yu Ken Dai", "vote": "UV"}], "rating": 13, "votes_jstf": [{"id": "4548860", "name": "Bochy", "vote": "UV"}, {"id": "5013973", "name": "Boooonta", "vote": "UV"}, {"id": "4213515", "name": "ChAoS_UnItY", "vote": "UV"}, {"id": "5565302", "name": "Control Z", "vote": "UV"}, {"id": "4990678", "name": "Dr V Valentine", "vote": "UV"}, {"id": "4474355", "name": "PeiWeiArtz", "vote": "UV"}, {"id": "5435485", "name": "SamScript", "vote": "UV"}, {"id": "4239775", "name": "Semibreve", "vote": "UV"}, {"id": "4442284", "name": "Sigtina", "vote": "UV"}, {"id": "5013754", "name": "ting129", "vote": "UV"}, {"id": "3981670", "name": "Viken-K", "vote": "UV"}, {"id": "5415046", "name": "vomiter", "vote": "UV"}, {"id": "4351112", "name": "Yu Ken Dai", "vote": "UV"}], "rating_jstf": 13, "votes_removed": [], "rating_removed": 0, "viability": true}