{"page_info": {"created_at": "1560435803", "created_by_id": "4357011", "name": "scp-4031", "rating_vote": "6", "rating": "6", "tags": ["en", "euclid", "meta", "scp", "\u4eba\u5f62", "\u5473\u89ba\u5f71\u97ff", "\u55c5\u89ba\u5f71\u97ff", "\u611f\u77e5\u5f71\u97ff", "\u6a21\u56e0\u6548\u61c9", "\u6d3b\u7269", "\u7814\u7a76\u54e1smalls", "\u7ffb\u8b6f", "\u807d\u89ba\u5f71\u97ff", "\u8996\u89ba\u6027", "\u89f8\u89ba\u5f71\u97ff", "\u8a18\u61b6\u5f71\u97ff", "\u8a8d\u77e5\u5371\u5bb3", "\u9006\u6a21\u56e0"], "status": "ONLINE"}, "votes": [{"id": "4213515", "name": "ChAoS_UnItY", "vote": "UV"}, {"id": "4990678", "name": "Dr V Valentine", "vote": "UV"}, {"id": "4239775", "name": "Semibreve", "vote": "UV"}, {"id": "5013754", "name": "ting129", "vote": "UV"}, {"id": "5225164", "name": "WaterBrich", "vote": "UV"}], "rating": 6, "votes_jstf": [{"id": "4213515", "name": "ChAoS_UnItY", "vote": "UV"}, {"id": "4990678", "name": "Dr V Valentine", "vote": "UV"}, {"id": "4239775", "name": "Semibreve", "vote": "UV"}, {"id": "5013754", "name": "ting129", "vote": "UV"}, {"id": "5225164", "name": "WaterBrich", "vote": "UV"}], "rating_jstf": 5, "votes_removed": [{"id": "DELETED", "name": "DELETED", "vote": "UV"}], "rating_removed": 1, "viability": true}