{"page_info": {"created_at": "1560913741", "created_by_id": "4264056", "name": "greening", "rating_vote": "17", "rating": "17", "tags": ["ain\u535a\u58eb", "site-zh-02", "\u539f\u5275", "\u6545\u4e8b"], "status": "ONLINE"}, "votes": [{"id": "5344757", "name": "Bales20147", "vote": "UV"}, {"id": "4548860", "name": "Bochy", "vote": "UV"}, {"id": "4213515", "name": "ChAoS_UnItY", "vote": "UV"}, {"id": "4990678", "name": "Dr V Valentine", "vote": "UV"}, {"id": "5010943", "name": "EbertLee", "vote": "UV"}, {"id": "5402841", "name": "Fan Yeh", "vote": "UV"}, {"id": "6217438", "name": "Frederica Bernkastel", "vote": "UV"}, {"id": "5334590", "name": "Lostwhat", "vote": "UV"}, {"id": "4128767", "name": "Mimaomao", "vote": "UV"}, {"id": "6748989", "name": "Nxal", "vote": "UV"}, {"id": "5413616", "name": "s97169", "vote": "UV"}, {"id": "4239775", "name": "Semibreve", "vote": "UV"}, {"id": "4442284", "name": "Sigtina", "vote": "UV"}, {"id": "5013754", "name": "ting129", "vote": "UV"}, {"id": "3981670", "name": "Viken-K", "vote": "UV"}, {"id": "4351112", "name": "Yu Ken Dai", "vote": "UV"}, {"id": "5454699", "name": "ZH_mercury", "vote": "UV"}], "rating": 17, "votes_jstf": [{"id": "5344757", "name": "Bales20147", "vote": "UV"}, {"id": "4548860", "name": "Bochy", "vote": "UV"}, {"id": "4213515", "name": "ChAoS_UnItY", "vote": "UV"}, {"id": "4990678", "name": "Dr V Valentine", "vote": "UV"}, {"id": "5010943", "name": "EbertLee", "vote": "UV"}, {"id": "5402841", "name": "Fan Yeh", "vote": "UV"}, {"id": "6217438", "name": "Frederica Bernkastel", "vote": "UV"}, {"id": "5334590", "name": "Lostwhat", "vote": "UV"}, {"id": "4128767", "name": "Mimaomao", "vote": "UV"}, {"id": "6748989", "name": "Nxal", "vote": "UV"}, {"id": "5413616", "name": "s97169", "vote": "UV"}, {"id": "4239775", "name": "Semibreve", "vote": "UV"}, {"id": "4442284", "name": "Sigtina", "vote": "UV"}, {"id": "5013754", "name": "ting129", "vote": "UV"}, {"id": "3981670", "name": "Viken-K", "vote": "UV"}, {"id": "4351112", "name": "Yu Ken Dai", "vote": "UV"}, {"id": "5454699", "name": "ZH_mercury", "vote": "UV"}], "rating_jstf": 17, "votes_removed": [], "rating_removed": 0, "viability": true}