{"page_info": {"created_at": "1560779786", "created_by_id": "5255954", "name": "dr-kondraki-s-personnel-file", "rating_vote": "6", "rating": "6", "tags": ["en", "\u4f5c\u8005\u9801\u9762", "\u7ffb\u8b6f"], "status": "ONLINE"}, "votes": [{"id": "4213515", "name": "ChAoS_UnItY", "vote": "UV"}, {"id": "4990678", "name": "Dr V Valentine", "vote": "UV"}, {"id": "5010943", "name": "EbertLee", "vote": "UV"}, {"id": "3979351", "name": "minmasterqw", "vote": "UV"}, {"id": "5013754", "name": "ting129", "vote": "UV"}, {"id": "3981670", "name": "Viken-K", "vote": "UV"}], "rating": 6, "votes_jstf": [{"id": "4213515", "name": "ChAoS_UnItY", "vote": "UV"}, {"id": "4990678", "name": "Dr V Valentine", "vote": "UV"}, {"id": "5010943", "name": "EbertLee", "vote": "UV"}, {"id": "3979351", "name": "minmasterqw", "vote": "UV"}, {"id": "5013754", "name": "ting129", "vote": "UV"}, {"id": "3981670", "name": "Viken-K", "vote": "UV"}], "rating_jstf": 6, "votes_removed": [], "rating_removed": 0, "viability": true}