{"page_info": {"created_at": "1560839135", "created_by_id": "5010943", "name": "scp-50-ae-j", "rating_vote": "5", "rating": "5", "tags": ["en", "euclid", "scp", "\u52d5\u7269", "\u611f\u77e5\u529b", "\u641e\u7b11", "\u667a\u80fd", "\u6b66\u5668", "\u7ffb\u8b6f", "\u8d85\u7dad\u5ea6", "\u9ce5\u985e"], "status": "ONLINE"}, "votes": [{"id": "4213515", "name": "ChAoS_UnItY", "vote": "UV"}, {"id": "4990678", "name": "Dr V Valentine", "vote": "UV"}, {"id": "5230881", "name": "Jane0314", "vote": "UV"}, {"id": "6690335", "name": "Red Paint", "vote": "UV"}, {"id": "5013754", "name": "ting129", "vote": "UV"}], "rating": 5, "votes_jstf": [{"id": "4213515", "name": "ChAoS_UnItY", "vote": "UV"}, {"id": "4990678", "name": "Dr V Valentine", "vote": "UV"}, {"id": "5230881", "name": "Jane0314", "vote": "UV"}, {"id": "6690335", "name": "Red Paint", "vote": "UV"}, {"id": "5013754", "name": "ting129", "vote": "UV"}], "rating_jstf": 5, "votes_removed": [], "rating_removed": 0, "viability": true}