{"page_info": {"created_at": "1560966485", "created_by_id": "3979351", "name": "scp-1833", "rating_vote": "3", "rating": "3", "tags": ["1976\u5e74\u73ed", "en", "safe", "scp", "\u5fc3\u9748\u611f\u61c9", "\u611f\u77e5\u5f71\u97ff", "\u651d\u50cf", "\u6587\u737b", "\u7ffb\u8b6f"], "status": "ONLINE"}, "votes": [{"id": "4213515", "name": "ChAoS_UnItY", "vote": "UV"}, {"id": "4990678", "name": "Dr V Valentine", "vote": "UV"}], "rating": 3, "votes_jstf": [{"id": "4213515", "name": "ChAoS_UnItY", "vote": "UV"}, {"id": "4990678", "name": "Dr V Valentine", "vote": "UV"}], "rating_jstf": 2, "votes_removed": [{"id": "DELETED", "name": "DELETED", "vote": "UV"}], "rating_removed": 1, "viability": true}