[{"TITLE": "\u6c99\u7687\u5148\u77e5\u5354\u6703\u64ec\u4eba-\u5947\u8853\u8b1b\u89e3\u7bc7", "FULLNAME": "tsars-seers-art-thaumatology", "RATING": 18, "COMMENTS": "4"}, {"TITLE": "2021\u611a\u4eba\u7bc0\u4e3b\u9801", "FULLNAME": "super-cooking-pot", "RATING": 24, "COMMENTS": "10"}, {"TITLE": "Surge\u7684\u63d0\u6848\u4e00", "FULLNAME": "surge-s-proposal-1", "RATING": 33, "COMMENTS": "11"}, {"TITLE": "SCP-ZH-999\uff0d\u4eba\u5011\u6b20\u4ed6\u500b\u7e3d\u7d71\u5e2d\u4f4d", "FULLNAME": "scp-zh-999", "RATING": 57, "COMMENTS": "13"}]