[{"TITLE": "SCP-ZH-9288-EX", "FULLNAME": "scp-zh-9288-ex", "RATING": 45, "COMMENTS": "5"}, {"TITLE": "SCP-ZH-078 - \u8001\u5e2b\u8aaa\u904e\u4e0d\u53ef\u4ee5\u7ff9\u5169\u8173\u6905", "FULLNAME": "scp-zh-078", "RATING": 16, "COMMENTS": "1"}, {"TITLE": "SCP-ZH-451 - \u53cd\u5c0d\u8005\u8207\u8815\u87f2", "FULLNAME": "scp-zh-451", "RATING": 10, "COMMENTS": "7"}, {"TITLE": "\u6211\u5011\u5c1a\u672a\u77e5\u9053\u7684\u65c5\u7a0b\u7684\u7d42\u9ede-\u2588\u2588\u2588/9288 km", "FULLNAME": "artwork-of-9288-ex", "RATING": 21, "COMMENTS": "2"}]