[{"TITLE": "\u767d\u6fa4\u91cd\u751f\u8a08\u5283-2008", "FULLNAME": "2008", "RATING": 9, "COMMENTS": "3"}, {"TITLE": "Ctrl Z\u535a\u58eb\u7684SCP\u8a18\u9304\uff1aSCP-524 \u9955\u992e\u5154\u5a01\u723e\u7279", "FULLNAME": "babangyen", "RATING": 6, "COMMENTS": "1"}, {"TITLE": "Ctrl Z\u535a\u58eb\u7684SCP\u8a18\u9304\uff1aSCP-999 The Tickle Monster", "FULLNAME": "yenyen", "RATING": 7, "COMMENTS": "0"}, {"TITLE": "Ctrl Z\u535a\u58eb\u7684SCP\u8a18\u9304\uff1aSCP-2599 Not Good Enough", "FULLNAME": "banban", "RATING": 5, "COMMENTS": "0"}, {"TITLE": "Ctrl Z\u535a\u58eb\u7684SCP\u8a18\u9304\uff1aSCP-166 \u5c11\u5973\u9b45\u9b54", "FULLNAME": "ggbangyen", "RATING": 11, "COMMENTS": "0"}, {"TITLE": "Ctrl Z\u535a\u58eb\u7684SCP\u8a18\u9304\uff1aSCP-085 \u624b\u7e6a\u7684''Cassy''", "FULLNAME": "bangyen085", "RATING": 6, "COMMENTS": "0"}, {"TITLE": "Ctrl Z\u535a\u58eb\u7684SCP\u8a18\u9304\uff1aSCP-2295 \u6709\u8457\u62fc\u5e03\u5fc3\u81df\u7684\u718a", "FULLNAME": "bangyen2295", "RATING": 11, "COMMENTS": "0"}, {"TITLE": "Valentine\u7684Logo\u9801", "FULLNAME": "valentine-logo", "RATING": 22, "COMMENTS": "1"}, {"TITLE": "\u85dd\u8853\u7d00\u9304\uff1a\u9019\u4e9b\u5be7\u975c\u7684\u65e5\u5b50\u3002", "FULLNAME": "art-for-3519", "RATING": 11, "COMMENTS": "0"}, {"TITLE": "\u6eff\u6d32\u570b\u7570\u5e38\u8fa6\u516c\u5ba4\u968a\u6b4c", "FULLNAME": "the-song-of-mckao", "RATING": 10, "COMMENTS": "4"}, {"TITLE": "\u65e5\u672c\u5206\u7ad9\u7684\u8c93\u54aa\uff1f", "FULLNAME": "scp-zh-art", "RATING": 9, "COMMENTS": "0"}, {"TITLE": "\u300c\u7d66\u6211\u4e00\u675f\u9bae\u82b1\u5427\u3002\u300d", "FULLNAME": "quantum-suicide-art", "RATING": 15, "COMMENTS": "0"}]