[{"TITLE": "SCP-ZH-080 - \u75d8\u75d8\u9f8d", "FULLNAME": "scp-zh-080", "RATING": 10, "COMMENTS": "0"}, {"TITLE": "SCP-ZH-603 - \u8173\u8e0f\u8eca\u4e0a\u7684\u4eba", "FULLNAME": "scp-zh-603", "RATING": 30, "COMMENTS": "5"}, {"TITLE": "SCP-ZH-451 - \u53cd\u5c0d\u8005\u8207\u8815\u87f2", "FULLNAME": "scp-zh-451", "RATING": 10, "COMMENTS": "7"}, {"TITLE": "\u4e2d\u570b\u570b\u5b89\u90e8\uff0c\u4e0d\u61c9\u5b58\u5728\u7684\u5341\u4e5d\u5c40", "FULLNAME": "19th-bureau-of-mss-of-china", "RATING": 19, "COMMENTS": "18"}, {"TITLE": "SCP-ZH-444 - \u9b3c\u5dee", "FULLNAME": "scp-zh-444", "RATING": 17, "COMMENTS": "3"}, {"TITLE": "\u8ce6\u5176\u4ee5\u5f62", "FULLNAME": "give-it-shape", "RATING": 19, "COMMENTS": "1"}, {"TITLE": "SCP-ZH-034 - \u98db\u982d\u883b", "FULLNAME": "scp-zh-034", "RATING": 24, "COMMENTS": "3"}, {"TITLE": "\u7570\u5e38\u9805\u76ee\u7d00\u9304\uff1a\u300c\u9632\u66b4\u8b66\u5bdf\u982d\u76d4\u300d", "FULLNAME": "anomalous-item-hk-police-helmet", "RATING": 37, "COMMENTS": "5"}, {"TITLE": "SCP-ZH-144 - \u5341\u4e8c\u9032\u4f4d\u6cd5", "FULLNAME": "scp-zh-144", "RATING": 25, "COMMENTS": "6"}, {"TITLE": "SCP-ZH-228 - \u7fe0\u57d4\uff0c1947\u3002", "FULLNAME": "scp-zh-228", "RATING": 26, "COMMENTS": "7"}, {"TITLE": "SCP-ZH-226 - \u51ac\u65e5\u5973\u5b69", "FULLNAME": "scp-zh-226", "RATING": 14, "COMMENTS": "0"}, {"TITLE": "SCP-ZH-499 - \u5eb7\u4e43\u99a8\u76d4\u7532\u5de5\u85dd", "FULLNAME": "scp-zh-499", "RATING": 37, "COMMENTS": "3"}, {"TITLE": "SCP-ZH-999\uff0d\u4eba\u5011\u6b20\u4ed6\u500b\u7e3d\u7d71\u5e2d\u4f4d", "FULLNAME": "scp-zh-999", "RATING": 57, "COMMENTS": "13"}, {"TITLE": "\u7aae\u4e0d\u5c60\u7272\u755c\u3001\u8352\u4e0d\u796d\u6b7f\u7f85", "FULLNAME": "wanderers:don-t-sacrifice-to-deathweb", "RATING": 8, "COMMENTS": "2"}, {"TITLE": "\u4e00\u5c01\u8a18\u8f09\u7570\u805e\u7684\u4fe1", "FULLNAME": "wanderers:letter-about-strange-serpents", "RATING": 16, "COMMENTS": "1"}]