[{"TITLE": "\u6728\u6613\u85cf\u66f8\u95a3 \u4e2d\u5fc3\u9801", "FULLNAME": "mu-yi-hub", "RATING": 13, "COMMENTS": "0"}, {"TITLE": "SCP-ZH-017 - \u6c38\u8861\u570b\u5165\u5883\u7533\u8acb\u8868", "FULLNAME": "scp-zh-017", "RATING": 19, "COMMENTS": "1"}, {"TITLE": "SCP-ZH-977 - \u6551\u8d16\u8056\u7d93", "FULLNAME": "scp-zh-977", "RATING": 5, "COMMENTS": "1"}, {"TITLE": "SCP-ZH-117 - \u9053\u8def\u4fdd\u6301\u66a2\u901a", "FULLNAME": "scp-zh-117", "RATING": 33, "COMMENTS": "1"}, {"TITLE": "SCP-ZH-005 - \u5047\u5982\u4f60\u6c92\u6709\u8f49\u767c\u9019\u7bc7\u6587\u6a94\u7d66\u5341\u500b\u670b\u53cb\uff0c\u90a3\u9ebc\u2026\u2026\u2026\u2026", "FULLNAME": "scp-zh-005", "RATING": 62, "COMMENTS": "0"}, {"TITLE": "SCP-ZH-105 - \u4e0d\u5b5d\u5b50", "FULLNAME": "scp-zh-105", "RATING": 66, "COMMENTS": "5"}, {"TITLE": "SCP-ZH-515 - \u5e73\u5b89\u7b26", "FULLNAME": "scp-zh-515", "RATING": 44, "COMMENTS": "2"}, {"TITLE": "Ctrl Z\u535a\u58eb\u7684SCP\u8a18\u9304\uff1aSCP-2295 \u6709\u8457\u62fc\u5e03\u5fc3\u81df\u7684\u718a", "FULLNAME": "bangyen2295", "RATING": 11, "COMMENTS": "0"}, {"TITLE": "SCP-ZH-815 - \u4e00\u5bb6\u70e4\u8089\u842c\u5bb6\u9999", "FULLNAME": "scp-zh-815", "RATING": 35, "COMMENTS": "8"}, {"TITLE": "\u6728\u6613\u85cf\u66f8\u95a3\u76ee\u9304 \u6728-\u4e00\u4e00\u4e94 \u300a\u671b\u6708\u7bb8\u300b", "FULLNAME": "mu-yi-115", "RATING": 16, "COMMENTS": "2"}, {"TITLE": "SCP-ZH-120 - \u865b\u69cb\u7684\u6211\u5011", "FULLNAME": "scp-zh-120", "RATING": 40, "COMMENTS": "4"}, {"TITLE": "\u6211\u5728\u842c\u7269\u4e4b\u4e2d", "FULLNAME": "arkwork-3999", "RATING": 38, "COMMENTS": "8"}, {"TITLE": "SCP-ZH-857 - dado\u7684\u597d\u559d\u5230\u7206\u73cd\u73e0\u5976\u8336\u676f", "FULLNAME": "scp-zh-857", "RATING": 12, "COMMENTS": "11"}, {"TITLE": "SCP-ZH-113 - \u62b9\u6bba\u4e8b\u60c5\u7684\u771f\u76f8", "FULLNAME": "scp-zh-113", "RATING": 30, "COMMENTS": "2"}, {"TITLE": "SCP-ZH-014 - \u4eba\u9b5a\u516c\u4e3b\u7684\u6545\u4e8b", "FULLNAME": "scp-zh-014", "RATING": 20, "COMMENTS": "4"}, {"TITLE": "SCP-ZH-912 - \u770b\u898b", "FULLNAME": "scp-zh-912", "RATING": 14, "COMMENTS": "4"}]