[{"TITLE": "SCP-ZH-582 - \u4e16\u4e0a\u6700\u8a0e\u4eba\u559c\u611b\u7684\u4e0d\u660e\u751f\u7269", "FULLNAME": "scp-zh-582", "RATING": 15, "COMMENTS": "0"}, {"TITLE": "\u6f5b\u5728\u5371\u96aa\u7121\u6cd5\u88ab\u6587\u5b57\u8a18\u9304", "FULLNAME": "disremember", "RATING": 13, "COMMENTS": "1"}, {"TITLE": "\u5230\u8077", "FULLNAME": "arrival", "RATING": 18, "COMMENTS": "5"}, {"TITLE": "SCP-ZH-515 - \u5e73\u5b89\u7b26", "FULLNAME": "scp-zh-515", "RATING": 44, "COMMENTS": "2"}, {"TITLE": "Ctrl Z\u535a\u58eb\u7684SCP\u8a18\u9304\uff1aSCP-939 \u5f15\u6e21\u4ed6\u8072", "FULLNAME": "bangyen939", "RATING": 6, "COMMENTS": "0"}]