[{"TITLE": "SCP-ZH-255 - \u8cd3\u5c3c\u8cbb\u7684\u6700\u5f8c\u5e87\u8b77\u6240", "FULLNAME": "scp-zh-255", "RATING": 22, "COMMENTS": "5"}, {"TITLE": "SCP-ZH-655 - \u6c38\u9060\u7684\u516d\u9ede\u4e94\u5341\u4e94\u5206", "FULLNAME": "scp-zh-655", "RATING": 8, "COMMENTS": "1"}, {"TITLE": "\u6728\u6613\u85cf\u66f8\u95a3 \u4e2d\u5fc3\u9801", "FULLNAME": "mu-yi-hub", "RATING": 13, "COMMENTS": "0"}, {"TITLE": "SCP-ZH-017 - \u6c38\u8861\u570b\u5165\u5883\u7533\u8acb\u8868", "FULLNAME": "scp-zh-017", "RATING": 19, "COMMENTS": "1"}, {"TITLE": "SCP-ZH-811 - \u5357\u4e2d\u5b78\u5802", "FULLNAME": "scp-zh-811", "RATING": 10, "COMMENTS": "6"}, {"TITLE": "SCP-ZH-346 - \u76ae\u958b\u8089\u7dbb\u68d2", "FULLNAME": "scp-zh-346", "RATING": 5, "COMMENTS": "1"}, {"TITLE": "SCP-ZH-954 - \u9ec3\u8272\u4fbf\u689d\u7d19", "FULLNAME": "scp-zh-954", "RATING": 17, "COMMENTS": "2"}, {"TITLE": "SCP-ZH-900 - \u77f3\u7070\u6e26\u8f2a", "FULLNAME": "scp-zh-900", "RATING": 8, "COMMENTS": "1"}, {"TITLE": "\u767d\u6fa4\u91cd\u751f\u8a08\u5283-2008", "FULLNAME": "2008", "RATING": 9, "COMMENTS": "3"}, {"TITLE": "\u5922\u85dd\u5929\u9053\u884c\uff08TV345/7YUT8/5GDL6\uff09", "FULLNAME": "potehi", "RATING": 8, "COMMENTS": "0"}, {"TITLE": "\u5851\u8eab\u5de7\u62b9\u7cd5\uff08CA521/9CHI3/5FON7\uff09", "FULLNAME": "chocolatecake", "RATING": 8, "COMMENTS": "0"}, {"TITLE": "SCP-ZH-372 - \u9ed1\u9ad4\u7fa4", "FULLNAME": "scp-zh-372", "RATING": 15, "COMMENTS": "9"}, {"TITLE": "SCP-ZH-004 - \u99ac\u65af\u6d1b\u7684\u5973\u5152", "FULLNAME": "scp-zh-004", "RATING": 9, "COMMENTS": "5"}, {"TITLE": "SCP-ZH-587-J", "FULLNAME": "scp-zh-587-j", "RATING": 23, "COMMENTS": "1"}, {"TITLE": "SCP-ZH-724 - \u8377\u74e6\u4f0a\u7684\u6eab\u5ba4\u7403", "FULLNAME": "scp-zh-724", "RATING": 5, "COMMENTS": "3"}, {"TITLE": "SCP-ZH-582 - \u4e16\u4e0a\u6700\u8a0e\u4eba\u559c\u611b\u7684\u4e0d\u660e\u751f\u7269", "FULLNAME": "scp-zh-582", "RATING": 15, "COMMENTS": "0"}, {"TITLE": "SCP-ZH-687 - \u7368\u773c\u767c\u689d\u8c93", "FULLNAME": "scp-zh-687", "RATING": 3, "COMMENTS": "0"}, {"TITLE": "\u6728\u6613\u85cf\u66f8\u95a3\u76ee\u9304 \u66f8-\u4e94\u96f6\u4e09 \u300a\u738b\u6c0f\u6613\u300b", "FULLNAME": "wong-magical-book", "RATING": 10, "COMMENTS": "2"}, {"TITLE": "\u9577\u5eca", "FULLNAME": "cdbeta05", "RATING": 6, "COMMENTS": "1"}, {"TITLE": "\u7d44\u7e54\u4ee3\u865f\uff1a\u70cf\u6258\u90a6", "FULLNAME": "organization-code-utopia", "RATING": 5, "COMMENTS": "3"}, {"TITLE": "\u7dad\u5b89\u8a2d\u65bd\u6a94\u6848\uff1aSite-ZH-02", "FULLNAME": "site-zh-02", "RATING": 25, "COMMENTS": "7"}, {"TITLE": "SCP-ZH-087-J", "FULLNAME": "scp-zh-087-j", "RATING": 11, "COMMENTS": "2"}, {"TITLE": "\u540d\u4ee5\u70ba\u4f60\u7684\u907a\u8de1\u2013\u932f\u80a9", "FULLNAME": "ruins-of-your-memories-1", "RATING": 9, "COMMENTS": "7"}, {"TITLE": "SCP-ZH-888 - \u973e", "FULLNAME": "scp-zh-888", "RATING": 19, "COMMENTS": "1"}, {"TITLE": "\u7ad9\u9ede\u7da0\u5316\u63d0\u6848", "FULLNAME": "greening", "RATING": 18, "COMMENTS": "1"}, {"TITLE": "SCP-ZH-972 - \u9435\u7c60", "FULLNAME": "scp-zh-972", "RATING": 8, "COMMENTS": "6"}, {"TITLE": "\u6728\u6613\u85cf\u66f8\u95a3\u76ee\u9304 \u91d1-\u4e5d\u4e03\u516b \u300a\u6572\u982d\u9285\u7897\u300b", "FULLNAME": "yee", "RATING": 16, "COMMENTS": "0"}, {"TITLE": "\u9996\u7d1a", "FULLNAME": "head", "RATING": 16, "COMMENTS": "1"}, {"TITLE": "Site-ZH-02 \u5927\u5ef3", "FULLNAME": "site-zh-02-front", "RATING": 16, "COMMENTS": "0"}, {"TITLE": "SCP-ZH-005 - \u5047\u5982\u4f60\u6c92\u6709\u8f49\u767c\u9019\u7bc7\u6587\u6a94\u7d66\u5341\u500b\u670b\u53cb\uff0c\u90a3\u9ebc\u2026\u2026\u2026\u2026", "FULLNAME": "scp-zh-005", "RATING": 62, "COMMENTS": "0"}, {"TITLE": "SCP-ZH-105 - \u4e0d\u5b5d\u5b50", "FULLNAME": "scp-zh-105", "RATING": 66, "COMMENTS": "5"}, {"TITLE": "\u6d17\u6a19\uff1a\u9ed10419-Dr.Metha\u7684\u624b\u5e15\uff0c\u85b0\u8863\u8349\u5473", "FULLNAME": "black-0419", "RATING": 11, "COMMENTS": "0"}, {"TITLE": "\u719f\u6089\u7684\u964c\u751f\u4eba\u5011", "FULLNAME": "familiar-strangers", "RATING": 12, "COMMENTS": "0"}, {"TITLE": "KZ\u6536\u5bb9\u7a81\u7834", "FULLNAME": "kz-containment-breach", "RATING": 7, "COMMENTS": "3"}, {"TITLE": "\u82b1\u8a9e\uff1a\u4ed9\u4e39\u82b1", "FULLNAME": "chinese-ixora", "RATING": 20, "COMMENTS": "0"}, {"TITLE": "\u9050\u9087\u9031\u520a \u7b2c011\u671f", "FULLNAME": "the-weekly-011", "RATING": 13, "COMMENTS": "3"}, {"TITLE": "\u5047\u5982\u4f60\u4f86\u5230\u9019\u500b\u5b87\u5b99\u8acb\u4fdd\u6301\u51b7\u975c", "FULLNAME": "you-need-icecream-in-summer", "RATING": 31, "COMMENTS": "1"}, {"TITLE": "Ctrl Z\u535a\u58eb\u7684SCP\u8a18\u9304\uff1aSCP-049\u761f\u75ab\u91ab\u751f", "FULLNAME": "hiiambangyen", "RATING": 10, "COMMENTS": "0"}, {"TITLE": "\u5b69\u5b50\u7684\u4e16\u754c", "FULLNAME": "childhood", "RATING": 14, "COMMENTS": "1"}, {"TITLE": "SCP-ZH-259 - \u4eba\u53bb\u9905\u7a7a", "FULLNAME": "scp-zh-259", "RATING": 11, "COMMENTS": "0"}, {"TITLE": "SCP-ZH-815 - \u4e00\u5bb6\u70e4\u8089\u842c\u5bb6\u9999", "FULLNAME": "scp-zh-815", "RATING": 35, "COMMENTS": "8"}, {"TITLE": "\u5b64\u7368\u7684\u5bb4\u6703", "FULLNAME": "lonely-banquet", "RATING": 6, "COMMENTS": "0"}, {"TITLE": "SCP-ZH-913 - \u56de\u5bb6\u6708\u9905", "FULLNAME": "scp-zh-913", "RATING": 17, "COMMENTS": "0"}, {"TITLE": "SCP-ZH-272 - \u671b\u5730\u6708\u5ca9", "FULLNAME": "scp-zh-272", "RATING": 9, "COMMENTS": "0"}, {"TITLE": "\u53ea\u4e0d\u904e\u662f\u4eba\u751f\u3001\u53ea\u4e0d\u904e\u662f\u7f6a\u60e1\u3001\u53ea\u4e0d\u904e\u662f\u4e00\u5834\u6feb\u7528\u8077\u6b0a\u7684\u666e\u901a\u5be6\u9a57", "FULLNAME": "no-door-open-for-me", "RATING": 13, "COMMENTS": "0"}, {"TITLE": "\u4e2d\u79cb\u7bc0\u7684\u904e\u52de\u7ad9\u9ede\u8207NB\u5340\u7814\u7a76\u54e1\u8207\u4e00\u7fa4\u7570\u5e38\u6d63\u718a", "FULLNAME": "nb", "RATING": 12, "COMMENTS": "0"}, {"TITLE": "\u6728\u6613\u85cf\u66f8\u95a3\u76ee\u9304 \u6728-\u4e00\u4e00\u4e94 \u300a\u671b\u6708\u7bb8\u300b", "FULLNAME": "mu-yi-115", "RATING": 16, "COMMENTS": "2"}, {"TITLE": "\u4e8b\u4ef6\u4ee3\u865f\uff1a\u6838\u88c2\u64e0\u514c-\u72fc\u568e", "FULLNAME": "blackwolf-may-cry", "RATING": 9, "COMMENTS": "1"}, {"TITLE": "SCP-ZH-041 - \u5922\u60f3", "FULLNAME": "scp-zh-041", "RATING": 20, "COMMENTS": "4"}, {"TITLE": "SCP-ZH-087 - \u68c4\u7a3f", "FULLNAME": "scp-zh-087", "RATING": 31, "COMMENTS": "4"}, {"TITLE": "SCP-ZH-070 - \u5c0d\u8a71\u6846\u5148\u751f", "FULLNAME": "scp-zh-070", "RATING": 17, "COMMENTS": "0"}, {"TITLE": "\u8dd1\u817f", "FULLNAME": "run-errands", "RATING": 9, "COMMENTS": "0"}, {"TITLE": "\u5b89\u4fdd\u8a2d\u65bd\u6a94\u6848\uff1aSite-ZH-50", "FULLNAME": "site-zh-50", "RATING": 16, "COMMENTS": "1"}, {"TITLE": "Site-ZH-81\u7684\u767b\u8266\u7533\u8acb\u66f8", "FULLNAME": "boarding", "RATING": 12, "COMMENTS": "1"}, {"TITLE": "SCP-ZH-100", "FULLNAME": "scp-zh-0100", "RATING": 23, "COMMENTS": "0"}, {"TITLE": "2019\u5e74\u5340\u8b70\u6703\u9078\u8209 \u8336\u5dba\u8b70\u54e1\u53c3\u9078\u55ae\u5f35", "FULLNAME": "voting-of-cha", "RATING": 7, "COMMENTS": "2"}, {"TITLE": "SCP-ZH-998 - \u73fe\u8c61\u5b78", "FULLNAME": "scp-zh-998", "RATING": 38, "COMMENTS": "7"}, {"TITLE": "\u6d17\u6a19\uff1a\u6a588963-\u8a31\u975c\u6c60\u7684\u7d72\u8cea\u7761\u8863", "FULLNAME": "orange-8963", "RATING": 9, "COMMENTS": "1"}, {"TITLE": "\u8655\u9280\u767d\u4e4b\u4e2d\uff0c\u65bc\u8679\u5149\u4e4b\u9593", "FULLNAME": "in-the-snow-in-the-iris", "RATING": 20, "COMMENTS": "0"}, {"TITLE": "\u4e09\u751f\u6709\u5e78", "FULLNAME": "third-life", "RATING": 21, "COMMENTS": "0"}, {"TITLE": "SCP-ZH-711 - \u9020\u53e5\u6a21\u64ec\u5668", "FULLNAME": "scp-zh-711", "RATING": 9, "COMMENTS": "1"}, {"TITLE": "\u5439\u97ff\u865f\u89d2\u7684\u7121\u540d\u5c71\u8108", "FULLNAME": "the-non-names-town", "RATING": 14, "COMMENTS": "3"}, {"TITLE": "\u7c60\u4e2d\u9ce5", "FULLNAME": "caged-bird", "RATING": 14, "COMMENTS": "0"}, {"TITLE": "\u7dad\u5b89\u8a2d\u65bd\u6a94\u6848\uff1aSite-ZH-81", "FULLNAME": "site-zh-81", "RATING": 19, "COMMENTS": "0"}, {"TITLE": "\u95dc\u65bc\u90a3\u500b\u5927\u6d77\u602a", "FULLNAME": "about-that-big-guy", "RATING": 15, "COMMENTS": "1"}, {"TITLE": "Valentine\u7684Logo\u9801", "FULLNAME": "valentine-logo", "RATING": 22, "COMMENTS": "1"}, {"TITLE": "\u82b1\u8a9e\uff1a\u6a89\u67f3", "FULLNAME": "tamaricaceae", "RATING": 13, "COMMENTS": "0"}, {"TITLE": "SCP-ZH-9288-EX", "FULLNAME": "scp-zh-9288-ex", "RATING": 45, "COMMENTS": "5"}, {"TITLE": "\u6b7b\u8c93\u540a\u6a39\u982d", "FULLNAME": "on-the-tree", "RATING": 17, "COMMENTS": "0"}, {"TITLE": "\u6211\u5728\u9019\u88e1\u4e00\u9663\u5b50\u4e86", "FULLNAME": "been-a-while", "RATING": 17, "COMMENTS": "1"}, {"TITLE": "\u5c0b\u7372\u7269\u54c1\u7de8\u865f\uff1a000", "FULLNAME": "article-number-000", "RATING": 13, "COMMENTS": "2"}, {"TITLE": "\u5c71\u59c6\u7684ZH\u5206\u90e8\u89d2\u8272\u7d00\u9304\u672c", "FULLNAME": "doodles-from-sam", "RATING": 25, "COMMENTS": "3"}, {"TITLE": "\u521d\u6b21\u898b\u9762", "FULLNAME": "mystery", "RATING": 12, "COMMENTS": "2"}, {"TITLE": "\u8c82\u8207\u6d63\u718a\u5728\u6797\u5730\u76f8\u9047", "FULLNAME": "out-of-cn-77", "RATING": 7, "COMMENTS": "0"}, {"TITLE": "\u5c0b\u7372\u7269\u54c1\u7de8\u865f\uff1a065", "FULLNAME": "article-number-065", "RATING": 10, "COMMENTS": "0"}, {"TITLE": "\u9918\u6ce2", "FULLNAME": "aftermath-zh", "RATING": 12, "COMMENTS": "1"}, {"TITLE": "SCP-ZH-670 - \u660e\u77e5\u6545\u72af", "FULLNAME": "scp-zh-670", "RATING": 15, "COMMENTS": "0"}, {"TITLE": "SCP-ZH-300 - \u8056\u8a95\u7bc0\u4ea4\u63db\u300c\u5ee2\u300d\u7269", "FULLNAME": "scp-zh-300", "RATING": 15, "COMMENTS": "2"}, {"TITLE": "\u8056\u8a95\u8ecd\u6f14", "FULLNAME": "xmas-exercise", "RATING": 24, "COMMENTS": "7"}, {"TITLE": "\u5b89\u5e03\u7f85\u65af\u9910\u5ef3-\u5d07\u6587\u9928", "FULLNAME": "ambrose-chung-wen-kuan", "RATING": 21, "COMMENTS": "2"}, {"TITLE": "\u67e5\u770b\u5f71\u50cf\u6a94\u6848\u3002", "FULLNAME": "what-is-site-zh12", "RATING": 12, "COMMENTS": "2"}, {"TITLE": "\u8ab0\u628a\u8056\u8a95\u6a39\u4e0a\u7684\u661f\u661f\u62ff\u8d70\u4e86\uff1f", "FULLNAME": "star-of-bethlehem", "RATING": 14, "COMMENTS": "0"}, {"TITLE": "\u85dd\u8853\u7d00\u9304\uff1a\u5354\u548c\u5fa1\u5b88\u3002", "FULLNAME": "art-for-zh258", "RATING": 12, "COMMENTS": "0"}, {"TITLE": "\u51ac\u5b63\u8cc0\u5716", "FULLNAME": "xmas-zh-2019", "RATING": 13, "COMMENTS": "0"}, {"TITLE": "\u8056\u8a95\u5e3d\uff0c\u9019\u662fDr. Xmas\u7684\u65e5\u5b50", "FULLNAME": "xina-mas-2019", "RATING": 19, "COMMENTS": "0"}, {"TITLE": "\u9d28\u9d28\u7684\u8056\u8a95\u8cc0\u5716", "FULLNAME": "duck-s-xmas", "RATING": 17, "COMMENTS": "0"}, {"TITLE": "\u63d0\u6848\uff1a\u8056\u8a95\u8edf\u6696\u8c82", "FULLNAME": "christmas-marten", "RATING": 14, "COMMENTS": "4"}, {"TITLE": "\u8056\u591c\u665a\u9910", "FULLNAME": "so-i-said-that-dinner", "RATING": 21, "COMMENTS": "2"}, {"TITLE": "\u9060\u6771\u96f6\u865f\u90e8\u9580\u5377\u5b97\uff1aE-830", "FULLNAME": "e-830", "RATING": 12, "COMMENTS": "1"}, {"TITLE": "SCP-ZH-044 - \u77f3\u7011\u72fb\u730a", "FULLNAME": "scp-zh-044", "RATING": 22, "COMMENTS": "3"}, {"TITLE": "\u53e3\u8ff0\u7570\u5e38\u53f2\uff1a\u8fb2\u9593\u4e4b\u6b98\u6708", "FULLNAME": "the-moon-voice-1", "RATING": 13, "COMMENTS": "0"}, {"TITLE": "\u7814\u7a76\u54e1LostWhat\u89d2\u8272\u6b4c\uff1a\u5728\u788e\u7247\u88e1\u9762", "FULLNAME": "in-the-shard", "RATING": 14, "COMMENTS": "1"}, {"TITLE": "\u7dad\u5b89\u8a2d\u65bd\u6a94\u6848\uff1aSite-ZH-12", "FULLNAME": "site-zh-12", "RATING": 23, "COMMENTS": "3"}, {"TITLE": "\u8056\u8a95\u6a39\u68a2\u4e0a\u7684\u9996\u7d1a", "FULLNAME": "head-on-the-tree", "RATING": 8, "COMMENTS": "3"}, {"TITLE": "SCP-ZH-600 - \u50b3\u9001\u9580\u5148\u751f", "FULLNAME": "scp-zh-600", "RATING": 22, "COMMENTS": "0"}, {"TITLE": "\u9a5f\u96e8", "FULLNAME": "downpour", "RATING": 13, "COMMENTS": "0"}, {"TITLE": "\u85dd\u8853\u7d00\u9304\uff1a\u8cd3\u5c3c\u8cbb\u7684\u6700\u5f8c\u5e87\u8b77\u6240\u3002", "FULLNAME": "art-for-zh255", "RATING": 7, "COMMENTS": "2"}, {"TITLE": "Off Work", "FULLNAME": "pry", "RATING": 18, "COMMENTS": "2"}, {"TITLE": "\u5f26\u97f3\u672a\u6b62\uff0c\u9918\u82b3\u7336\u5b58", "FULLNAME": "keepthere-art", "RATING": 12, "COMMENTS": "1"}, {"TITLE": "SCP-ZH-260 - \u8fa6\u58a8\u6dcc\u6c60\u786f", "FULLNAME": "scp-zh-260", "RATING": 9, "COMMENTS": "1"}, {"TITLE": "\u8c93\u8033\u65e5", "FULLNAME": "cat-day", "RATING": 15, "COMMENTS": "0"}, {"TITLE": "\u96d5\u523b\u4f5c\u54c1\uff1a\u8056\u591c\u76f8\u5b88", "FULLNAME": "handcrafts", "RATING": 18, "COMMENTS": "2"}, {"TITLE": "\u7269\u7406\u5c11\u5e74", "FULLNAME": "science-confusion-puberty", "RATING": 16, "COMMENTS": "7"}, {"TITLE": "\u5b89\u5e03\u7f85\u65af\u9910\u5ef3-\u4f0a\u85a9\u79d1\u592b\u865f\u5206\u5e97 (\u7bc0\u65e5\u9650\u5b9a)", "FULLNAME": "ambrose-isakov", "RATING": 28, "COMMENTS": "9"}, {"TITLE": "SCP-ZH-591 - \u8840\u6e90\u4e4b\u5305", "FULLNAME": "scp-zh-591", "RATING": 12, "COMMENTS": "2"}, {"TITLE": "SCP-ZH-136 - \u4ed9\u5973\u6728\u4e4b\u68ee", "FULLNAME": "scp-zh-136", "RATING": 13, "COMMENTS": "1"}, {"TITLE": "SCP-ZH-860 - dado\u7684\u300c\u53d1\u300d\u8ca1\u85e5", "FULLNAME": "scp-zh-860", "RATING": 33, "COMMENTS": "3"}, {"TITLE": "\u5e74\u7378\u722d\u596a\u6230", "FULLNAME": "year-critical-strike", "RATING": 15, "COMMENTS": "0"}, {"TITLE": "SCP-ZH-202 - \u601d\u60f3\u626d\u86cb\u6a5f", "FULLNAME": "scp-zh-202", "RATING": 12, "COMMENTS": "1"}, {"TITLE": "\u6d17\u6a19\uff1a\u85cd2020-\u767d\u5e03\u7684\u5510\u4eba\u88dd", "FULLNAME": "blue-2020", "RATING": 13, "COMMENTS": "2"}, {"TITLE": "\u523a\u875f\u7b46\u8a18\u672c\uff1aZH\u5206\u90e8\u52d5\u7269\u5408\u8f2f", "FULLNAME": "hedgehog-note-a", "RATING": 15, "COMMENTS": "0"}, {"TITLE": "\u6700\u5f8c\u4e00\u6839\u83f8", "FULLNAME": "last-one-cigarette", "RATING": 14, "COMMENTS": "1"}, {"TITLE": "\u4e0d\u66fe\u505c\u6b47", "FULLNAME": "88-step", "RATING": 13, "COMMENTS": "1"}, {"TITLE": "\u6d17\u6a19\uff1a\u6a583041-Dr. Owen\u7684\u5be6\u9a57\u888d", "FULLNAME": "owens-clothes", "RATING": 14, "COMMENTS": "0"}, {"TITLE": "\u6709\u95dc\u6279\u51c6\u4f7f\u7528\u6a21\u56e0\u88fd\u5291\u5354\u52a9\u5c0d\u9d5d\u5f62\u60e1\u9b54\u5be6\u9ad4\u9032\u884c\u9a45\u9b54\u7684\u7533\u8acb", "FULLNAME": "grant-request-for-utilization-of-memetic-agent-to-assist-per", "RATING": 17, "COMMENTS": "1"}, {"TITLE": "\u6975\u5149\u7684\u984f\u8272", "FULLNAME": "color-of-aurora", "RATING": 15, "COMMENTS": "1"}, {"TITLE": "Dr. Bales\u7684\u65e5\u5e38\u5c0f\u54c1\u96c6\u9326 \u4e00", "FULLNAME": "bales-s-daily-1", "RATING": 10, "COMMENTS": "0"}, {"TITLE": "\u5c0b\u7372\u7269\u54c1\u7de8\u865f\uff1a097/\u6d17\u6a19\uff1a\u9ed10117", "FULLNAME": "article-number-097-black-0117", "RATING": 16, "COMMENTS": "4"}, {"TITLE": "\u5f9e\u4eca\u4ee5\u5f8c\uff0c\u5979\u5c07\u6c38\u751f", "FULLNAME": "she-lives-in-my-heart", "RATING": 22, "COMMENTS": "5"}, {"TITLE": "\u5979\u4e00\u76f4\u90fd\u5728\uff0c\u7121\u9808\u7dec\u61f7", "FULLNAME": "she-s-always-here", "RATING": 14, "COMMENTS": "0"}, {"TITLE": "SCP-ZH-055 - \u505a\u4f60\u81ea\u5df1\u7684\u4e3b\u5eda\uff0c\u96a8\u6642\u96a8\u5730\u958b\u52d5\u5427\uff01", "FULLNAME": "scp-zh-055", "RATING": 18, "COMMENTS": "3"}, {"TITLE": "SCP-ZH-976 - \u8ffd\u61b6\u72c2\u5984", "FULLNAME": "scp-zh-976", "RATING": 14, "COMMENTS": "1"}, {"TITLE": "\u7e41\u5b57Logo", "FULLNAME": "fan-logo", "RATING": 8, "COMMENTS": "1"}, {"TITLE": "SCP-ZH-012 - \u5341\u4e8c", "FULLNAME": "scp-zh-012", "RATING": 19, "COMMENTS": "2"}, {"TITLE": "\u63d2\u5716\uff1a\u9003\u907f", "FULLNAME": "i-should-been-killed", "RATING": 7, "COMMENTS": "0"}, {"TITLE": "\u9999\u8106\u590f\u5a01\u5937\u62ab\u85a9", "FULLNAME": "sh-crispy-pineapple-pizza", "RATING": 11, "COMMENTS": "0"}, {"TITLE": "3D\u6cb9\u98ef", "FULLNAME": "sh-3d-glutinous-oil-rice", "RATING": 11, "COMMENTS": "2"}, {"TITLE": "\u65e5\u74b0\u8755\u8207\u4e3b\u4efb\u8207\u51b0\u6dc7\u51cc", "FULLNAME": "abyssdream-pic-v", "RATING": 12, "COMMENTS": "0"}, {"TITLE": "\u57fa\u91d1\u6703\u54e1\u5de5\u6392\u8d77\u4e86\u968a", "FULLNAME": "self-service-laundry-zh", "RATING": 11, "COMMENTS": "1"}, {"TITLE": "\u5c0f\u52d5\u7269\u7c21\u4ecb\uff1a\u897f\u74dc\uff01", "FULLNAME": "watermelon", "RATING": 5, "COMMENTS": "2"}, {"TITLE": "\u5c0f\u52d5\u7269\u7c21\u4ecb\uff1aSurge\uff01", "FULLNAME": "critter-profile-surge", "RATING": 25, "COMMENTS": "2"}, {"TITLE": "\u9006\u5149\u7684\u99ac\u723e\u5730\u592b", "FULLNAME": "backlit-maldives", "RATING": 8, "COMMENTS": "1"}, {"TITLE": "\u795e\u7570\u535a\u89bd\u6703\u4e00\u4e5d\u4e09\u4e94", "FULLNAME": "taiwan-miracle-exposition", "RATING": 24, "COMMENTS": "3"}, {"TITLE": "\u82b1\u8a9e\uff1a\u82b1\u6bdb\u831b", "FULLNAME": "ranunculus", "RATING": 18, "COMMENTS": "3"}, {"TITLE": "\u300c...\u59b3\u4e0d\u61c9\u8a72\u51fa\u73fe\u5728\u9019\u88e1\u3002\u300d", "FULLNAME": "xina-mas-2020", "RATING": 15, "COMMENTS": "0"}, {"TITLE": "\u8056\u591c\u76f8\u5b88\u6642", "FULLNAME": "formytreasure", "RATING": 18, "COMMENTS": "0"}, {"TITLE": "\u7121\u8c8c\u8005\u8207\u8c93", "FULLNAME": "the-man-with-out-face", "RATING": 13, "COMMENTS": "0"}, {"TITLE": "\u53f0\u7063\u7570\u65b0\u5831\u3001\u662d\u548c\u5341\u5e74\u5341\u4e00\u6708\u4e00\u65e5", "FULLNAME": "taiwan-newspaper", "RATING": 17, "COMMENTS": "4"}, {"TITLE": "\u7a7f\u8d8a\u6642\u7a7a\u7684\u7a3d\u67e5\uff0c\u6700\u5f8c\u76ee\u7684\u5730\u662f\u6c38\u548c\u8c46\u6f3f", "FULLNAME": "in-the-maze-of-2020", "RATING": 9, "COMMENTS": "0"}, {"TITLE": "\u6b98\u5f71", "FULLNAME": "afterimage", "RATING": 14, "COMMENTS": "2"}, {"TITLE": "\u96f7\u5c04\u96d5\u523b\u2500\u2500Site-ZH-12", "FULLNAME": "site-zh-12-made-with-wood", "RATING": 17, "COMMENTS": "0"}, {"TITLE": "\u5047\u9762\u9a0e\u58ebAD\u7247\u982d\u4e3b\u984c\u66f2\uff1a\u5922\u60f3\u8207\u7f6a\u60e1\u4e4b\u9593", "FULLNAME": "between-dream-and-sin", "RATING": 13, "COMMENTS": "7"}, {"TITLE": "\u8868\u5c64\u8b8a\u52d5", "FULLNAME": "one-of-the-secrets", "RATING": 18, "COMMENTS": "2"}, {"TITLE": "SCP-ZH-2005-EX", "FULLNAME": "scp-zh-2005-ex", "RATING": 58, "COMMENTS": "1"}, {"TITLE": "\u6c92\u4ec0\u9ebc\uff0c\u53ea\u662f\u4e00\u5f35\u8001\u7167\u7247", "FULLNAME": "nothing-just-a-old-picture", "RATING": 16, "COMMENTS": "0"}, {"TITLE": "\u98df\u5802\u7d04\u6703", "FULLNAME": "canteen-date", "RATING": 22, "COMMENTS": "3"}, {"TITLE": "Ctrl Z\u535a\u58eb\u7684SCP-ZH\u8a18\u9304-1", "FULLNAME": "creepy-tunnel", "RATING": 24, "COMMENTS": "2"}, {"TITLE": "\u725b\u5976\u62fc\u5716", "FULLNAME": "milk-puzzle", "RATING": 18, "COMMENTS": "0"}, {"TITLE": "Valm\u00faa\u5c0f\u5408\u96c6", "FULLNAME": "valmua-compilation", "RATING": 13, "COMMENTS": "2"}, {"TITLE": "\u82b1\u8a9e\uff1a\u66c7\u83ef", "FULLNAME": "flower-language-canna-indica", "RATING": 7, "COMMENTS": "0"}, {"TITLE": "SCP-ZH-0601-J", "FULLNAME": "scp-zh-0601-j", "RATING": 16, "COMMENTS": "4"}, {"TITLE": "\u4e2d\u6e2f\u8def\u4e0a\u6c92\u6709\u4eba\u53ea\u6709\u91ce\u72fc", "FULLNAME": "wolf-125", "RATING": 16, "COMMENTS": "3"}, {"TITLE": "\u7570\u5e38\u9805\u76ee\u7d00\u9304\uff1a\u300c\u9632\u66b4\u8b66\u5bdf\u982d\u76d4\u300d", "FULLNAME": "anomalous-item-hk-police-helmet", "RATING": 37, "COMMENTS": "5"}, {"TITLE": "\u4e0d\u8fa3\uff0c\u4e0d\u8981\u6feb\u85e5\uff0cokay\uff1f", "FULLNAME": "bruh-don-t-do-drugs-okay", "RATING": 12, "COMMENTS": "0"}, {"TITLE": "SCP-ZH-063 - \u6b61 \u7b11 \u4e0d \u518d", "FULLNAME": "scp-zh-063", "RATING": 18, "COMMENTS": "0"}, {"TITLE": "SCP-ZH-086 - \u8acb\u4f60\u5225\u8aaa\u898b\u904e\u6211", "FULLNAME": "scp-zh-086", "RATING": 22, "COMMENTS": "2"}, {"TITLE": "\u5047\u9762\u9a0e\u58ebTheseus\uff1a\u4e00\u610f\u5b64\u884c", "FULLNAME": "kamen-rider-theseus-alone-in-the-dark", "RATING": 13, "COMMENTS": "1"}, {"TITLE": "\u665a\u5b8912\u7ad9", "FULLNAME": "adult:oyasumi-site-zh-12", "RATING": 11, "COMMENTS": "1"}, {"TITLE": "Myosotis", "FULLNAME": "myosotis", "RATING": 17, "COMMENTS": "0"}, {"TITLE": "\u6211\u5011\u4e4b\u4e2d\u6709\u500b\u9593\u8adc", "FULLNAME": "there-is-a-imposter-among-us", "RATING": 21, "COMMENTS": "1"}, {"TITLE": "\u661f\u661f\u88fd\u9020\u8005", "FULLNAME": "wanderers:star-maker", "RATING": 23, "COMMENTS": "4"}, {"TITLE": "\u4e2d\u79cb\u591c\u9063\u61f7", "FULLNAME": "wanderers:wandered-at-night", "RATING": 14, "COMMENTS": "1"}, {"TITLE": "\u81f4\u6211\u89aa\u611b\u7684\u63a2\u96aa\u8005\u5011", "FULLNAME": "wanderers:to:my-lovely-explorers", "RATING": 5, "COMMENTS": "1"}, {"TITLE": "\u5f97\u4ee5\u6c38\u751f\u3002", "FULLNAME": "wanderers:the-first-named-adam", "RATING": 13, "COMMENTS": "1"}, {"TITLE": "\u975e\u4eba\u8207\u975e\u795e\u5171\u821e\u3002", "FULLNAME": "wanderers:before-ad", "RATING": 13, "COMMENTS": "1"}, {"TITLE": "\u4e03\u5f8b\u2014\u2014\u6b4c\u54ed\u54bd", "FULLNAME": "wanderers:die-in-immortality", "RATING": 22, "COMMENTS": "2"}]