[{"TITLE": "SCP-ZH-199 - \u4e2d\u6c38\u548c\u8ff7\u5bae", "FULLNAME": "scp-zh-199", "RATING": 22, "COMMENTS": "8"}, {"TITLE": "SCP-ZH-9288-EX", "FULLNAME": "scp-zh-9288-ex", "RATING": 45, "COMMENTS": "5"}, {"TITLE": "\u8ddd\u96e2\u4e16\u754c\u672b\u65e5\u9084\u6709\u4e94\u5206\u9418", "FULLNAME": "five-minutes-to-end", "RATING": 26, "COMMENTS": "0"}, {"TITLE": "SCP-ZH-147 - \u6642\u9593\u5c0f\u5077", "FULLNAME": "scp-zh-147", "RATING": 19, "COMMENTS": "2"}, {"TITLE": "Ctrl Z\u535a\u58eb\u7684\u925b\u7b46\u5857\u9d09", "FULLNAME": "ctrlzpencil", "RATING": 16, "COMMENTS": "2"}, {"TITLE": "Ctrl Z\u535a\u58eb\u7684\u65c5\u884c\u8a18\u4e8b\u672c", "FULLNAME": "ctrlztravel", "RATING": 12, "COMMENTS": "5"}]