[{"TITLE": "SCP-ZH-882 - \u8d85\u731b\u53ec\u559a\u5927\u5168", "FULLNAME": "scp-zh-882", "RATING": 13, "COMMENTS": "1"}, {"TITLE": "SCP-ZH-199 - \u4e2d\u6c38\u548c\u8ff7\u5bae", "FULLNAME": "scp-zh-199", "RATING": 22, "COMMENTS": "8"}, {"TITLE": "SCP-ZH-202 - \u601d\u60f3\u626d\u86cb\u6a5f", "FULLNAME": "scp-zh-202", "RATING": 12, "COMMENTS": "1"}, {"TITLE": "SCP-ZH-202\u5f8c\u7e8c\u5be6\u9a57\u65e5\u8a8c", "FULLNAME": "scp-zh-202-a1", "RATING": 3, "COMMENTS": "0"}, {"TITLE": "SCP-ZH-012 - \u5341\u4e8c", "FULLNAME": "scp-zh-012", "RATING": 19, "COMMENTS": "2"}, {"TITLE": "SCP-ZH-060 - \u9e7f\u8def\u96a7\u9053", "FULLNAME": "scp-zh-060", "RATING": 21, "COMMENTS": "1"}, {"TITLE": "\u6536\u5bb9\u5ba4ZH-S12-E-024\u5be6\u9a57\u7d00\u9304", "FULLNAME": "scp-zh-024", "RATING": 35, "COMMENTS": "0"}, {"TITLE": "SCP-ZH-140 - \u5b57\u7fa9\u76f8\u6096", "FULLNAME": "scp-zh-140", "RATING": 20, "COMMENTS": "7"}, {"TITLE": "SCP-ZH-224 - \u4e00\u76d2\u96de\u86cb", "FULLNAME": "scp-zh-224", "RATING": 8, "COMMENTS": "3"}, {"TITLE": "SCP-ZH-496 - \u5b89\u5168\u6975\u9650\u8ddd\u96e2", "FULLNAME": "scp-zh-496", "RATING": 30, "COMMENTS": "7"}, {"TITLE": "SCP-ZH-033 - \u25c9", "FULLNAME": "scp-zh-033", "RATING": 2, "COMMENTS": "7"}, {"TITLE": "SCP-ZH-736 - \u4f60\u4e0d\u80fd\u518d\u5f80\u524d\u4e86", "FULLNAME": "scp-zh-736", "RATING": 32, "COMMENTS": "14"}]