[{"TITLE": "\u6728\u6613\u85cf\u66f8\u95a3\u76ee\u9304 \u96dc-\u4e94\u4e5d\u516d \u300a\u5bdf\u4f55\u81fa\u7684\u884c\u8ecd\u5957\u88dd\u300b", "FULLNAME": "mu-yi-596", "RATING": 5, "COMMENTS": "0"}, {"TITLE": "\u5c0f\u52d5\u7269\u7c21\u4ecb\uff1a\u041c\u043e\u0440\u044c\uff01", "FULLNAME": "critter-profile-mor", "RATING": 6, "COMMENTS": "3"}, {"TITLE": "SCP-ZH-255 - \u8cd3\u5c3c\u8cbb\u7684\u6700\u5f8c\u5e87\u8b77\u6240", "FULLNAME": "scp-zh-255", "RATING": 22, "COMMENTS": "5"}, {"TITLE": "SCP-ZH-655 - \u6c38\u9060\u7684\u516d\u9ede\u4e94\u5341\u4e94\u5206", "FULLNAME": "scp-zh-655", "RATING": 8, "COMMENTS": "1"}, {"TITLE": "SCP-ZH-940 - \u7375\u5deb", "FULLNAME": "scp-zh-940", "RATING": 7, "COMMENTS": "4"}, {"TITLE": "\u6728\u6613\u85cf\u66f8\u95a3 \u4e2d\u5fc3\u9801", "FULLNAME": "mu-yi-hub", "RATING": 13, "COMMENTS": "0"}, {"TITLE": "SCP-ZH-251 - \u4e09\u6a13\u907a\u5740", "FULLNAME": "scp-zh-251", "RATING": 10, "COMMENTS": "0"}, {"TITLE": "SCP-ZH-253 - \u6211\u7684\u6ed1\u9f20\u793e\u6703\u8d77\u4f86\u4e86\uff01", "FULLNAME": "scp-zh-253", "RATING": 12, "COMMENTS": "0"}, {"TITLE": "SCP-ZH-017 - \u6c38\u8861\u570b\u5165\u5883\u7533\u8acb\u8868", "FULLNAME": "scp-zh-017", "RATING": 19, "COMMENTS": "1"}, {"TITLE": "SCP-ZH-919 - \u5b88\u9580\u54e1", "FULLNAME": "scp-zh-919", "RATING": 0, "COMMENTS": "3"}, {"TITLE": "SCP-ZH-811 - \u5357\u4e2d\u5b78\u5802", "FULLNAME": "scp-zh-811", "RATING": 10, "COMMENTS": "6"}, {"TITLE": "SCP-ZH-551 - \u5c0f\u77f3\u6f6d\u8a18", "FULLNAME": "scp-zh-551", "RATING": 8, "COMMENTS": "3"}, {"TITLE": "SCP-ZH-229 - \u85cd\u4e7e\u916a", "FULLNAME": "scp-zh-229", "RATING": 14, "COMMENTS": "3"}, {"TITLE": "SCP-ZH-346 - \u76ae\u958b\u8089\u7dbb\u68d2", "FULLNAME": "scp-zh-346", "RATING": 5, "COMMENTS": "1"}, {"TITLE": "SCP-ZH-666 - \u88ab\u751f\u547d\u6240\u53ad\u60e1\u8005", "FULLNAME": "scp-zh-666", "RATING": 15, "COMMENTS": "2"}, {"TITLE": "SCP-ZH-953 - \u901a\u4fe1\u6c60", "FULLNAME": "scp-zh-953", "RATING": 8, "COMMENTS": "0"}, {"TITLE": "SCP-ZH-018 - \u7e7c\u627f\u4e4b\u7167", "FULLNAME": "scp-zh-018", "RATING": 10, "COMMENTS": "2"}, {"TITLE": "SCP-ZH-122 - \u87a2\u706b\u87f2\u71c8\u6ce1", "FULLNAME": "scp-zh-122", "RATING": 5, "COMMENTS": "1"}, {"TITLE": "SCP-ZH-954 - \u9ec3\u8272\u4fbf\u689d\u7d19", "FULLNAME": "scp-zh-954", "RATING": 17, "COMMENTS": "2"}, {"TITLE": "SCP-ZH-555", "FULLNAME": "scp-zh-555", "RATING": 1, "COMMENTS": "5"}, {"TITLE": "SCP-ZH-349 - \u5929\u5df2\u904a\u61a9\u5ef3", "FULLNAME": "scp-zh-349", "RATING": 6, "COMMENTS": "1"}, {"TITLE": "SCP-ZH-521 - \u647a\u7d19\u5c4b", "FULLNAME": "scp-zh-521", "RATING": 3, "COMMENTS": "2"}, {"TITLE": "SCP-ZH-117 - \u9053\u8def\u4fdd\u6301\u66a2\u901a", "FULLNAME": "scp-zh-117", "RATING": 33, "COMMENTS": "1"}, {"TITLE": "SCP-ZH-572 - \u6587\u8a00\u6587\u647a\u6247", "FULLNAME": "scp-zh-572", "RATING": 12, "COMMENTS": "2"}, {"TITLE": "SCP-ZH-024-ARC", "FULLNAME": "scp-zh-024-arc", "RATING": 6, "COMMENTS": "1"}, {"TITLE": "SCP-ZH-629 - \u56de\u8072\u676f", "FULLNAME": "scp-zh-629", "RATING": 4, "COMMENTS": "1"}, {"TITLE": "SCP-ZH-401 - \u8272\u925b\u7b46", "FULLNAME": "scp-zh-401", "RATING": 9, "COMMENTS": "2"}, {"TITLE": "SCP-ZH-900 - \u77f3\u7070\u6e26\u8f2a", "FULLNAME": "scp-zh-900", "RATING": 8, "COMMENTS": "1"}, {"TITLE": "SCP-ZH-124 - \u660e\u65e5\u90f5\u7bb1", "FULLNAME": "scp-zh-124", "RATING": 5, "COMMENTS": "1"}, {"TITLE": "SCP-ZH-178 - \u676f\u9ce5", "FULLNAME": "scp-zh-178", "RATING": 11, "COMMENTS": "2"}, {"TITLE": "\u5c0f\u52d5\u7269\u7c21\u4ecb\uff1aSesame&Mochi!", "FULLNAME": "sesame-mochi", "RATING": 5, "COMMENTS": "0"}, {"TITLE": "SCP-ZH-003 - \u6975\u7aef\u5f0f\u4fe1\u4ef0", "FULLNAME": "scp-zh-003", "RATING": 7, "COMMENTS": "4"}, {"TITLE": "UIU\u6a94\u6848\uff1a1970-005", "FULLNAME": "uiu-1970-005", "RATING": 7, "COMMENTS": "0"}, {"TITLE": "\u5c0f\u52d5\u7269\u7c21\u4ecb\uff1aDoris\uff01", "FULLNAME": "doris", "RATING": 6, "COMMENTS": "3"}, {"TITLE": "SCP-ZH-130 - \u5fc3", "FULLNAME": "scp-zh-130", "RATING": 7, "COMMENTS": "1"}, {"TITLE": "\u5922\u85dd\u5929\u9053\u884c\uff08TV345/7YUT8/5GDL6\uff09", "FULLNAME": "potehi", "RATING": 8, "COMMENTS": "0"}, {"TITLE": "\u5851\u8eab\u5de7\u62b9\u7cd5\uff08CA521/9CHI3/5FON7\uff09", "FULLNAME": "chocolatecake", "RATING": 8, "COMMENTS": "0"}, {"TITLE": "SCP-ZH-127 - \u5deb\u6bd2\u68c9\u82b1\u7cd6", "FULLNAME": "scp-zh-127", "RATING": 12, "COMMENTS": "0"}, {"TITLE": "\u5be6\u9a57\u8a18\u9304 ZH-666", "FULLNAME": "zh-666", "RATING": 6, "COMMENTS": "0"}, {"TITLE": "SCP-ZH-883 - \u8ff7\u60d8", "FULLNAME": "scp-zh-883", "RATING": 8, "COMMENTS": "2"}, {"TITLE": "SCP-ZH-882 - \u8d85\u731b\u53ec\u559a\u5927\u5168", "FULLNAME": "scp-zh-882", "RATING": 13, "COMMENTS": "1"}, {"TITLE": "SCP-ZH-372 - \u9ed1\u9ad4\u7fa4", "FULLNAME": "scp-zh-372", "RATING": 15, "COMMENTS": "9"}, {"TITLE": "SCP-ZH-004 - \u99ac\u65af\u6d1b\u7684\u5973\u5152", "FULLNAME": "scp-zh-004", "RATING": 9, "COMMENTS": "5"}, {"TITLE": "SCP-ZH-089 - \u4e0d\u5b58\u5728\u7684ACG\u8cfc\u7269\u7db2", "FULLNAME": "scp-zh-089", "RATING": 14, "COMMENTS": "1"}, {"TITLE": "SCP-ZH-587-J", "FULLNAME": "scp-zh-587-j", "RATING": 23, "COMMENTS": "1"}, {"TITLE": "SCP-ZH-472-J", "FULLNAME": "scp-zh-472-j", "RATING": 4, "COMMENTS": "1"}, {"TITLE": "SCP-ZH-419 - \u6b78\u5c6c\u4e4b\u5730", "FULLNAME": "scp-zh-419", "RATING": 10, "COMMENTS": "1"}, {"TITLE": "SCP-ZH-724 - \u8377\u74e6\u4f0a\u7684\u6eab\u5ba4\u7403", "FULLNAME": "scp-zh-724", "RATING": 5, "COMMENTS": "3"}, {"TITLE": "SCP-ZH-064 - \u4eba\u9762\u85e4", "FULLNAME": "scp-zh-064", "RATING": 5, "COMMENTS": "0"}, {"TITLE": "SCP-ZH-582 - \u4e16\u4e0a\u6700\u8a0e\u4eba\u559c\u611b\u7684\u4e0d\u660e\u751f\u7269", "FULLNAME": "scp-zh-582", "RATING": 15, "COMMENTS": "0"}, {"TITLE": "SCP-ZH-222-J", "FULLNAME": "scp-zh-222-j", "RATING": 27, "COMMENTS": "0"}, {"TITLE": "SCP-ZH-687 - \u7368\u773c\u767c\u689d\u8c93", "FULLNAME": "scp-zh-687", "RATING": 3, "COMMENTS": "0"}, {"TITLE": "\u6728\u6613\u85cf\u66f8\u95a3\u76ee\u9304 \u66f8-\u4e94\u96f6\u4e09 \u300a\u738b\u6c0f\u6613\u300b", "FULLNAME": "wong-magical-book", "RATING": 10, "COMMENTS": "2"}, {"TITLE": "\u9577\u5eca", "FULLNAME": "cdbeta05", "RATING": 6, "COMMENTS": "1"}, {"TITLE": "SCP-ZH-029 - \u77c7\u773c\u5c04\u98db\u93e2", "FULLNAME": "scp-zh-029", "RATING": 10, "COMMENTS": "1"}, {"TITLE": "SCP\u57fa\u91d1\u6703\u4e0d\u77e5\u9053\u7684\u90a3\u4e9b\u4e8b\u4ef6", "FULLNAME": "ocd-virus01", "RATING": 19, "COMMENTS": "1"}, {"TITLE": "SCP-ZH-009 - \u81fa\u5f0f\u65e9\u9ede", "FULLNAME": "scp-zh-009", "RATING": 20, "COMMENTS": "3"}, {"TITLE": "\u7ffb\u8b6f\u4e0d\u53ea\u662f\u584a\u86cb\u7cd5", "FULLNAME": "sth-about-translation", "RATING": 11, "COMMENTS": "6"}, {"TITLE": "SCP-ZH-583 - \u58ef\u70c8\u6210\u4ec1", "FULLNAME": "scp-zh-583", "RATING": 12, "COMMENTS": "6"}, {"TITLE": "SCP-ZH-477 - \u4e0d\u53ef\u6297\u5438\u5f15", "FULLNAME": "scp-zh-477", "RATING": 13, "COMMENTS": "3"}, {"TITLE": "SCP-ZH-285 - \u81f4\u547d\u8a98\u60d1", "FULLNAME": "scp-zh-285", "RATING": 16, "COMMENTS": "5"}, {"TITLE": "SCP-ZH-069 - \u4f34\u7260\u5de6\u53f3", "FULLNAME": "scp-zh-069", "RATING": 10, "COMMENTS": "5"}, {"TITLE": "\u7dad\u5b89\u8a2d\u65bd\u6a94\u6848\uff1aSite-ZH-02", "FULLNAME": "site-zh-02", "RATING": 25, "COMMENTS": "7"}, {"TITLE": "\u7dad\u5b89\u8a2d\u65bd\u6a94\u6848\uff1aSite-ZH-25", "FULLNAME": "site-zh-25", "RATING": 16, "COMMENTS": "3"}, {"TITLE": "\u540d\u4ee5\u70ba\u4f60\u7684\u907a\u8de1\u2013\u932f\u80a9", "FULLNAME": "ruins-of-your-memories-1", "RATING": 9, "COMMENTS": "7"}, {"TITLE": "SCP-ZH-888 - \u973e", "FULLNAME": "scp-zh-888", "RATING": 19, "COMMENTS": "1"}, {"TITLE": "SCP-ZH-256 - \u57fa\u6539\u5c71\u6cc9", "FULLNAME": "scp-zh-256", "RATING": 15, "COMMENTS": "0"}, {"TITLE": "SCP-ZH-889 - \u6b64\u4e16\u4e4b\u5916", "FULLNAME": "scp-zh-889", "RATING": 13, "COMMENTS": "3"}, {"TITLE": "SCP-ZH-720 - \u6df1\u6f6d\u6c34\u9b45", "FULLNAME": "scp-zh-720", "RATING": 9, "COMMENTS": "2"}, {"TITLE": "\u7121\u6708\u4e4b\u591c", "FULLNAME": "no-moon-night", "RATING": 9, "COMMENTS": "0"}, {"TITLE": "\u6311\u6230\u50b3\u7d71\u8a55\u5206\u65b9\u5f0f\uff1a\u95dc\u65bc\u81ea\u8a02\u8a55\u5206\u6a21\u7248", "FULLNAME": "rating-against-traditions", "RATING": 25, "COMMENTS": "0"}, {"TITLE": "\u95dc\u65bc\u5716\u7247\u4f86\u6e90\u8207\u6b78\u5c6c\u7684\u6ce8\u610f\u4e8b\u9805", "FULLNAME": "feitag-give-attribution-for-images", "RATING": 6, "COMMENTS": "0"}, {"TITLE": "SCP-ZH-501 - \u6c38\u6046\u4e4b\u5fc3", "FULLNAME": "scp-zh-501", "RATING": 4, "COMMENTS": "0"}, {"TITLE": "SCP-ZH-323 - \u966a\u6211\u73a9", "FULLNAME": "scp-zh-323", "RATING": 10, "COMMENTS": "3"}, {"TITLE": "\u6700\u597d\u7684\u7d50\u5c40", "FULLNAME": "what-do-you-think", "RATING": 12, "COMMENTS": "3"}, {"TITLE": "\u7ad9\u9ede\u7da0\u5316\u63d0\u6848", "FULLNAME": "greening", "RATING": 18, "COMMENTS": "1"}, {"TITLE": "SCP-ZH-886 - \u90a3\u4e9b\u8db3\u8de1", "FULLNAME": "scp-zh-886", "RATING": 13, "COMMENTS": "0"}, {"TITLE": "\u6728\u6613\u85cf\u66f8\u95a3\u76ee\u9304 \u91d1-\u4e5d\u4e03\u516b \u300a\u6572\u982d\u9285\u7897\u300b", "FULLNAME": "yee", "RATING": 16, "COMMENTS": "0"}, {"TITLE": "\u9996\u7d1a", "FULLNAME": "head", "RATING": 16, "COMMENTS": "1"}, {"TITLE": "SCP-ZH-035 - \u8dd1\u9177\u8005", "FULLNAME": "scp-zh-035", "RATING": 21, "COMMENTS": "0"}, {"TITLE": "Site-ZH-02 \u5927\u5ef3", "FULLNAME": "site-zh-02-front", "RATING": 16, "COMMENTS": "0"}, {"TITLE": "SCP-ZH-310 - \u7570\u5e38\u86cb\u767d\u8cea\u7d50\u69cb\u57df", "FULLNAME": "scp-zh-310", "RATING": 26, "COMMENTS": "2"}, {"TITLE": "SCP-ZH-005 - \u5047\u5982\u4f60\u6c92\u6709\u8f49\u767c\u9019\u7bc7\u6587\u6a94\u7d66\u5341\u500b\u670b\u53cb\uff0c\u90a3\u9ebc\u2026\u2026\u2026\u2026", "FULLNAME": "scp-zh-005", "RATING": 62, "COMMENTS": "0"}, {"TITLE": "SCP-ZH-199 - \u4e2d\u6c38\u548c\u8ff7\u5bae", "FULLNAME": "scp-zh-199", "RATING": 22, "COMMENTS": "8"}, {"TITLE": "SCP-ZH-105 - \u4e0d\u5b5d\u5b50", "FULLNAME": "scp-zh-105", "RATING": 66, "COMMENTS": "5"}, {"TITLE": "\u8840\u8de1-\u4e0a", "FULLNAME": "bloodstain-1", "RATING": 8, "COMMENTS": "0"}, {"TITLE": "\u8840\u8de1-\u4e0b", "FULLNAME": "bloodstain-2", "RATING": 9, "COMMENTS": "0"}, {"TITLE": "SCP-ZH-125 - \u535a\u611b\u5ea7", "FULLNAME": "scp-zh-125", "RATING": 22, "COMMENTS": "2"}, {"TITLE": "SCP-ZH-050 - \u6399\u624e\u5200\u7247", "FULLNAME": "scp-zh-050", "RATING": 16, "COMMENTS": "0"}, {"TITLE": "\u8a8d\u990a\u6d77\u5831\uff1aChoco\uff01", "FULLNAME": "adoption-poster-choco", "RATING": 15, "COMMENTS": "0"}, {"TITLE": "\u5206\u5ee0\u642c\u9077\uff08K-05324\uff09", "FULLNAME": "k-05324", "RATING": 12, "COMMENTS": "0"}, {"TITLE": "\u5230\u8077", "FULLNAME": "arrival", "RATING": 18, "COMMENTS": "5"}, {"TITLE": "SCP-ZH-515 - \u5e73\u5b89\u7b26", "FULLNAME": "scp-zh-515", "RATING": 44, "COMMENTS": "2"}, {"TITLE": "SCP-ZH-194 - \u7fa9\u9ad4\u83cc\u7fa4", "FULLNAME": "scp-zh-194", "RATING": 12, "COMMENTS": "1"}, {"TITLE": "\u8a08\u5283\u5831\u544a{01-728}", "FULLNAME": "nsb8-01728", "RATING": 9, "COMMENTS": "0"}, {"TITLE": "\u82b1\u8a9e\uff1a\u4ed9\u4e39\u82b1", "FULLNAME": "chinese-ixora", "RATING": 20, "COMMENTS": "0"}, {"TITLE": "\u9060\u6771\u96f6\u865f\u5c08\u968a\u5377\u5b97\uff1aE-0249", "FULLNAME": "e-0249", "RATING": 9, "COMMENTS": "0"}, {"TITLE": "SCP-ZH-610 - \u731b\u7206\u6027\u7e41\u884d\u7d44\u7e54\u7624", "FULLNAME": "scp-zh-610", "RATING": 21, "COMMENTS": "7"}, {"TITLE": "SCP-ZH-201 - \u81a8\u5927\u7684\u98e2\u9913", "FULLNAME": "scp-zh-201", "RATING": 10, "COMMENTS": "0"}, {"TITLE": "\u9999\u6e2f\u7279\u5340\u7570\u5e38\u9078\u5340\u8cc7\u6599\u5eab\uff1a\u65b0\u8336\u5dba\u9078\u5340", "FULLNAME": "new-cha-ling", "RATING": 13, "COMMENTS": "1"}, {"TITLE": "\u4e00\u6b21\u8208\u8870", "FULLNAME": "a-change", "RATING": 13, "COMMENTS": "1"}, {"TITLE": "\u9050\u9087\u9031\u520a \u7b2c011\u671f", "FULLNAME": "the-weekly-011", "RATING": 13, "COMMENTS": "3"}, {"TITLE": "\u5047\u5982\u4f60\u4f86\u5230\u9019\u500b\u5b87\u5b99\u8acb\u4fdd\u6301\u51b7\u975c", "FULLNAME": "you-need-icecream-in-summer", "RATING": 31, "COMMENTS": "1"}, {"TITLE": "Ctrl Z\u535a\u58eb\u7684SCP\u8a18\u9304\uff1aSCP-049\u761f\u75ab\u91ab\u751f", "FULLNAME": "hiiambangyen", "RATING": 10, "COMMENTS": "0"}, {"TITLE": "\u88c2\u8b8a\u5e8f\u8a00", "FULLNAME": "operation-nucleon-bank-run-1", "RATING": 10, "COMMENTS": "0"}, {"TITLE": "Ctrl Z\u535a\u58eb\u7684SCP\u8a18\u9304\uff1aSCP-076 \u4e9e\u4f2f", "FULLNAME": "heyismebangyen", "RATING": 9, "COMMENTS": "0"}, {"TITLE": "Ctrl Z\u535a\u58eb\u7684SCP\u8a18\u9304\uff1aSCP-079\u820aAI", "FULLNAME": "haidomobangyendasu", "RATING": 6, "COMMENTS": "0"}, {"TITLE": "Ctrl Z\u535a\u58eb\u7684SCP\u8a18\u9304\uff1aSCP-087 \u6a13\u68af\u9593", "FULLNAME": "ismeagainbangyen", "RATING": 10, "COMMENTS": "0"}, {"TITLE": "\u4e8b\u4ef6\u4ee3\u865f\uff1a\u6838\u88c2\u64e0\u514c-\u5f8c\u52e4\u91ab\u8b77\u4eba\u54e1\u7814\u7a76\u54e1L.What\u8996\u89d2", "FULLNAME": "i-m-not-fine", "RATING": 16, "COMMENTS": "1"}, {"TITLE": "SCP-ZH-045 - \u842c\u80fd\u80e1\u6912", "FULLNAME": "scp-zh-045", "RATING": 19, "COMMENTS": "0"}, {"TITLE": "\u7e41\u4e2d\u5206\u90e8\u6a19\u8a8c", "FULLNAME": "zh-logo", "RATING": 14, "COMMENTS": "0"}, {"TITLE": "\u5c0d\u6b32\u8089\u6559\u7684\u4eba\u985e\u5b78\u9032\u8def03-\u6848\u4f8b\u7814\u7a7603\uff1a\u9999\u6e2f\u65b0\u8336\u5dba\u7684\u76e7\u4ead\u4eba", "FULLNAME": "sarkic-case-study-03-the-luo-ting-n-a-of-new-cha-ling", "RATING": 19, "COMMENTS": "0"}, {"TITLE": "Ctrl Z\u535a\u58eb\u7684SCP\u8a18\u9304\uff1aSCP-\u25cf\u25cf|\u25cf\u25cf\u25cf\u25cf\u25cf|\u25cf\u25cf|\u25cf", "FULLNAME": "yenney", "RATING": 10, "COMMENTS": "0"}, {"TITLE": "Ctrl Z\u535a\u58eb\u7684SCP\u8a18\u9304\uff1aSCP-2599 Not Good Enough", "FULLNAME": "banban", "RATING": 5, "COMMENTS": "0"}, {"TITLE": "Ctrl Z\u535a\u58eb\u7684SCP\u8a18\u9304\uff1aSCP-166 \u5c11\u5973\u9b45\u9b54", "FULLNAME": "ggbangyen", "RATING": 11, "COMMENTS": "0"}, {"TITLE": "SCP-ZH-036 - \u8336\u766e\u6d63\u718a", "FULLNAME": "scp-zh-036", "RATING": 15, "COMMENTS": "0"}, {"TITLE": "\u842c\u83ef\u93e1\u4e2d\u7684\u8c93", "FULLNAME": "cats-in-kaleidoscopes", "RATING": 18, "COMMENTS": "0"}, {"TITLE": "\u4e8b\u4ef6\u4ee3\u865f\uff1a\u6838\u88c2\u64e0\u514c-\u6307\u63ee\u5b98Minger\u7684\u8996\u89d2", "FULLNAME": "operation-nucleon-bank-minger", "RATING": 9, "COMMENTS": "0"}, {"TITLE": "\u70ba\u4e0d\u61c2 CSS \u7684\u4eba\u6240\u5beb\u7684\u8aaa\u660e\uff1a\u5982\u4f55\u4fee\u6539\u5b89\u5e03\u7f85\u65af GOI \u683c\u5f0f\u7684\u4ee3\u78bc", "FULLNAME": "how-to-modify-the-css-of-ambrose-goi-format", "RATING": 5, "COMMENTS": "1"}, {"TITLE": "SCP-ZH-357 - \u8b77\u7406\u5e2b", "FULLNAME": "scp-zh-357", "RATING": 8, "COMMENTS": "0"}, {"TITLE": "SCP-ZH-174 - \u975e\u5e38\u666e\u901a\uff0c\u518d\u666e\u901a\u4e0d\u904e\u7684\u7dda\u9999", "FULLNAME": "scp-zh-174", "RATING": 26, "COMMENTS": "4"}, {"TITLE": "SCP-ZH-272 - \u671b\u5730\u6708\u5ca9", "FULLNAME": "scp-zh-272", "RATING": 9, "COMMENTS": "0"}, {"TITLE": "\u53ea\u4e0d\u904e\u662f\u4eba\u751f\u3001\u53ea\u4e0d\u904e\u662f\u7f6a\u60e1\u3001\u53ea\u4e0d\u904e\u662f\u4e00\u5834\u6feb\u7528\u8077\u6b0a\u7684\u666e\u901a\u5be6\u9a57", "FULLNAME": "no-door-open-for-me", "RATING": 13, "COMMENTS": "0"}, {"TITLE": "\u4e2d\u79cb\u7bc0\u7684\u904e\u52de\u7ad9\u9ede\u8207NB\u5340\u7814\u7a76\u54e1\u8207\u4e00\u7fa4\u7570\u5e38\u6d63\u718a", "FULLNAME": "nb", "RATING": 12, "COMMENTS": "0"}, {"TITLE": "\u6728\u6613\u85cf\u66f8\u95a3\u76ee\u9304 \u6728-\u4e00\u4e00\u4e94 \u300a\u671b\u6708\u7bb8\u300b", "FULLNAME": "mu-yi-115", "RATING": 16, "COMMENTS": "2"}, {"TITLE": "\u4e8b\u4ef6\u4ee3\u865f\uff1a\u6838\u88c2\u64e0\u514c-\u72fc\u568e", "FULLNAME": "blackwolf-may-cry", "RATING": 9, "COMMENTS": "1"}, {"TITLE": "SCP-ZH-087 - \u68c4\u7a3f", "FULLNAME": "scp-zh-087", "RATING": 31, "COMMENTS": "4"}, {"TITLE": "SCP-ZH-100", "FULLNAME": "scp-zh-0100", "RATING": 23, "COMMENTS": "0"}, {"TITLE": "SCP-ZH-100 - \u5e03\u694a\u5cf6", "FULLNAME": "scp-zh-100", "RATING": 17, "COMMENTS": "1"}, {"TITLE": "SCP-ZH-998 - \u73fe\u8c61\u5b78", "FULLNAME": "scp-zh-998", "RATING": 38, "COMMENTS": "7"}, {"TITLE": "\u6d17\u6a19\uff1a\u6a588963-\u8a31\u975c\u6c60\u7684\u7d72\u8cea\u7761\u8863", "FULLNAME": "orange-8963", "RATING": 9, "COMMENTS": "1"}, {"TITLE": "\u8655\u9280\u767d\u4e4b\u4e2d\uff0c\u65bc\u8679\u5149\u4e4b\u9593", "FULLNAME": "in-the-snow-in-the-iris", "RATING": 20, "COMMENTS": "0"}, {"TITLE": "\u4e09\u751f\u6709\u5e78", "FULLNAME": "third-life", "RATING": 21, "COMMENTS": "0"}, {"TITLE": "SCP-ZH-010 - \u8ff7\u8d70\u795e\u7d93\u5bc4\u751f\u9ad4", "FULLNAME": "scp-zh-010", "RATING": 18, "COMMENTS": "0"}, {"TITLE": "\u7b2c\u3007\u4e8c\u4e8c\u865f \u5169\u5100\u901a", "FULLNAME": "collected-land-no022", "RATING": 14, "COMMENTS": "2"}, {"TITLE": "SCP-ZH-711 - \u9020\u53e5\u6a21\u64ec\u5668", "FULLNAME": "scp-zh-711", "RATING": 9, "COMMENTS": "1"}, {"TITLE": "SCP-ZH-564 - \u4e0d\u60f3\u96e2\u958b\u7684\u4ed9\u90a3\u5ea6", "FULLNAME": "scp-zh-564", "RATING": 5, "COMMENTS": "7"}, {"TITLE": "\u9109\u9593\u5c0f\u5f91", "FULLNAME": "dreamcatcher", "RATING": 9, "COMMENTS": "1"}, {"TITLE": "\u5439\u97ff\u865f\u89d2\u7684\u7121\u540d\u5c71\u8108", "FULLNAME": "the-non-names-town", "RATING": 14, "COMMENTS": "3"}, {"TITLE": "\u8abf\u67e5\u4e2d\uff0c\u975e\u8acb\u52ff\u5165", "FULLNAME": "under-investigation-and-keep-out-of-here", "RATING": 9, "COMMENTS": "2"}, {"TITLE": "\u7c60\u4e2d\u9ce5", "FULLNAME": "caged-bird", "RATING": 14, "COMMENTS": "0"}, {"TITLE": "\u7dad\u5b89\u8a2d\u65bd\u6a94\u6848\uff1aSite-ZH-81", "FULLNAME": "site-zh-81", "RATING": 19, "COMMENTS": "0"}, {"TITLE": "SCP-ZH-301 - \u99ac\u65af\u5217\u5c3c\u67e5", "FULLNAME": "scp-zh-301", "RATING": 17, "COMMENTS": "0"}, {"TITLE": "\u95dc\u65bc\u90a3\u500b\u5927\u6d77\u602a", "FULLNAME": "about-that-big-guy", "RATING": 15, "COMMENTS": "1"}, {"TITLE": "Valentine\u7684Logo\u9801", "FULLNAME": "valentine-logo", "RATING": 22, "COMMENTS": "1"}, {"TITLE": "\u82b1\u8a9e\uff1a\u6a89\u67f3", "FULLNAME": "tamaricaceae", "RATING": 13, "COMMENTS": "0"}, {"TITLE": "SCP-ZH-9288-EX", "FULLNAME": "scp-zh-9288-ex", "RATING": 45, "COMMENTS": "5"}, {"TITLE": "\u6b7b\u8c93\u540a\u6a39\u982d", "FULLNAME": "on-the-tree", "RATING": 17, "COMMENTS": "0"}, {"TITLE": "\u9a5a\u87c4", "FULLNAME": "snake-s-wake", "RATING": 11, "COMMENTS": "0"}, {"TITLE": "\u57fa\u91d1\u6703\u4e4b\u524d", "FULLNAME": "k-before", "RATING": 5, "COMMENTS": "0"}, {"TITLE": "SCP-ZH-120 - \u865b\u69cb\u7684\u6211\u5011", "FULLNAME": "scp-zh-120", "RATING": 40, "COMMENTS": "4"}, {"TITLE": "SCP-ZH-258 - \u5354\u548c\u5fa1\u5b88", "FULLNAME": "scp-zh-258", "RATING": 13, "COMMENTS": "0"}, {"TITLE": "\u6211\u5728\u9019\u88e1\u4e00\u9663\u5b50\u4e86", "FULLNAME": "been-a-while", "RATING": 17, "COMMENTS": "1"}, {"TITLE": "\u5c0b\u7372\u7269\u54c1\u7de8\u865f\uff1a000", "FULLNAME": "article-number-000", "RATING": 13, "COMMENTS": "2"}, {"TITLE": "\u5c0b\u7372\u7269\u54c1\u7de8\u865f\uff1a037", "FULLNAME": "article-number-037", "RATING": 11, "COMMENTS": "2"}, {"TITLE": "\u5c71\u59c6\u7684ZH\u5206\u90e8\u89d2\u8272\u7d00\u9304\u672c", "FULLNAME": "doodles-from-sam", "RATING": 25, "COMMENTS": "3"}, {"TITLE": "\u6838\u88c2\u64e0\u514c\u4e2d\u5fc3\u9801", "FULLNAME": "operation-nucleon-bank", "RATING": 16, "COMMENTS": "0"}, {"TITLE": "\u521d\u6b21\u898b\u9762", "FULLNAME": "mystery", "RATING": 12, "COMMENTS": "2"}, {"TITLE": "Dr.Ray\u7684\u7570\u5e38\u9805\u76ee\u5206\u7d1a\u5716\u6a19", "FULLNAME": "ray-s-logo", "RATING": 19, "COMMENTS": "1"}, {"TITLE": "\u56de\u61b6\u8679\u5f69\u2014\u53c3\u8cfd\u8a2a\u8ac7\uff1a\u6df5\u5922", "FULLNAME": "memories-in-iris-abyssdream", "RATING": 10, "COMMENTS": "2"}, {"TITLE": "SCP-ZH-642 - \u5e0c\u671b\u6253\u706b\u6a5f", "FULLNAME": "scp-zh-642", "RATING": 14, "COMMENTS": "0"}, {"TITLE": "\u8c82\u8207\u6d63\u718a\u5728\u6797\u5730\u76f8\u9047", "FULLNAME": "out-of-cn-77", "RATING": 7, "COMMENTS": "0"}, {"TITLE": "SCP-ZH-959 - \u6851\u683c\u62c9\u65af-\u963f\u6bd4\u65af\u83ab\u5f0f\u5206\u88c2", "FULLNAME": "scp-zh-959", "RATING": 10, "COMMENTS": "2"}, {"TITLE": "\u5c0b\u7372\u7269\u54c1\u7de8\u865f\uff1a021", "FULLNAME": "ru021", "RATING": 11, "COMMENTS": "0"}, {"TITLE": "SCP-ZH-027 - \u7389\u7c60\u5305", "FULLNAME": "scp-zh-027", "RATING": 16, "COMMENTS": "2"}, {"TITLE": "\u5c0b\u7372\u7269\u54c1\u7de8\u865f\uff1a065", "FULLNAME": "article-number-065", "RATING": 10, "COMMENTS": "0"}, {"TITLE": "SCP-ZH-002 - \u53f0\u7063\u7368\u89d2\u7378", "FULLNAME": "scp-zh-002", "RATING": 37, "COMMENTS": "13"}, {"TITLE": "Dr.Ray\u7684\u7570\u5e38\u9805\u76ee\u5206\u7d1a\u5716\u6a19 - Apollyon", "FULLNAME": "ray-s-logo-apollyon", "RATING": 9, "COMMENTS": "0"}, {"TITLE": "\u9918\u6ce2", "FULLNAME": "aftermath-zh", "RATING": 12, "COMMENTS": "1"}, {"TITLE": "\u6c99\u7687\u5148\u77e5\u5354\u6703\u4e2d\u5fc3\u9801", "FULLNAME": "tsars-hub", "RATING": 21, "COMMENTS": "0"}, {"TITLE": "SCP-ZH-670 - \u660e\u77e5\u6545\u72af", "FULLNAME": "scp-zh-670", "RATING": 15, "COMMENTS": "0"}, {"TITLE": "\u8056\u8a95\u8ecd\u6f14", "FULLNAME": "xmas-exercise", "RATING": 24, "COMMENTS": "7"}, {"TITLE": "\u5b89\u5e03\u7f85\u65af\u9910\u5ef3-\u5d07\u6587\u9928", "FULLNAME": "ambrose-chung-wen-kuan", "RATING": 21, "COMMENTS": "2"}, {"TITLE": "\u8ab0\u628a\u8056\u8a95\u6a39\u4e0a\u7684\u661f\u661f\u62ff\u8d70\u4e86\uff1f", "FULLNAME": "star-of-bethlehem", "RATING": 14, "COMMENTS": "0"}, {"TITLE": "\u85dd\u8853\u7d00\u9304\uff1a\u5354\u548c\u5fa1\u5b88\u3002", "FULLNAME": "art-for-zh258", "RATING": 12, "COMMENTS": "0"}, {"TITLE": "\u51ac\u5b63\u8cc0\u5716", "FULLNAME": "xmas-zh-2019", "RATING": 13, "COMMENTS": "0"}, {"TITLE": "\u8056\u8a95\u5e3d\uff0c\u9019\u662fDr. Xmas\u7684\u65e5\u5b50", "FULLNAME": "xina-mas-2019", "RATING": 19, "COMMENTS": "0"}, {"TITLE": "\u67e5\u770b\u5bc4\u4ef6\u5099\u4efd\u3002", "FULLNAME": "something-you-cant-forget", "RATING": 10, "COMMENTS": "0"}, {"TITLE": "SCP-ZH-626 - \u8996\u91ce\u5916", "FULLNAME": "scp-zh-626", "RATING": 23, "COMMENTS": "0"}, {"TITLE": "\u8056\u591c\u665a\u9910", "FULLNAME": "so-i-said-that-dinner", "RATING": 21, "COMMENTS": "2"}, {"TITLE": "\u9060\u6771\u96f6\u865f\u90e8\u9580\u5377\u5b97\uff1aE-830", "FULLNAME": "e-830", "RATING": 12, "COMMENTS": "1"}, {"TITLE": "SCP-ZH-044 - \u77f3\u7011\u72fb\u730a", "FULLNAME": "scp-zh-044", "RATING": 22, "COMMENTS": "3"}, {"TITLE": "\u53e3\u8ff0\u7570\u5e38\u53f2\uff1a\u8fb2\u9593\u4e4b\u6b98\u6708", "FULLNAME": "the-moon-voice-1", "RATING": 13, "COMMENTS": "0"}, {"TITLE": "SCP-ZH-400 - \u6708\u795e\u861a", "FULLNAME": "scp-zh-400", "RATING": 14, "COMMENTS": "1"}, {"TITLE": "\u7dad\u5b89\u8a2d\u65bd\u6a94\u6848\uff1aSite-ZH-12", "FULLNAME": "site-zh-12", "RATING": 23, "COMMENTS": "3"}, {"TITLE": "SCP-ZH-600 - \u50b3\u9001\u9580\u5148\u751f", "FULLNAME": "scp-zh-600", "RATING": 22, "COMMENTS": "0"}, {"TITLE": "\u9a5f\u96e8", "FULLNAME": "downpour", "RATING": 13, "COMMENTS": "0"}, {"TITLE": "\u7b2c\u4e00\u865f \u6728\u6613\u85cf\u66f8\u95a3\u7684\u6350\u8d08\u54c1", "FULLNAME": "first-mu-yi-donation", "RATING": 11, "COMMENTS": "0"}, {"TITLE": "\u5b89\u5e03\u7f85\u65af\u9910\u5ef3-\u4f0a\u85a9\u79d1\u592b\u865f\u5206\u5e97 (\u7bc0\u65e5\u9650\u5b9a)", "FULLNAME": "ambrose-isakov", "RATING": 28, "COMMENTS": "9"}, {"TITLE": "SCP-ZH-860 - dado\u7684\u300c\u53d1\u300d\u8ca1\u85e5", "FULLNAME": "scp-zh-860", "RATING": 33, "COMMENTS": "3"}, {"TITLE": "\u884c\u52d5\u8a08\u5283 \u7b2c\u53c1\u634c\u8086\u5b57\u865f", "FULLNAME": "nsb8-384", "RATING": 22, "COMMENTS": "1"}, {"TITLE": "SCP-ZH-108 - \u5718\u5713", "FULLNAME": "scp-zh-108", "RATING": 19, "COMMENTS": "0"}, {"TITLE": "\u6700\u5f8c\u4e00\u6839\u83f8", "FULLNAME": "last-one-cigarette", "RATING": 14, "COMMENTS": "1"}, {"TITLE": "\u6d17\u6a19\uff1a\u6a583041-Dr. Owen\u7684\u5be6\u9a57\u888d", "FULLNAME": "owens-clothes", "RATING": 14, "COMMENTS": "0"}, {"TITLE": "\u6709\u95dc\u6279\u51c6\u4f7f\u7528\u6a21\u56e0\u88fd\u5291\u5354\u52a9\u5c0d\u9d5d\u5f62\u60e1\u9b54\u5be6\u9ad4\u9032\u884c\u9a45\u9b54\u7684\u7533\u8acb", "FULLNAME": "grant-request-for-utilization-of-memetic-agent-to-assist-per", "RATING": 17, "COMMENTS": "1"}, {"TITLE": "\u89c0\u6e2c\u8005\u4e26\u672a\u5b58\u5728", "FULLNAME": "tina-uni1", "RATING": 10, "COMMENTS": "0"}, {"TITLE": "SCP-ZH-153 - \u984d\u6eab\u69cd", "FULLNAME": "scp-zh-153", "RATING": 8, "COMMENTS": "0"}, {"TITLE": "\u89e3\u5bc6\uff1aSCP-2998", "FULLNAME": "scp-2998-declassification-zh", "RATING": 12, "COMMENTS": "0"}, {"TITLE": "Alicia\u5973\u58eb", "FULLNAME": "scp-zh-774", "RATING": 31, "COMMENTS": "0"}, {"TITLE": "SCP-ZH-150 - \u6096\u8ad6\u751c\u751c\u5708", "FULLNAME": "scp-zh-150", "RATING": 12, "COMMENTS": "1"}, {"TITLE": "\u6211\u5728\u842c\u7269\u4e4b\u4e2d", "FULLNAME": "arkwork-3999", "RATING": 38, "COMMENTS": "8"}, {"TITLE": "SCP-ZH-200 - \u9b3c\u6293\u4eba", "FULLNAME": "scp-zh-200", "RATING": 35, "COMMENTS": "1"}, {"TITLE": "SCP-ZH-247 - \u8b80\u5fc3\u8840\u59ec", "FULLNAME": "scp-zh-247", "RATING": 11, "COMMENTS": "4"}, {"TITLE": "SCP-ZH-053 - \u8b93\u6211\u5011\u64e6\u4e7e\u4f60\u7684\u6dda\u6c34", "FULLNAME": "scp-zh-053", "RATING": 30, "COMMENTS": "0"}, {"TITLE": "SCP-ZH-085 - \u5b88\u8b77\u4e4b\u934a", "FULLNAME": "scp-zh-085", "RATING": 6, "COMMENTS": "5"}, {"TITLE": "\u6e05\u9192\u5922", "FULLNAME": "lucid-dream", "RATING": 13, "COMMENTS": "0"}, {"TITLE": "\u86db\u7db2\u6545\u4e8b\uff1a2014\u5e74\u7684\u963f\u62c9\u4f2f\u5206\u90e8", "FULLNAME": "ci-04-arab-division-2014", "RATING": 10, "COMMENTS": "2"}, {"TITLE": "SCP-ZH-314 - \u5584\u826f\u7684\u6975\u9650\uff1f", "FULLNAME": "scp-zh-314", "RATING": 11, "COMMENTS": "2"}, {"TITLE": "SCP-ZH-810 - \u6d77\u6d0b\u4e4b\u8166", "FULLNAME": "scp-zh-810", "RATING": 15, "COMMENTS": "2"}, {"TITLE": "\u7d05\u5875\u7d1b\u64fe", "FULLNAME": "thedream", "RATING": 3, "COMMENTS": "1"}, {"TITLE": "\u7121\u5922\u4e4b\u4eba\u662f\u5426\u6703\u5922\u5230\u660e\u5929\u7684\u666f\u8272", "FULLNAME": "dream-about-tomorrow", "RATING": 18, "COMMENTS": "5"}, {"TITLE": "\u9999\u8106\u590f\u5a01\u5937\u62ab\u85a9", "FULLNAME": "sh-crispy-pineapple-pizza", "RATING": 11, "COMMENTS": "0"}, {"TITLE": "\u65b0\u805e\u5feb\u8a0a\uff1a\u82e5\u6211\u5011\u8981\u9054\u5230\u4ec1\u6148\u7684\u4e0b\u5834\uff0c\u61c9\u8a72\u9075\u5b88\u54ea\u4e9b\u4e8b\u60c5", "FULLNAME": "news-site-zh-81-1", "RATING": 25, "COMMENTS": "5"}, {"TITLE": "\u524a\u4e0d\u5b8c\u8089\u7684\u6c99\u5a01\u746a", "FULLNAME": "parawatch-shawarma", "RATING": 22, "COMMENTS": "2"}, {"TITLE": "\u6211\u5f88\u56f0\u60d1", "FULLNAME": "i-am-very-confused", "RATING": 7, "COMMENTS": "1"}, {"TITLE": "\u4e8b\u4ef6\u4ee3\u865f\uff1a\u6838\u88c2\u64e0\u514c \u86db\u7db2\u88e1\u7684\u8001\u9df9", "FULLNAME": "operation-nucleon-bank-cobweb01", "RATING": 10, "COMMENTS": "1"}, {"TITLE": "\u95c7\u58fd\u53f8\u6a94\u6848No.053\u300c\u7d05\u8c46\u8ecd\u8266\u300d", "FULLNAME": "yamizushi-file-053", "RATING": 12, "COMMENTS": "4"}, {"TITLE": "3D\u6cb9\u98ef", "FULLNAME": "sh-3d-glutinous-oil-rice", "RATING": 11, "COMMENTS": "2"}, {"TITLE": "SCP-ZH-264 - \u7835\u7538\u4e4d\u9632\u7dda", "FULLNAME": "scp-zh-264", "RATING": 9, "COMMENTS": "2"}, {"TITLE": "SCP-ZH-133 - \u4e0d\u6703\u7528\u812b\u6c34\u4f86\u9a19\u4eba\u7684\u597d\u85e5\u662f\u7684", "FULLNAME": "scp-zh-133", "RATING": 21, "COMMENTS": "7"}, {"TITLE": "\u5361\u5693\u2026\u2026\u5361\u5693\u2026\u2026", "FULLNAME": "kacha", "RATING": 11, "COMMENTS": "0"}, {"TITLE": "\u65b0\u9ad8\u5c71\u8a08\u5283\u3001\u662d\u548c\u5341\u4e5d\u5e74", "FULLNAME": "new-takayama-plan", "RATING": 11, "COMMENTS": "6"}, {"TITLE": "SCP-ZH-222 - \u6708\u7403\u4e0a\u7684\u8d85\u97f3\u6ce2\u55b5\u2764", "FULLNAME": "scp-zh-222", "RATING": 13, "COMMENTS": "2"}, {"TITLE": "\u5bbf\u96e8", "FULLNAME": "the-rain-fell-overnight", "RATING": 21, "COMMENTS": "1"}, {"TITLE": "SCP-ZH-603 - \u8173\u8e0f\u8eca\u4e0a\u7684\u4eba", "FULLNAME": "scp-zh-603", "RATING": 30, "COMMENTS": "5"}, {"TITLE": "SCP-ZH-175 - \u8d0b\u9020\u7684\u5e78\u798f", "FULLNAME": "scp-zh-175", "RATING": 10, "COMMENTS": "2"}, {"TITLE": "SCP-ZH-103 \u76f8\u95dc\u5be6\u9a57\u8a18\u9304", "FULLNAME": "scp-zh-103-experiment-log", "RATING": 16, "COMMENTS": "3"}, {"TITLE": "\u773c\u898b\u4e0d\u4e00\u5b9a\u70ba\u5be6", "FULLNAME": "the-thing-you-can-see-is-not-always-authentic", "RATING": 11, "COMMENTS": "2"}, {"TITLE": "\u5de7\u9054Clef!", "FULLNAME": "arkwork-chowderclef", "RATING": 25, "COMMENTS": "0"}, {"TITLE": "\u8a18\u61b6\u7684\u6d2a\u6d41", "FULLNAME": "stream-of-memory", "RATING": 13, "COMMENTS": "2"}, {"TITLE": "\u500b\u4eba\u65e5\u8a8c", "FULLNAME": "personal-diary-of-iceberg-and-gears", "RATING": 11, "COMMENTS": "2"}, {"TITLE": "47", "FULLNAME": "47", "RATING": 13, "COMMENTS": "0"}, {"TITLE": "\u5fae\u96e8", "FULLNAME": "drizzle", "RATING": 11, "COMMENTS": "2"}, {"TITLE": "\u6211\u768447", "FULLNAME": "my-47-th", "RATING": 13, "COMMENTS": "0"}, {"TITLE": "SCP-ZH-862 - \u96f2\u8c79\u4eba", "FULLNAME": "scp-zh-862", "RATING": 5, "COMMENTS": "0"}, {"TITLE": "SCP-ZH-324 - \u5e7d\u51a5\u9b3c\u5c07", "FULLNAME": "scp-zh-324", "RATING": 5, "COMMENTS": "0"}, {"TITLE": "\u6eff\u6d32\u570b\u7570\u5e38\u8fa6\u516c\u5ba4\u968a\u6b4c", "FULLNAME": "the-song-of-mckao", "RATING": 10, "COMMENTS": "4"}, {"TITLE": "\u83c7\u83c7\u57fa\u91d1\u6703", "FULLNAME": "fungi-foundation", "RATING": 22, "COMMENTS": "6"}, {"TITLE": "\u65b9\u570d\u88e1\u7684\u82f1\u96c4", "FULLNAME": "the-hero-in-the-cage", "RATING": 6, "COMMENTS": "0"}, {"TITLE": "SCP-ZH-195 - \u89c0\u65e5\u6590\u8a9e", "FULLNAME": "scp-zh-195", "RATING": 9, "COMMENTS": "1"}, {"TITLE": "\u7259\u79d1\u5b9a\u671f\u6aa2\u8a3a", "FULLNAME": "teeth-checked", "RATING": 12, "COMMENTS": "3"}, {"TITLE": "SCP-ZH-265 - \u98db\u8239\u63a8\u52d5\u6708\u7403\u5f15\u81f4\u65e5\u8755\u8aaa", "FULLNAME": "scp-zh-265", "RATING": 6, "COMMENTS": "0"}, {"TITLE": "\u7bc0\u5206", "FULLNAME": "setsubun", "RATING": 8, "COMMENTS": "1"}, {"TITLE": "SCP-ZH-229-EX", "FULLNAME": "scp-zh-229-ex", "RATING": 16, "COMMENTS": "1"}, {"TITLE": "\u300a\u738b\u9053\u7570\u571f-\u507d\u6eff\u6d32\u570b\u7570\u5e38\u8fa6\u516c\u5ba4\u7279\u5c55\u300b\u5834\u520a", "FULLNAME": "the-collection-of-mck", "RATING": 14, "COMMENTS": "2"}, {"TITLE": "\u70ba\u4f55\u6211\u5011\u4e0d\u80fd\u6feb\u7528\u73fe\u5be6\u7a69\u5b9a\u9328\uff1f", "FULLNAME": "about-scranton-reality-anchors", "RATING": 17, "COMMENTS": "3"}, {"TITLE": "\u55b5\u55b5\u722a\u722a\uff0c\u6253\u6253\u9bca\u9bca", "FULLNAME": "sh-cat-claw-punch-shark", "RATING": 9, "COMMENTS": "1"}, {"TITLE": "\u5728\u90a3\u5929\uff0c\u59b3\u4ecd\u820a\u5411\u6211\u9053\u4e86\u8072\u665a\u5b89", "FULLNAME": "at-that-day-you-still-wish-me-a-good-dream", "RATING": 22, "COMMENTS": "0"}, {"TITLE": "SCP-ZH-628 - \u7329\u7329\u7684\u96d9\u81c2", "FULLNAME": "scp-zh-628", "RATING": 11, "COMMENTS": "1"}, {"TITLE": "\u6c34\u9280\u7814\u7a76\u54e1\u7684\u6587\u6a94\u5411\u91cf\u5316\u7b46\u8a18_\u7b2c\u4e00\u90e8\u5206", "FULLNAME": "researcher-hg-s-svg-art-part1", "RATING": 14, "COMMENTS": "2"}, {"TITLE": "\u7570\u5e38\u8548\u985e\u8cc7\u6599\u55ae-\u6f01\u6c11\u9999\u83c7", "FULLNAME": "pzga-data-fish", "RATING": 8, "COMMENTS": "0"}, {"TITLE": "\u6c34\u9280\u7814\u7a76\u54e1\u7684\u6587\u6a94\u5411\u91cf\u5316\u7b46\u8a18_\u7b2c\u4e8c\u90e8\u5206", "FULLNAME": "researcher-hg-s-svg-art-part2", "RATING": 8, "COMMENTS": "0"}, {"TITLE": "\u96a8\u624b\u756b\u7684SCP-001(\u5b88\u9580\u8005)", "FULLNAME": "scp-001-artwork", "RATING": 8, "COMMENTS": "0"}, {"TITLE": "\u86db\u7db2\u570b\u969b\u5b89\u4fdd\u5831\u544a\u66f8 CI-S-057\uff1a\u9713\u8679\u5154\u96fb\u5b50\u904a\u6a02\u5834", "FULLNAME": "cobweb-ci-s-057", "RATING": 7, "COMMENTS": "1"}, {"TITLE": "\u83f8\u8207\u7dda", "FULLNAME": "cigaret-and-thread", "RATING": 6, "COMMENTS": "2"}, {"TITLE": "\u9ebb\u7cec\u7684scp\u756b\u4f5c\u9078\u96c6", "FULLNAME": "the-art-work-collection-of-wright-wilson", "RATING": 14, "COMMENTS": "0"}, {"TITLE": "SCP-ZH-292 - \u7121\u9650\u7684\u66f8\u6ac3", "FULLNAME": "scp-zh-292", "RATING": 9, "COMMENTS": "0"}, {"TITLE": "SCP-ZH-071 - \u7ffb\u8986\u5df4\u58eb", "FULLNAME": "scp-zh-071", "RATING": 11, "COMMENTS": "1"}, {"TITLE": "\u5fe0\u81e3\u6700\u5f8c\u7684\u6b78\u5bbf", "FULLNAME": "the-cement", "RATING": 9, "COMMENTS": "0"}, {"TITLE": "SCP-ZH-081 - \u5ab3\u5a66\u6912", "FULLNAME": "scp-zh-081", "RATING": 6, "COMMENTS": "0"}, {"TITLE": "\u5c71\u5cb3\u4e4b\u4e0b", "FULLNAME": "under-the-mountain", "RATING": 9, "COMMENTS": "0"}, {"TITLE": "\u81f4\u6211\u6240\u611b", "FULLNAME": "to-my-love", "RATING": 7, "COMMENTS": "0"}, {"TITLE": "SCP-ZH-031 - \u7d05\u6cb9\u9ef4\u83cc", "FULLNAME": "scp-zh-031", "RATING": 7, "COMMENTS": "0"}, {"TITLE": "SCP-ZH-141 - \u653e\u5c04\u7dda\u75c7\u5019\u7fa4\u6cbb\u7642\u5291", "FULLNAME": "scp-zh-141", "RATING": 10, "COMMENTS": "2"}, {"TITLE": "\u4f60\u4e0d\u61c9\u5728\u6eab\u5ba4\u88cf\u8aaa\u51b7\u7b11\u8a71", "FULLNAME": "nopunsinthegreenhouse", "RATING": 11, "COMMENTS": "0"}, {"TITLE": "\u9ebb\u7cec\u7684\u7e41\u4e2d\u4eba\u54e1\u756b\u4f5c\u9078\u96c6\u00b7\u4e00", "FULLNAME": "the-art-work-collection-of-wright-wilson-2", "RATING": 11, "COMMENTS": "0"}, {"TITLE": "\u6fc3\u6e6f\u7d04\u6703", "FULLNAME": "chowder-date", "RATING": 20, "COMMENTS": "2"}, {"TITLE": "\u904e\u96f2\u96e8", "FULLNAME": "overcast", "RATING": 12, "COMMENTS": "0"}, {"TITLE": "\u8da8\u5149", "FULLNAME": "phototaxis", "RATING": 10, "COMMENTS": "0"}, {"TITLE": "SCP-ZH-008 - \u6c34\u6df1\u52ff\u8fd1", "FULLNAME": "scp-zh-008", "RATING": 12, "COMMENTS": "1"}, {"TITLE": "\u8ddd\u96e2\u4e16\u754c\u672b\u65e5\u9084\u6709\u4e94\u5206\u9418", "FULLNAME": "five-minutes-to-end", "RATING": 26, "COMMENTS": "0"}, {"TITLE": "SCP-ZH-333 - \u5f80\u65e5\u4e0d\u518d", "FULLNAME": "adult:scp-zh-333", "RATING": 8, "COMMENTS": "0"}, {"TITLE": "SCP-ZH-113 - \u62b9\u6bba\u4e8b\u60c5\u7684\u771f\u76f8", "FULLNAME": "scp-zh-113", "RATING": 30, "COMMENTS": "2"}, {"TITLE": "\u672b\u65e5\u6642\u80fd\u6ce1\u676f\u8336\u55ce\uff1f", "FULLNAME": "teapotoao", "RATING": 5, "COMMENTS": "3"}, {"TITLE": "AO-ZH-252 \u5168\u667a\u6559\u7684\u78e8\u8c46\u6a5f", "FULLNAME": "ao-zh-252", "RATING": 11, "COMMENTS": "0"}, {"TITLE": "SCP-ZH-935-J", "FULLNAME": "scp-zh-935-j", "RATING": 5, "COMMENTS": "0"}, {"TITLE": "SCP-ZH-391 - \u96e8\u505c\u4e4b\u524d", "FULLNAME": "scp-zh-391", "RATING": 10, "COMMENTS": "1"}, {"TITLE": "\u751f\u8005\u7684\u846c\u5100", "FULLNAME": "tombstone-for-the-one-you-should-not-forget", "RATING": 7, "COMMENTS": "1"}, {"TITLE": "\u4e8c\u4eba\u5bb6\u5ead", "FULLNAME": "a-family-of-two", "RATING": 9, "COMMENTS": "1"}, {"TITLE": "\u4eba\u7684\u60b2\u6b61\uff0c\u4e26\u4e0d\u76f8\u901a", "FULLNAME": "human-sorrows-and-joys", "RATING": 13, "COMMENTS": "2"}, {"TITLE": "Bright\u5bb6\u65cf", "FULLNAME": "bright-family", "RATING": 10, "COMMENTS": "1"}, {"TITLE": "SCP-ZH-461 - \u4eba\u5011\u7dca\u6293\u8457\u51b0\u584a", "FULLNAME": "scp-zh-461", "RATING": 9, "COMMENTS": "1"}, {"TITLE": "SCP-ZH-717 - \u8ab2\u5802\u4e2d\u8acb\u52ff\u4f38\u51fa\u9644\u80a2", "FULLNAME": "scp-zh-717", "RATING": 17, "COMMENTS": "0"}, {"TITLE": "\u53cd\u7570\u5e38\u6709\u7d44\u7e54\u7f6a\u6848\u7279\u6b8a\u884c\u52d5\u5831\u544a\uff1a\u4ee3\u865f\u300c\u53cd\u9ed1\u300d", "FULLNAME": "anti-dark", "RATING": 7, "COMMENTS": "0"}, {"TITLE": "SCP-ZH-014 - \u4eba\u9b5a\u516c\u4e3b\u7684\u6545\u4e8b", "FULLNAME": "scp-zh-014", "RATING": 20, "COMMENTS": "4"}, {"TITLE": "SCP-ZH-451 - \u53cd\u5c0d\u8005\u8207\u8815\u87f2", "FULLNAME": "scp-zh-451", "RATING": 10, "COMMENTS": "7"}, {"TITLE": "\u6c92\u6709\u4eba\u8981\u5e36\u5bb6\u4eba\u9003\u96e3\u3002", "FULLNAME": "nobody-s-home", "RATING": 6, "COMMENTS": "0"}, {"TITLE": "\u9ebb\u7cec\u7684SCP\u756b\u4f5c\u9078\u96c6\u4e8c", "FULLNAME": "the-art-work-collection-of-wright-wilson-3", "RATING": 9, "COMMENTS": "0"}, {"TITLE": "SCP-ZH-015 - \u4e03\u4eba\u516b\u7b11", "FULLNAME": "scp-zh-015", "RATING": 23, "COMMENTS": "0"}, {"TITLE": "SCP-ZH-040 - \u89c0\u773e\u8996\u89d2", "FULLNAME": "scp-zh-040", "RATING": 12, "COMMENTS": "1"}, {"TITLE": "\u65c1\u89c0\u8005\u7684\u773c\u775b", "FULLNAME": "the-eyes-of-bystanders", "RATING": 7, "COMMENTS": "0"}, {"TITLE": "\u4e09\u6bb5\u8ad6\u8b49\u5165\u8077\u8b1b\u5ea7", "FULLNAME": "work-as-a-syllogism-member", "RATING": 12, "COMMENTS": "0"}, {"TITLE": "Dr. Semibreve -\u524d\u5f80\u2588\u2588\u2588\u2588\u7684\u8def\u7a0b", "FULLNAME": "drsemibreve-road-to", "RATING": 10, "COMMENTS": "0"}, {"TITLE": "SCP-ZH-042 - \u6368\u8eab\u9935\u4eba", "FULLNAME": "scp-zh-042", "RATING": 17, "COMMENTS": "1"}, {"TITLE": "\u6211\u5011\u5c1a\u672a\u77e5\u9053\u7684\u65c5\u7a0b\u7684\u7d42\u9ede-\u2588\u2588\u2588/9288 km", "FULLNAME": "artwork-of-9288-ex", "RATING": 21, "COMMENTS": "2"}, {"TITLE": "\u6587\u7ae0\u4f7f\u7528\u96f6\u4ef6\u4e2d\u5fc3\u9801", "FULLNAME": "cardinal-hub", "RATING": 6, "COMMENTS": "0"}, {"TITLE": "\u4e2d\u570b\u570b\u5b89\u90e8\uff0c\u4e0d\u61c9\u5b58\u5728\u7684\u5341\u4e5d\u5c40", "FULLNAME": "19th-bureau-of-mss-of-china", "RATING": 19, "COMMENTS": "18"}, {"TITLE": "SCP-ZH-970 - \u9a57\u5c4d\u55ae", "FULLNAME": "scp-zh-970", "RATING": 5, "COMMENTS": "0"}, {"TITLE": "\u4e0b\u96e8\u81ea\u52a9\u8005", "FULLNAME": "laundry-the-gulf", "RATING": 9, "COMMENTS": "1"}, {"TITLE": "SCP-ZH-165 - \u81ea\u8ddf\u96a8", "FULLNAME": "scp-zh-165", "RATING": 6, "COMMENTS": "0"}, {"TITLE": "\u7dde\u5e36\u98c4\u98c4\uff0c\u9234\u64fa\u5679\u5679", "FULLNAME": "ctf15-21-molly", "RATING": 12, "COMMENTS": "1"}, {"TITLE": "SCP-ZH-729 - \u6027\u611f\u9b23\u8725", "FULLNAME": "scp-zh-729", "RATING": 14, "COMMENTS": "2"}, {"TITLE": "SCP-ZH-282 - \u9955\u5ba2", "FULLNAME": "scp-zh-282", "RATING": 19, "COMMENTS": "3"}, {"TITLE": "\u7a79\u9802\u4e4b\u4e0b\u7684\u90a3\u4eba", "FULLNAME": "hbd-to-vik", "RATING": 11, "COMMENTS": "2"}, {"TITLE": "SCP-ZH-147 - \u6642\u9593\u5c0f\u5077", "FULLNAME": "scp-zh-147", "RATING": 19, "COMMENTS": "2"}, {"TITLE": "\u8b1d\u5e55\u7684\u984f\u8272", "FULLNAME": "color-of-take-a-bow", "RATING": 15, "COMMENTS": "3"}, {"TITLE": "\u6b7b\u9727", "FULLNAME": "dead-fog", "RATING": 11, "COMMENTS": "2"}, {"TITLE": "\u5c0f\u52d5\u7269\u7c21\u4ecb\uff1a\u897f\u74dc\uff01", "FULLNAME": "watermelon", "RATING": 5, "COMMENTS": "2"}, {"TITLE": "\u5c0f\u52d5\u7269\u7c21\u4ecb\uff1aSurge\uff01", "FULLNAME": "critter-profile-surge", "RATING": 25, "COMMENTS": "2"}, {"TITLE": "\u9006\u5149\u7684\u99ac\u723e\u5730\u592b", "FULLNAME": "backlit-maldives", "RATING": 8, "COMMENTS": "1"}, {"TITLE": "SCP-ZH-111 - \u81ea\u6211\u4e2d\u5fc3", "FULLNAME": "scp-zh-111", "RATING": 38, "COMMENTS": "0"}, {"TITLE": "\u86db\u7db2\u570b\u969b \u4e2d\u5fc3\u9801", "FULLNAME": "cobweb-international-hub", "RATING": 14, "COMMENTS": "2"}, {"TITLE": "\u822a\u6d77\u5b78\u4e2d\u5fc3\u9801", "FULLNAME": "navigation", "RATING": 21, "COMMENTS": "0"}, {"TITLE": "\u4e0d\u6703\u5fae\u7b11\u7684\u6d0b\u5a03\u5a03", "FULLNAME": "her-avatar", "RATING": 12, "COMMENTS": "0"}, {"TITLE": "\u6d77\u795e\u60b2\u9cf4\u6642", "FULLNAME": "wadatsumi-no-naku-koroni", "RATING": 17, "COMMENTS": "3"}, {"TITLE": "Ctrl Z\u535a\u58eb\u7684SCP\u8cbc\u7d19\u6536\u96c6\u7c3f-Safe", "FULLNAME": "sticker", "RATING": 12, "COMMENTS": "0"}, {"TITLE": "Ctrl Z\u535a\u58eb\u7684SCP\u8cbc\u7d19\u6536\u96c6\u7c3f-Euclid", "FULLNAME": "sticker2", "RATING": 11, "COMMENTS": "0"}, {"TITLE": "Ctrl Z\u535a\u58eb\u7684SCP\u8cbc\u7d19\u6536\u96c6\u7c3f-Keter", "FULLNAME": "sticker3", "RATING": 12, "COMMENTS": "0"}, {"TITLE": "\u5641\u5fc3\u7684\u60e1\u4f5c\u5287", "FULLNAME": "disgusting-prank", "RATING": 14, "COMMENTS": "7"}, {"TITLE": "\u7121\u785d\u7684\u6c99\u5834", "FULLNAME": "a-battlefield-without-gunpowder", "RATING": 17, "COMMENTS": "0"}, {"TITLE": "\u9673\u6de4\u4e4b\u7f38", "FULLNAME": "rot-vat", "RATING": 4, "COMMENTS": "0"}, {"TITLE": "SCP-ZH-444 - \u9b3c\u5dee", "FULLNAME": "scp-zh-444", "RATING": 17, "COMMENTS": "3"}, {"TITLE": "\u54e8\u58d8\u884c\uff0c\u53c8\u540d\u5854\u53ef\u7684\u7d00\u9304", "FULLNAME": "cacobt", "RATING": 6, "COMMENTS": "1"}, {"TITLE": "SCP-ZH-021 - \u4f60\u6709\u4ec0\u9ebc\u7169\u60f1\u55ce\uff1f", "FULLNAME": "scp-zh-021", "RATING": 22, "COMMENTS": "1"}, {"TITLE": "1935\u7570\u5e38\u535a\u89bd\u6703-LOGO", "FULLNAME": "the-taiwan-exposition-1935-logo", "RATING": 14, "COMMENTS": "0"}, {"TITLE": "\u85dd\u8853\u7d00\u9304\uff1a\u96ea\u4e2d\u9001\u70ad\u3002", "FULLNAME": "art-for-2616-jp", "RATING": 10, "COMMENTS": "0"}, {"TITLE": "SCP-ZH-617 - \u897f\u65b9\u7684\u52c7\u8005", "FULLNAME": "scp-zh-617", "RATING": 14, "COMMENTS": "8"}, {"TITLE": "\u77e2\u5c16", "FULLNAME": "arrowhead", "RATING": 12, "COMMENTS": "0"}, {"TITLE": "\u6708\u4e2d\u79cb\uff0c\u79cb\u7cdc\u4e4b\u9905\u4e0d\u898b\u6b23\u559c", "FULLNAME": "not-a-mooncake", "RATING": 17, "COMMENTS": "0"}, {"TITLE": "\u4e5f\u8a31\uff0c\u4e00\u500b\u6eab\u6696\u7684\u5348\u5f8c\uff0c\u5728\u6d77\u6d0b\u516c\u5712\u555c\u98f2\u5496\u5561", "FULLNAME": "maybe-some-coffee-in-the-ocean-park", "RATING": 12, "COMMENTS": "0"}, {"TITLE": "\u4e00\u822c\u8207\u7570\u5e38\u63a2\u52d8\u8b1b\u5ea7", "FULLNAME": "how-to-survive-in-the-wild", "RATING": 19, "COMMENTS": "3"}, {"TITLE": "SCP-ZH-912 - \u770b\u898b", "FULLNAME": "scp-zh-912", "RATING": 14, "COMMENTS": "4"}, {"TITLE": "\u5ec1\u6240\u88e1\u7684\u81f4\u547d\u6a21\u56e0", "FULLNAME": "the-bottle-in-restroom", "RATING": 32, "COMMENTS": "7"}, {"TITLE": "Ctrl Z\u535a\u58eb\u5f9e\u9031\u520a\u4e0a\u526a\u4e0b\u7684\u56db\u683c\u6f2b\u756b", "FULLNAME": "comic", "RATING": 18, "COMMENTS": "2"}, {"TITLE": "SCP-ZH-831 - \u5341\u4e00\u5e74\u9593\u7684\u5b55\u5a66", "FULLNAME": "scp-zh-831", "RATING": 18, "COMMENTS": "0"}, {"TITLE": "\u96d9\u57ce\u4f5c\u6230\u4e2d\u5fc3\u9801", "FULLNAME": "operation-twin-cities-hub", "RATING": 9, "COMMENTS": "1"}, {"TITLE": "\u7d00\u5f8b\u56b4\u660e", "FULLNAME": "discipline", "RATING": 8, "COMMENTS": "2"}, {"TITLE": "GOI\u840c\u5a18\u5316-AWCY\u548cGAW", "FULLNAME": "goi-awcy-gaw", "RATING": 16, "COMMENTS": "4"}, {"TITLE": "SCP-ZH-164 - \u6b78\u65c5", "FULLNAME": "scp-zh-164", "RATING": 7, "COMMENTS": "1"}, {"TITLE": "\u85dd\u8853@(&\u02ca\u7d00\u2588\uff1a\u81ea\u6211\u4e2d\u5fc3\u3002", "FULLNAME": "art-for-zh-111", "RATING": 11, "COMMENTS": "0"}, {"TITLE": "\u96e8\u71d5", "FULLNAME": "swift", "RATING": 10, "COMMENTS": "2"}, {"TITLE": "\u8acb\u554f\u6709\u8ab0\u80fd\u628a\u5730\u4e0b\u8857\u7684\u63db\u5e63\u6a5f\u4fee\u4e00\u4e0b", "FULLNAME": "artwork-shopping-arcade", "RATING": 19, "COMMENTS": "1"}, {"TITLE": "\u4e9e\u7d30\u4e9e\u7684\u5b64\u5152\u662f\u8ab0", "FULLNAME": "who-is-the-asian-orphan", "RATING": 14, "COMMENTS": "1"}, {"TITLE": "SCP-ZH-426 - \u82b1\u5712\u4e2d\u7684\u86c7\u662f\u7d55\u4e0d\u4f4e\u982d\u7684", "FULLNAME": "scp-zh-426", "RATING": 15, "COMMENTS": "17"}, {"TITLE": "GOI\u840c\u5a18\u5316-\u4e0b\u5348\u8336\u6703", "FULLNAME": "goi", "RATING": 16, "COMMENTS": "2"}, {"TITLE": "\u64ec\u614b\u7684\u53f0\u7063\u8706.html", "FULLNAME": "meretrix-mimicking-cyrenidae", "RATING": 14, "COMMENTS": "4"}, {"TITLE": "\u6bba\u4eba\u8005\u8207\u88ab\u6bba\u7684\u6bba\u4eba\u8005", "FULLNAME": "artwork-ageantaa1", "RATING": 14, "COMMENTS": "0"}, {"TITLE": "\u4f86\u81ea\u53e4\u5be7\u982d\u7684\u554f\u5019", "FULLNAME": "greetings-from-guningtou", "RATING": 5, "COMMENTS": "14"}, {"TITLE": "\u90a3\u4e9b\u88ab\u7576\u6210\u85e5\u7269\u5bb0\u4f86\u5403\u7684\u4eba\u5011", "FULLNAME": "sh-cannibalism-in-taiwan", "RATING": 13, "COMMENTS": "5"}, {"TITLE": "SCP-ZH-060 - \u9e7f\u8def\u96a7\u9053", "FULLNAME": "scp-zh-060", "RATING": 21, "COMMENTS": "1"}, {"TITLE": "\u51cc\u96f2\u5fa1\u98a8\u8d77", "FULLNAME": "rocaf", "RATING": 8, "COMMENTS": "0"}, {"TITLE": "\u84ec\u840a\u5cf6\u65b0\u5275\u6c11\u4e3b\u5f62\u5f0f\uff1a\u300c\u5275\u5236\u300d\u9996\u9577\u5c07\u65bc\u4eca\u65e5\u89e3\u51cd", "FULLNAME": "r-sinano-chuo-zhtr-2018-11-19-a222a", "RATING": 18, "COMMENTS": "2"}, {"TITLE": "\u7e41\u4e2d\u5b98\u65b9\u5316\u8cc0\u5716", "FULLNAME": "scp", "RATING": 20, "COMMENTS": "2"}, {"TITLE": "\u88ab\u62b9\u53bb\u7684\u8840\u75d5", "FULLNAME": "scp-835-jp-uncontained", "RATING": 10, "COMMENTS": "0"}, {"TITLE": "\u6536\u5bb9\u5ba4ZH-S12-E-024\u5be6\u9a57\u7d00\u9304", "FULLNAME": "scp-zh-024", "RATING": 35, "COMMENTS": "0"}, {"TITLE": "\u6c99\u7687\u5148\u77e5\u5354\u6703\u64ec\u4eba-\u5947\u8853\u8b1b\u89e3\u7bc7", "FULLNAME": "tsars-seers-art-thaumatology", "RATING": 18, "COMMENTS": "4"}, {"TITLE": "\u6b98\u5f71\u3001\u6b98\u97ff\u53ca\u6b98\u71ed\uff08\u6216\u7a31\u70ba\u2588\u2588\u3001\u2588\u2588\u53ca\u2588\u2588\uff09", "FULLNAME": "zycie-zhizn-life", "RATING": 16, "COMMENTS": "1"}, {"TITLE": "\u82b1\u8a9e\uff1a\u82b1\u6bdb\u831b", "FULLNAME": "ranunculus", "RATING": 18, "COMMENTS": "3"}, {"TITLE": "\u6d77\u6c34\u7684\u984f\u8272\uff0d\u9ed1", "FULLNAME": "color-of-sea-black", "RATING": 10, "COMMENTS": "2"}, {"TITLE": "\u6bba\u6b7b\u4e00\u96bb\u77e5\u66f4\u9ce5\u3002", "FULLNAME": "it-was-not-my-fault", "RATING": 22, "COMMENTS": "2"}, {"TITLE": "\u62dc\u8a2a\u8207\u5de7\u9047", "FULLNAME": "meeting", "RATING": 11, "COMMENTS": "0"}, {"TITLE": "Dr. Kris\u7684\u6587\u6a94\u5c71\u6d77\uff0dDr. Kris\u7684\u756b\u96c6", "FULLNAME": "k1s10r0d-dr-kris-s-sketchbook", "RATING": 13, "COMMENTS": "0"}, {"TITLE": "\u7d42\u671f\u6d88\u6bd2\uff0c\u7184\u71c8\u865f", "FULLNAME": "mtf15-14-td1", "RATING": 13, "COMMENTS": "0"}, {"TITLE": "\u7d00\u9304\u53ca\u8a0a\u606f\u5b89\u5168\u7ba1\u7406\u90e8\u9580\u7279\u6b8a\u6587\u4ef6\uff0d\u8207\u674e\u7e3d\u7d71\u767b\u8f1d\u5148\u751f\u76f8\u95dc\u7684\u5c08\u8a2a", "FULLNAME": "raisa-lee-teng-hui", "RATING": 17, "COMMENTS": "1"}, {"TITLE": "SCP-ZH-446 - \u5316\u87f2", "FULLNAME": "scp-zh-446", "RATING": 27, "COMMENTS": "0"}, {"TITLE": "\u751f\u547d\u71c8\u570b\u969b\u707d\u96e3\u6551\u52a9\u6a5f\u69cb\u4f7f\u547d\u5ba3\u8a00", "FULLNAME": "mtf15-21-manifesto", "RATING": 12, "COMMENTS": "2"}, {"TITLE": "\u84bc\u767d\u7684\u672b\u671f\u60a3\u8005", "FULLNAME": "81q5-sadness-pink", "RATING": 18, "COMMENTS": "0"}, {"TITLE": "Nihilmace\u7d66\u65b0\u4eba\u7684\u4e00\u4e9b\u5275\u4f5c\u5efa\u8b70\uff1a\u6211\u8a72\u5982\u4f55\u8b93\u6587\u7ae0\u5408\u683c\uff1f", "FULLNAME": "plz-fuck-off-mary-sue", "RATING": 13, "COMMENTS": "0"}, {"TITLE": "\u93e1\u4e2d\u7684\u6211\u5982\u662f\u8aaa", "FULLNAME": "in-the-mirror", "RATING": 12, "COMMENTS": "0"}, {"TITLE": "\u96f2\u6e67", "FULLNAME": "cloud-well", "RATING": 13, "COMMENTS": "0"}, {"TITLE": "\u9858\u541b\u5b89\u597d", "FULLNAME": "wish-you-safe-and-sound", "RATING": 24, "COMMENTS": "0"}, {"TITLE": "SCP-ZH-791 - \u9322\u6e90", "FULLNAME": "scp-zh-791", "RATING": 9, "COMMENTS": "0"}, {"TITLE": "SCP-ZH-878 - \u5a03\u5a03\u6536\u96c6\u8005", "FULLNAME": "scp-zh-878", "RATING": 20, "COMMENTS": "0"}, {"TITLE": "SCP-ZH-088 - \u53ea\u6709\u7537\u5b50\u6f22\u53ef\u4ee5\u9032\u5165\u7684\u9580", "FULLNAME": "scp-zh-088", "RATING": 11, "COMMENTS": "1"}, {"TITLE": "\u8056\u591c\u76f8\u5b88\uff1a\u54aa\u5440\u65b9\u584a\u548c\u8c9d\u7238\u9945\u982d", "FULLNAME": "researcher-hg-s-christmas-3dpaint-art", "RATING": 10, "COMMENTS": "0"}, {"TITLE": "\u8056\u8a95\u7bc0\u524d\u5915", "FULLNAME": "christmas-eve", "RATING": 9, "COMMENTS": "0"}, {"TITLE": "\u975e\u76f8\u95dc\u4eba\u54e1\u7981\u6b62\u95b1\u89bd", "FULLNAME": "adult:unrelated-person-do-not-read", "RATING": 16, "COMMENTS": "2"}, {"TITLE": "\u72fc\u982d", "FULLNAME": "hammer", "RATING": 11, "COMMENTS": "0"}, {"TITLE": "\u8056\u8a95\u8207\u842c\u8056\u50c5\u6709\u4e00\u7dda\u4e4b\u9694", "FULLNAME": "christmas-or-halloween", "RATING": 17, "COMMENTS": "2"}, {"TITLE": "\u7e3d\u6709\u4e00\u5929\u6703\u7528\u4e0a", "FULLNAME": "change-irregularly", "RATING": 8, "COMMENTS": "1"}, {"TITLE": "\u5df2\u5ee2\u68c4\u7684\u8056\u8a95\u63d0\u6848", "FULLNAME": "hammer-maho-shojo", "RATING": 7, "COMMENTS": "2"}, {"TITLE": "ZH\uff0c025\uff0c1225", "FULLNAME": "zh-025-xmas", "RATING": 18, "COMMENTS": "4"}, {"TITLE": "\u52a0\u5195\u70ba\u4ea1", "FULLNAME": "crown", "RATING": 11, "COMMENTS": "2"}, {"TITLE": "\u70ba\u4e86\u66f4\u5927\u7684\u5229\u76ca\uff1a\u7b2c\u4e00\u90e8\u5206", "FULLNAME": "ftgg-a-chunibyo-story-p1", "RATING": 8, "COMMENTS": "1"}, {"TITLE": "\u8056\u591c\u76f8\u5b88\uff1a\u7d79\u5370\u5341\u516d\u7ad9", "FULLNAME": "researcher-hg-s-silkscreen-site-zh-16", "RATING": 9, "COMMENTS": "1"}, {"TITLE": "\u9805\u76ee\u4f01\u5283\u66f8 1924-1894\uff1a\u300a\u535a\u89bd\u6703\u300b", "FULLNAME": "project-proposal-1925-1894", "RATING": 13, "COMMENTS": "2"}, {"TITLE": "\u300c...\u59b3\u4e0d\u61c9\u8a72\u51fa\u73fe\u5728\u9019\u88e1\u3002\u300d", "FULLNAME": "xina-mas-2020", "RATING": 15, "COMMENTS": "0"}, {"TITLE": "\u8056\u591c\u76f8\u5b88\u6642", "FULLNAME": "formytreasure", "RATING": 18, "COMMENTS": "0"}, {"TITLE": "\u7121\u8c8c\u8005\u8207\u8c93", "FULLNAME": "the-man-with-out-face", "RATING": 13, "COMMENTS": "0"}, {"TITLE": "SCP-ZH-647 - \u5634\u7832\u8001\u4eba", "FULLNAME": "scp-zh-647", "RATING": 32, "COMMENTS": "4"}, {"TITLE": "\u7e3d\u4e4b\u9019\u662f\u4efd\u9072\u4ea4\u7684\u8056\u8a95\u79ae\u7269", "FULLNAME": "merry-xmas-onhg", "RATING": 13, "COMMENTS": "3"}, {"TITLE": "\u8056\u591c\u76f8\u5b88\uff1a\u5b88\u8b77\u4e4b\u934a", "FULLNAME": "scp-zh-085-svg-art", "RATING": 9, "COMMENTS": "1"}, {"TITLE": "\u5c11\u5973\u8e8d\u7136\u65bc\u7d19\u4e0a", "FULLNAME": "riariaria", "RATING": 10, "COMMENTS": "1"}, {"TITLE": "\u53f0\u7063\u7570\u65b0\u5831\u3001\u662d\u548c\u5341\u5e74\u5341\u4e00\u6708\u4e00\u65e5", "FULLNAME": "taiwan-newspaper", "RATING": 17, "COMMENTS": "4"}, {"TITLE": "\u7a7f\u8d8a\u6642\u7a7a\u7684\u7a3d\u67e5\uff0c\u6700\u5f8c\u76ee\u7684\u5730\u662f\u6c38\u548c\u8c46\u6f3f", "FULLNAME": "in-the-maze-of-2020", "RATING": 9, "COMMENTS": "0"}, {"TITLE": "\u8056\u591c\u76f8\u5b88\uff1a\u624b\u5de5\u73a9\u5076", "FULLNAME": "handcraft-doll", "RATING": 13, "COMMENTS": "1"}, {"TITLE": "SCP-ZH-023 - \u672b\u72c0\u8a18\u61b6", "FULLNAME": "scp-zh-023", "RATING": 11, "COMMENTS": "1"}, {"TITLE": "2021\u51ac\u5b63\u7af6\u8cfd \u4e3b\u984c\u300a\u7d05\u300b", "FULLNAME": "winter-ace-2021", "RATING": 9, "COMMENTS": "0"}, {"TITLE": "\u7bc0\u6176\u7684\u984f\u8272", "FULLNAME": "festive-colors", "RATING": 16, "COMMENTS": "1"}, {"TITLE": "\u771f\u5be6", "FULLNAME": "authentic", "RATING": 11, "COMMENTS": "2"}, {"TITLE": "SCP-ZH-091 - \u9003\u5175", "FULLNAME": "scp-zh-091", "RATING": 20, "COMMENTS": "3"}, {"TITLE": "SCP-ZH-140 - \u5b57\u7fa9\u76f8\u6096", "FULLNAME": "scp-zh-140", "RATING": 20, "COMMENTS": "7"}, {"TITLE": "\u7206\u65cb\u58fd\u53f8 \u9752\u9f8d\u821e\u516e \u6731\u96c0\u98db\u7fd4", "FULLNAME": "sushi-dragon-phoenix", "RATING": 15, "COMMENTS": "0"}, {"TITLE": "\u7121\u9762\u7684\u6c99\u5834", "FULLNAME": "a-battlefield-without-emotion", "RATING": 9, "COMMENTS": "0"}, {"TITLE": "\u8868\u5c64\u8b8a\u52d5", "FULLNAME": "one-of-the-secrets", "RATING": 18, "COMMENTS": "2"}, {"TITLE": "SCP-ZH-248 - \u5c24\u65af\u8482\u4e9e\u75c7\u5019\u7fa4", "FULLNAME": "scp-zh-248", "RATING": 21, "COMMENTS": "1"}, {"TITLE": "SCP-ZH-2005-EX", "FULLNAME": "scp-zh-2005-ex", "RATING": 58, "COMMENTS": "1"}, {"TITLE": "\u6c92\u4ec0\u9ebc\uff0c\u53ea\u662f\u4e00\u5f35\u8001\u7167\u7247", "FULLNAME": "nothing-just-a-old-picture", "RATING": 16, "COMMENTS": "0"}, {"TITLE": "\u4f0a\u4f3d\u59ca\u59ca\u53bb\u54ea\u4e86?", "FULLNAME": "zh-248-f004", "RATING": 14, "COMMENTS": "0"}, {"TITLE": "\u751f\u91ab\u5275\u4f5c\u8207\u4f60\uff1a\u5beb\u7d66\u57fa\u91d1\u6703\u4f5c\u5bb6\u7684\u540d\u8a5e\u8fa8\u6790", "FULLNAME": "biomedical-sense-zh", "RATING": 14, "COMMENTS": "1"}, {"TITLE": "SCP-ZH-204 - \u7d05\u5305\u9999", "FULLNAME": "scp-zh-204", "RATING": 17, "COMMENTS": "0"}, {"TITLE": "\u7236\u89aa\u548c\u5152\u5b50", "FULLNAME": "fatherandson", "RATING": 14, "COMMENTS": "0"}, {"TITLE": "\u6162\u6027\u5b58\u6d3b", "FULLNAME": "chronic-survival", "RATING": 13, "COMMENTS": "2"}, {"TITLE": "\u85dd\u8853\u7d00\u9304\uff1a\u7db2\u8def\u7d05\u4eba\u3002", "FULLNAME": "art-for-zh2005ex", "RATING": 15, "COMMENTS": "0"}, {"TITLE": "\u5c0d\u65bc\u706b\u934b\u7684\u617e\u671b", "FULLNAME": "whatyousay", "RATING": 9, "COMMENTS": "1"}, {"TITLE": "Dr. Kris\u7684\u6587\u6a94\u5c71\u6d77\uff0dDr.Apoyn\u7684\u901f\u5beb", "FULLNAME": "k1s10r0d-quick-sketch-of-dr-apoyn", "RATING": 14, "COMMENTS": "2"}, {"TITLE": "\u6d17\u6a19\uff1a\u7d051354-\u6df1\u5165\u50b3\u7d71\u7d0d\u9913\u5361\u90e8\u843d", "FULLNAME": "red-1354", "RATING": 17, "COMMENTS": "1"}, {"TITLE": "SCP-ZH-172 - \u8840\u7d19", "FULLNAME": "scp-zh-172", "RATING": 6, "COMMENTS": "9"}, {"TITLE": "\u6b78\u9014", "FULLNAME": "backtohome", "RATING": 5, "COMMENTS": "1"}, {"TITLE": "\u6211\u662f\u8ab0\uff1f", "FULLNAME": "k1s10r0d-what-am-i", "RATING": 14, "COMMENTS": "2"}, {"TITLE": "Nihilmace\u8207Valmua", "FULLNAME": "k1s10r0d-nihilmace-and-valmua", "RATING": 16, "COMMENTS": "3"}, {"TITLE": "\u6c34\u65cf\u9928\u7d04\u6703", "FULLNAME": "aquarium-date-art", "RATING": 15, "COMMENTS": "0"}, {"TITLE": "Dr. Kris\u7684\u6587\u6a94\u5c71\u6d77\uff0dDr. Kris\u7684\u96a8\u624b\u5857\u9d09", "FULLNAME": "k1s10r0d-kris-doodle", "RATING": 14, "COMMENTS": "0"}, {"TITLE": "\u98df\u5802\u7d04\u6703", "FULLNAME": "canteen-date", "RATING": 22, "COMMENTS": "3"}, {"TITLE": "2013\u5e74\u7684\u96d9\u4eba\u81ea\u62cd", "FULLNAME": "selfie-of-metha-and-kris-in-2013", "RATING": 16, "COMMENTS": "0"}, {"TITLE": "\u8fa6\u516c\u5ba4\u88e1\u7684\u81f4\u547d\u6a21\u56e0", "FULLNAME": "the-bottle-in-office", "RATING": 18, "COMMENTS": "2"}, {"TITLE": "\u96f7\u9663\u96e8", "FULLNAME": "thunderstorm", "RATING": 14, "COMMENTS": "0"}, {"TITLE": "Ctrl Z\u535a\u58eb\u7684SCP-ZH\u8a18\u9304-1", "FULLNAME": "creepy-tunnel", "RATING": 24, "COMMENTS": "2"}, {"TITLE": "Ctrl Z\u535a\u58eb\u7684SCP-ZH\u8a18\u9304-2", "FULLNAME": "escape-chess", "RATING": 15, "COMMENTS": "0"}, {"TITLE": "\u725b\u5976\u62fc\u5716", "FULLNAME": "milk-puzzle", "RATING": 18, "COMMENTS": "0"}, {"TITLE": "\u4f60\u6703\u611f\u5230\u5f8c\u6094\u55ce\uff1f", "FULLNAME": "what-are-you-waiting-for-just-join-goc-dude", "RATING": 36, "COMMENTS": "5"}, {"TITLE": "SCP-ZH-022-J - \u62dc\u8a17\u8ab0\u4f86\u628a\u5b83\u586b\u4e0a", "FULLNAME": "scp-zh-022-j", "RATING": 37, "COMMENTS": "19"}, {"TITLE": "\u5f8c\u73fe\u4ee3\u57fa\u91d1\u6703\u540c\u4eba\u6200\u611b\u5411\u8f15\u5c0f\u8aaa", "FULLNAME": "k1s10r0d-april-fool-project-2021", "RATING": 18, "COMMENTS": "5"}, {"TITLE": "SCP-ZH-323 \u64cd\u4f5c\u5be6\u9a57 B-01", "FULLNAME": "scp-zh-323-text-b01", "RATING": 7, "COMMENTS": "0"}, {"TITLE": "\u611a\u4eba\u7bc0\u7684\u81f4\u547d\u6a21\u56e0", "FULLNAME": "the-bottle-in-april-fools", "RATING": 22, "COMMENTS": "2"}, {"TITLE": "\u624b\u7e6a\u7684Valm\u00faa", "FULLNAME": "k1s10r0d-hand-drawn-valmua", "RATING": 15, "COMMENTS": "0"}, {"TITLE": "\u9396\u93c8\u7684\u97f3\u7af9", "FULLNAME": "k1s10r0d-chain-sugoi", "RATING": 29, "COMMENTS": "6"}, {"TITLE": "Polaris", "FULLNAME": "polaris", "RATING": 17, "COMMENTS": "1"}, {"TITLE": "SCP-ZH-946 - \u9ed1\u5154\u5927\u6230\u722d\ud83d\udc07", "FULLNAME": "scp-zh-946", "RATING": 27, "COMMENTS": "13"}, {"TITLE": "Surge\u7684\u63d0\u6848\u4e00", "FULLNAME": "surge-s-proposal-1", "RATING": 33, "COMMENTS": "11"}, {"TITLE": "\u6545\u4e8b\u7684\u529b\u91cf\uff5e\u4f60\u70ba\u4ec0\u9ebc\u9700\u8981\u8d85\u5f62\u4e0a\u5b78\uff5e", "FULLNAME": "why-you-need-pataphysics", "RATING": 28, "COMMENTS": "1"}, {"TITLE": "SCP-ZH-736 - \u4f60\u4e0d\u80fd\u518d\u5f80\u524d\u4e86", "FULLNAME": "scp-zh-736", "RATING": 32, "COMMENTS": "14"}, {"TITLE": "\u7099\u71b1\u7684\u5348\u5f8c\u6642\u5149", "FULLNAME": "the-ss-vs-ss", "RATING": 29, "COMMENTS": "19"}, {"TITLE": "\u7576\u6e38\u6a02\u5834\u7684\u71c8\u6f38\u7184", "FULLNAME": "littlegreatwar2", "RATING": 5, "COMMENTS": "0"}, {"TITLE": "\u6643\u52d5\u6e38\u6232\u53f0", "FULLNAME": "shakepinballmachine", "RATING": 4, "COMMENTS": "0"}, {"TITLE": "\u96e2\u7fa4\u7684\u5f57\u661f", "FULLNAME": "leavingcomet", "RATING": 6, "COMMENTS": "0"}, {"TITLE": "\u6240\u6709\u7684\u6a4b\u90fd\u88ab\u71d2\u6389\u4e86", "FULLNAME": "all-the-bridges-were-burned", "RATING": 13, "COMMENTS": "1"}, {"TITLE": "\u6536\u5bb9\u5947\u7de3\uff1aSigurr\u00f3s", "FULLNAME": "sigurros-and-taiwanese-unicorn", "RATING": 13, "COMMENTS": "6"}, {"TITLE": "\u597d\u9913\u597d\u9913\u7684\u514b\u91cc\u65af\u535a\u58eb", "FULLNAME": "the-very-hungry-dr-kris", "RATING": 17, "COMMENTS": "2"}, {"TITLE": "SCP-V1L3-J\u5be6\u9a57\u7522\u7269\u5099\u4efd \u71c3\u71d2\u5361\u8def\u91cc", "FULLNAME": "adult:v1l3-j-burning-calories", "RATING": 12, "COMMENTS": "0"}, {"TITLE": "\u6311\u6230\u6d3b\u52d5 \u8077\u4f4d\u4ea4\u63db", "FULLNAME": "transfer-challenge-zh", "RATING": 7, "COMMENTS": "0"}, {"TITLE": "\u842c\u91cc\u9577\u7a7a", "FULLNAME": "talisman", "RATING": 15, "COMMENTS": "1"}, {"TITLE": "\u9060\u5df1\u4e2d\u5fc3\u9801", "FULLNAME": "yuanji-hub", "RATING": 15, "COMMENTS": "9"}, {"TITLE": "\u76f4\u5230\u8056\u676f\u518d\u73fe", "FULLNAME": "until-san-greal-are-needed-once-again", "RATING": 3, "COMMENTS": "0"}, {"TITLE": "\u4e2d\u83ef\u6c11\u570b\u570b\u5bb6\u5b89\u5168\u5c40\u7b2c\u516b\u8655 \u4e2d\u5fc3\u9801", "FULLNAME": "nsb8-hub", "RATING": 17, "COMMENTS": "3"}, {"TITLE": "2021 \u590f\u5b63\u7af6\u8cfd \u4e3b\u984c\u300a\u7570\u805e\u9304\u300b", "FULLNAME": "summer-contest-2021", "RATING": 13, "COMMENTS": "7"}, {"TITLE": "SCP-ZH-032 - \u6709\u6bd2\u7684\u6a61\u76ae\u64e6", "FULLNAME": "scp-zh-032", "RATING": 21, "COMMENTS": "0"}, {"TITLE": "SCP-ZH-571 - \u4e0d\u53ef\u8996\u7684\u8ffd\u8de1\u8005", "FULLNAME": "scp-zh-571", "RATING": 12, "COMMENTS": "5"}, {"TITLE": "SCP-ZH-034 - \u98db\u982d\u883b", "FULLNAME": "scp-zh-034", "RATING": 24, "COMMENTS": "3"}, {"TITLE": "0226\u865f\u75c5\u60a3", "FULLNAME": "patient0226", "RATING": 8, "COMMENTS": "4"}, {"TITLE": "SCP-ZH-037 - \u73b3\u7441\u4e4b\u6dda", "FULLNAME": "scp-zh-037", "RATING": 20, "COMMENTS": "0"}, {"TITLE": "SCP-ZH-112 - \u795d\u4f60\u751f\u65e5\u5feb\u6a02", "FULLNAME": "scp-zh-112", "RATING": 19, "COMMENTS": "3"}, {"TITLE": "SCP-ZH-684 - Kangic", "FULLNAME": "scp-zh-684", "RATING": 13, "COMMENTS": "1"}, {"TITLE": "\u63a2\u8a2a\u5b89\u5730\u7f85\u8332\u8def\u65af", "FULLNAME": "visit-eindeloze-lucht", "RATING": 12, "COMMENTS": "2"}, {"TITLE": "\u89e3\u5bc6\uff1aSCP-ZH-096", "FULLNAME": "scp-zh-096-declassification", "RATING": 16, "COMMENTS": "4"}, {"TITLE": "SCP-ZH-339 - \u907f\u98a8\u6e2f", "FULLNAME": "scp-zh-339", "RATING": 16, "COMMENTS": "6"}, {"TITLE": "SCP-ZH-1000-EX", "FULLNAME": "scp-zh-1000-ex", "RATING": 18, "COMMENTS": "5"}, {"TITLE": "\u4e2d\u6e2f\u8def\u4e0a\u6c92\u6709\u4eba\u53ea\u6709\u91ce\u72fc", "FULLNAME": "wolf-125", "RATING": 16, "COMMENTS": "3"}, {"TITLE": "SCP-ZH-409 - \u9435\u8863\u85fb", "FULLNAME": "scp-zh-409", "RATING": 12, "COMMENTS": "6"}, {"TITLE": "SCP-ZH-635 - \u4f60\u6709\u6c92\u6709\u807d\u5230", "FULLNAME": "scp-zh-635", "RATING": 7, "COMMENTS": "3"}, {"TITLE": "SCP-ZH-299 - \u5927\u8005\u9577\u5343\u91cc\uff0c\u5c0f\u8005\u6578\u5341\u5206\u3002", "FULLNAME": "scp-zh-299", "RATING": 12, "COMMENTS": "6"}, {"TITLE": "\u7570\u5e38\u9805\u76ee\u7d00\u9304\uff1a\u300c\u9632\u66b4\u8b66\u5bdf\u982d\u76d4\u300d", "FULLNAME": "anomalous-item-hk-police-helmet", "RATING": 37, "COMMENTS": "5"}, {"TITLE": "SCP-ZH-067 - \u85cd\u5716", "FULLNAME": "scp-zh-067", "RATING": 10, "COMMENTS": "9"}, {"TITLE": "SCP-ZH-177 - \u6df1\u4e95", "FULLNAME": "scp-zh-177", "RATING": 13, "COMMENTS": "1"}, {"TITLE": "69\u5e74\u7684\u4e0d\u582a\u56de\u61b6", "FULLNAME": "year-69-of-unbearable-memories", "RATING": 9, "COMMENTS": "0"}, {"TITLE": "\u6211\u7684\u8001\u5bb6\u6709\u9ede\u602a", "FULLNAME": "parawatch-my-hometown-was-a-miracle", "RATING": 12, "COMMENTS": "1"}, {"TITLE": "\u55ae\u884c\u65c5\u7a0b", "FULLNAME": "singlelinetrip", "RATING": 7, "COMMENTS": "0"}, {"TITLE": "SCP-ZH-038 - \u7121\u81c9\u6a21\u7279", "FULLNAME": "scp-zh-038", "RATING": 15, "COMMENTS": "0"}, {"TITLE": "SCP-ZH-402 - \u6210\u9577", "FULLNAME": "scp-zh-402", "RATING": 16, "COMMENTS": "4"}, {"TITLE": "SCP-ZH-039 - \u667e\u8863\u6a39", "FULLNAME": "scp-zh-039", "RATING": 9, "COMMENTS": "3"}, {"TITLE": "SCP-ZH-969 - \u6f2b\u9577\u7684\u544a\u5225", "FULLNAME": "scp-zh-969", "RATING": 15, "COMMENTS": "1"}, {"TITLE": "What The Fuck", "FULLNAME": "what-the-fuck", "RATING": 25, "COMMENTS": "3"}, {"TITLE": "SCP-ZH-796 - \u5b64\u5152", "FULLNAME": "scp-zh-796", "RATING": 10, "COMMENTS": "1"}, {"TITLE": "SCP-ZH-991 - \u9b45\u9b54\u5f8c\u88d4", "FULLNAME": "adult:scp-zh-991", "RATING": 13, "COMMENTS": "4"}, {"TITLE": "\u5f15\u865f\u4e4b\u9593", "FULLNAME": "in-the-quotation", "RATING": 13, "COMMENTS": "0"}, {"TITLE": "\u9280\u88dd\u7d20\u88f9", "FULLNAME": "end-of-heavy-snow", "RATING": 11, "COMMENTS": "0"}, {"TITLE": "SCP-ZH-048 - \u528d\u8207\u9b54\u6cd5\u8207\u8336\u4e4b\u9b54\u624b", "FULLNAME": "scp-zh-048", "RATING": 21, "COMMENTS": "2"}, {"TITLE": "SCP-ZH-613 - \u8840\u5929\u4f7f", "FULLNAME": "scp-zh-613", "RATING": 16, "COMMENTS": "1"}, {"TITLE": "V1L3-J\u5be6\u9a57\u7522\u7269\u526f\u672c \u591c\u904a\u8ced\u57ce\u6307\u5357", "FULLNAME": "adult:v1l3-j-how-to-spend-the-night-in-sin-city", "RATING": 11, "COMMENTS": "3"}, {"TITLE": "\u4e00\u76de\u8336\u6e6f\u6620\u7d05\u7af9", "FULLNAME": "the-green-tea-mirror-the-red-bamboo", "RATING": 4, "COMMENTS": "1"}, {"TITLE": "\u8df3\u821e\u7684\u6ce2\u862d\u725b", "FULLNAME": "polish-dancing-cow", "RATING": 11, "COMMENTS": "0"}, {"TITLE": "SCP-ZH-049 - \u8d85\u6536\u5bb9", "FULLNAME": "scp-zh-049", "RATING": 9, "COMMENTS": "4"}, {"TITLE": "SCP-ZH-160 - \u5664\u8072", "FULLNAME": "scp-zh-160", "RATING": 11, "COMMENTS": "4"}, {"TITLE": "SCP-ZH-228 - \u7fe0\u57d4\uff0c1947\u3002", "FULLNAME": "scp-zh-228", "RATING": 26, "COMMENTS": "7"}, {"TITLE": "SCP-ZH-110 - \u5730\u677f\u7834\u4e86\u500b\u6d1e", "FULLNAME": "scp-zh-110", "RATING": 19, "COMMENTS": "1"}, {"TITLE": "\u9805\u76ee\u4f01\u5283\u66f8 2017-47\uff1a\u300a\u5065\u5eb7\u7684\u4ee3\u50f9\u300b", "FULLNAME": "project-proposal-2017-47-zh", "RATING": 24, "COMMENTS": "3"}, {"TITLE": "SCP-ZH-399 - \u6211\u5011\u5fc3\u4e2d\u7684444\u865f\u8996\u807d\u6559\u5ba4", "FULLNAME": "scp-zh-399", "RATING": 32, "COMMENTS": "0"}, {"TITLE": "SCP-ZH-499 - \u5eb7\u4e43\u99a8\u76d4\u7532\u5de5\u85dd", "FULLNAME": "scp-zh-499", "RATING": 37, "COMMENTS": "3"}, {"TITLE": "SCP-ZH-560 - \u4eba\u751f\u7684\u7b2c\u4e8c\u6625", "FULLNAME": "scp-zh-560", "RATING": 15, "COMMENTS": "2"}, {"TITLE": "SCP-ZH-916 - \u5922\u8ff4\u7194\u7210", "FULLNAME": "scp-zh-916", "RATING": 19, "COMMENTS": "3"}, {"TITLE": "SCP-ZH-082 - \u5c0f\u871c\u8702\u9910\u8eca", "FULLNAME": "scp-zh-082", "RATING": 24, "COMMENTS": "0"}, {"TITLE": "Unsigned Draft #799 - N/A", "FULLNAME": "scp-zh-799", "RATING": 15, "COMMENTS": "1"}, {"TITLE": "SCP-ZH-999\uff0d\u4eba\u5011\u6b20\u4ed6\u500b\u7e3d\u7d71\u5e2d\u4f4d", "FULLNAME": "scp-zh-999", "RATING": 57, "COMMENTS": "13"}, {"TITLE": "SCP-ZH-063 - \u6b61 \u7b11 \u4e0d \u518d", "FULLNAME": "scp-zh-063", "RATING": 18, "COMMENTS": "0"}, {"TITLE": "SCP-ZH-104 - \u4eba\u5de5\u9020\u5b50", "FULLNAME": "scp-zh-104", "RATING": 12, "COMMENTS": "4"}, {"TITLE": "k1s10r0d\u7684\u63d0\u6848 - IMMOLARI", "FULLNAME": "k1s10r0d-s-proposal", "RATING": 36, "COMMENTS": "3"}, {"TITLE": "SCP-ZH-094 - \u5931\u6557\u4f5c", "FULLNAME": "scp-zh-094", "RATING": 17, "COMMENTS": "1"}, {"TITLE": "SCP-ZH-517 - One More Time, One More Chance", "FULLNAME": "scp-zh-517", "RATING": 22, "COMMENTS": "1"}, {"TITLE": "SCP-ZH-464 - \u9b5f\u9b54", "FULLNAME": "scp-zh-464", "RATING": 10, "COMMENTS": "0"}, {"TITLE": "SCP-ZH-072 - \u5de5\u4f5c\u9593\u5931\u7aca\u4e8b\u4ef6", "FULLNAME": "scp-zh-072", "RATING": 17, "COMMENTS": "1"}, {"TITLE": "SCP-ZH-181 - \u6c38\u7e8c\u7684\u5de5\u696d\u9769\u547d", "FULLNAME": "scp-zh-181", "RATING": 12, "COMMENTS": "1"}, {"TITLE": "SCP-ZH-337 - \u5922\u5de5\u5ee0", "FULLNAME": "scp-zh-337", "RATING": 28, "COMMENTS": "6"}, {"TITLE": "\u767d\u96f2\u5b64\u98db", "FULLNAME": "i-ll-come-back-to-the-earth-and-bring-the-piece-of-the-star", "RATING": 19, "COMMENTS": "0"}, {"TITLE": "SCP-ZH-599 - Xyan2K Problem", "FULLNAME": "scp-zh-599", "RATING": 16, "COMMENTS": "1"}, {"TITLE": "SCP-ZH-540 - Alone In The Dark", "FULLNAME": "scp-zh-540", "RATING": 11, "COMMENTS": "2"}, {"TITLE": "SCP-ZH-107 - \u6355\u9ce5\u96f2", "FULLNAME": "scp-zh-107", "RATING": 19, "COMMENTS": "0"}, {"TITLE": "SCP-ZH-056 - \u672c\u73ed\u6a5f\u98db\u5f80\u5f7c\u5cb8", "FULLNAME": "scp-zh-056", "RATING": 21, "COMMENTS": "0"}, {"TITLE": "SCP-ZH-643 - \u6389\u843d", "FULLNAME": "scp-zh-643", "RATING": 10, "COMMENTS": "2"}, {"TITLE": "\u5152\u7ae5\u8d70\u5931\u8655\u7406\u7d00\u9304", "FULLNAME": "snowcatflyhighhigh", "RATING": 27, "COMMENTS": "3"}, {"TITLE": "SCP-ZH-086 - \u8acb\u4f60\u5225\u8aaa\u898b\u904e\u6211", "FULLNAME": "scp-zh-086", "RATING": 22, "COMMENTS": "2"}, {"TITLE": "\u58ae\u5929\u4f7f\u7684\u7948\u9858", "FULLNAME": "fly-to-the-sky", "RATING": 13, "COMMENTS": "1"}, {"TITLE": "\u4ee3\u9054\u6d1b\u65af\u7684\u9006\u5929\u4f7f", "FULLNAME": "zh-daedalus-defyingangel", "RATING": 15, "COMMENTS": "0"}, {"TITLE": "SCP-ZH-956 - \u6bcf\u65e5\u6aa2\u67e5\u5831\u8868", "FULLNAME": "scp-zh-956", "RATING": 6, "COMMENTS": "2"}, {"TITLE": "SCP-ZH-074 - \u6d77\u62c9\u7684\u6536\u5bb9\u9593", "FULLNAME": "scp-zh-074", "RATING": 12, "COMMENTS": "7"}, {"TITLE": "SCP-ZH-223 - \u5b7d\u7a2e", "FULLNAME": "scp-zh-223", "RATING": 16, "COMMENTS": "2"}, {"TITLE": "SCP-ZH-725 - \u7a7a\u87f2", "FULLNAME": "scp-zh-725", "RATING": 12, "COMMENTS": "0"}, {"TITLE": "\u767d\u88e1\u900f\u7d05\u7684\u8eab\u5f71", "FULLNAME": "zh-daedalus-f004", "RATING": 15, "COMMENTS": "0"}, {"TITLE": "SCP-ZH-413 - \u542b\u7898\u6674\u5929\u5a03\u5a03", "FULLNAME": "scp-zh-413", "RATING": 17, "COMMENTS": "0"}, {"TITLE": "SCP-ZH-432 - \u66f4\u597d\u7684\u4f60", "FULLNAME": "scp-zh-432", "RATING": 21, "COMMENTS": "2"}, {"TITLE": "\u52ff\u5fd8\u6211", "FULLNAME": "forget-me-not-lucifelle", "RATING": 17, "COMMENTS": "0"}, {"TITLE": "SCP-ZH-302 - \u542b\u7898\u6c34\u5996\u7cbe", "FULLNAME": "scp-zh-302", "RATING": 16, "COMMENTS": "0"}, {"TITLE": "SCP-ZH-123 - \u7d66\u81ea\u5df1\u7684\u7b46\u8a18", "FULLNAME": "scp-zh-123", "RATING": 13, "COMMENTS": "0"}, {"TITLE": "SCP-ZH-798 - \u591c\u66f2\u4e4b\u5f8c", "FULLNAME": "scp-zh-798", "RATING": 8, "COMMENTS": "0"}, {"TITLE": "SCP-ZH-563 - \u7070\u98db\u7159\u6ec5", "FULLNAME": "scp-zh-563", "RATING": 7, "COMMENTS": "3"}, {"TITLE": "SCP-ZH-385 - \u5b50\u6bcd\u5de1\u5f0b\u98db\u5f48MSC-7\u300c\u734c\u675f\u300d", "FULLNAME": "scp-zh-385", "RATING": 10, "COMMENTS": "1"}, {"TITLE": "SCP-ZH-073 - \u5de1\u8ff4\u6f14\u51fa\u6700\u7d42\u7ad9", "FULLNAME": "scp-zh-073", "RATING": 18, "COMMENTS": "1"}, {"TITLE": "SCP-ZH-609 - \u7761\u524d\u6aa2\u67e5", "FULLNAME": "scp-zh-609", "RATING": 14, "COMMENTS": "0"}, {"TITLE": "\u8654\u8aa0\u795e\u7236\u8207\u793e\u755c\u8f14\u5c0e\u54e1\u4e0d\u6703\u649e\u7834\u8499\u81c9\u4e0a\u53f8\u5011\u505a\u7f9e\u7f9e\u7684\u4e8b", "FULLNAME": "one-night-four-broken-hearts-in-12", "RATING": 20, "COMMENTS": "0"}, {"TITLE": "SCP-ZH-448 - \u516d\u8292\u75c7\u5019\u7fa4", "FULLNAME": "scp-zh-448", "RATING": 15, "COMMENTS": "2"}, {"TITLE": "\u52ab\u5b7d\u9918\u751f", "FULLNAME": "post-trauma", "RATING": 14, "COMMENTS": "1"}, {"TITLE": "\u6c89\u7761", "FULLNAME": "newandnewandnew", "RATING": 13, "COMMENTS": "1"}, {"TITLE": "\u82b1\u96e8", "FULLNAME": "zh-086-flower-torment", "RATING": 16, "COMMENTS": "0"}, {"TITLE": "SCP-ZH-968 - \u57fa\u8f14\u6230\u9b3c\u986f\u73fe\u4e4b\u6642", "FULLNAME": "scp-zh-968", "RATING": 25, "COMMENTS": "4"}, {"TITLE": "\u96fb\u5b50\u661f\u7a7a", "FULLNAME": "electronic-stary", "RATING": 15, "COMMENTS": "0"}, {"TITLE": "SCP-ZH-106-\u300c\u9006\u6a21\u56e0\u300d", "FULLNAME": "scp-zh-106", "RATING": 23, "COMMENTS": "7"}, {"TITLE": "\u9177\u9177\u7684\u50b3\u64ad\u7b49\u7d1a\u5716\u6a19", "FULLNAME": "cool-spread-class-icons", "RATING": 9, "COMMENTS": "1"}, {"TITLE": "SCP-ZH-255 - \u5b64\u7368\u96aa", "FULLNAME": "scp-zh-225", "RATING": 20, "COMMENTS": "0"}, {"TITLE": "SCP-ZH-985 - \u88ab\u62b9\u6d88\u7684\u9152\u5427\u6b77\u53f2", "FULLNAME": "scp-zh-985", "RATING": 12, "COMMENTS": "1"}, {"TITLE": "\u6d41\u9023\u5fd8\u8fd4", "FULLNAME": "the-forsaken-lake", "RATING": 9, "COMMENTS": "1"}, {"TITLE": "\u6b61\u8fce\uff0c\u656c\u555f\u8005", "FULLNAME": "multiversal-valentine", "RATING": 18, "COMMENTS": "0"}, {"TITLE": "URA-995 - \u6d88 \u5931 \u7684 \u4e94 \u5206 \u9418", "FULLNAME": "scp-zh-995", "RATING": 12, "COMMENTS": "4"}, {"TITLE": "\u7b2c22\u5929", "FULLNAME": "project-mia-day-by-mimeow", "RATING": 10, "COMMENTS": "0"}, {"TITLE": "\u300c\u6211\u6c92\u760b\u300d", "FULLNAME": "i-mcrazy", "RATING": 10, "COMMENTS": "0"}, {"TITLE": "SCP-ZH-002-J - \u6c34\u63a8\u8eca", "FULLNAME": "scp-zh-002-j", "RATING": 16, "COMMENTS": "2"}, {"TITLE": "\u5c0f\u52d5\u7269\u7c21\u4ecb\uff1aPerillos\uff01", "FULLNAME": "critter-profile-perillos", "RATING": 11, "COMMENTS": "2"}, {"TITLE": "\u4f69\u68ee\u5c3c\u723e\u7684\u793e\u4ea4\u5a92\u9ad4\u982d\u50cf", "FULLNAME": "pthahnil-s-social-media-user-icon", "RATING": 15, "COMMENTS": "0"}, {"TITLE": "\u4f69\u68ee\u5c3c\u723e\u79c1\u8a2d\u5c0f\u88d9\u5b50\u597d\u8036", "FULLNAME": "pthahnil-drees-relenaxd", "RATING": 11, "COMMENTS": "1"}, {"TITLE": "\u523a\u875f\u7b46\u8a18\u672c\uff1aZH\u5206\u90e8\u4eba\u7269\u5408\u8f2f\uff08ZH-12\u7ad9\u7bc7\uff09", "FULLNAME": "hedgehog-note-site-zh-12", "RATING": 14, "COMMENTS": "0"}, {"TITLE": "\u90fd\u5e02\u50b3\u8aaa\u578b\u7570\u5e38\u61c9\u5c0d\u90e8\u9580\u4e2d\u5fc3\u9801", "FULLNAME": "urban-legend-department", "RATING": 16, "COMMENTS": "1"}, {"TITLE": "1970-1972\u5947\u840a\u5c71\u5340\u672a\u89e3\u660e\u4e8b\u4ef6\u518d\u5be9\u63d0\u6848", "FULLNAME": "unsolved-cases-mount-qilai-1970-1972", "RATING": 13, "COMMENTS": "0"}, {"TITLE": "\u7570\u5875\u6f2b\u6b65", "FULLNAME": "a-walk-in-the-fallout", "RATING": 12, "COMMENTS": "7"}, {"TITLE": "\u8fd1\u671f\u7684\u5275\u4f5c\uff08\u4e00\uff09", "FULLNAME": "sq-artwork-1a", "RATING": 16, "COMMENTS": "0"}, {"TITLE": "\u6c7d\u6c34\u7684\u85dd\u4f5c\u98011", "FULLNAME": "lillianasoda-artworks1", "RATING": 16, "COMMENTS": "0"}, {"TITLE": "2022 \u8679\u5149\u4e4b\u9593", "FULLNAME": "darkroom-2022", "RATING": 7, "COMMENTS": "2"}, {"TITLE": "\u5728\u7e7c\u7e8c\u524d\u9032\u4e4b\u524d", "FULLNAME": "before-the-moving-on", "RATING": 8, "COMMENTS": "0"}, {"TITLE": "\u5b89\u7720\u83ef\u723e\u8332", "FULLNAME": "dormitive-waltz", "RATING": 12, "COMMENTS": "0"}, {"TITLE": "SCP-ZH-196 - \u8207\u3164\u3164\u3164\u3164\u5a46\u5a11\u8d77\u821e", "FULLNAME": "scp-zh-196", "RATING": 17, "COMMENTS": "0"}, {"TITLE": "\u9b54\u5973\u805a\u6703\u8207\u7121\u5149\u4e4b\u68ee", "FULLNAME": "zh-the-witches-gathering-and-the-lightless-forest-1", "RATING": 10, "COMMENTS": "0"}, {"TITLE": "\u6697\u65e5\u9a45\u5f71", "FULLNAME": "bythenameofeighthsun-noshadowallowed", "RATING": 9, "COMMENTS": "0"}, {"TITLE": "\u60e1\u610f\u884c\u70ba", "FULLNAME": "malicious-behavior", "RATING": 12, "COMMENTS": "2"}, {"TITLE": "SCP-ZH-957 - \u6399\u812b\u7981\u932e\u4e4b\u85e4", "FULLNAME": "scp-zh-957", "RATING": 6, "COMMENTS": "0"}, {"TITLE": "SCP-ZH-744 - \u53cd\u6d17\u79ae", "FULLNAME": "scp-zh-744", "RATING": 13, "COMMENTS": "3"}, {"TITLE": "SCP-\u229b\u2742\u274d\u25cc", "FULLNAME": "scp-zh-868", "RATING": 15, "COMMENTS": "3"}, {"TITLE": "\u524d\u7dda\u6307\u63ee\u517c\u6230\u7565\u8a2d\u65bd\u2014Site-ZH-01\u7ad9\u9ede\u6a19\u8a8c", "FULLNAME": "site-zh-01-s-logo", "RATING": 5, "COMMENTS": "4"}, {"TITLE": "\u6c7d\u6c34\u7684\u85dd\u4f5c\u98012", "FULLNAME": "lillianasoda-artworks2", "RATING": 15, "COMMENTS": "0"}, {"TITLE": "\u8fd1\u671f\u7684\u5275\u4f5c\uff08\u4e8c\uff09", "FULLNAME": "sq-artwork-1b", "RATING": 10, "COMMENTS": "3"}, {"TITLE": "2022\u590f\u5b63\u7af6\u8cfd \u4e3b\u984c\u300aX\u300b", "FULLNAME": "summer-contest-2022", "RATING": 11, "COMMENTS": "0"}, {"TITLE": "SCP-ZH-801 - \u6e6e\u6ec5\u516c\u5206\u6bcd", "FULLNAME": "scp-zh-801", "RATING": 10, "COMMENTS": "0"}, {"TITLE": "SCP-ZH-403 - \u7981\u81e0\u8207\u7d42\u6b62\u7b26", "FULLNAME": "scp-zh-403", "RATING": 17, "COMMENTS": "4"}, {"TITLE": "NX-ZH-02\uff1a\u897f\u52a0\u8d70\u7063\u7fa4\u5cf6", "FULLNAME": "nx-zh-02", "RATING": 24, "COMMENTS": "1"}, {"TITLE": "SCP-ZH-304 - \u884c\u9032\u63d2\u66f2", "FULLNAME": "scp-zh-304", "RATING": 11, "COMMENTS": "0"}, {"TITLE": "SCP-ZH-361 - \u9a5a\u559cX\u9eb5", "FULLNAME": "scp-zh-361", "RATING": 17, "COMMENTS": "0"}, {"TITLE": "\u5b8c\u7f8e\u72afX\u7684\u5165\u8077", "FULLNAME": "interview-of-x", "RATING": 11, "COMMENTS": "0"}, {"TITLE": "\u4ed6\u5011\u66fe\u7d93\u975e\u4eba\uff0c\u4e00\u5982\u5f80\u5e38\uff0c\u672a\u5fc5\u5982\u6b64", "FULLNAME": "zh-defying-angel-daily01", "RATING": 12, "COMMENTS": "1"}, {"TITLE": "SCP-ZH-279 - \u611b\u7684\u5f62\u72c0", "FULLNAME": "scp-zh-279", "RATING": 20, "COMMENTS": "1"}, {"TITLE": "\u4ea4\u6703\uff0c\u7136\u5f8c\u6f38\u884c\u6f38\u9060", "FULLNAME": "go-to-sus-hi-po", "RATING": 11, "COMMENTS": "1"}, {"TITLE": "\u6d77\u68e0\u4f9d\u820a", "FULLNAME": "lucid-dreams", "RATING": 24, "COMMENTS": "0"}, {"TITLE": "SCP-ZH-184 - \u5954\u8eca\u673d\u7d22", "FULLNAME": "scp-zh-184", "RATING": 22, "COMMENTS": "1"}, {"TITLE": "SCP-ZH-119 - \u61f2\u7f70\u4e4b\u706b\u4e0d\u964d\u65bc\u6211", "FULLNAME": "scp-zh-119", "RATING": 14, "COMMENTS": "0"}, {"TITLE": "SCP-ZH-532 - \u7c21\u55ae\u4eba\u751f\u8eab\u5fc3\u8a3a\u6240", "FULLNAME": "scp-zh-532", "RATING": 16, "COMMENTS": "0"}, {"TITLE": "SCP-ZH-902 - \u5012\u6578\u4e4b\u4e2d", "FULLNAME": "scp-zh-902", "RATING": 12, "COMMENTS": "1"}, {"TITLE": "SCP-ZH-327 - \u82b1\u5152\u8207\u6ab3\u6994", "FULLNAME": "scp-zh-327", "RATING": 12, "COMMENTS": "3"}, {"TITLE": "\u646f\u5bd0\u6eb6\u89e3", "FULLNAME": "dreams-always-dissolve", "RATING": 17, "COMMENTS": "0"}, {"TITLE": "SCP-ZH-340 - \u751f\u547d\u4e4b\u6c99\uff0c\u7e41\u661f\u4e4b\u76d2", "FULLNAME": "scp-zh-340", "RATING": 20, "COMMENTS": "1"}, {"TITLE": "D-10201", "FULLNAME": "d-10201", "RATING": 16, "COMMENTS": "2"}, {"TITLE": "\u7121\u5e8f\u5922\u56c8", "FULLNAME": "disorder-flapdoodle", "RATING": 18, "COMMENTS": "0"}, {"TITLE": "SCP-ZH-750 - \u795e\u8aaa\uff1a\u300c\u8981\u6709\u6cb9\u3002\u300d\u5c31\u6709\u4e86\u6cb9\u3002", "FULLNAME": "scp-zh-750", "RATING": 31, "COMMENTS": "5"}, {"TITLE": "SCP-ZH-441 - \u53ea\u80fd\u4ee5\u9019\u7a2e\u65b9\u5f0f\u932f\u8aa4\u5730\u60e6\u8a18\u88ab\u78be\u58d3\u800c\u4ea1\u7684\u5c4d\u9ad4", "FULLNAME": "scp-zh-441", "RATING": 17, "COMMENTS": "1"}, {"TITLE": "SCP-ZH-029 - \u77c7\u773c\u5c04\u98db\u93e2", "FULLNAME": "scp-zh-029", "RATING": 10, "COMMENTS": "1"}, {"TITLE": "\u6728\u6613\u767e\u8f09\uff1a\u798f\u723e\u6469\u6c99\u8fd1\u4ee3\u53f2\u5c55", "FULLNAME": "mu-yi-exhibition-2022", "RATING": 13, "COMMENTS": "1"}, {"TITLE": "SCP-ZH-912-J - \u5927\u5fcc", "FULLNAME": "scp-zh-912-j", "RATING": 21, "COMMENTS": "6"}, {"TITLE": "\u80cc\u9762\u7684\u96fb\u8a71\u4ead", "FULLNAME": "phone-booth5", "RATING": 17, "COMMENTS": "0"}, {"TITLE": "SCP-ZH-173 - BLACK-GROUND: The Prologue", "FULLNAME": "scp-zh-173", "RATING": 15, "COMMENTS": "2"}, {"TITLE": "SCP-ZH-824 - \u6700\u6c89\u91cd\u7684\u7e6a\u5716\u7b46", "FULLNAME": "scp-zh-824", "RATING": 12, "COMMENTS": "1"}, {"TITLE": "SCP-ZH-180 - \u5b89 \u59ae :-)", "FULLNAME": "scp-zh-180", "RATING": 23, "COMMENTS": "2"}, {"TITLE": "\u300a\u764c\u53c8\u875f\u9d28\uff1a\u7d05\u85cd\u722d\u9738\u6230\u300b", "FULLNAME": "honglam-battle", "RATING": 12, "COMMENTS": "8"}, {"TITLE": "SCP-ZH-211 - \u795d\u5927\u5bb6\u65e9\u5b89", "FULLNAME": "scp-zh-211", "RATING": 10, "COMMENTS": "1"}, {"TITLE": "SCP-ZH-220 - H.K.\u6c38\u9060\u7684\u5bb6", "FULLNAME": "scp-zh-220", "RATING": 21, "COMMENTS": "0"}, {"TITLE": "SCP-ZH-059 - \u7121\u5f62\u7684\u5974\u96b8\u8207\u53cd\u6297", "FULLNAME": "scp-zh-059", "RATING": 20, "COMMENTS": "0"}, {"TITLE": "SCP-ZH-328 - Dark Soups", "FULLNAME": "scp-zh-328", "RATING": 20, "COMMENTS": "3"}, {"TITLE": "Lostwhat\u7684\u63d0\u6848\u4e00", "FULLNAME": "lostwhat-s-proposal", "RATING": 38, "COMMENTS": "2"}, {"TITLE": "SCP-ZH-176 - \u300a\u6d77\u9dd7\u7684\u5927\u64a4\u9000\u300b", "FULLNAME": "scp-zh-176", "RATING": 22, "COMMENTS": "0"}, {"TITLE": "SCP-ZH-135 - \u8c93\u54aa\u4e0d\u548c\u6211\u73a9", "FULLNAME": "scp-zh-135", "RATING": 22, "COMMENTS": "2"}, {"TITLE": "SCP-ZH-993 - \u7121\u77e5\u5247\u81ea\u7531", "FULLNAME": "scp-zh-993", "RATING": 25, "COMMENTS": "0"}, {"TITLE": "Reverberate_a\u7684\u63d0\u6848", "FULLNAME": "reverberate-a-s-proposal-1", "RATING": 23, "COMMENTS": "2"}, {"TITLE": "\u8f38\u5165\u5bc6\u5319\uff1a67337-94-505", "FULLNAME": "scp-zh-505", "RATING": 13, "COMMENTS": "0"}, {"TITLE": "\u4f46\u9858\u6211\u4e0d\u518d\u597d\u547d", "FULLNAME": "toogoodtobetrue", "RATING": 19, "COMMENTS": "1"}, {"TITLE": "\u57f7\u5de6\u9053\u8005\u7684\u81ea\u6211\u653f\u8b8a", "FULLNAME": "self-coup-of-the-knavish", "RATING": 17, "COMMENTS": "2"}, {"TITLE": "SCP-ZH-190 - \u5fc3\u9748\u7db2\u8def", "FULLNAME": "scp-zh-190", "RATING": 15, "COMMENTS": "1"}, {"TITLE": "SCP-ZH-989 - \u6211\u5011\u8166\u4e2d\u7684\u592a\u967d", "FULLNAME": "scp-zh-989", "RATING": 20, "COMMENTS": "1"}, {"TITLE": "SCP-ZH-911 - \u4f60\u6240\u634d\u885b\u7684\u81ea\u7531", "FULLNAME": "scp-zh-911", "RATING": 22, "COMMENTS": "0"}, {"TITLE": "\u6b61\u8fce\u56de\u5bb6", "FULLNAME": "fog-house", "RATING": 19, "COMMENTS": "3"}, {"TITLE": "\u6211\u5011\u4e4b\u4e2d\u6709\u500b\u9593\u8adc", "FULLNAME": "there-is-a-imposter-among-us", "RATING": 21, "COMMENTS": "1"}, {"TITLE": "\u9716\u8336", "FULLNAME": "rain-and-tea", "RATING": 13, "COMMENTS": "3"}, {"TITLE": "SCP-ZH-418 - \u67e5\u7121\u6b64\u9805\u76ee", "FULLNAME": "scp-zh-418", "RATING": 10, "COMMENTS": "2"}, {"TITLE": "\u6842\u82b1\u548c\u6d0b\u7518\u83ca", "FULLNAME": "tea-rain-halloween2022", "RATING": 16, "COMMENTS": "1"}, {"TITLE": "SCP-ZH-230 - H.K.\u7684\u6f2b\u9577\u9918\u751f", "FULLNAME": "scp-zh-230", "RATING": 13, "COMMENTS": "0"}, {"TITLE": "\u56de\u5c71\uff0c\u56de\u5bb6", "FULLNAME": "a-home-welcoming-story-rsr-lu", "RATING": 10, "COMMENTS": "0"}, {"TITLE": "SCP-ZH-149 - \u8eab\u9ad4\u662f\u4f60\u8a5b\u5492\u7684\u9053\u8def", "FULLNAME": "scp-zh-149", "RATING": 10, "COMMENTS": "0"}, {"TITLE": "\u90a3\u662f\u4e00\u9593\u5c0f\u6728\u5c4b", "FULLNAME": "wanderers:that-is-a-cabin", "RATING": 8, "COMMENTS": "0"}, {"TITLE": "\u7f85\u5a01\u723e\u7684\u7897\u8207\u5929\u9d5d", "FULLNAME": "wanderers:outer-space-marketing-articles-tyrosine", "RATING": 16, "COMMENTS": "5"}, {"TITLE": "\u7aae\u4e0d\u5c60\u7272\u755c\u3001\u8352\u4e0d\u796d\u6b7f\u7f85", "FULLNAME": "wanderers:don-t-sacrifice-to-deathweb", "RATING": 8, "COMMENTS": "2"}, {"TITLE": "\u56de\u61b6\u88e1\u7684\u85b0\u8863\u8349", "FULLNAME": "wanderers:after-cube-ch-01", "RATING": 11, "COMMENTS": "1"}, {"TITLE": "\u4e00\u96bb\u86af\u8693", "FULLNAME": "wanderers:an-earthworm", "RATING": 12, "COMMENTS": "2"}, {"TITLE": "\u661f\u661f\u88fd\u9020\u8005", "FULLNAME": "wanderers:star-maker", "RATING": 23, "COMMENTS": "4"}, {"TITLE": "\u516c\u5712\u9577\u6905\u4e0a\u7684\u7537\u4eba", "FULLNAME": "wanderers:man-on-the-bench", "RATING": 10, "COMMENTS": "3"}, {"TITLE": "\u8feb\u964d\u4e8b\u4ef6", "FULLNAME": "wanderers:a-freak-accident-also-a-forced-anchorage", "RATING": 10, "COMMENTS": "0"}, {"TITLE": "\u592a\u967d\u7981\u6b62\u9032\u5165", "FULLNAME": "wanderers:eos-and-sun", "RATING": 20, "COMMENTS": "1"}, {"TITLE": "\u74f6\u4e2d\u7684\u78a7\u7fe0\u6602", "FULLNAME": "wanderers:homunculus", "RATING": 20, "COMMENTS": "0"}, {"TITLE": "\u6885\u723e\u8207\u73cd\u73e0", "FULLNAME": "wanderers:pearl", "RATING": 19, "COMMENTS": "2"}, {"TITLE": "\u4e2d\u79cb\u591c\u9063\u61f7", "FULLNAME": "wanderers:wandered-at-night", "RATING": 14, "COMMENTS": "1"}, {"TITLE": "\u5728\u4e0d\u5b89\u4e4b\u6642\u7948\u6c42\u5e73\u5b89\u4e4b\u4eba", "FULLNAME": "wanderers:the-man-who-praying-for-peace-in-a-hard-time", "RATING": 10, "COMMENTS": "0"}, {"TITLE": "\u4e03\u5f8b\u2014\u2014\u6b4c\u54ed\u54bd", "FULLNAME": "wanderers:die-in-immortality", "RATING": 22, "COMMENTS": "2"}, {"TITLE": "\u5982\u662f\u6211\u805e", "FULLNAME": "wanderers:flowers-thus-have-i-heard", "RATING": 18, "COMMENTS": "0"}]