[{"TITLE": "SCP-ZH-618 - \u592a\u967d\u9905\u7345", "FULLNAME": "scp-zh-618", "RATING": 42, "COMMENTS": "0"}, {"TITLE": "SCP-ZH-886 - \u90a3\u4e9b\u8db3\u8de1", "FULLNAME": "scp-zh-886", "RATING": 13, "COMMENTS": "0"}, {"TITLE": "SCP-ZH-005 - \u5047\u5982\u4f60\u6c92\u6709\u8f49\u767c\u9019\u7bc7\u6587\u6a94\u7d66\u5341\u500b\u670b\u53cb\uff0c\u90a3\u9ebc\u2026\u2026\u2026\u2026", "FULLNAME": "scp-zh-005", "RATING": 62, "COMMENTS": "0"}, {"TITLE": "SCP-ZH-193 - \u4eba\u8207\u96fb\u8207\u92fc\u4e4b\u4e00\u65cf", "FULLNAME": "scp-zh-193", "RATING": 15, "COMMENTS": "0"}, {"TITLE": "Ctrl Z\u535a\u58eb\u7684SCP\u8a18\u9304\uff1aSCP-178 \"3-D\" Specs", "FULLNAME": "bangyen178", "RATING": 5, "COMMENTS": "0"}, {"TITLE": "Dr.Ctrl Z\u7684SCP\u8a18\u9304\uff1aSCP-408 \u5e7b\u8c61\u8776", "FULLNAME": "bangyen408", "RATING": 5, "COMMENTS": "1"}, {"TITLE": "Ctrl Z\u535a\u58eb\u7684SCP\u8a18\u9304\uff1aSCP-343 \u795e", "FULLNAME": "bangyen343", "RATING": 6, "COMMENTS": "0"}, {"TITLE": "Site-ZH-81\u7684\u767b\u8266\u7533\u8acb\u66f8", "FULLNAME": "boarding", "RATING": 12, "COMMENTS": "1"}, {"TITLE": "\u4e09\u751f\u6709\u5e78", "FULLNAME": "third-life", "RATING": 21, "COMMENTS": "0"}, {"TITLE": "\u7dad\u5b89\u8a2d\u65bd\u6a94\u6848\uff1aSite-ZH-81", "FULLNAME": "site-zh-81", "RATING": 19, "COMMENTS": "0"}, {"TITLE": "SCP-ZH-9288-EX", "FULLNAME": "scp-zh-9288-ex", "RATING": 45, "COMMENTS": "5"}, {"TITLE": "SCP-ZH-258 - \u5354\u548c\u5fa1\u5b88", "FULLNAME": "scp-zh-258", "RATING": 13, "COMMENTS": "0"}, {"TITLE": "\u5c71\u59c6\u7684ZH\u5206\u90e8\u89d2\u8272\u7d00\u9304\u672c", "FULLNAME": "doodles-from-sam", "RATING": 25, "COMMENTS": "3"}, {"TITLE": "\u85dd\u8853\u7d00\u9304\uff1a\u9019\u4e9b\u5be7\u975c\u7684\u65e5\u5b50\u3002", "FULLNAME": "art-for-3519", "RATING": 11, "COMMENTS": "0"}, {"TITLE": "\u5b89\u5e03\u7f85\u65af\u9910\u5ef3-\u4f0a\u85a9\u79d1\u592b\u865f\u5206\u5e97 (\u7bc0\u65e5\u9650\u5b9a)", "FULLNAME": "ambrose-isakov", "RATING": 28, "COMMENTS": "9"}, {"TITLE": "SCP-ZH-136 - \u4ed9\u5973\u6728\u4e4b\u68ee", "FULLNAME": "scp-zh-136", "RATING": 13, "COMMENTS": "1"}, {"TITLE": "\u4e0d\u66fe\u505c\u6b47", "FULLNAME": "88-step", "RATING": 13, "COMMENTS": "1"}, {"TITLE": "\u5f9e\u4eca\u4ee5\u5f8c\uff0c\u5979\u5c07\u6c38\u751f", "FULLNAME": "she-lives-in-my-heart", "RATING": 22, "COMMENTS": "5"}, {"TITLE": "SCP-ZH-166 - \u505c\u6eef\u5728\u695a\u6cb3\u6f22\u754c", "FULLNAME": "scp-zh-166", "RATING": 21, "COMMENTS": "2"}, {"TITLE": "\u5728\u90a3\u4e4b\u5f8c\u7684\u53e6\u4e00\u500b\u53ef\u80fd", "FULLNAME": "another-possibility", "RATING": 9, "COMMENTS": "1"}, {"TITLE": "SCP-066 \u65b0\u6982\u5ff5\u97f3\u97ff", "FULLNAME": "scp-066-painting", "RATING": 8, "COMMENTS": "0"}, {"TITLE": "\u4e3b\u7ad9\u535a\u58eb\u76f8\u95dc\u63d2\u5716", "FULLNAME": "qmario-artwork-1", "RATING": 16, "COMMENTS": "1"}, {"TITLE": "\u86db\u7db2\u8d77\u6e90\uff1a\u90a3\u662f1993\u5e74", "FULLNAME": "1993-cobweb-international", "RATING": 14, "COMMENTS": "1"}, {"TITLE": "\u6211\u5728\u842c\u7269\u4e4b\u4e2d", "FULLNAME": "arkwork-3999", "RATING": 38, "COMMENTS": "8"}, {"TITLE": "SCP-ZH-103 - \u6613\u5f62\u9d1e\u9b54", "FULLNAME": "scp-zh-103", "RATING": 15, "COMMENTS": "2"}, {"TITLE": "\u6211\u6c92\u80fd\u6551\u5230\u4ed6\u3002", "FULLNAME": "arkwork-zh-200", "RATING": 23, "COMMENTS": "0"}, {"TITLE": "SCP-ZH-053 - \u8b93\u6211\u5011\u64e6\u4e7e\u4f60\u7684\u6dda\u6c34", "FULLNAME": "scp-zh-053", "RATING": 30, "COMMENTS": "0"}, {"TITLE": "\u6211\u4e0d\u8a8d\u8b58\u6c34\u88e1\u7684AD", "FULLNAME": "i-don-t-recognize-that-ad-in-the-water", "RATING": 13, "COMMENTS": "0"}, {"TITLE": "\u7121\u5922\u4e4b\u4eba\u662f\u5426\u6703\u5922\u5230\u660e\u5929\u7684\u666f\u8272", "FULLNAME": "dream-about-tomorrow", "RATING": 18, "COMMENTS": "5"}, {"TITLE": "\u65b0\u805e\u5feb\u8a0a\uff1a\u82e5\u6211\u5011\u8981\u9054\u5230\u4ec1\u6148\u7684\u4e0b\u5834\uff0c\u61c9\u8a72\u9075\u5b88\u54ea\u4e9b\u4e8b\u60c5", "FULLNAME": "news-site-zh-81-1", "RATING": 25, "COMMENTS": "5"}, {"TITLE": "Dr. Kris\u7684\u6587\u6a94\u5c71\u6d77\uff0dDr. \u8d85\u8870\u5e03\u840a\u6069Vol.1", "FULLNAME": "k1s10r0d-dr-suck-luck-bryan-vol-1", "RATING": 11, "COMMENTS": "0"}, {"TITLE": "\u85dd\u8853\u7d00\u9304\uff1a\u6b7b\u4ea1\uff0c\u6c38\u751f-1", "FULLNAME": "art-for-death-eternal-life-1", "RATING": 18, "COMMENTS": "1"}, {"TITLE": "\u5be6\u7fd2", "FULLNAME": "practice", "RATING": 17, "COMMENTS": "0"}, {"TITLE": "SCP-ZH-102 - \u300a\u5f69\u8679\u6a4b\u300b\u4fdd\u5bc6\u689d\u6b3e", "FULLNAME": "scp-zh-102", "RATING": 9, "COMMENTS": "9"}, {"TITLE": "\u81f4\u81ea\u7531", "FULLNAME": "0535-june-4th", "RATING": 9, "COMMENTS": "8"}, {"TITLE": "SCP-ZH-603 - \u8173\u8e0f\u8eca\u4e0a\u7684\u4eba", "FULLNAME": "scp-zh-603", "RATING": 30, "COMMENTS": "5"}, {"TITLE": "SCP-ZH-103 \u76f8\u95dc\u5be6\u9a57\u8a18\u9304", "FULLNAME": "scp-zh-103-experiment-log", "RATING": 16, "COMMENTS": "3"}, {"TITLE": "\u5de7\u9054Clef!", "FULLNAME": "arkwork-chowderclef", "RATING": 25, "COMMENTS": "0"}, {"TITLE": "\u500b\u4eba\u65e5\u8a8c", "FULLNAME": "personal-diary-of-iceberg-and-gears", "RATING": 11, "COMMENTS": "2"}, {"TITLE": "\u5fae\u96e8", "FULLNAME": "drizzle", "RATING": 11, "COMMENTS": "2"}, {"TITLE": "\u6211\u768447", "FULLNAME": "my-47-th", "RATING": 13, "COMMENTS": "0"}, {"TITLE": "\u6eff\u6d32\u570b\u7570\u5e38\u8fa6\u516c\u5ba4\u968a\u6b4c", "FULLNAME": "the-song-of-mckao", "RATING": 10, "COMMENTS": "4"}, {"TITLE": "\u83c7\u83c7\u57fa\u91d1\u6703", "FULLNAME": "fungi-foundation", "RATING": 22, "COMMENTS": "6"}, {"TITLE": "\u7259\u79d1\u5b9a\u671f\u6aa2\u8a3a", "FULLNAME": "teeth-checked", "RATING": 12, "COMMENTS": "3"}, {"TITLE": "\u70ba\u4f55\u6211\u5011\u4e0d\u80fd\u6feb\u7528\u73fe\u5be6\u7a69\u5b9a\u9328\uff1f", "FULLNAME": "about-scranton-reality-anchors", "RATING": 17, "COMMENTS": "3"}, {"TITLE": "\u73a9\u724c\u7684Bright\uff1f", "FULLNAME": "aaaa-zh", "RATING": 8, "COMMENTS": "3"}, {"TITLE": "\u83f8\u8207\u7dda", "FULLNAME": "cigaret-and-thread", "RATING": 6, "COMMENTS": "2"}, {"TITLE": "SCP-073 Cain \u8a72\u96b1 & SCP-076 Abel \u4e9e\u4f2f", "FULLNAME": "the-cain-from-eternal2018", "RATING": 6, "COMMENTS": "0"}, {"TITLE": "\u6fc3\u6e6f\u7d04\u6703", "FULLNAME": "chowder-date", "RATING": 20, "COMMENTS": "2"}, {"TITLE": "\u8da8\u5149", "FULLNAME": "phototaxis", "RATING": 10, "COMMENTS": "0"}, {"TITLE": "\u8ddd\u96e2\u4e16\u754c\u672b\u65e5\u9084\u6709\u4e94\u5206\u9418", "FULLNAME": "five-minutes-to-end", "RATING": 26, "COMMENTS": "0"}, {"TITLE": "SCP-ZH-333 - \u5f80\u65e5\u4e0d\u518d", "FULLNAME": "adult:scp-zh-333", "RATING": 8, "COMMENTS": "0"}, {"TITLE": "\u4eba\u7684\u60b2\u6b61\uff0c\u4e26\u4e0d\u76f8\u901a", "FULLNAME": "human-sorrows-and-joys", "RATING": 13, "COMMENTS": "2"}, {"TITLE": "Bright\u5bb6\u65cf", "FULLNAME": "bright-family", "RATING": 10, "COMMENTS": "1"}, {"TITLE": "\u62cb\u9234\u4eba\u4e2d\u5fc3\u9801", "FULLNAME": "goi-bt", "RATING": 23, "COMMENTS": "1"}, {"TITLE": "\u57fa\u91d1\u6703\u54e1\u5de5\u6392\u8d77\u4e86\u968a", "FULLNAME": "self-service-laundry-zh", "RATING": 11, "COMMENTS": "1"}, {"TITLE": "\u7dde\u5e36\u98c4\u98c4\uff0c\u9234\u64fa\u5679\u5679", "FULLNAME": "ctf15-21-molly", "RATING": 12, "COMMENTS": "1"}, {"TITLE": "SCP-ZH-282 - \u9955\u5ba2", "FULLNAME": "scp-zh-282", "RATING": 19, "COMMENTS": "3"}, {"TITLE": "\u8b1d\u5e55\u7684\u984f\u8272", "FULLNAME": "color-of-take-a-bow", "RATING": 15, "COMMENTS": "3"}, {"TITLE": "\u975e\u76f8\u95dc\u4eba\u54e1\u7981\u6b62\u95b1\u89bd", "FULLNAME": "adult:unrelated-person-do-not-read", "RATING": 16, "COMMENTS": "2"}, {"TITLE": "SCP-ZH-390 - \u81fa\u7063\u5beb\u4f5c\u6e2c\u9a57", "FULLNAME": "scp-zh-390", "RATING": 9, "COMMENTS": "6"}, {"TITLE": "\u6c38\u751f\u4e4b\u5922", "FULLNAME": "the-dream-of-immortality", "RATING": 5, "COMMENTS": "2"}, {"TITLE": "\u300c\u706b\u9b54\u6cd5\u300d\u56de\u9867\uff1a\u4f3c\u540c\u5be6\u7570\u7684\u5169\u5927\u985e\u8853\u5f0f", "FULLNAME": "review-of-fire-spells", "RATING": 16, "COMMENTS": "0"}, {"TITLE": "Myosotis", "FULLNAME": "myosotis", "RATING": 17, "COMMENTS": "0"}, {"TITLE": "\u6c92\u6709\u57fa\u91d1\u6703\u7684\u90a3\u6642", "FULLNAME": "the-time-foundation-disappeared", "RATING": 24, "COMMENTS": "0"}, {"TITLE": "\u4f60\u77e5\u9053\u55ce", "FULLNAME": "do-you-know-i-love-you", "RATING": 14, "COMMENTS": "1"}, {"TITLE": "\u4e58\u7269\u4e4b\u7269", "FULLNAME": "wanderers:gerens-paxillum", "RATING": 11, "COMMENTS": "0"}, {"TITLE": "\u9577\u51ac", "FULLNAME": "wanderers:long-winter", "RATING": 11, "COMMENTS": "0"}]