[{"TITLE": "SCP-ZH-229 - \u85cd\u4e7e\u916a", "FULLNAME": "scp-zh-229", "RATING": 14, "COMMENTS": "3"}, {"TITLE": "SCP-ZH-117 - \u9053\u8def\u4fdd\u6301\u66a2\u901a", "FULLNAME": "scp-zh-117", "RATING": 33, "COMMENTS": "1"}, {"TITLE": "SCP-ZH-401 - \u8272\u925b\u7b46", "FULLNAME": "scp-zh-401", "RATING": 9, "COMMENTS": "2"}, {"TITLE": "SCP-ZH-178 - \u676f\u9ce5", "FULLNAME": "scp-zh-178", "RATING": 11, "COMMENTS": "2"}, {"TITLE": "SCP-ZH-089 - \u4e0d\u5b58\u5728\u7684ACG\u8cfc\u7269\u7db2", "FULLNAME": "scp-zh-089", "RATING": 14, "COMMENTS": "1"}, {"TITLE": "SCP-ZH-105 - \u4e0d\u5b5d\u5b50", "FULLNAME": "scp-zh-105", "RATING": 66, "COMMENTS": "5"}, {"TITLE": "SCP-ZH-125 - \u535a\u611b\u5ea7", "FULLNAME": "scp-zh-125", "RATING": 22, "COMMENTS": "2"}]