[{"TITLE": "SCP-ZH-655 - \u6c38\u9060\u7684\u516d\u9ede\u4e94\u5341\u4e94\u5206", "FULLNAME": "scp-zh-655", "RATING": 8, "COMMENTS": "1"}, {"TITLE": "SCP-ZH-251 - \u4e09\u6a13\u907a\u5740", "FULLNAME": "scp-zh-251", "RATING": 10, "COMMENTS": "0"}, {"TITLE": "SCP-ZH-811 - \u5357\u4e2d\u5b78\u5802", "FULLNAME": "scp-zh-811", "RATING": 10, "COMMENTS": "6"}, {"TITLE": "SCP-ZH-551 - \u5c0f\u77f3\u6f6d\u8a18", "FULLNAME": "scp-zh-551", "RATING": 8, "COMMENTS": "3"}, {"TITLE": "SCP-ZH-229 - \u85cd\u4e7e\u916a", "FULLNAME": "scp-zh-229", "RATING": 14, "COMMENTS": "3"}, {"TITLE": "SCP-ZH-346 - \u76ae\u958b\u8089\u7dbb\u68d2", "FULLNAME": "scp-zh-346", "RATING": 5, "COMMENTS": "1"}, {"TITLE": "SCP-ZH-666 - \u88ab\u751f\u547d\u6240\u53ad\u60e1\u8005", "FULLNAME": "scp-zh-666", "RATING": 15, "COMMENTS": "2"}, {"TITLE": "SCP-ZH-018 - \u7e7c\u627f\u4e4b\u7167", "FULLNAME": "scp-zh-018", "RATING": 10, "COMMENTS": "2"}, {"TITLE": "SCP-ZH-122 - \u87a2\u706b\u87f2\u71c8\u6ce1", "FULLNAME": "scp-zh-122", "RATING": 5, "COMMENTS": "1"}, {"TITLE": "SCP-ZH-555", "FULLNAME": "scp-zh-555", "RATING": 1, "COMMENTS": "5"}, {"TITLE": "SCP-ZH-349 - \u5929\u5df2\u904a\u61a9\u5ef3", "FULLNAME": "scp-zh-349", "RATING": 6, "COMMENTS": "1"}, {"TITLE": "SCP-ZH-521 - \u647a\u7d19\u5c4b", "FULLNAME": "scp-zh-521", "RATING": 3, "COMMENTS": "2"}, {"TITLE": "SCP-ZH-421 - \u56de\u6714\u9336", "FULLNAME": "scp-zh-421", "RATING": 6, "COMMENTS": "1"}, {"TITLE": "SCP-ZH-629 - \u56de\u8072\u676f", "FULLNAME": "scp-zh-629", "RATING": 4, "COMMENTS": "1"}, {"TITLE": "SCP-ZH-529 - \u8ffd\u89f4\u98f2\u671b", "FULLNAME": "scp-zh-529", "RATING": 8, "COMMENTS": "2"}, {"TITLE": "SCP-ZH-401 - \u8272\u925b\u7b46", "FULLNAME": "scp-zh-401", "RATING": 9, "COMMENTS": "2"}, {"TITLE": "SCP-ZH-900 - \u77f3\u7070\u6e26\u8f2a", "FULLNAME": "scp-zh-900", "RATING": 8, "COMMENTS": "1"}, {"TITLE": "SCP-ZH-882 - \u8d85\u731b\u53ec\u559a\u5927\u5168", "FULLNAME": "scp-zh-882", "RATING": 13, "COMMENTS": "1"}, {"TITLE": "\u6728\u6613\u85cf\u66f8\u95a3\u76ee\u9304 \u66f8-\u4e94\u96f6\u4e09 \u300a\u738b\u6c0f\u6613\u300b", "FULLNAME": "wong-magical-book", "RATING": 10, "COMMENTS": "2"}, {"TITLE": "SCP-ZH-825 - \u5947\u840a\u5b64\u5152", "FULLNAME": "scp-zh-825", "RATING": 12, "COMMENTS": "0"}, {"TITLE": "SCP-ZH-583 - \u58ef\u70c8\u6210\u4ec1", "FULLNAME": "scp-zh-583", "RATING": 12, "COMMENTS": "6"}, {"TITLE": "SCP-ZH-199 - \u4e2d\u6c38\u548c\u8ff7\u5bae", "FULLNAME": "scp-zh-199", "RATING": 22, "COMMENTS": "8"}, {"TITLE": "SCP-ZH-105 - \u4e0d\u5b5d\u5b50", "FULLNAME": "scp-zh-105", "RATING": 66, "COMMENTS": "5"}, {"TITLE": "SCP-ZH-077", "FULLNAME": "scp-zh-077", "RATING": 17, "COMMENTS": "3"}, {"TITLE": "SCP-ZH-515 - \u5e73\u5b89\u7b26", "FULLNAME": "scp-zh-515", "RATING": 44, "COMMENTS": "2"}, {"TITLE": "\u719f\u6089\u7684\u964c\u751f\u4eba\u5011", "FULLNAME": "familiar-strangers", "RATING": 12, "COMMENTS": "0"}, {"TITLE": "\u5047\u5982\u4f60\u4f86\u5230\u9019\u500b\u5b87\u5b99\u8acb\u4fdd\u6301\u51b7\u975c", "FULLNAME": "you-need-icecream-in-summer", "RATING": 31, "COMMENTS": "1"}, {"TITLE": "Ctrl Z\u535a\u58eb\u7684SCP\u8a18\u9304\uff1aSCP-076 \u4e9e\u4f2f", "FULLNAME": "heyismebangyen", "RATING": 9, "COMMENTS": "0"}, {"TITLE": "SCP-ZH-925 - \u9b54\u8853\u5e2b\u8863\u6ac3", "FULLNAME": "scp-zh-925", "RATING": 12, "COMMENTS": "1"}, {"TITLE": "\u842c\u83ef\u93e1\u4e2d\u7684\u8c93", "FULLNAME": "cats-in-kaleidoscopes", "RATING": 18, "COMMENTS": "0"}, {"TITLE": "\u5b69\u5b50\u7684\u4e16\u754c", "FULLNAME": "childhood", "RATING": 14, "COMMENTS": "1"}, {"TITLE": "SCP-ZH-259 - \u4eba\u53bb\u9905\u7a7a", "FULLNAME": "scp-zh-259", "RATING": 11, "COMMENTS": "0"}, {"TITLE": "SCP-ZH-815 - \u4e00\u5bb6\u70e4\u8089\u842c\u5bb6\u9999", "FULLNAME": "scp-zh-815", "RATING": 35, "COMMENTS": "8"}, {"TITLE": "\u6709\u95dc\u6279\u51c6\u958b\u767c\u5f9e\u57fa\u6e96\u4e16\u754c\u9023\u63a5\u81f3\u7570\u5e38\u7a7a\u9593\u6c34\u7ba1\u4e4b\u7533\u8acb", "FULLNAME": "water-pipe", "RATING": 8, "COMMENTS": "0"}, {"TITLE": "SCP-ZH-913 - \u56de\u5bb6\u6708\u9905", "FULLNAME": "scp-zh-913", "RATING": 17, "COMMENTS": "0"}, {"TITLE": "SCP-ZH-272 - \u671b\u5730\u6708\u5ca9", "FULLNAME": "scp-zh-272", "RATING": 9, "COMMENTS": "0"}, {"TITLE": "\u6728\u6613\u85cf\u66f8\u95a3\u76ee\u9304 \u6728-\u4e00\u4e00\u4e94 \u300a\u671b\u6708\u7bb8\u300b", "FULLNAME": "mu-yi-115", "RATING": 16, "COMMENTS": "2"}, {"TITLE": "SCP-ZH-217 - \u8207\u904e\u53bb\u76f8\u4f34\u7684\u7a3b\u8349\u4eba", "FULLNAME": "scp-zh-217", "RATING": 10, "COMMENTS": "0"}, {"TITLE": "SCP-ZH-044 - \u77f3\u7011\u72fb\u730a", "FULLNAME": "scp-zh-044", "RATING": 22, "COMMENTS": "3"}, {"TITLE": "\u5b89\u5e03\u7f85\u65af\u9910\u5ef3-\u4f0a\u85a9\u79d1\u592b\u865f\u5206\u5e97 (\u7bc0\u65e5\u9650\u5b9a)", "FULLNAME": "ambrose-isakov", "RATING": 28, "COMMENTS": "9"}, {"TITLE": "\u6b7b\u4ea1\u6c38\u751f\u6311\u6230\u6d3b\u52d5", "FULLNAME": "death-eternal-life", "RATING": 2, "COMMENTS": "7"}, {"TITLE": "SCP-ZH-291 - \u8b0e\u4e4b\u5916\u661f\u8840\u6676\u87b3\u8782\u8513", "FULLNAME": "scp-zh-291", "RATING": 1, "COMMENTS": "17"}, {"TITLE": "\u81f4\u81ea\u7531", "FULLNAME": "0535-june-4th", "RATING": 9, "COMMENTS": "8"}, {"TITLE": "\u4e2d\u570b\u570b\u5b89\u90e8\uff0c\u4e0d\u61c9\u5b58\u5728\u7684\u5341\u4e5d\u5c40", "FULLNAME": "19th-bureau-of-mss-of-china", "RATING": 19, "COMMENTS": "18"}, {"TITLE": "\u96d9\u57ce\u4f5c\u6230\u4e2d\u5fc3\u9801", "FULLNAME": "operation-twin-cities-hub", "RATING": 9, "COMMENTS": "1"}, {"TITLE": "GOI\u840c\u5a18\u5316-\u4e0b\u5348\u8336\u6703", "FULLNAME": "goi", "RATING": 16, "COMMENTS": "2"}, {"TITLE": "\u88ab\u62b9\u53bb\u7684\u8840\u75d5", "FULLNAME": "scp-835-jp-uncontained", "RATING": 10, "COMMENTS": "0"}, {"TITLE": "\u7d00\u9304\u53ca\u8a0a\u606f\u5b89\u5168\u7ba1\u7406\u90e8\u9580\u7279\u6b8a\u6587\u4ef6\uff0d\u8207\u674e\u7e3d\u7d71\u767b\u8f1d\u5148\u751f\u76f8\u95dc\u7684\u5c08\u8a2a", "FULLNAME": "raisa-lee-teng-hui", "RATING": 17, "COMMENTS": "1"}, {"TITLE": "\u4f60\u6703\u611f\u5230\u5f8c\u6094\u55ce\uff1f", "FULLNAME": "what-are-you-waiting-for-just-join-goc-dude", "RATING": 36, "COMMENTS": "5"}, {"TITLE": "\u82b1\u8a9e\uff1a\u84b2\u516c\u82f1", "FULLNAME": "taraxacum", "RATING": 18, "COMMENTS": "0"}, {"TITLE": "SCP-ZH-880 - \u963f\u5b24\u89ba\u5f97\u4f60\u51b7", "FULLNAME": "scp-zh-880", "RATING": 30, "COMMENTS": "2"}, {"TITLE": "\u7375\u72d0\u884c\u52d5", "FULLNAME": "foxhunt", "RATING": 13, "COMMENTS": "0"}, {"TITLE": "\u9060\u5df1\u4e2d\u5fc3\u9801", "FULLNAME": "yuanji-hub", "RATING": 15, "COMMENTS": "9"}, {"TITLE": "\u300c\u8f49\u4e16\u8a08\u5283\u300d", "FULLNAME": "project-reincarnation", "RATING": 17, "COMMENTS": "1"}, {"TITLE": "\u661f\u661f\u88fd\u9020\u8005", "FULLNAME": "wanderers:star-maker", "RATING": 23, "COMMENTS": "4"}, {"TITLE": "\u4e03\u5f8b\u2014\u2014\u6b4c\u54ed\u54bd", "FULLNAME": "wanderers:die-in-immortality", "RATING": 22, "COMMENTS": "2"}]