[{"TITLE": "\u6728\u6613\u85cf\u66f8\u95a3 \u4e2d\u5fc3\u9801", "FULLNAME": "mu-yi-hub", "RATING": 13, "COMMENTS": "0"}, {"TITLE": "SCP-ZH-017 - \u6c38\u8861\u570b\u5165\u5883\u7533\u8acb\u8868", "FULLNAME": "scp-zh-017", "RATING": 19, "COMMENTS": "1"}, {"TITLE": "SCP-ZH-431 - \u56fa\u6709\u984f\u6599", "FULLNAME": "scp-zh-431", "RATING": 4, "COMMENTS": "1"}, {"TITLE": "SCP-ZH-666 - \u88ab\u751f\u547d\u6240\u53ad\u60e1\u8005", "FULLNAME": "scp-zh-666", "RATING": 15, "COMMENTS": "2"}, {"TITLE": "SCP-ZH-117 - \u9053\u8def\u4fdd\u6301\u66a2\u901a", "FULLNAME": "scp-zh-117", "RATING": 33, "COMMENTS": "1"}, {"TITLE": "SCP-ZH-629 - \u56de\u8072\u676f", "FULLNAME": "scp-zh-629", "RATING": 4, "COMMENTS": "1"}, {"TITLE": "SCP-ZH-401 - \u8272\u925b\u7b46", "FULLNAME": "scp-zh-401", "RATING": 9, "COMMENTS": "2"}, {"TITLE": "UIU\u6a94\u6848\uff1a1970-005", "FULLNAME": "uiu-1970-005", "RATING": 7, "COMMENTS": "0"}, {"TITLE": "\u5c0f\u52d5\u7269\u7c21\u4ecb\uff1aDoris\uff01", "FULLNAME": "doris", "RATING": 6, "COMMENTS": "3"}, {"TITLE": "SCP-ZH-213 - \u9078\u64c7\u773c\u93e1", "FULLNAME": "scp-zh-213", "RATING": 4, "COMMENTS": "1"}, {"TITLE": "SCP-ZH-372 - \u9ed1\u9ad4\u7fa4", "FULLNAME": "scp-zh-372", "RATING": 15, "COMMENTS": "9"}, {"TITLE": "SCP-ZH-748 - \u6dda\u9b54", "FULLNAME": "scp-zh-748", "RATING": 5, "COMMENTS": "2"}, {"TITLE": "SCP-ZH-587-J", "FULLNAME": "scp-zh-587-j", "RATING": 23, "COMMENTS": "1"}, {"TITLE": "\u63a7\u5236\u3002", "FULLNAME": "secure-zh", "RATING": 6, "COMMENTS": "1"}, {"TITLE": "SCP-ZH-825 - \u5947\u840a\u5b64\u5152", "FULLNAME": "scp-zh-825", "RATING": 12, "COMMENTS": "0"}, {"TITLE": "\u6536\u5bb9\u3002", "FULLNAME": "contain-zh", "RATING": 7, "COMMENTS": "2"}, {"TITLE": "SCP\u57fa\u91d1\u6703\u4e0d\u77e5\u9053\u7684\u90a3\u4e9b\u4e8b\u4ef6", "FULLNAME": "ocd-virus01", "RATING": 19, "COMMENTS": "1"}, {"TITLE": "SCP-ZH-618 - \u592a\u967d\u9905\u7345", "FULLNAME": "scp-zh-618", "RATING": 42, "COMMENTS": "0"}, {"TITLE": "\u7ffb\u8b6f\u4e0d\u53ea\u662f\u584a\u86cb\u7cd5", "FULLNAME": "sth-about-translation", "RATING": 11, "COMMENTS": "6"}, {"TITLE": "\u7dad\u5b89\u8a2d\u65bd\u6a94\u6848\uff1aSite-ZH-02", "FULLNAME": "site-zh-02", "RATING": 25, "COMMENTS": "7"}, {"TITLE": "\u7dad\u5b89\u8a2d\u65bd\u6a94\u6848\uff1aSite-ZH-25", "FULLNAME": "site-zh-25", "RATING": 16, "COMMENTS": "3"}, {"TITLE": "SCP-ZH-888 - \u973e", "FULLNAME": "scp-zh-888", "RATING": 19, "COMMENTS": "1"}, {"TITLE": "SCP-ZH-889 - \u6b64\u4e16\u4e4b\u5916", "FULLNAME": "scp-zh-889", "RATING": 13, "COMMENTS": "3"}, {"TITLE": "\u7121\u6708\u4e4b\u591c", "FULLNAME": "no-moon-night", "RATING": 9, "COMMENTS": "0"}, {"TITLE": "\uff08\u672a\u7f72\u540d\uff09", "FULLNAME": "prtp14", "RATING": 2, "COMMENTS": "1"}, {"TITLE": "\u6f5b\u5728\u5371\u96aa\u7121\u6cd5\u88ab\u6587\u5b57\u8a18\u9304", "FULLNAME": "disremember", "RATING": 13, "COMMENTS": "1"}, {"TITLE": "\u7dad\u5b89\u8a2d\u65bd\u6a94\u6848\uff1aSite-ZH-16", "FULLNAME": "site-zh-16", "RATING": 14, "COMMENTS": "2"}, {"TITLE": "SCP-ZH-899 - \u7a7f\u8d8a\u7684\u7279\u5de5", "FULLNAME": "scp-zh-899", "RATING": 13, "COMMENTS": "1"}, {"TITLE": "Ctrl Z\u535a\u58eb\u7684SCP\u8a18\u9304\uff1aSCP-372 \u8996\u5916\u5e7b\u7378", "FULLNAME": "artbangyen", "RATING": 4, "COMMENTS": "0"}, {"TITLE": "Ctrl Z\u535a\u58eb\u7684SCP\u8a18\u9304\uff1aSCP-178 \"3-D\" Specs", "FULLNAME": "bangyen178", "RATING": 5, "COMMENTS": "0"}, {"TITLE": "Dr.Ctrl Z\u7684SCP\u8a18\u9304\uff1aSCP-408 \u5e7b\u8c61\u8776", "FULLNAME": "bangyen408", "RATING": 5, "COMMENTS": "1"}, {"TITLE": "SCP-ZH-036 - \u8336\u766e\u6d63\u718a", "FULLNAME": "scp-zh-036", "RATING": 15, "COMMENTS": "0"}, {"TITLE": "SCP-ZH-348 - \u843d\u5c71\u98a8\u72ac", "FULLNAME": "scp-zh-348", "RATING": 5, "COMMENTS": "2"}, {"TITLE": "\u4e00\u5982\u5f80\u5e38", "FULLNAME": "v", "RATING": 9, "COMMENTS": "0"}, {"TITLE": "SCP-ZH-174 - \u975e\u5e38\u666e\u901a\uff0c\u518d\u666e\u901a\u4e0d\u904e\u7684\u7dda\u9999", "FULLNAME": "scp-zh-174", "RATING": 26, "COMMENTS": "4"}, {"TITLE": "\u53ea\u4e0d\u904e\u662f\u4eba\u751f\u3001\u53ea\u4e0d\u904e\u662f\u7f6a\u60e1\u3001\u53ea\u4e0d\u904e\u662f\u4e00\u5834\u6feb\u7528\u8077\u6b0a\u7684\u666e\u901a\u5be6\u9a57", "FULLNAME": "no-door-open-for-me", "RATING": 13, "COMMENTS": "0"}, {"TITLE": "\u6728\u6613\u85cf\u66f8\u95a3\u76ee\u9304 \u6728-\u4e00\u4e00\u4e94 \u300a\u671b\u6708\u7bb8\u300b", "FULLNAME": "mu-yi-115", "RATING": 16, "COMMENTS": "2"}, {"TITLE": "\u5b89\u4fdd\u8a2d\u65bd\u6a94\u6848\uff1aSite-ZH-50", "FULLNAME": "site-zh-50", "RATING": 16, "COMMENTS": "1"}, {"TITLE": "SCP-ZH-998 - \u73fe\u8c61\u5b78", "FULLNAME": "scp-zh-998", "RATING": 38, "COMMENTS": "7"}, {"TITLE": "SCP-ZH-010 - \u8ff7\u8d70\u795e\u7d93\u5bc4\u751f\u9ad4", "FULLNAME": "scp-zh-010", "RATING": 18, "COMMENTS": "0"}, {"TITLE": "SCP-ZH-711 - \u9020\u53e5\u6a21\u64ec\u5668", "FULLNAME": "scp-zh-711", "RATING": 9, "COMMENTS": "1"}, {"TITLE": "\u7dad\u5b89\u8a2d\u65bd\u6a94\u6848\uff1aSite-ZH-81", "FULLNAME": "site-zh-81", "RATING": 19, "COMMENTS": "0"}, {"TITLE": "SCP-ZH-9288-EX", "FULLNAME": "scp-zh-9288-ex", "RATING": 45, "COMMENTS": "5"}, {"TITLE": "SCP-ZH-120 - \u865b\u69cb\u7684\u6211\u5011", "FULLNAME": "scp-zh-120", "RATING": 40, "COMMENTS": "4"}, {"TITLE": "\u5c0b\u7372\u7269\u54c1\u7de8\u865f\uff1a000", "FULLNAME": "article-number-000", "RATING": 13, "COMMENTS": "2"}, {"TITLE": "\u5c71\u59c6\u7684ZH\u5206\u90e8\u89d2\u8272\u7d00\u9304\u672c", "FULLNAME": "doodles-from-sam", "RATING": 25, "COMMENTS": "3"}, {"TITLE": "\u6838\u88c2\u64e0\u514c\u4e2d\u5fc3\u9801", "FULLNAME": "operation-nucleon-bank", "RATING": 16, "COMMENTS": "0"}, {"TITLE": "\u6c99\u7687\u5148\u77e5\u5354\u6703\u4e2d\u5fc3\u9801", "FULLNAME": "tsars-hub", "RATING": 21, "COMMENTS": "0"}, {"TITLE": "\u8056\u8a95\u8ecd\u6f14", "FULLNAME": "xmas-exercise", "RATING": 24, "COMMENTS": "7"}, {"TITLE": "Site-ZH-17 Ananke\u5340\u6a19\u8a8c", "FULLNAME": "site-zh-17-ananke-area-logo", "RATING": 8, "COMMENTS": "0"}, {"TITLE": "\u67e5\u770b\u5f71\u50cf\u6a94\u6848\u3002", "FULLNAME": "what-is-site-zh12", "RATING": 12, "COMMENTS": "2"}, {"TITLE": "\u8ab0\u628a\u8056\u8a95\u6a39\u4e0a\u7684\u661f\u661f\u62ff\u8d70\u4e86\uff1f", "FULLNAME": "star-of-bethlehem", "RATING": 14, "COMMENTS": "0"}, {"TITLE": "SCP-ZH-026 - \u9169\u914a\u8857\u7684\u5154\u5154", "FULLNAME": "scp-zh-026", "RATING": 7, "COMMENTS": "0"}, {"TITLE": "\u51ac\u5b63\u8cc0\u5716", "FULLNAME": "xmas-zh-2019", "RATING": 13, "COMMENTS": "0"}, {"TITLE": "\u67e5\u770b\u5bc4\u4ef6\u5099\u4efd\u3002", "FULLNAME": "something-you-cant-forget", "RATING": 10, "COMMENTS": "0"}, {"TITLE": "\u63d0\u6848\uff1a\u8056\u8a95\u8edf\u6696\u8c82", "FULLNAME": "christmas-marten", "RATING": 14, "COMMENTS": "4"}, {"TITLE": "\u5b89\u4fdd\u8a2d\u65bd\u6a94\u6848\uff1aSite-ZH-31", "FULLNAME": "site-zh-31", "RATING": 9, "COMMENTS": "0"}, {"TITLE": "\u8056\u591c\u665a\u9910", "FULLNAME": "so-i-said-that-dinner", "RATING": 21, "COMMENTS": "2"}, {"TITLE": "\u9060\u6771\u96f6\u865f\u90e8\u9580\u5377\u5b97\uff1aE-830", "FULLNAME": "e-830", "RATING": 12, "COMMENTS": "1"}, {"TITLE": "SCP-ZH-044 - \u77f3\u7011\u72fb\u730a", "FULLNAME": "scp-zh-044", "RATING": 22, "COMMENTS": "3"}, {"TITLE": "\u53e3\u8ff0\u7570\u5e38\u53f2\uff1a\u8fb2\u9593\u4e4b\u6b98\u6708", "FULLNAME": "the-moon-voice-1", "RATING": 13, "COMMENTS": "0"}, {"TITLE": "\u7814\u7a76\u54e1LostWhat\u89d2\u8272\u6b4c\uff1a\u5728\u788e\u7247\u88e1\u9762", "FULLNAME": "in-the-shard", "RATING": 14, "COMMENTS": "1"}, {"TITLE": "\u51b0\u7bb1", "FULLNAME": "fridge", "RATING": 15, "COMMENTS": "0"}, {"TITLE": "\u7dad\u5b89\u8a2d\u65bd\u6a94\u6848\uff1aSite-ZH-12", "FULLNAME": "site-zh-12", "RATING": 23, "COMMENTS": "3"}, {"TITLE": "\u679d\u8449\u4e0d\u518d\uff0c\u8840\u82b1\u5e38\u9752", "FULLNAME": "alive-evergreen", "RATING": 6, "COMMENTS": "0"}, {"TITLE": "\u5713\u4e4b\u5922\uff0c\u5922\u4e2d\u4e4b\u9ec3\u4e0d\u662f\u5409\u7965", "FULLNAME": "no-cooked-yolk-is-life", "RATING": 12, "COMMENTS": "1"}, {"TITLE": "\u6d17\u6a19\uff1a\u9ed16666-Dr.Semibreve\u7684\u86c7\u9c57\u76aeAT4\u6536\u7d0d\u888b", "FULLNAME": "black-6666", "RATING": 6, "COMMENTS": "1"}, {"TITLE": "\u5c0b\u7372\u5730\u9ede\u88dc\u907a\uff1a\u7de8\u865f001", "FULLNAME": "a-mysterious-road", "RATING": 12, "COMMENTS": "0"}, {"TITLE": "\u7b2c\u4e00\u865f \u6728\u6613\u85cf\u66f8\u95a3\u7684\u6350\u8d08\u54c1", "FULLNAME": "first-mu-yi-donation", "RATING": 11, "COMMENTS": "0"}, {"TITLE": "\u5c0b\u7372\u5730\u9ede\u7de8\u865f\uff1a001", "FULLNAME": "article-number-001", "RATING": 0, "COMMENTS": "1"}, {"TITLE": "\u5f26\u97f3\u672a\u6b62\uff0c\u9918\u82b3\u7336\u5b58", "FULLNAME": "keepthere-art", "RATING": 12, "COMMENTS": "1"}, {"TITLE": "SCP-ZH-099 - \u8150\u673d\u7684\u5893\u7891", "FULLNAME": "scp-zh-099", "RATING": 12, "COMMENTS": "1"}, {"TITLE": "SCP-ZH-098 - \u300c\u5be7\u975c\u300d", "FULLNAME": "scp-zh-098", "RATING": 16, "COMMENTS": "5"}, {"TITLE": "SCP-ZH-097 - \u7d44\u7e54\u683c\u5f0f", "FULLNAME": "scp-zh-097", "RATING": 14, "COMMENTS": "1"}, {"TITLE": "\u5df2\u88ab\u5ee2\u9664\u7684\u570b\u5b89\u5c40\u7b2c\u516b\u8655 \u4e2d\u5fc3\u9801", "FULLNAME": "old-nsb8-hub", "RATING": 13, "COMMENTS": "2"}, {"TITLE": "\u5b89\u5e03\u7f85\u65af\u9910\u5ef3-\u4f0a\u85a9\u79d1\u592b\u865f\u5206\u5e97 (\u7bc0\u65e5\u9650\u5b9a)", "FULLNAME": "ambrose-isakov", "RATING": 28, "COMMENTS": "9"}, {"TITLE": "SCP-ZH-278 - \u4f60\u5fc5\u9808\u4fe1\u4efb\u7684\u9580\u885b", "FULLNAME": "scp-zh-278", "RATING": 14, "COMMENTS": "3"}, {"TITLE": "SCP-ZH-860 - dado\u7684\u300c\u53d1\u300d\u8ca1\u85e5", "FULLNAME": "scp-zh-860", "RATING": 33, "COMMENTS": "3"}, {"TITLE": "\u5e74\u7378\u722d\u596a\u6230", "FULLNAME": "year-critical-strike", "RATING": 15, "COMMENTS": "0"}, {"TITLE": "\u884c\u52d5\u8a08\u5283 \u7b2c\u53c1\u634c\u8086\u5b57\u865f", "FULLNAME": "nsb8-384", "RATING": 22, "COMMENTS": "1"}, {"TITLE": "\u4e0d\u66fe\u505c\u6b47", "FULLNAME": "88-step", "RATING": 13, "COMMENTS": "1"}, {"TITLE": "\u6975\u5149\u7684\u984f\u8272", "FULLNAME": "color-of-aurora", "RATING": 15, "COMMENTS": "1"}, {"TITLE": "\u5728\u661f\u661f\u4e4b\u4e0b", "FULLNAME": "ilmari", "RATING": 4, "COMMENTS": "8"}, {"TITLE": "\u5c0b\u7372\u7269\u54c1\u7de8\u865f\uff1a097/\u6d17\u6a19\uff1a\u9ed10117", "FULLNAME": "article-number-097-black-0117", "RATING": 16, "COMMENTS": "4"}, {"TITLE": "\u89c0\u6e2c\u8005\u4e26\u672a\u5b58\u5728", "FULLNAME": "tina-uni1", "RATING": 10, "COMMENTS": "0"}, {"TITLE": "\u67d4\u5149\u2606\u8ff4\u8fd4", "FULLNAME": "tina-uni3", "RATING": 11, "COMMENTS": "2"}, {"TITLE": "\u82b1\u8a9e\uff1a\u7d2b\u5b0c\u82b1", "FULLNAME": "tina-uni2", "RATING": 7, "COMMENTS": "1"}, {"TITLE": "SCP-ZH-030 - \u7d05\u8272\u6d6a\u6f6e", "FULLNAME": "scp-zh-030", "RATING": 7, "COMMENTS": "0"}, {"TITLE": "\u5f9e\u4eca\u4ee5\u5f8c\uff0c\u5979\u5c07\u6c38\u751f", "FULLNAME": "she-lives-in-my-heart", "RATING": 22, "COMMENTS": "5"}, {"TITLE": "SCP-ZH-262 - \u7af9\u89e3", "FULLNAME": "scp-zh-262", "RATING": 12, "COMMENTS": "1"}, {"TITLE": "SCP-ZH-095 - \u5b88\u8b77, \u611b, \u795d\u798f", "FULLNAME": "scp-zh-095", "RATING": 11, "COMMENTS": "0"}, {"TITLE": "SCP-ZH-747 - \u8da8\u51f6\u907f\u51f6", "FULLNAME": "scp-zh-747", "RATING": 15, "COMMENTS": "1"}, {"TITLE": "\u901a\u8a0a\u8a18\u9304 ZH-747-331", "FULLNAME": "communication-log-zh-747-331", "RATING": 9, "COMMENTS": "0"}, {"TITLE": "\u7121\u75c5\u9918\u751f", "FULLNAME": "orangetea-and-plum", "RATING": 12, "COMMENTS": "1"}, {"TITLE": "\u661f\u754c\u4e4b\u524d", "FULLNAME": "before-starsight", "RATING": 13, "COMMENTS": "2"}, {"TITLE": "SCP-ZH-166 - \u505c\u6eef\u5728\u695a\u6cb3\u6f22\u754c", "FULLNAME": "scp-zh-166", "RATING": 21, "COMMENTS": "2"}, {"TITLE": "SCP-ZH-153 - \u984d\u6eab\u69cd", "FULLNAME": "scp-zh-153", "RATING": 8, "COMMENTS": "0"}, {"TITLE": "\u5728\u90a3\u4e4b\u5f8c\u7684\u53e6\u4e00\u500b\u53ef\u80fd", "FULLNAME": "another-possibility", "RATING": 9, "COMMENTS": "1"}, {"TITLE": "\u5be6\u7fd2", "FULLNAME": "practice", "RATING": 17, "COMMENTS": "0"}, {"TITLE": "\u4e8b\u4ef6\u4ee3\u865f\uff1a\u6838\u88c2\u64e0\u514c \u86db\u7db2\u88e1\u7684\u8001\u9df9", "FULLNAME": "operation-nucleon-bank-cobweb01", "RATING": 10, "COMMENTS": "1"}, {"TITLE": "\u822a\u6d77\u5b78\u4e2d\u5fc3\u9801", "FULLNAME": "navigation", "RATING": 21, "COMMENTS": "0"}, {"TITLE": "SCP-ZH-446 - \u5316\u87f2", "FULLNAME": "scp-zh-446", "RATING": 27, "COMMENTS": "0"}, {"TITLE": "\u93e1\u4e2d\u7684\u6211\u5982\u662f\u8aaa", "FULLNAME": "in-the-mirror", "RATING": 12, "COMMENTS": "0"}, {"TITLE": "\u7b2c\u516b\u5c46\u4e16\u754c\u8d85\u885b\u751f\u5927\u6703\u5982\u671f\u8209\u884c\u3000\u8a0e\u8ad6\u300c\u7d42\u5e74\u75c7\u5019\u7fa4\u300d\u518d\u64f4\u6563\u554f\u984c", "FULLNAME": "r-sinano-chuo-co-jp-2030-5-12-f9r324", "RATING": 15, "COMMENTS": "0"}, {"TITLE": "\u6700\u597d\u7684\u5c0f\u6728\u5c4b", "FULLNAME": "bestcabin", "RATING": 4, "COMMENTS": "2"}, {"TITLE": "\u70ba\u4e86\u66f4\u5927\u7684\u5229\u76ca-\u7b2c\u4e8c\u90e8\u5206", "FULLNAME": "ftgg-a-chunibyo-story-p2", "RATING": 5, "COMMENTS": "2"}, {"TITLE": "\u7121\u8c8c\u8005\u8207\u8c93", "FULLNAME": "the-man-with-out-face", "RATING": 13, "COMMENTS": "0"}, {"TITLE": "SCP-ZH-647 - \u5634\u7832\u8001\u4eba", "FULLNAME": "scp-zh-647", "RATING": 32, "COMMENTS": "4"}, {"TITLE": "\u53f0\u7063\u7570\u65b0\u5831\u3001\u662d\u548c\u5341\u5e74\u5341\u4e00\u6708\u4e00\u65e5", "FULLNAME": "taiwan-newspaper", "RATING": 17, "COMMENTS": "4"}, {"TITLE": "\u7a7f\u8d8a\u6642\u7a7a\u7684\u7a3d\u67e5\uff0c\u6700\u5f8c\u76ee\u7684\u5730\u662f\u6c38\u548c\u8c46\u6f3f", "FULLNAME": "in-the-maze-of-2020", "RATING": 9, "COMMENTS": "0"}, {"TITLE": "\u751f\u547d\u4e2d\u7684\u646f\u611b", "FULLNAME": "lifelove", "RATING": 3, "COMMENTS": "0"}, {"TITLE": "SCP-ZH-593 - \u5761\u9802", "FULLNAME": "scp-zh-593", "RATING": 15, "COMMENTS": "0"}, {"TITLE": "SCP-ZH-946 - \u9ed1\u5154\u5927\u6230\u722d\ud83d\udc07", "FULLNAME": "scp-zh-946", "RATING": 27, "COMMENTS": "13"}, {"TITLE": "\u6545\u4e8b\u7684\u529b\u91cf\uff5e\u4f60\u70ba\u4ec0\u9ebc\u9700\u8981\u8d85\u5f62\u4e0a\u5b78\uff5e", "FULLNAME": "why-you-need-pataphysics", "RATING": 28, "COMMENTS": "1"}, {"TITLE": "SCP-ZH-206 - \u65bd\u5c55\u5feb\u5feb\u597d\u7684\u9b54\u6cd5\u4e86\u5466", "FULLNAME": "scp-zh-206", "RATING": 3, "COMMENTS": "2"}, {"TITLE": "SCP-ZH-231 - \u9ed1\u6697\u5361\u897f", "FULLNAME": "scp-zh-231", "RATING": 9, "COMMENTS": "9"}, {"TITLE": "\u7827\u677f\u4e0a\u7684\u58a8\u8de1", "FULLNAME": "finger-test-warrior", "RATING": 5, "COMMENTS": "0"}, {"TITLE": "SCP-ZH-800 - \u96f7\u66b4", "FULLNAME": "scp-zh-800", "RATING": 8, "COMMENTS": "3"}, {"TITLE": "\u79c1\u6848\uff1a\u548c\u5e73\u8def\u7dda", "FULLNAME": "the-plan-of-pacifist-route", "RATING": 4, "COMMENTS": "1"}, {"TITLE": "\u8389\u4e9e", "FULLNAME": "riariaria2", "RATING": 16, "COMMENTS": "5"}, {"TITLE": "\u4e8b\u6545\u7d00\u9304458-A", "FULLNAME": "what-the-fuck-is-this-pizza", "RATING": 16, "COMMENTS": "0"}, {"TITLE": "\u8056\u8a95EVE", "FULLNAME": "xmas-eve-art", "RATING": 13, "COMMENTS": "2"}, {"TITLE": "\u85dd\u8853\u5275\u4f5c\uff1a\u8056\u8a95\u7bc0\u96ea\u55b5", "FULLNAME": "xmax-x", "RATING": 19, "COMMENTS": "0"}, {"TITLE": "\u95dc\u65bc\u5c11\u5973\u7684\u8056\u8a95\u79ae\u7269", "FULLNAME": "the-girls-gift", "RATING": 12, "COMMENTS": "0"}, {"TITLE": "\u6545\u4eba\u805a\u9996", "FULLNAME": "nice-to-see-you", "RATING": 10, "COMMENTS": "0"}, {"TITLE": "\u8056\u591c\u51fa\u904a", "FULLNAME": "merry-christmas-aya-and-mayaw", "RATING": 16, "COMMENTS": "0"}, {"TITLE": "SCP-999-JP - \u7b2c\u4e5d\u865f\u7576\u4ee5\u4e5d\u8a00\u8ff0\u4e4b", "FULLNAME": "scp-999-jp-enneametric", "RATING": 15, "COMMENTS": "5"}, {"TITLE": "\u66d9\u5149\u6771\u555f", "FULLNAME": "dawn-of-east", "RATING": 17, "COMMENTS": "0"}, {"TITLE": "\u5929\u4efb\u65af\u4eba\u4e16\u754c\u7dda\u4e3b\u984c\u66f2\uff1a\u5728\u547d\u904b\u524d\u9762", "FULLNAME": "in-front-of-fate", "RATING": 6, "COMMENTS": "0"}, {"TITLE": "SCP-ZH-328 - Dark Soups", "FULLNAME": "scp-zh-328", "RATING": 20, "COMMENTS": "3"}, {"TITLE": "SCP-ZH-135 - \u8c93\u54aa\u4e0d\u548c\u6211\u73a9", "FULLNAME": "scp-zh-135", "RATING": 22, "COMMENTS": "2"}, {"TITLE": "\u5c0f\u52d5\u7269\u6a94\u6848\uff1a\u5e03\u4e39\uff01", "FULLNAME": "bhutan", "RATING": 11, "COMMENTS": "2"}, {"TITLE": "SCP-ZH-993 - \u7121\u77e5\u5247\u81ea\u7531", "FULLNAME": "scp-zh-993", "RATING": 25, "COMMENTS": "0"}, {"TITLE": "SCP-ZH-989 - \u6211\u5011\u8166\u4e2d\u7684\u592a\u967d", "FULLNAME": "scp-zh-989", "RATING": 20, "COMMENTS": "1"}, {"TITLE": "SCP-ZH-911 - \u4f60\u6240\u634d\u885b\u7684\u81ea\u7531", "FULLNAME": "scp-zh-911", "RATING": 22, "COMMENTS": "0"}, {"TITLE": "\u85dd\u8853\u7d00\u9304\uff1a\u6b7b\u4ea1\uff0c\u6c38\u751f-1", "FULLNAME": "art-for-death-eternal-life-1", "RATING": 18, "COMMENTS": "1"}, {"TITLE": "\u4e00\u5c01\u8a18\u8f09\u7570\u805e\u7684\u4fe1", "FULLNAME": "wanderers:letter-about-strange-serpents", "RATING": 16, "COMMENTS": "1"}, {"TITLE": "\u4e2d\u79cb\u591c\u9063\u61f7", "FULLNAME": "wanderers:wandered-at-night", "RATING": 14, "COMMENTS": "1"}, {"TITLE": "\u5728\u4e0d\u5b89\u4e4b\u6642\u7948\u6c42\u5e73\u5b89\u4e4b\u4eba", "FULLNAME": "wanderers:the-man-who-praying-for-peace-in-a-hard-time", "RATING": 10, "COMMENTS": "0"}, {"TITLE": "\u5f97\u4ee5\u6c38\u751f\u3002", "FULLNAME": "wanderers:the-first-named-adam", "RATING": 13, "COMMENTS": "1"}, {"TITLE": "\u975e\u4eba\u8207\u975e\u795e\u5171\u821e\u3002", "FULLNAME": "wanderers:before-ad", "RATING": 13, "COMMENTS": "1"}, {"TITLE": "\u4e03\u5f8b\u2014\u2014\u6b4c\u54ed\u54bd", "FULLNAME": "wanderers:die-in-immortality", "RATING": 22, "COMMENTS": "2"}, {"TITLE": "\u52dd\u5229\u4e4b\u65e5", "FULLNAME": "wanderers:victory-day", "RATING": 8, "COMMENTS": "1"}, {"TITLE": "\u5f7c\u5cb8\u4e4b\u82b1", "FULLNAME": "wanderers:lycorisradiata", "RATING": 13, "COMMENTS": "0"}, {"TITLE": "\u5982\u662f\u6211\u805e", "FULLNAME": "wanderers:flowers-thus-have-i-heard", "RATING": 18, "COMMENTS": "0"}]