[{"TITLE": "SCP-ZH-823 - \u5ba4\u53cb", "FULLNAME": "scp-zh-823", "RATING": 14, "COMMENTS": "0"}, {"TITLE": "SCP-ZH-005 - \u5047\u5982\u4f60\u6c92\u6709\u8f49\u767c\u9019\u7bc7\u6587\u6a94\u7d66\u5341\u500b\u670b\u53cb\uff0c\u90a3\u9ebc\u2026\u2026\u2026\u2026", "FULLNAME": "scp-zh-005", "RATING": 62, "COMMENTS": "0"}, {"TITLE": "SCP-ZH-661 - \u6c5f\u5cb3\u5996\u8a2a\u884c", "FULLNAME": "scp-zh-661", "RATING": 10, "COMMENTS": "0"}, {"TITLE": "\u5230\u8077", "FULLNAME": "arrival", "RATING": 18, "COMMENTS": "5"}, {"TITLE": "\u4e00\u6b21\u8208\u8870", "FULLNAME": "a-change", "RATING": 13, "COMMENTS": "1"}, {"TITLE": "\u88c2\u8b8a\u5e8f\u8a00", "FULLNAME": "operation-nucleon-bank-run-1", "RATING": 10, "COMMENTS": "0"}, {"TITLE": "SCP-ZH-899 - \u7a7f\u8d8a\u7684\u7279\u5de5", "FULLNAME": "scp-zh-899", "RATING": 13, "COMMENTS": "1"}, {"TITLE": "\u4e8b\u4ef6\u4ee3\u865f\uff1a\u6838\u88c2\u64e0\u514c-SCP-ZH-899\u8996\u9ede", "FULLNAME": "operation-nucleon-bank-899", "RATING": 13, "COMMENTS": "2"}, {"TITLE": "\u4e8b\u4ef6\u4ee3\u865f\uff1a\u6838\u88c2\u64e0\u514c-\u5f8c\u52e4\u91ab\u8b77\u4eba\u54e1\u7814\u7a76\u54e1L.What\u8996\u89d2", "FULLNAME": "i-m-not-fine", "RATING": 16, "COMMENTS": "1"}, {"TITLE": "SCP-ZH-193 - \u4eba\u8207\u96fb\u8207\u92fc\u4e4b\u4e00\u65cf", "FULLNAME": "scp-zh-193", "RATING": 15, "COMMENTS": "0"}, {"TITLE": "\u5de5\u4f5c\u4eba\u54e1\u53ca\u89d2\u8272\u6a94\u6848-ZH", "FULLNAME": "personnel-and-character-dossier-zh", "RATING": 16, "COMMENTS": "0"}, {"TITLE": "\u8dd1\u817f", "FULLNAME": "run-errands", "RATING": 9, "COMMENTS": "0"}, {"TITLE": "SCP-ZH-100", "FULLNAME": "scp-zh-0100", "RATING": 23, "COMMENTS": "0"}, {"TITLE": "SCP-ZH-100 - \u5e03\u694a\u5cf6", "FULLNAME": "scp-zh-100", "RATING": 17, "COMMENTS": "1"}, {"TITLE": "Valentine\u7684Logo\u9801", "FULLNAME": "valentine-logo", "RATING": 22, "COMMENTS": "1"}, {"TITLE": "SCP-ZH-445 - \u624b\u52d5\u586b\u58a8", "FULLNAME": "scp-zh-445", "RATING": 10, "COMMENTS": "0"}, {"TITLE": "Alicia\u5973\u58eb", "FULLNAME": "scp-zh-774", "RATING": 31, "COMMENTS": "0"}, {"TITLE": "\u5be6\u7fd2", "FULLNAME": "practice", "RATING": 17, "COMMENTS": "0"}, {"TITLE": "SCP-ZH-628 - \u7329\u7329\u7684\u96d9\u81c2", "FULLNAME": "scp-zh-628", "RATING": 11, "COMMENTS": "1"}, {"TITLE": "SCP-ZH-015 - \u4e03\u4eba\u516b\u7b11", "FULLNAME": "scp-zh-015", "RATING": 23, "COMMENTS": "0"}, {"TITLE": "\u7121\u785d\u7684\u6c99\u5834", "FULLNAME": "a-battlefield-without-gunpowder", "RATING": 17, "COMMENTS": "0"}, {"TITLE": "\u6536\u5bb9\u5ba4ZH-S12-E-024\u5be6\u9a57\u7d00\u9304", "FULLNAME": "scp-zh-024", "RATING": 35, "COMMENTS": "0"}, {"TITLE": "SCP-ZH-446 - \u5316\u87f2", "FULLNAME": "scp-zh-446", "RATING": 27, "COMMENTS": "0"}, {"TITLE": "\u9858\u541b\u5b89\u597d", "FULLNAME": "wish-you-safe-and-sound", "RATING": 24, "COMMENTS": "0"}, {"TITLE": "\u8056\u8a95\u8207\u842c\u8056\u50c5\u6709\u4e00\u7dda\u4e4b\u9694", "FULLNAME": "christmas-or-halloween", "RATING": 17, "COMMENTS": "2"}, {"TITLE": "\u52a0\u5195\u70ba\u4ea1", "FULLNAME": "crown", "RATING": 11, "COMMENTS": "2"}, {"TITLE": "SCP-ZH-782 - \u725b\u89d2\u6cf0\u68ee", "FULLNAME": "scp-zh-782", "RATING": 8, "COMMENTS": "1"}, {"TITLE": "SCP-ZH-032 - \u6709\u6bd2\u7684\u6a61\u76ae\u64e6", "FULLNAME": "scp-zh-032", "RATING": 21, "COMMENTS": "0"}]