[{"TITLE": "SCP-ZH-618 - \u592a\u967d\u9905\u7345", "FULLNAME": "scp-zh-618", "RATING": 42, "COMMENTS": "0"}, {"TITLE": "\u7dad\u5b89\u8a2d\u65bd\u6a94\u6848\uff1aSite-ZH-25", "FULLNAME": "site-zh-25", "RATING": 16, "COMMENTS": "3"}, {"TITLE": "\u7687\u5bb6\u9999\u6e2f\u8b66\u5bdf\u968a\u96f6\u865f\u5c08\u968a \u4e2d\u5fc3\u9801", "FULLNAME": "zero-team-hub", "RATING": 10, "COMMENTS": "0"}, {"TITLE": "SCP-ZH-045 - \u842c\u80fd\u80e1\u6912", "FULLNAME": "scp-zh-045", "RATING": 19, "COMMENTS": "0"}, {"TITLE": "\u7e41\u4e2d\u5206\u90e8\u6a19\u8a8c", "FULLNAME": "zh-logo", "RATING": 14, "COMMENTS": "0"}, {"TITLE": "\u5c0d\u6b32\u8089\u6559\u7684\u4eba\u985e\u5b78\u9032\u8def03-\u6848\u4f8b\u7814\u7a7603\uff1a\u9999\u6e2f\u65b0\u8336\u5dba\u7684\u76e7\u4ead\u4eba", "FULLNAME": "sarkic-case-study-03-the-luo-ting-n-a-of-new-cha-ling", "RATING": 19, "COMMENTS": "0"}, {"TITLE": "SCP-ZH-139 - \u9020\u7269\u5de8\u4eba", "FULLNAME": "scp-zh-139", "RATING": 2, "COMMENTS": "0"}, {"TITLE": "SCP-ZH-254 - \u82b1\u9732\u6c34", "FULLNAME": "scp-zh-254", "RATING": 11, "COMMENTS": "1"}, {"TITLE": "SCP-ZH-036 - \u8336\u766e\u6d63\u718a", "FULLNAME": "scp-zh-036", "RATING": 15, "COMMENTS": "0"}, {"TITLE": "\u6709\u95dc\u6279\u51c6\u958b\u767c\u5f9e\u57fa\u6e96\u4e16\u754c\u9023\u63a5\u81f3\u7570\u5e38\u7a7a\u9593\u6c34\u7ba1\u4e4b\u7533\u8acb", "FULLNAME": "water-pipe", "RATING": 8, "COMMENTS": "0"}, {"TITLE": "SCP-ZH-258 - \u5354\u548c\u5fa1\u5b88", "FULLNAME": "scp-zh-258", "RATING": 13, "COMMENTS": "0"}]