[{"TITLE": "SCP-ZH-124 - \u660e\u65e5\u90f5\u7bb1", "FULLNAME": "scp-zh-124", "RATING": 5, "COMMENTS": "1"}, {"TITLE": "SCP-ZH-035 - \u8dd1\u9177\u8005", "FULLNAME": "scp-zh-035", "RATING": 21, "COMMENTS": "0"}, {"TITLE": "SCP-ZH-005 - \u5047\u5982\u4f60\u6c92\u6709\u8f49\u767c\u9019\u7bc7\u6587\u6a94\u7d66\u5341\u500b\u670b\u53cb\uff0c\u90a3\u9ebc\u2026\u2026\u2026\u2026", "FULLNAME": "scp-zh-005", "RATING": 62, "COMMENTS": "0"}, {"TITLE": "SCP-ZH-199 - \u4e2d\u6c38\u548c\u8ff7\u5bae", "FULLNAME": "scp-zh-199", "RATING": 22, "COMMENTS": "8"}, {"TITLE": "SCP-ZH-105 - \u4e0d\u5b5d\u5b50", "FULLNAME": "scp-zh-105", "RATING": 66, "COMMENTS": "5"}]