[{"TITLE": "SCP-ZH-005 - \u5047\u5982\u4f60\u6c92\u6709\u8f49\u767c\u9019\u7bc7\u6587\u6a94\u7d66\u5341\u500b\u670b\u53cb\uff0c\u90a3\u9ebc\u2026\u2026\u2026\u2026", "FULLNAME": "scp-zh-005", "RATING": 62, "COMMENTS": "0"}, {"TITLE": "SCP-ZH-105 - \u4e0d\u5b5d\u5b50", "FULLNAME": "scp-zh-105", "RATING": 66, "COMMENTS": "5"}, {"TITLE": "SCP-ZH-120 - \u865b\u69cb\u7684\u6211\u5011", "FULLNAME": "scp-zh-120", "RATING": 40, "COMMENTS": "4"}, {"TITLE": "SCP-ZH-200 - \u9b3c\u6293\u4eba", "FULLNAME": "scp-zh-200", "RATING": 35, "COMMENTS": "1"}, {"TITLE": "\u4ee3\u865f\uff1ating129 - \u6d77\u574a\u4e3b\u5de8\u62f3", "FULLNAME": "ting129-s-ko-proposal", "RATING": 8, "COMMENTS": "0"}, {"TITLE": "SCP-ZH-818 - \u535a\u5341\u516b\u8c46\u4ed4", "FULLNAME": "scp-zh-818", "RATING": 10, "COMMENTS": "1"}, {"TITLE": "\u6b98\u97ff", "FULLNAME": "reverberate", "RATING": 16, "COMMENTS": "4"}, {"TITLE": "SCP-ZH-244 - \u6211\u56de\u4f86\u4e86", "FULLNAME": "scp-zh-244", "RATING": 24, "COMMENTS": "1"}]