[{"TITLE": "SCP-ZH-954 - \u9ec3\u8272\u4fbf\u689d\u7d19", "FULLNAME": "scp-zh-954", "RATING": 17, "COMMENTS": "2"}, {"TITLE": "SCP-ZH-823 - \u5ba4\u53cb", "FULLNAME": "scp-zh-823", "RATING": 14, "COMMENTS": "0"}, {"TITLE": "SCP-ZH-199 - \u4e2d\u6c38\u548c\u8ff7\u5bae", "FULLNAME": "scp-zh-199", "RATING": 22, "COMMENTS": "8"}, {"TITLE": "SCP-ZH-105 - \u4e0d\u5b5d\u5b50", "FULLNAME": "scp-zh-105", "RATING": 66, "COMMENTS": "5"}, {"TITLE": "\u5206\u5ee0\u642c\u9077\uff08K-05324\uff09", "FULLNAME": "k-05324", "RATING": 12, "COMMENTS": "0"}, {"TITLE": "SCP-ZH-515 - \u5e73\u5b89\u7b26", "FULLNAME": "scp-zh-515", "RATING": 44, "COMMENTS": "2"}, {"TITLE": "\u5c0d\u6b32\u8089\u6559\u7684\u4eba\u985e\u5b78\u9032\u8def03-\u6848\u4f8b\u7814\u7a7603\uff1a\u9999\u6e2f\u65b0\u8336\u5dba\u7684\u76e7\u4ead\u4eba", "FULLNAME": "sarkic-case-study-03-the-luo-ting-n-a-of-new-cha-ling", "RATING": 19, "COMMENTS": "0"}, {"TITLE": "SCP-ZH-254 - \u82b1\u9732\u6c34", "FULLNAME": "scp-zh-254", "RATING": 11, "COMMENTS": "1"}, {"TITLE": "SCP-ZH-564 - \u4e0d\u60f3\u96e2\u958b\u7684\u4ed9\u90a3\u5ea6", "FULLNAME": "scp-zh-564", "RATING": 5, "COMMENTS": "7"}, {"TITLE": "SCP-ZH-044 - \u77f3\u7011\u72fb\u730a", "FULLNAME": "scp-zh-044", "RATING": 22, "COMMENTS": "3"}, {"TITLE": "SCP-ZH-60053-J - HONK", "FULLNAME": "scp-zh-60053-j", "RATING": 45, "COMMENTS": "7"}, {"TITLE": "SCP-ZH-166 - \u505c\u6eef\u5728\u695a\u6cb3\u6f22\u754c", "FULLNAME": "scp-zh-166", "RATING": 21, "COMMENTS": "2"}, {"TITLE": "SCP-ZH-2154-EX - \u5fc3\u4e2d\u90a3\u96e3\u4ee5\u9762\u5c0d\u7684\u9ed1\u6697", "FULLNAME": "scp-zh-2154-ex", "RATING": 10, "COMMENTS": "0"}, {"TITLE": "SCP-ZH-053 - \u8b93\u6211\u5011\u64e6\u4e7e\u4f60\u7684\u6dda\u6c34", "FULLNAME": "scp-zh-053", "RATING": 30, "COMMENTS": "0"}, {"TITLE": "\u5200\u4e0b\u5fc3\uff0c\u53c8\u540d\u53db\u72fc\u8fd4\u5de2", "FULLNAME": "cleguisbt", "RATING": 10, "COMMENTS": "3"}, {"TITLE": "\u6c92\u6709\u4eba\u8981\u5e36\u5bb6\u4eba\u9003\u96e3\u3002", "FULLNAME": "nobody-s-home", "RATING": 6, "COMMENTS": "0"}, {"TITLE": "SCP-ZH-042 - \u6368\u8eab\u9935\u4eba", "FULLNAME": "scp-zh-042", "RATING": 17, "COMMENTS": "1"}, {"TITLE": "\u7dde\u5e36\u98c4\u98c4\uff0c\u9234\u64fa\u5679\u5679", "FULLNAME": "ctf15-21-molly", "RATING": 12, "COMMENTS": "1"}, {"TITLE": "\u7bc0\u6176\u7684\u984f\u8272", "FULLNAME": "festive-colors", "RATING": 16, "COMMENTS": "1"}, {"TITLE": "Dr. Bales\u7684\u65e5\u5e38\u5c0f\u54c1\u96c6\u9326 \u4e8c", "FULLNAME": "bales-s-daily-2", "RATING": 17, "COMMENTS": "1"}, {"TITLE": "\u8fa6\u516c\u5ba4\u88e1\u7684\u81f4\u547d\u6a21\u56e0", "FULLNAME": "the-bottle-in-office", "RATING": 18, "COMMENTS": "2"}, {"TITLE": "\u4f60\u6703\u611f\u5230\u5f8c\u6094\u55ce\uff1f", "FULLNAME": "what-are-you-waiting-for-just-join-goc-dude", "RATING": 36, "COMMENTS": "5"}, {"TITLE": "SCP-ZH-022-J - \u62dc\u8a17\u8ab0\u4f86\u628a\u5b83\u586b\u4e0a", "FULLNAME": "scp-zh-022-j", "RATING": 37, "COMMENTS": "19"}, {"TITLE": "\u92d2\u8292\u969b\u6703", "FULLNAME": "jie-men-convocation", "RATING": 6, "COMMENTS": "1"}, {"TITLE": "SCP-ZH-946 - \u9ed1\u5154\u5927\u6230\u722d\ud83d\udc07", "FULLNAME": "scp-zh-946", "RATING": 27, "COMMENTS": "13"}, {"TITLE": "\u904a\u6a02\u5712\u5167\u7684\u79d8\u5bc6", "FULLNAME": "lxvi-cafe-park", "RATING": 9, "COMMENTS": "5"}, {"TITLE": "SCP-ZH-736 - \u4f60\u4e0d\u80fd\u518d\u5f80\u524d\u4e86", "FULLNAME": "scp-zh-736", "RATING": 32, "COMMENTS": "14"}, {"TITLE": "SCP-ZH-129 - \u4f60\u5728\u54ea\u88e1\uff1f", "FULLNAME": "scp-zh-129", "RATING": 11, "COMMENTS": "6"}, {"TITLE": "SCP-ZH-782 - \u725b\u89d2\u6cf0\u68ee", "FULLNAME": "scp-zh-782", "RATING": 8, "COMMENTS": "1"}, {"TITLE": "\u4f60\u662f\u5565\u7269\u4eba\uff1f", "FULLNAME": "to-the-doctor", "RATING": 13, "COMMENTS": "5"}, {"TITLE": "SCP-ZH-338 - \u6c89\u8239\u88e1\u7684\u624b\u5929\u4f7f", "FULLNAME": "adult:scp-zh-338", "RATING": 15, "COMMENTS": "4"}, {"TITLE": "SCP-ZH-614 - 4D\u7cbd\u5b50", "FULLNAME": "scp-zh-614", "RATING": 11, "COMMENTS": "8"}, {"TITLE": "SCP-ZH-576 - \u82b1\u8a9e", "FULLNAME": "scp-zh-576", "RATING": 12, "COMMENTS": "2"}, {"TITLE": "SCP-ZH-571 - \u4e0d\u53ef\u8996\u7684\u8ffd\u8de1\u8005", "FULLNAME": "scp-zh-571", "RATING": 12, "COMMENTS": "5"}, {"TITLE": "SCP-ZH-198 - \u56da\u8702", "FULLNAME": "scp-zh-198", "RATING": 3, "COMMENTS": "15"}, {"TITLE": "SCP-ZH-034 - \u98db\u982d\u883b", "FULLNAME": "scp-zh-034", "RATING": 24, "COMMENTS": "3"}, {"TITLE": "SCP-ZH-037 - \u73b3\u7441\u4e4b\u6dda", "FULLNAME": "scp-zh-037", "RATING": 20, "COMMENTS": "0"}, {"TITLE": "SCP-ZH-096 - \u7d05\u79fb\u7834\u6ec5", "FULLNAME": "scp-zh-096", "RATING": 25, "COMMENTS": "2"}, {"TITLE": "\u89e3\u5bc6\uff1aSCP-ZH-096", "FULLNAME": "scp-zh-096-declassification", "RATING": 16, "COMMENTS": "4"}, {"TITLE": "SCP-ZH-339 - \u907f\u98a8\u6e2f", "FULLNAME": "scp-zh-339", "RATING": 16, "COMMENTS": "6"}, {"TITLE": "SCP-ZH-128 - \u6b64\u5473\u4e26\u975e\u60e1\u9b54\u4e4b\u4f5c", "FULLNAME": "scp-zh-128", "RATING": 20, "COMMENTS": "3"}, {"TITLE": "\u5947\u8e5f\u5b78\u7149\u91d1\u8853\u5c0e\u8ad6\uff1a\u5982\u4f55\u628a\u6c34\u9280\u7149\u6210\u9ec3\u91d1", "FULLNAME": "thaumatalchemy", "RATING": 15, "COMMENTS": "4"}, {"TITLE": "SCP-ZH-243 - \u6960\u6893\u767e\u6155\u9054", "FULLNAME": "scp-zh-243", "RATING": 18, "COMMENTS": "0"}, {"TITLE": "SCP-ZH-266 - \u8d70\u5411\u7406\u60f3\u4e4b\u8def", "FULLNAME": "scp-zh-266", "RATING": 12, "COMMENTS": "4"}, {"TITLE": "SCP-ZH-038 - \u7121\u81c9\u6a21\u7279", "FULLNAME": "scp-zh-038", "RATING": 15, "COMMENTS": "0"}, {"TITLE": "SCP-ZH-220 - H.K.\u6c38\u9060\u7684\u5bb6", "FULLNAME": "scp-zh-220", "RATING": 21, "COMMENTS": "0"}, {"TITLE": "What The Fuck", "FULLNAME": "what-the-fuck", "RATING": 25, "COMMENTS": "3"}, {"TITLE": "SCP-ZH-048 - \u528d\u8207\u9b54\u6cd5\u8207\u8336\u4e4b\u9b54\u624b", "FULLNAME": "scp-zh-048", "RATING": 21, "COMMENTS": "2"}, {"TITLE": "V1L3-J\u5be6\u9a57\u7522\u7269\u526f\u672c \u591c\u904a\u8ced\u57ce\u6307\u5357", "FULLNAME": "adult:v1l3-j-how-to-spend-the-night-in-sin-city", "RATING": 11, "COMMENTS": "3"}, {"TITLE": "\u4e00\u76de\u8336\u6e6f\u6620\u7d05\u7af9", "FULLNAME": "the-green-tea-mirror-the-red-bamboo", "RATING": 4, "COMMENTS": "1"}, {"TITLE": "SCP-ZH-144 - \u5341\u4e8c\u9032\u4f4d\u6cd5", "FULLNAME": "scp-zh-144", "RATING": 25, "COMMENTS": "6"}, {"TITLE": "SCP-ZH-829 - \u7121\u5f62\u5e72\u6208", "FULLNAME": "scp-zh-829", "RATING": 12, "COMMENTS": "2"}, {"TITLE": "\u300c\u8f49\u4e16\u8a08\u5283\u300d", "FULLNAME": "project-reincarnation", "RATING": 17, "COMMENTS": "1"}, {"TITLE": "\u5c0d\u5411\u5217\u8eca\u7684\u72c2\u5954\u4eba\u5f71", "FULLNAME": "running-shadow-of-the-opposite-train", "RATING": 14, "COMMENTS": "8"}, {"TITLE": "SCP-ZH-052 - \u5fd8\u4e86\u6211\u5427\uff0c\u4f46\u6211\u4e0d\u6703\u5fd8\u8a18\u4f60\u5011\u7684", "FULLNAME": "scp-zh-052", "RATING": 18, "COMMENTS": "0"}, {"TITLE": "SCP-ZH-035\u6536\u5bb9\u7d00\u9304", "FULLNAME": "how-did-we-catch-scp-zh-035", "RATING": 7, "COMMENTS": "3"}, {"TITLE": "SCP-ZH-057 - \u66b4\u8e81\u5c0f\u884c\u661f", "FULLNAME": "scp-zh-057", "RATING": 21, "COMMENTS": "4"}, {"TITLE": "SCP-ZH-058 - \u53e6\u4e00\u9053\u8d70\u5eca", "FULLNAME": "scp-zh-058", "RATING": 10, "COMMENTS": "0"}, {"TITLE": "SCP-ZH-228 - \u7fe0\u57d4\uff0c1947\u3002", "FULLNAME": "scp-zh-228", "RATING": 26, "COMMENTS": "7"}, {"TITLE": "SCP-ZH-832 - \u56de\u6eab", "FULLNAME": "scp-zh-832", "RATING": 10, "COMMENTS": "3"}, {"TITLE": "\u901b\u8857", "FULLNAME": "shopping", "RATING": 5, "COMMENTS": "2"}, {"TITLE": "\u5e03\u9b6f\u514b\u6797\u7b2c\u96f6\u5340\uff1a\u96e8\u904e\u5929\u6674", "FULLNAME": "boorklyn-00-ref-rain", "RATING": 16, "COMMENTS": "2"}, {"TITLE": "SCP-ZH-352 - \u7d55\u547d\u516d\u9f9c\u8461\u8404", "FULLNAME": "scp-zh-352", "RATING": 17, "COMMENTS": "4"}, {"TITLE": "SCP-ZH-701 - \u63a0\u98df\u6027\u964d\u96e8", "FULLNAME": "scp-zh-701", "RATING": 11, "COMMENTS": "0"}, {"TITLE": "SCP-ZH-398 - \u56db\u9762\u95bb\u9b54", "FULLNAME": "scp-zh-398", "RATING": 14, "COMMENTS": "3"}, {"TITLE": "\u4e8b\u6545\u7d00\u9304458-A", "FULLNAME": "what-the-fuck-is-this-pizza", "RATING": 16, "COMMENTS": "0"}, {"TITLE": "\u690d\u6728\u7149\u91d1", "FULLNAME": "pelia-start", "RATING": 13, "COMMENTS": "0"}, {"TITLE": "SCP-ZH-399 - \u6211\u5011\u5fc3\u4e2d\u7684444\u865f\u8996\u807d\u6559\u5ba4", "FULLNAME": "scp-zh-399", "RATING": 32, "COMMENTS": "0"}, {"TITLE": "SCP-ZH-999-J - \u5de5", "FULLNAME": "scp-zh-999-j", "RATING": 6, "COMMENTS": "19"}, {"TITLE": "\u7e41\u4e2d\u7ba1\u7406\u54e1\u7b46\u8a18\uff1a2021\u5e74\u56de\u9867", "FULLNAME": "note-for-u-guys-2021", "RATING": 35, "COMMENTS": "4"}, {"TITLE": "SCP-ZH-499 - \u5eb7\u4e43\u99a8\u76d4\u7532\u5de5\u85dd", "FULLNAME": "scp-zh-499", "RATING": 37, "COMMENTS": "3"}, {"TITLE": "SCP-ZH-560 - \u4eba\u751f\u7684\u7b2c\u4e8c\u6625", "FULLNAME": "scp-zh-560", "RATING": 15, "COMMENTS": "2"}, {"TITLE": "SCP-ZH-916 - \u5922\u8ff4\u7194\u7210", "FULLNAME": "scp-zh-916", "RATING": 19, "COMMENTS": "3"}, {"TITLE": "\u97f3\u6a02\u5f8b\u52d5\u52a0\u5bc6\u7a0b\u5e8f", "FULLNAME": "maimaimiamia", "RATING": 9, "COMMENTS": "0"}, {"TITLE": "SCP-ZH-082 - \u5c0f\u871c\u8702\u9910\u8eca", "FULLNAME": "scp-zh-082", "RATING": 24, "COMMENTS": "0"}, {"TITLE": "\u5929\u4eae\u524d\u7684\u79ae\u7269", "FULLNAME": "raincoat", "RATING": 8, "COMMENTS": "0"}, {"TITLE": "SCP-ZH-999\uff0d\u4eba\u5011\u6b20\u4ed6\u500b\u7e3d\u7d71\u5e2d\u4f4d", "FULLNAME": "scp-zh-999", "RATING": 57, "COMMENTS": "13"}, {"TITLE": "SCP-ZH-340 - \u751f\u547d\u4e4b\u6c99\uff0c\u7e41\u661f\u4e4b\u76d2", "FULLNAME": "scp-zh-340", "RATING": 20, "COMMENTS": "1"}, {"TITLE": "k1s10r0d\u7684\u63d0\u6848 - IMMOLARI", "FULLNAME": "k1s10r0d-s-proposal", "RATING": 36, "COMMENTS": "3"}, {"TITLE": "\u5077\u6e21\u76ee\u6a19\uff1aKislorod Ponomarenko\uff0c\u651d\u65bc1984\u5e74", "FULLNAME": "smuggling-target-kislorod-ponomarenko", "RATING": 9, "COMMENTS": "1"}, {"TITLE": "SCP-ZH-517 - One More Time, One More Chance", "FULLNAME": "scp-zh-517", "RATING": 22, "COMMENTS": "1"}, {"TITLE": "SCP-ZH-464 - \u9b5f\u9b54", "FULLNAME": "scp-zh-464", "RATING": 10, "COMMENTS": "0"}, {"TITLE": "SCP-ZH-072 - \u5de5\u4f5c\u9593\u5931\u7aca\u4e8b\u4ef6", "FULLNAME": "scp-zh-072", "RATING": 17, "COMMENTS": "1"}, {"TITLE": "SCP-ZH-181 - \u6c38\u7e8c\u7684\u5de5\u696d\u9769\u547d", "FULLNAME": "scp-zh-181", "RATING": 12, "COMMENTS": "1"}, {"TITLE": "SCP-ZH-337 - \u5922\u5de5\u5ee0", "FULLNAME": "scp-zh-337", "RATING": 28, "COMMENTS": "6"}, {"TITLE": "\u767d\u96f2\u5b64\u98db", "FULLNAME": "i-ll-come-back-to-the-earth-and-bring-the-piece-of-the-star", "RATING": 19, "COMMENTS": "0"}, {"TITLE": "SCP-ZH-599 - Xyan2K Problem", "FULLNAME": "scp-zh-599", "RATING": 16, "COMMENTS": "1"}, {"TITLE": "\u91dc\u5e95\u63db\u65e5", "FULLNAME": "un-framing-frame", "RATING": 11, "COMMENTS": "0"}, {"TITLE": "SCP-ZH-107 - \u6355\u9ce5\u96f2", "FULLNAME": "scp-zh-107", "RATING": 19, "COMMENTS": "0"}, {"TITLE": "SCP-ZH-056 - \u672c\u73ed\u6a5f\u98db\u5f80\u5f7c\u5cb8", "FULLNAME": "scp-zh-056", "RATING": 21, "COMMENTS": "0"}, {"TITLE": "SCP-ZH-643 - \u6389\u843d", "FULLNAME": "scp-zh-643", "RATING": 10, "COMMENTS": "2"}, {"TITLE": "\u5152\u7ae5\u8d70\u5931\u8655\u7406\u7d00\u9304", "FULLNAME": "snowcatflyhighhigh", "RATING": 27, "COMMENTS": "3"}, {"TITLE": "SCP-ZH-086 - \u8acb\u4f60\u5225\u8aaa\u898b\u904e\u6211", "FULLNAME": "scp-zh-086", "RATING": 22, "COMMENTS": "2"}, {"TITLE": "\u58ae\u5929\u4f7f\u7684\u7948\u9858", "FULLNAME": "fly-to-the-sky", "RATING": 13, "COMMENTS": "1"}, {"TITLE": "\u4ee3\u9054\u6d1b\u65af\u7684\u9006\u5929\u4f7f", "FULLNAME": "zh-daedalus-defyingangel", "RATING": 15, "COMMENTS": "0"}, {"TITLE": "SCP-ZH-956 - \u6bcf\u65e5\u6aa2\u67e5\u5831\u8868", "FULLNAME": "scp-zh-956", "RATING": 6, "COMMENTS": "2"}, {"TITLE": "SCP-ZH-074 - \u6d77\u62c9\u7684\u6536\u5bb9\u9593", "FULLNAME": "scp-zh-074", "RATING": 12, "COMMENTS": "7"}, {"TITLE": "SCP-ZH-223 - \u5b7d\u7a2e", "FULLNAME": "scp-zh-223", "RATING": 16, "COMMENTS": "2"}, {"TITLE": "SCP-ZH-725 - \u7a7a\u87f2", "FULLNAME": "scp-zh-725", "RATING": 12, "COMMENTS": "0"}, {"TITLE": "\u767d\u88e1\u900f\u7d05\u7684\u8eab\u5f71", "FULLNAME": "zh-daedalus-f004", "RATING": 15, "COMMENTS": "0"}, {"TITLE": "SCP-ZH-413 - \u542b\u7898\u6674\u5929\u5a03\u5a03", "FULLNAME": "scp-zh-413", "RATING": 17, "COMMENTS": "0"}, {"TITLE": "SCP-ZH-432 - \u66f4\u597d\u7684\u4f60", "FULLNAME": "scp-zh-432", "RATING": 21, "COMMENTS": "2"}, {"TITLE": "\u52ff\u5fd8\u6211", "FULLNAME": "forget-me-not-lucifelle", "RATING": 17, "COMMENTS": "0"}, {"TITLE": "SCP-ZH-302 - \u542b\u7898\u6c34\u5996\u7cbe", "FULLNAME": "scp-zh-302", "RATING": 16, "COMMENTS": "0"}, {"TITLE": "SCP-ZH-123 - \u7d66\u81ea\u5df1\u7684\u7b46\u8a18", "FULLNAME": "scp-zh-123", "RATING": 13, "COMMENTS": "0"}, {"TITLE": "SCP-ZH-329 - \u7fbd\u5316\u8005", "FULLNAME": "scp-zh-329", "RATING": 4, "COMMENTS": "0"}, {"TITLE": "SCP-ZH-798 - \u591c\u66f2\u4e4b\u5f8c", "FULLNAME": "scp-zh-798", "RATING": 8, "COMMENTS": "0"}, {"TITLE": "\u59d4\u8a17\uff1a\u76ee\u5149\u4e4b\u7ffc", "FULLNAME": "commission-nine-point-eight", "RATING": 10, "COMMENTS": "0"}, {"TITLE": "SCP-ZH-563 - \u7070\u98db\u7159\u6ec5", "FULLNAME": "scp-zh-563", "RATING": 7, "COMMENTS": "3"}, {"TITLE": "SCP-ZH-385 - \u5b50\u6bcd\u5de1\u5f0b\u98db\u5f48MSC-7\u300c\u734c\u675f\u300d", "FULLNAME": "scp-zh-385", "RATING": 10, "COMMENTS": "1"}, {"TITLE": "SCP-ZH-073 - \u5de1\u8ff4\u6f14\u51fa\u6700\u7d42\u7ad9", "FULLNAME": "scp-zh-073", "RATING": 18, "COMMENTS": "1"}, {"TITLE": "SCP-ZH-609 - \u7761\u524d\u6aa2\u67e5", "FULLNAME": "scp-zh-609", "RATING": 14, "COMMENTS": "0"}, {"TITLE": "\u6642\u9593\u523b", "FULLNAME": "counting-down", "RATING": 12, "COMMENTS": "5"}, {"TITLE": "SCP-ZH-084 - \u4ee5\u6211\u70ba\u93e1", "FULLNAME": "scp-zh-084", "RATING": 9, "COMMENTS": "0"}, {"TITLE": "SCP-ZH-365 - \u8d17\u54c1\u8b49\u4ef6\u593e", "FULLNAME": "scp-zh-365", "RATING": 3, "COMMENTS": "1"}, {"TITLE": "\u8654\u8aa0\u795e\u7236\u8207\u793e\u755c\u8f14\u5c0e\u54e1\u4e0d\u6703\u649e\u7834\u8499\u81c9\u4e0a\u53f8\u5011\u505a\u7f9e\u7f9e\u7684\u4e8b", "FULLNAME": "one-night-four-broken-hearts-in-12", "RATING": 20, "COMMENTS": "0"}, {"TITLE": "SCP-ZH-466 - \u9b54\u8853\u7898\u8207\u5922\u5e7b\u6ce1\u5f71", "FULLNAME": "scp-zh-466", "RATING": 15, "COMMENTS": "0"}, {"TITLE": "SCP-ZH-448 - \u516d\u8292\u75c7\u5019\u7fa4", "FULLNAME": "scp-zh-448", "RATING": 15, "COMMENTS": "2"}, {"TITLE": "\u52ab\u5b7d\u9918\u751f", "FULLNAME": "post-trauma", "RATING": 14, "COMMENTS": "1"}, {"TITLE": "\u82b1\u96e8", "FULLNAME": "zh-086-flower-torment", "RATING": 16, "COMMENTS": "0"}, {"TITLE": "SCP-ZH-968 - \u57fa\u8f14\u6230\u9b3c\u986f\u73fe\u4e4b\u6642", "FULLNAME": "scp-zh-968", "RATING": 25, "COMMENTS": "4"}, {"TITLE": "\u4e00\u5b9a\u662f\u5047\u7684", "FULLNAME": "must-be-fake", "RATING": 14, "COMMENTS": "0"}, {"TITLE": "SCP-ZH-179 - \u51a4\u6789", "FULLNAME": "scp-zh-179", "RATING": 16, "COMMENTS": "0"}, {"TITLE": "\u96fb\u5b50\u661f\u7a7a", "FULLNAME": "electronic-stary", "RATING": 15, "COMMENTS": "0"}, {"TITLE": "SCP-ZH-777 - \u4e03\u9418\u8b49\u507d\u50b3\u4e03\u97ff", "FULLNAME": "scp-zh-777", "RATING": 13, "COMMENTS": "0"}, {"TITLE": "\u6613\u7f85\u6b23\u3001\u5377\u96f6", "FULLNAME": "creator-part-zero", "RATING": 6, "COMMENTS": "0"}, {"TITLE": "\u5047\u9762\u9a0e\u58ebTheseus\uff1a\u4e00\u610f\u5b64\u884c", "FULLNAME": "kamen-rider-theseus-alone-in-the-dark", "RATING": 13, "COMMENTS": "1"}, {"TITLE": "SCP-ZH-922 - \u99ac\u862d\u59d1\u5a18", "FULLNAME": "scp-zh-922", "RATING": 26, "COMMENTS": "1"}, {"TITLE": "SCP-ZH-186 - \u9019\u4e9b\u8eca\u5f9e\u54ea\u4f86?", "FULLNAME": "scp-zh-186", "RATING": 10, "COMMENTS": "0"}, {"TITLE": "\u5c71\u672c\u7814\u7a76\u54e1\u7684ZH-922\u89c0\u5bdf\u65e5\u8a8c", "FULLNAME": "romiamiad-ni-cidal", "RATING": 17, "COMMENTS": "0"}, {"TITLE": "SCP-ZH-255 - \u5b64\u7368\u96aa", "FULLNAME": "scp-zh-225", "RATING": 20, "COMMENTS": "0"}, {"TITLE": "\u6211\u5011\u90fd\u53ea\u662f\u8840\u8089\u4e4b\u8ec0", "FULLNAME": "we-are-no-more-than-mortal-souls", "RATING": 15, "COMMENTS": "1"}, {"TITLE": "SCP-ZH-985 - \u88ab\u62b9\u6d88\u7684\u9152\u5427\u6b77\u53f2", "FULLNAME": "scp-zh-985", "RATING": 12, "COMMENTS": "1"}, {"TITLE": "\u547d\u61f8\u4e00\u9d28\uff0c\u9003\u51fa\u751f\u5929", "FULLNAME": "among-in-the-duck", "RATING": 16, "COMMENTS": "6"}, {"TITLE": "\u5e03\u9b6f\u514b\u6797\u7b2c\u96f6\u5340\uff1a\u5b8c\u5f62\u5d29\u58de", "FULLNAME": "boorklyn-00-crash", "RATING": 12, "COMMENTS": "1"}, {"TITLE": "SCP-ZH-126 - \u300c\u7f8a\u300d\u828b\u7247\u888b", "FULLNAME": "scp-zh-126", "RATING": 11, "COMMENTS": "0"}, {"TITLE": "URA-995 - \u6d88 \u5931 \u7684 \u4e94 \u5206 \u9418", "FULLNAME": "scp-zh-995", "RATING": 12, "COMMENTS": "4"}, {"TITLE": "\u7b2c22\u5929", "FULLNAME": "project-mia-day-by-mimeow", "RATING": 10, "COMMENTS": "0"}, {"TITLE": "\u300c\u6211\u6c92\u760b\u300d", "FULLNAME": "i-mcrazy", "RATING": 10, "COMMENTS": "0"}, {"TITLE": "\u300c\u706b\u9b54\u6cd5\u300d\u56de\u9867\uff1a\u4f3c\u540c\u5be6\u7570\u7684\u5169\u5927\u985e\u8853\u5f0f", "FULLNAME": "review-of-fire-spells", "RATING": 16, "COMMENTS": "0"}, {"TITLE": "SCP-ZH-132 - \u8981\u4f60\u547d\u7684007\u904a\u6232", "FULLNAME": "scp-zh-132", "RATING": 13, "COMMENTS": "0"}, {"TITLE": "\u7570\u805e\uff1a\u4e2d\u6e2f\u8def\u4e0a\u7684\u91ce\u72fc", "FULLNAME": "wolf125again", "RATING": 6, "COMMENTS": "2"}, {"TITLE": "SCP-ZH-382 - \u72a7\u7272\u54c1", "FULLNAME": "scp-zh-382", "RATING": 13, "COMMENTS": "0"}, {"TITLE": "\u6c92\u6709\u57fa\u91d1\u6703\u7684\u90a3\u6642", "FULLNAME": "the-time-foundation-disappeared", "RATING": 24, "COMMENTS": "0"}, {"TITLE": "SCP-ZH-182 - \u5f15\u8a98\u589c\u6a13\u7684\u8033\u8a9e", "FULLNAME": "scp-zh-182", "RATING": 1, "COMMENTS": "6"}, {"TITLE": "\u90fd\u5e02\u50b3\u8aaa\u578b\u7570\u5e38\u61c9\u5c0d\u90e8\u9580\u4e2d\u5fc3\u9801", "FULLNAME": "urban-legend-department", "RATING": 16, "COMMENTS": "1"}, {"TITLE": "1970-1972\u5947\u840a\u5c71\u5340\u672a\u89e3\u660e\u4e8b\u4ef6\u518d\u5be9\u63d0\u6848", "FULLNAME": "unsolved-cases-mount-qilai-1970-1972", "RATING": 13, "COMMENTS": "0"}, {"TITLE": "\u7570\u5875\u6f2b\u6b65", "FULLNAME": "a-walk-in-the-fallout", "RATING": 12, "COMMENTS": "7"}, {"TITLE": "\u9418\u67b6", "FULLNAME": "bell-frame", "RATING": 9, "COMMENTS": "1"}, {"TITLE": "SCP-ZH-330 - \u820a\u65e5\u7684\u8a18\u61b6\u6a02\u7ae0", "FULLNAME": "scp-zh-330", "RATING": 9, "COMMENTS": "1"}, {"TITLE": "\u7dad\u5b89\u4e8b\u6545ZH-330-2", "FULLNAME": "incident-zh-330-2", "RATING": 11, "COMMENTS": "0"}, {"TITLE": "\u5728\u7e7c\u7e8c\u524d\u9032\u4e4b\u524d", "FULLNAME": "before-the-moving-on", "RATING": 8, "COMMENTS": "0"}, {"TITLE": "SCP-ZH-196 - \u8207\u3164\u3164\u3164\u3164\u5a46\u5a11\u8d77\u821e", "FULLNAME": "scp-zh-196", "RATING": 17, "COMMENTS": "0"}, {"TITLE": "\u9b54\u5973\u805a\u6703\u8207\u7121\u5149\u4e4b\u68ee", "FULLNAME": "zh-the-witches-gathering-and-the-lightless-forest-1", "RATING": 10, "COMMENTS": "0"}, {"TITLE": "\u6697\u65e5\u9a45\u5f71", "FULLNAME": "bythenameofeighthsun-noshadowallowed", "RATING": 9, "COMMENTS": "0"}, {"TITLE": "\u60e1\u610f\u884c\u70ba", "FULLNAME": "malicious-behavior", "RATING": 12, "COMMENTS": "2"}, {"TITLE": "SCP-ZH-744 - \u53cd\u6d17\u79ae", "FULLNAME": "scp-zh-744", "RATING": 13, "COMMENTS": "3"}, {"TITLE": "SCP-\u229b\u2742\u274d\u25cc", "FULLNAME": "scp-zh-868", "RATING": 15, "COMMENTS": "3"}, {"TITLE": "SCP-ZH-818 - \u535a\u5341\u516b\u8c46\u4ed4", "FULLNAME": "scp-zh-818", "RATING": 10, "COMMENTS": "1"}, {"TITLE": "\u8fd1\u671f\u7684\u5275\u4f5c\uff08\u4e8c\uff09", "FULLNAME": "sq-artwork-1b", "RATING": 10, "COMMENTS": "3"}, {"TITLE": "SCP-ZH-895\u2014\u5875\u5c01\u4e4b\u5922\u8207\u6096\u8ad6", "FULLNAME": "scp-zh-895", "RATING": 10, "COMMENTS": "0"}, {"TITLE": "\u5e0c\u671b\u7684\u984f\u8272", "FULLNAME": "color-of-hope", "RATING": 10, "COMMENTS": "0"}, {"TITLE": "SCP-ZH-706 - \u5c11\u5e74\u311f\uff0c\u53ef\u4e0d\u53ef\u4ee5\u966a\u963f\u4f2f\u627e\u56de\u5bb6\u7684\u8def\uff1f", "FULLNAME": "scp-zh-706", "RATING": 13, "COMMENTS": "0"}, {"TITLE": "SCP-ZH-801 - \u6e6e\u6ec5\u516c\u5206\u6bcd", "FULLNAME": "scp-zh-801", "RATING": 10, "COMMENTS": "0"}, {"TITLE": "SCP-ZH-403 - \u7981\u81e0\u8207\u7d42\u6b62\u7b26", "FULLNAME": "scp-zh-403", "RATING": 17, "COMMENTS": "4"}, {"TITLE": "NX-ZH-02\uff1a\u897f\u52a0\u8d70\u7063\u7fa4\u5cf6", "FULLNAME": "nx-zh-02", "RATING": 24, "COMMENTS": "1"}, {"TITLE": "\u7260\u5728\u770b\u8457\u55ce\uff1f", "FULLNAME": "is-it-watching", "RATING": 9, "COMMENTS": "0"}, {"TITLE": "SCP-ZH-361 - \u9a5a\u559cX\u9eb5", "FULLNAME": "scp-zh-361", "RATING": 17, "COMMENTS": "0"}, {"TITLE": "\u6975\u9650\u523b\u5ea6", "FULLNAME": "limit-scale", "RATING": 8, "COMMENTS": "0"}, {"TITLE": "\u5b8c\u7f8e\u72afX\u7684\u5165\u8077", "FULLNAME": "interview-of-x", "RATING": 11, "COMMENTS": "0"}, {"TITLE": "\u4ed6\u5011\u66fe\u7d93\u975e\u4eba\uff0c\u4e00\u5982\u5f80\u5e38\uff0c\u672a\u5fc5\u5982\u6b64", "FULLNAME": "zh-defying-angel-daily01", "RATING": 12, "COMMENTS": "1"}, {"TITLE": "SCP-ZH-279 - \u611b\u7684\u5f62\u72c0", "FULLNAME": "scp-zh-279", "RATING": 20, "COMMENTS": "1"}, {"TITLE": "\u7121\u5fc3\u4e4b\u8a00", "FULLNAME": "heartless-speaking", "RATING": 7, "COMMENTS": "1"}, {"TITLE": "\u611b\u662f\u72a7\u7272\u5949\u737b", "FULLNAME": "love-is-sacrifice", "RATING": 7, "COMMENTS": "0"}, {"TITLE": "\u6d77\u68e0\u4f9d\u820a", "FULLNAME": "lucid-dreams", "RATING": 24, "COMMENTS": "0"}, {"TITLE": "SCP-ZH-184 - \u5954\u8eca\u673d\u7d22", "FULLNAME": "scp-zh-184", "RATING": 22, "COMMENTS": "1"}, {"TITLE": "SCP-ZH-119 - \u61f2\u7f70\u4e4b\u706b\u4e0d\u964d\u65bc\u6211", "FULLNAME": "scp-zh-119", "RATING": 14, "COMMENTS": "0"}, {"TITLE": "SCP-ZH-532 - \u7c21\u55ae\u4eba\u751f\u8eab\u5fc3\u8a3a\u6240", "FULLNAME": "scp-zh-532", "RATING": 16, "COMMENTS": "0"}, {"TITLE": "SCP-ZH-902 - \u5012\u6578\u4e4b\u4e2d", "FULLNAME": "scp-zh-902", "RATING": 12, "COMMENTS": "1"}, {"TITLE": "SCP-ZH-318 - \u8a8d\u540c\u7656", "FULLNAME": "scp-zh-318", "RATING": 0, "COMMENTS": "10"}, {"TITLE": "SCP-ZH-941 - \u4f60\u624d\u6c92\u6709\u5728\u596e\u9b25", "FULLNAME": "scp-zh-941", "RATING": 1, "COMMENTS": "8"}, {"TITLE": "\u5047\u9762\u9a0e\u58ebTheseus\uff1a\u96d9\u8ecc\u96e3\u984c", "FULLNAME": "kamen-rider-theseus-double-tracks-problem", "RATING": 14, "COMMENTS": "0"}, {"TITLE": "SCP-ZH-138 - \u672c\u6587\u4ef6\u7684\u5b58\u5132\u4f4d\u5740\u6709\u8aa4\uff0c\u5df2\u7531\u975e\u73fe\u5be6\u90e8\u9580\u7de8\u8f2f", "FULLNAME": "scp-zh-138", "RATING": 2, "COMMENTS": "2"}, {"TITLE": "SCP-ZH-134 - \u7fa4", "FULLNAME": "scp-zh-134", "RATING": 13, "COMMENTS": "0"}, {"TITLE": "\u7279\u6b8a\u914d\u5099\u300c\u4e5d\u8f49\u76d4\u300d\u5be6\u9a57\u7d00\u805e\uff1a\u8d64\u5d50\u56db\u5411", "FULLNAME": "helms-of-nine-iterations-in-red-storm-quadrants", "RATING": 10, "COMMENTS": "1"}, {"TITLE": "D-10201", "FULLNAME": "d-10201", "RATING": 16, "COMMENTS": "2"}, {"TITLE": "\u7121\u5e8f\u5922\u56c8", "FULLNAME": "disorder-flapdoodle", "RATING": 18, "COMMENTS": "0"}, {"TITLE": "\u6211\u7684\u8d16\u7f6a", "FULLNAME": "my-atonement", "RATING": 8, "COMMENTS": "0"}, {"TITLE": "SCP-ZH-188 - \u4e94\u6708\u5eff\u4e94\uff0c\u5fcc\u6bba\u751f", "FULLNAME": "scp-zh-188", "RATING": 12, "COMMENTS": "0"}, {"TITLE": "SCP-ZH-750 - \u795e\u8aaa\uff1a\u300c\u8981\u6709\u6cb9\u3002\u300d\u5c31\u6709\u4e86\u6cb9\u3002", "FULLNAME": "scp-zh-750", "RATING": 31, "COMMENTS": "5"}, {"TITLE": "SCP-ZH-441 - \u53ea\u80fd\u4ee5\u9019\u7a2e\u65b9\u5f0f\u932f\u8aa4\u5730\u60e6\u8a18\u88ab\u78be\u58d3\u800c\u4ea1\u7684\u5c4d\u9ad4", "FULLNAME": "scp-zh-441", "RATING": 17, "COMMENTS": "1"}, {"TITLE": "\u5bd0\u5074\u64f4\u5f35", "FULLNAME": "extension-of-dream", "RATING": 12, "COMMENTS": "2"}, {"TITLE": "SCP-ZH-029 - \u77c7\u773c\u5c04\u98db\u93e2", "FULLNAME": "scp-zh-029", "RATING": 10, "COMMENTS": "1"}, {"TITLE": "SCP-ZH-820 - \u5fcc\u5992\u9ebb\u4ed4\u53f0", "FULLNAME": "scp-zh-820", "RATING": 5, "COMMENTS": "1"}, {"TITLE": "\u611b\u5df2\u6dcc\u8840\u4e0d\u6b62", "FULLNAME": "zh-love-is-bleeding", "RATING": 6, "COMMENTS": "1"}, {"TITLE": "\u6728\u6613\u767e\u8f09\uff1a\u798f\u723e\u6469\u6c99\u8fd1\u4ee3\u53f2\u5c55", "FULLNAME": "mu-yi-exhibition-2022", "RATING": 13, "COMMENTS": "1"}, {"TITLE": "SCP-ZH-912-J - \u5927\u5fcc", "FULLNAME": "scp-zh-912-j", "RATING": 21, "COMMENTS": "6"}, {"TITLE": "\u80cc\u9762\u7684\u96fb\u8a71\u4ead", "FULLNAME": "phone-booth5", "RATING": 17, "COMMENTS": "0"}, {"TITLE": "SCP-ZH-173 - BLACK-GROUND: The Prologue", "FULLNAME": "scp-zh-173", "RATING": 15, "COMMENTS": "2"}, {"TITLE": "SCP-ZH-824 - \u6700\u6c89\u91cd\u7684\u7e6a\u5716\u7b46", "FULLNAME": "scp-zh-824", "RATING": 12, "COMMENTS": "1"}, {"TITLE": "SCP-ZH-180 - \u5b89 \u59ae :-)", "FULLNAME": "scp-zh-180", "RATING": 23, "COMMENTS": "2"}, {"TITLE": "SCP-ZH-583-J - \u54ea\u4f86\u7684\u7334\u5b50.SCiP", "FULLNAME": "scp-zh-583-j", "RATING": 14, "COMMENTS": "4"}, {"TITLE": "\u646f\u5bd0\u8ff8\u88c2", "FULLNAME": "dreams-always-explode", "RATING": 14, "COMMENTS": "0"}, {"TITLE": "SCP-ZH-120 - \u865b\u69cb\u7684\u6211\u5011", "FULLNAME": "scp-zh-120", "RATING": 40, "COMMENTS": "4"}, {"TITLE": "Negative", "FULLNAME": "negative", "RATING": 6, "COMMENTS": "0"}, {"TITLE": "SCP-ZH-145 - \"\u597d\u904b\u6821\u6b63\"\u9ebb\u5c07\u684c", "FULLNAME": "scp-zh-145", "RATING": 11, "COMMENTS": "2"}, {"TITLE": "\u5931\u53bb\u7684\u97f3\u7a0b", "FULLNAME": "lost-interval", "RATING": 5, "COMMENTS": "0"}, {"TITLE": "SCP-ZH-155 - \u72c2\u66b4\u9be8\u9748", "FULLNAME": "scp-zh-155", "RATING": 12, "COMMENTS": "0"}, {"TITLE": "SCP-ZH-211 - \u795d\u5927\u5bb6\u65e9\u5b89", "FULLNAME": "scp-zh-211", "RATING": 10, "COMMENTS": "1"}, {"TITLE": "SCP-ZH-328 - Dark Soups", "FULLNAME": "scp-zh-328", "RATING": 20, "COMMENTS": "3"}, {"TITLE": "Lostwhat\u7684\u63d0\u6848\u4e00", "FULLNAME": "lostwhat-s-proposal", "RATING": 38, "COMMENTS": "2"}, {"TITLE": "SCP-ZH-176 - \u300a\u6d77\u9dd7\u7684\u5927\u64a4\u9000\u300b", "FULLNAME": "scp-zh-176", "RATING": 22, "COMMENTS": "0"}, {"TITLE": "SCP-ZH-135 - \u8c93\u54aa\u4e0d\u548c\u6211\u73a9", "FULLNAME": "scp-zh-135", "RATING": 22, "COMMENTS": "2"}, {"TITLE": "\u5c0f\u52d5\u7269\u6a94\u6848\uff1a\u5e03\u4e39\uff01", "FULLNAME": "bhutan", "RATING": 11, "COMMENTS": "2"}, {"TITLE": "SCP-ZH-971 - \u611f\u6069seafood\u8b9a\u5606seafood", "FULLNAME": "scp-zh-971", "RATING": 10, "COMMENTS": "0"}, {"TITLE": "SCP-ZH-993 - \u7121\u77e5\u5247\u81ea\u7531", "FULLNAME": "scp-zh-993", "RATING": 25, "COMMENTS": "0"}, {"TITLE": "Reverberate_a\u7684\u63d0\u6848", "FULLNAME": "reverberate-a-s-proposal-1", "RATING": 23, "COMMENTS": "2"}, {"TITLE": "SCP-ZH-300-J - \u6211\u7684\u896a\u896a\ud83e\udd7a", "FULLNAME": "scp-zh-300-j", "RATING": 17, "COMMENTS": "6"}, {"TITLE": "\u865b\u50cf\u7dbb\u653e", "FULLNAME": "phantom-flowering", "RATING": 9, "COMMENTS": "1"}, {"TITLE": "SCP-ZH-712 - \u8d85\u9ad8\u901f\u95b1\u8b80\u773c\u93e1", "FULLNAME": "scp-zh-712", "RATING": 15, "COMMENTS": "0"}, {"TITLE": "SCP-ZH-646 - \u5348\u591c\u81ea\u756b", "FULLNAME": "scp-zh-646", "RATING": 15, "COMMENTS": "0"}, {"TITLE": "\u8f38\u5165\u5bc6\u5319\uff1a67337-94-505", "FULLNAME": "scp-zh-505", "RATING": 13, "COMMENTS": "0"}, {"TITLE": "\u4f46\u9858\u6211\u4e0d\u518d\u597d\u547d", "FULLNAME": "toogoodtobetrue", "RATING": 19, "COMMENTS": "1"}, {"TITLE": "\u4f75\u767c\u75c7", "FULLNAME": "complication", "RATING": 6, "COMMENTS": "1"}, {"TITLE": "\u751f\u7269\u96fb", "FULLNAME": "bioelectricity", "RATING": 9, "COMMENTS": "0"}, {"TITLE": "\u57f7\u5de6\u9053\u8005\u7684\u81ea\u6211\u653f\u8b8a", "FULLNAME": "self-coup-of-the-knavish", "RATING": 17, "COMMENTS": "2"}, {"TITLE": "\u6b98\u97ff", "FULLNAME": "reverberate", "RATING": 16, "COMMENTS": "4"}, {"TITLE": "SCP-ZH-190 - \u5fc3\u9748\u7db2\u8def", "FULLNAME": "scp-zh-190", "RATING": 15, "COMMENTS": "1"}, {"TITLE": "SCP-ZH-989 - \u6211\u5011\u8166\u4e2d\u7684\u592a\u967d", "FULLNAME": "scp-zh-989", "RATING": 20, "COMMENTS": "1"}, {"TITLE": "SCP-ZH-911 - \u4f60\u6240\u634d\u885b\u7684\u81ea\u7531", "FULLNAME": "scp-zh-911", "RATING": 22, "COMMENTS": "0"}, {"TITLE": "\u7b2c\u516d\u500b\u77f3\u50cf", "FULLNAME": "sixth-stone-statue", "RATING": 3, "COMMENTS": "0"}, {"TITLE": "Dr. Bales\u7684\u65e5\u5e38\u5c0f\u54c1\u96c6\u9326 \u4e09", "FULLNAME": "bales-s-daily-3", "RATING": 6, "COMMENTS": "0"}, {"TITLE": "SCP-ZH-157 - \u66a2\u884c\u7121\u963b", "FULLNAME": "scp-zh-157", "RATING": 14, "COMMENTS": "1"}, {"TITLE": "\u7d55\u7121\u4e8c\u5fc3", "FULLNAME": "forever-heartfelt", "RATING": 5, "COMMENTS": "0"}, {"TITLE": "\u6211\u5011\u4e4b\u4e2d\u6709\u500b\u9593\u8adc", "FULLNAME": "there-is-a-imposter-among-us", "RATING": 21, "COMMENTS": "1"}, {"TITLE": "SCP-ZH-590 - \u79c1\u4eba\u8336\u6703\u6642\u9593", "FULLNAME": "scp-zh-590", "RATING": 5, "COMMENTS": "2"}, {"TITLE": "SCP-ZH-962 - \u4f3c\u662f\u800c\u975e", "FULLNAME": "scp-zh-962", "RATING": 19, "COMMENTS": "2"}, {"TITLE": "\u557c\u8840\u9ce5", "FULLNAME": "flock-of-bloods", "RATING": 13, "COMMENTS": "2"}, {"TITLE": "SCP-ZH-214 - \u52ff\u5fd8\u6211", "FULLNAME": "scp-zh-214", "RATING": 8, "COMMENTS": "1"}, {"TITLE": "\u9ed1\u8272\u83ef\u723e\u6ecb", "FULLNAME": "pitch-dark-walts", "RATING": 12, "COMMENTS": "0"}, {"TITLE": "\u9716\u8336", "FULLNAME": "rain-and-tea", "RATING": 13, "COMMENTS": "3"}, {"TITLE": "SCP-ZH-418 - \u67e5\u7121\u6b64\u9805\u76ee", "FULLNAME": "scp-zh-418", "RATING": 10, "COMMENTS": "2"}, {"TITLE": "\u4f60\u7684\u5fc3\u53c8\u5c6c\u65bc\u8ab0\uff1f", "FULLNAME": "who-does-your-heart-belong-to", "RATING": 14, "COMMENTS": "1"}, {"TITLE": "\u66f9\u95be\u8776", "FULLNAME": "artworks", "RATING": 17, "COMMENTS": "2"}, {"TITLE": "SCP-ZH-149 - \u8eab\u9ad4\u662f\u4f60\u8a5b\u5492\u7684\u9053\u8def", "FULLNAME": "scp-zh-149", "RATING": 10, "COMMENTS": "0"}, {"TITLE": "\u6842\u82b1\u548c\u6d0b\u7518\u83ca", "FULLNAME": "tea-rain-halloween2022", "RATING": 16, "COMMENTS": "1"}, {"TITLE": "SCP-ZH-268 - \u5fc3\u8072", "FULLNAME": "scp-zh-268", "RATING": 7, "COMMENTS": "2"}, {"TITLE": "\u9152\u55ae\uff1a\u98db\u884c", "FULLNAME": "aviation", "RATING": 13, "COMMENTS": "1"}, {"TITLE": "SCP-ZH-244 - \u6211\u56de\u4f86\u4e86", "FULLNAME": "scp-zh-244", "RATING": 24, "COMMENTS": "1"}, {"TITLE": "SCP-ZH-699 - \u4e3b\u4eba\uff01\u4e3b\u4eba\uff01\u4e3b\u4eba\uff01\u4e3b\u4eba\uff01\u4e3b\u4eba\uff01\u4e3b\u4eba\uff01\u4e3b\u4eba\uff01\u4e3b\u4eba\uff01\u4e3b\u4eba\uff01", "FULLNAME": "scp-zh-699", "RATING": 14, "COMMENTS": "3"}, {"TITLE": "\u56de\u5c71\uff0c\u56de\u5bb6", "FULLNAME": "a-home-welcoming-story-rsr-lu", "RATING": 10, "COMMENTS": "0"}, {"TITLE": "SCP-ZH-765 - \u9955\u6848\u992e\u7258", "FULLNAME": "scp-zh-765", "RATING": 8, "COMMENTS": "1"}, {"TITLE": "\u7de8\u8f2f\u500b\u6848\uff1a\u300a\u8ff4\u97ff\u5fc3\u8072\u300b", "FULLNAME": "editorial-case-echoed-nightmare", "RATING": 11, "COMMENTS": "5"}, {"TITLE": "SCP-ZH-246 - \u9ede\u64ca\u6ed1\u9f20\u62ef\u6551\u751f\u547d", "FULLNAME": "scp-zh-246", "RATING": 10, "COMMENTS": "0"}, {"TITLE": "\u8feb\u964d\u4e8b\u4ef6", "FULLNAME": "wanderers:a-freak-accident-also-a-forced-anchorage", "RATING": 10, "COMMENTS": "0"}, {"TITLE": "\u74f6\u4e2d\u7684\u78a7\u7fe0\u6602", "FULLNAME": "wanderers:homunculus", "RATING": 20, "COMMENTS": "0"}, {"TITLE": "\u7d2f\u4e16\u71fc\u901d", "FULLNAME": "wanderers:farewell", "RATING": 15, "COMMENTS": "1"}, {"TITLE": "\u8b6f\u8005\u521d\u6821\u81ea\u884c\u6aa2\u67e5\u8868", "FULLNAME": "your-first-translation", "RATING": 23, "COMMENTS": "0"}, {"TITLE": "\u771f\u7d00\u8207\u79ae\u7afa", "FULLNAME": "merry-christmas-mkm", "RATING": 14, "COMMENTS": "2"}, {"TITLE": "\u8b58\u5225\u8b49", "FULLNAME": "identification-card", "RATING": 7, "COMMENTS": "0"}, {"TITLE": "SCP-ZH-632 - Can you hear me?", "FULLNAME": "scp-zh-632", "RATING": 9, "COMMENTS": "1"}, {"TITLE": "\u85dd\u8853\u4f5c\u54c1\uff1aSCP-ZH-922", "FULLNAME": "scp-zh-922-art", "RATING": 11, "COMMENTS": "0"}]