[{"TITLE": "SCP-ZH-256 - \u57fa\u6539\u5c71\u6cc9", "FULLNAME": "scp-zh-256", "RATING": 15, "COMMENTS": "0"}, {"TITLE": "SCP-ZH-515 - \u5e73\u5b89\u7b26", "FULLNAME": "scp-zh-515", "RATING": 44, "COMMENTS": "2"}, {"TITLE": "SCP-ZH-174 - \u975e\u5e38\u666e\u901a\uff0c\u518d\u666e\u901a\u4e0d\u904e\u7684\u7dda\u9999", "FULLNAME": "scp-zh-174", "RATING": 26, "COMMENTS": "4"}, {"TITLE": "SCP-ZH-913 - \u56de\u5bb6\u6708\u9905", "FULLNAME": "scp-zh-913", "RATING": 17, "COMMENTS": "0"}, {"TITLE": "SCP-ZH-087 - \u68c4\u7a3f", "FULLNAME": "scp-zh-087", "RATING": 31, "COMMENTS": "4"}, {"TITLE": "SCP-ZH-100", "FULLNAME": "scp-zh-0100", "RATING": 23, "COMMENTS": "0"}, {"TITLE": "SCP-ZH-998 - \u73fe\u8c61\u5b78", "FULLNAME": "scp-zh-998", "RATING": 38, "COMMENTS": "7"}, {"TITLE": "SCP-ZH-075 \u2014 \u2014- \u2026 -\u2026 ..- .-. \u2014\u2026-.", "FULLNAME": "scp-zh-075", "RATING": 13, "COMMENTS": "0"}, {"TITLE": "\u5b89\u5e03\u7f85\u65af\u9910\u5ef3-\u5d07\u6587\u9928", "FULLNAME": "ambrose-chung-wen-kuan", "RATING": 21, "COMMENTS": "2"}, {"TITLE": "SCP-ZH-019 - \u6d3b\u614b\u624b\u6a5f", "FULLNAME": "scp-zh-019", "RATING": 11, "COMMENTS": "2"}, {"TITLE": "SCP-ZH-520 - \u611b\u7684\u5e7b\u8c61", "FULLNAME": "scp-zh-520", "RATING": 16, "COMMENTS": "2"}, {"TITLE": "SCP-ZH-053 - \u8b93\u6211\u5011\u64e6\u4e7e\u4f60\u7684\u6dda\u6c34", "FULLNAME": "scp-zh-053", "RATING": 30, "COMMENTS": "0"}, {"TITLE": "SCP-ZH-729 - \u6027\u611f\u9b23\u8725", "FULLNAME": "scp-zh-729", "RATING": 14, "COMMENTS": "2"}, {"TITLE": "SCP-ZH-060 - \u9e7f\u8def\u96a7\u9053", "FULLNAME": "scp-zh-060", "RATING": 21, "COMMENTS": "1"}, {"TITLE": "SCP-ZH-878 - \u5a03\u5a03\u6536\u96c6\u8005", "FULLNAME": "scp-zh-878", "RATING": 20, "COMMENTS": "0"}, {"TITLE": "\u7a7f\u8d8a\u6642\u7a7a\u7684\u7a3d\u67e5\uff0c\u6700\u5f8c\u76ee\u7684\u5730\u662f\u6c38\u548c\u8c46\u6f3f", "FULLNAME": "in-the-maze-of-2020", "RATING": 9, "COMMENTS": "0"}, {"TITLE": "\u6b98\u5f71", "FULLNAME": "afterimage", "RATING": 14, "COMMENTS": "2"}, {"TITLE": "SCP-ZH-224 - \u4e00\u76d2\u96de\u86cb", "FULLNAME": "scp-zh-224", "RATING": 8, "COMMENTS": "3"}, {"TITLE": "SCP-ZH-2005-EX", "FULLNAME": "scp-zh-2005-ex", "RATING": 58, "COMMENTS": "1"}, {"TITLE": "SCP-ZH-1000-EX", "FULLNAME": "scp-zh-1000-ex", "RATING": 18, "COMMENTS": "5"}, {"TITLE": "\u8056\u591c\u51fa\u904a", "FULLNAME": "merry-christmas-aya-and-mayaw", "RATING": 16, "COMMENTS": "0"}, {"TITLE": "\u7e41\u4e2d\u7ba1\u7406\u54e1\u7b46\u8a18\uff1a2021\u5e74\u56de\u9867", "FULLNAME": "note-for-u-guys-2021", "RATING": 35, "COMMENTS": "4"}, {"TITLE": "SCP-ZH-999\uff0d\u4eba\u5011\u6b20\u4ed6\u500b\u7e3d\u7d71\u5e2d\u4f4d", "FULLNAME": "scp-zh-999", "RATING": 57, "COMMENTS": "13"}, {"TITLE": "\u5152\u7ae5\u8d70\u5931\u8655\u7406\u7d00\u9304", "FULLNAME": "snowcatflyhighhigh", "RATING": 27, "COMMENTS": "3"}, {"TITLE": "SCP-ZH-255 - \u5b64\u7368\u96aa", "FULLNAME": "scp-zh-225", "RATING": 20, "COMMENTS": "0"}]