[{"TITLE": "SCP-ZH-003 - \u6975\u7aef\u5f0f\u4fe1\u4ef0", "FULLNAME": "scp-zh-003", "RATING": 7, "COMMENTS": "4"}, {"TITLE": "SCP-ZH-009 - \u81fa\u5f0f\u65e9\u9ede", "FULLNAME": "scp-zh-009", "RATING": 20, "COMMENTS": "3"}, {"TITLE": "SCP-ZH-005 - \u5047\u5982\u4f60\u6c92\u6709\u8f49\u767c\u9019\u7bc7\u6587\u6a94\u7d66\u5341\u500b\u670b\u53cb\uff0c\u90a3\u9ebc\u2026\u2026\u2026\u2026", "FULLNAME": "scp-zh-005", "RATING": 62, "COMMENTS": "0"}, {"TITLE": "SCP-ZH-815 - \u4e00\u5bb6\u70e4\u8089\u842c\u5bb6\u9999", "FULLNAME": "scp-zh-815", "RATING": 35, "COMMENTS": "8"}]