[{"TITLE": "\u7ad9\u9ede\u7da0\u5316\u63d0\u6848", "FULLNAME": "greening", "RATING": 18, "COMMENTS": "1"}, {"TITLE": "SCP-ZH-080 - \u75d8\u75d8\u9f8d", "FULLNAME": "scp-zh-080", "RATING": 10, "COMMENTS": "0"}, {"TITLE": "SCP-ZH-610 - \u731b\u7206\u6027\u7e41\u884d\u7d44\u7e54\u7624", "FULLNAME": "scp-zh-610", "RATING": 21, "COMMENTS": "7"}, {"TITLE": "Ctrl Z\u535a\u58eb\u7684SCP\u8a18\u9304\uff1aSCP-093 \u7d05\u6d77\u7269\u4ef6", "FULLNAME": "bangyen093", "RATING": 8, "COMMENTS": "0"}, {"TITLE": "SCP-ZH-815 - \u4e00\u5bb6\u70e4\u8089\u842c\u5bb6\u9999", "FULLNAME": "scp-zh-815", "RATING": 35, "COMMENTS": "8"}, {"TITLE": "SCP-ZH-217 - \u8207\u904e\u53bb\u76f8\u4f34\u7684\u7a3b\u8349\u4eba", "FULLNAME": "scp-zh-217", "RATING": 10, "COMMENTS": "0"}, {"TITLE": "\u8056\u591c\u665a\u9910", "FULLNAME": "so-i-said-that-dinner", "RATING": 21, "COMMENTS": "2"}, {"TITLE": "\u51b0\u7bb1", "FULLNAME": "fridge", "RATING": 15, "COMMENTS": "0"}, {"TITLE": "SCP-ZH-051 - \u8acb\u7d66\u6211\u4e00\u9ede\u6eab\u6696", "FULLNAME": "scp-zh-051", "RATING": 16, "COMMENTS": "1"}, {"TITLE": "\u4e0d\u66fe\u505c\u6b47", "FULLNAME": "88-step", "RATING": 13, "COMMENTS": "1"}, {"TITLE": "\u6975\u5149\u7684\u984f\u8272", "FULLNAME": "color-of-aurora", "RATING": 15, "COMMENTS": "1"}, {"TITLE": "\u661f\u754c\u4e4b\u524d", "FULLNAME": "before-starsight", "RATING": 13, "COMMENTS": "2"}, {"TITLE": "\u7814\u7a76\u54e1\u9ec3\u7fbd\u9706\u7684\u8fa6\u516c\u5ba4", "FULLNAME": "cnblack-s-laboratory", "RATING": 15, "COMMENTS": "0"}, {"TITLE": "\u81f4\u6211\u6240\u611b", "FULLNAME": "to-my-love", "RATING": 7, "COMMENTS": "0"}, {"TITLE": "SCP-ZH-113 - \u62b9\u6bba\u4e8b\u60c5\u7684\u771f\u76f8", "FULLNAME": "scp-zh-113", "RATING": 30, "COMMENTS": "2"}, {"TITLE": "SCP-ZH-014 - \u4eba\u9b5a\u516c\u4e3b\u7684\u6545\u4e8b", "FULLNAME": "scp-zh-014", "RATING": 20, "COMMENTS": "4"}, {"TITLE": "\u5c0f\u52d5\u7269\u7c21\u4ecb\uff1a\u897f\u74dc\uff01", "FULLNAME": "watermelon", "RATING": 5, "COMMENTS": "2"}, {"TITLE": "SCP-ZH-046 - \u5de1\u5c71\u9748", "FULLNAME": "scp-zh-046", "RATING": 18, "COMMENTS": "2"}, {"TITLE": "SCP-ZH-878 - \u5a03\u5a03\u6536\u96c6\u8005", "FULLNAME": "scp-zh-878", "RATING": 20, "COMMENTS": "0"}, {"TITLE": "SCP-ZH-647 - \u5634\u7832\u8001\u4eba", "FULLNAME": "scp-zh-647", "RATING": 32, "COMMENTS": "4"}, {"TITLE": "\u7bc0\u6176\u7684\u984f\u8272", "FULLNAME": "festive-colors", "RATING": 16, "COMMENTS": "1"}, {"TITLE": "SCP-ZH-140 - \u5b57\u7fa9\u76f8\u6096", "FULLNAME": "scp-zh-140", "RATING": 20, "COMMENTS": "7"}, {"TITLE": "\u9280\u8272\u4e4b\u5f8c", "FULLNAME": "behind-the-silver", "RATING": 10, "COMMENTS": "2"}, {"TITLE": "SCP-ZH-079 - \u76ee\u6a19\uff0c\u89aa\u738b\uff0c\u64ca\u767c", "FULLNAME": "scp-zh-079", "RATING": 12, "COMMENTS": "1"}, {"TITLE": "\u8868\u5c64\u8b8a\u52d5", "FULLNAME": "one-of-the-secrets", "RATING": 18, "COMMENTS": "2"}, {"TITLE": "SCP-ZH-248 - \u5c24\u65af\u8482\u4e9e\u75c7\u5019\u7fa4", "FULLNAME": "scp-zh-248", "RATING": 21, "COMMENTS": "1"}, {"TITLE": "SCP-ZH-2005-EX", "FULLNAME": "scp-zh-2005-ex", "RATING": 58, "COMMENTS": "1"}, {"TITLE": "\u6c92\u4ec0\u9ebc\uff0c\u53ea\u662f\u4e00\u5f35\u8001\u7167\u7247", "FULLNAME": "nothing-just-a-old-picture", "RATING": 16, "COMMENTS": "0"}, {"TITLE": "\u4f0a\u4f3d\u59ca\u59ca\u53bb\u54ea\u4e86?", "FULLNAME": "zh-248-f004", "RATING": 14, "COMMENTS": "0"}, {"TITLE": "\u7dda\u7684\u53e6\u4e00\u7aef", "FULLNAME": "red-red-string", "RATING": 11, "COMMENTS": "0"}, {"TITLE": "\u6d17\u6a19\uff1a\u7d051354-\u6df1\u5165\u50b3\u7d71\u7d0d\u9913\u5361\u90e8\u843d", "FULLNAME": "red-1354", "RATING": 17, "COMMENTS": "1"}, {"TITLE": "\u6211\u662f\u8ab0\uff1f", "FULLNAME": "k1s10r0d-what-am-i", "RATING": 14, "COMMENTS": "2"}, {"TITLE": "Dr. Bales\u7684\u65e5\u5e38\u5c0f\u54c1\u96c6\u9326 \u4e8c", "FULLNAME": "bales-s-daily-2", "RATING": 17, "COMMENTS": "1"}, {"TITLE": "SCP-ZH-980 - \u7bc9\u5922\u5c0f\u68e7", "FULLNAME": "scp-zh-980", "RATING": 10, "COMMENTS": "2"}, {"TITLE": "\u98df\u5802\u7d04\u6703", "FULLNAME": "canteen-date", "RATING": 22, "COMMENTS": "3"}, {"TITLE": "2013\u5e74\u7684\u96d9\u4eba\u81ea\u62cd", "FULLNAME": "selfie-of-metha-and-kris-in-2013", "RATING": 16, "COMMENTS": "0"}, {"TITLE": "\u8fa6\u516c\u5ba4\u88e1\u7684\u81f4\u547d\u6a21\u56e0", "FULLNAME": "the-bottle-in-office", "RATING": 18, "COMMENTS": "2"}, {"TITLE": "\u9b54\u9ce5\u8207\u9b54\u9ce5\u4f7f", "FULLNAME": "hafune", "RATING": 14, "COMMENTS": "6"}, {"TITLE": "\u96f7\u9663\u96e8", "FULLNAME": "thunderstorm", "RATING": 14, "COMMENTS": "0"}, {"TITLE": "\u4f60\u6703\u611f\u5230\u5f8c\u6094\u55ce\uff1f", "FULLNAME": "what-are-you-waiting-for-just-join-goc-dude", "RATING": 36, "COMMENTS": "5"}, {"TITLE": "SCP-ZH-022-J - \u62dc\u8a17\u8ab0\u4f86\u628a\u5b83\u586b\u4e0a", "FULLNAME": "scp-zh-022-j", "RATING": 37, "COMMENTS": "19"}, {"TITLE": "SCP-ZH-033 - \u25c9", "FULLNAME": "scp-zh-033", "RATING": 2, "COMMENTS": "7"}, {"TITLE": "\u5929\u7a79\u4e4b\u4e0b\uff0c\u5343\u9ce5\u56db\u6563", "FULLNAME": "flock-shatters-beneath-the-skydome", "RATING": 12, "COMMENTS": "3"}, {"TITLE": "SCP-ZH-066 - \u6709\u501f\u6709\u9084", "FULLNAME": "scp-zh-066", "RATING": 11, "COMMENTS": "5"}, {"TITLE": "SCP-ZH-323 \u64cd\u4f5c\u5be6\u9a57 B-01", "FULLNAME": "scp-zh-323-text-b01", "RATING": 7, "COMMENTS": "0"}, {"TITLE": "\u611a\u4eba\u7bc0\u7684\u81f4\u547d\u6a21\u56e0", "FULLNAME": "the-bottle-in-april-fools", "RATING": 22, "COMMENTS": "2"}, {"TITLE": "\u79c1\u6848\uff1a\u5f9e\u5bb9\u5c31\u8a08", "FULLNAME": "the-plan-of-surprise-attack", "RATING": 3, "COMMENTS": "3"}, {"TITLE": "SCP-ZH-833 - \u6642\u9006\u6b98\u5f71", "FULLNAME": "scp-zh-833", "RATING": 10, "COMMENTS": "4"}, {"TITLE": "\u79c1\u6848\uff1a\u5c31\u5730\u6b63\u6cd5", "FULLNAME": "the-plan-of-execution", "RATING": 7, "COMMENTS": "0"}, {"TITLE": "\u79c1\u6848\uff1a\u8b8a\u7bc0\u9810\u544a", "FULLNAME": "the-plan-before-defection", "RATING": 8, "COMMENTS": "0"}, {"TITLE": "\u9592\u6687\u4e4b\u9918", "FULLNAME": "maimai-first-time", "RATING": 10, "COMMENTS": "0"}, {"TITLE": "\u82b1\u8a9e\uff1a\u84b2\u516c\u82f1", "FULLNAME": "taraxacum", "RATING": 18, "COMMENTS": "0"}, {"TITLE": "SCP-ZH-880 - \u963f\u5b24\u89ba\u5f97\u4f60\u51b7", "FULLNAME": "scp-zh-880", "RATING": 30, "COMMENTS": "2"}, {"TITLE": "SCP-V1L3-J \u5be6\u9a57\u7522\u7269\u5099\u4efd \u6c5e\u4e2d\u6bd2", "FULLNAME": "adult:v1l3-j-mercury-poisoning", "RATING": 9, "COMMENTS": "1"}, {"TITLE": "\u624b\u7e6a\u7684Valm\u00faa", "FULLNAME": "k1s10r0d-hand-drawn-valmua", "RATING": 15, "COMMENTS": "0"}, {"TITLE": "\u9396\u93c8\u7684\u97f3\u7af9", "FULLNAME": "k1s10r0d-chain-sugoi", "RATING": 29, "COMMENTS": "6"}, {"TITLE": "SCP-ZH-488 - \u7926\u755c", "FULLNAME": "scp-zh-488", "RATING": 9, "COMMENTS": "0"}, {"TITLE": "\u6c5e\u4e2d\u6bd2\u4e3b\u984c\u66f2\uff1a\u6c89\u5728\u540d\u70ba\u4f60\u7684\u6bd2", "FULLNAME": "in-your-poisoning", "RATING": 7, "COMMENTS": "0"}, {"TITLE": "\u7099\u71b1\u7684\u5348\u5f8c\u6642\u5149", "FULLNAME": "the-ss-vs-ss", "RATING": 29, "COMMENTS": "19"}, {"TITLE": "\u6240\u6709\u7684\u6a4b\u90fd\u88ab\u71d2\u6389\u4e86", "FULLNAME": "all-the-bridges-were-burned", "RATING": 13, "COMMENTS": "1"}, {"TITLE": "SCP-V1L3-J\u5be6\u9a57\u7522\u7269\u5099\u4efd \u71c3\u71d2\u5361\u8def\u91cc", "FULLNAME": "adult:v1l3-j-burning-calories", "RATING": 12, "COMMENTS": "0"}, {"TITLE": "SCP-ZH-614 - 4D\u7cbd\u5b50", "FULLNAME": "scp-zh-614", "RATING": 11, "COMMENTS": "8"}, {"TITLE": "\u89aa\u8fce\u8f15\u76c8\u4e4b\u71df\u706b\u7469", "FULLNAME": "bt-fly", "RATING": 13, "COMMENTS": "3"}, {"TITLE": "SCP-ZH-409 - \u9435\u8863\u85fb", "FULLNAME": "scp-zh-409", "RATING": 12, "COMMENTS": "6"}, {"TITLE": "\u7570\u5e38\u9805\u76ee\u7d00\u9304\uff1a\u300c\u9632\u66b4\u8b66\u5bdf\u982d\u76d4\u300d", "FULLNAME": "anomalous-item-hk-police-helmet", "RATING": 37, "COMMENTS": "5"}, {"TITLE": "SCP-ZH-377 - \u6d77\u6258\u4e16\u7684\u6350\u8840\u8eca", "FULLNAME": "scp-zh-377", "RATING": 14, "COMMENTS": "4"}, {"TITLE": "\u5947\u8e5f\u5b78\u7149\u91d1\u8853\u5c0e\u8ad6\uff1a\u5982\u4f55\u628a\u6c34\u9280\u7149\u6210\u9ec3\u91d1", "FULLNAME": "thaumatalchemy", "RATING": 15, "COMMENTS": "4"}, {"TITLE": "\u6211\u7684\u8001\u5bb6\u6709\u9ede\u602a", "FULLNAME": "parawatch-my-hometown-was-a-miracle", "RATING": 12, "COMMENTS": "1"}, {"TITLE": "\u70ba\u4e86\u66f4\u597d\u7684\u7d50\u5c40\u800c\u96e2\u8077", "FULLNAME": "resign-in-navigation", "RATING": 8, "COMMENTS": "1"}, {"TITLE": "\u5348\u5f8c\u9593\u6b47", "FULLNAME": "midsummer-the-plants-and-you", "RATING": 15, "COMMENTS": "4"}, {"TITLE": "What The Fuck", "FULLNAME": "what-the-fuck", "RATING": 25, "COMMENTS": "3"}, {"TITLE": "SCP-ZH-613 - \u8840\u5929\u4f7f", "FULLNAME": "scp-zh-613", "RATING": 16, "COMMENTS": "1"}, {"TITLE": "\u56de\u61b6\u88e1\u7684\u85b0\u8863\u8349", "FULLNAME": "wanderers:after-cube-ch-01", "RATING": 11, "COMMENTS": "1"}]