[{"TITLE": "\u6c34\u9280\u7814\u7a76\u54e1\u7684\u6587\u6a94\u5411\u91cf\u5316\u7b46\u8a18_\u7b2c\u4e00\u90e8\u5206", "FULLNAME": "researcher-hg-s-svg-art-part1", "RATING": 14, "COMMENTS": "2"}, {"TITLE": "SCP-ZH-391 - \u96e8\u505c\u4e4b\u524d", "FULLNAME": "scp-zh-391", "RATING": 10, "COMMENTS": "1"}, {"TITLE": "\u62cb\u9234\u4eba\u4e2d\u5fc3\u9801", "FULLNAME": "goi-bt", "RATING": 23, "COMMENTS": "1"}, {"TITLE": "\u5c0f\u52d5\u7269\u7c21\u4ecb\uff1aSurge\uff01", "FULLNAME": "critter-profile-surge", "RATING": 25, "COMMENTS": "2"}, {"TITLE": "SCP-ZH-2005-EX", "FULLNAME": "scp-zh-2005-ex", "RATING": 58, "COMMENTS": "1"}]