[{"TITLE": "SCP-ZH-255 - \u8cd3\u5c3c\u8cbb\u7684\u6700\u5f8c\u5e87\u8b77\u6240", "FULLNAME": "scp-zh-255", "RATING": 22, "COMMENTS": "5"}, {"TITLE": "SCP-ZH-117 - \u9053\u8def\u4fdd\u6301\u66a2\u901a", "FULLNAME": "scp-zh-117", "RATING": 33, "COMMENTS": "1"}, {"TITLE": "SCP-ZH-089 - \u4e0d\u5b58\u5728\u7684ACG\u8cfc\u7269\u7db2", "FULLNAME": "scp-zh-089", "RATING": 14, "COMMENTS": "1"}, {"TITLE": "SCP-ZH-618 - \u592a\u967d\u9905\u7345", "FULLNAME": "scp-zh-618", "RATING": 42, "COMMENTS": "0"}, {"TITLE": "SCP-ZH-972 - \u9435\u7c60", "FULLNAME": "scp-zh-972", "RATING": 8, "COMMENTS": "6"}, {"TITLE": "SCP-ZH-006 - \u771f\u6b63\u610f\u7fa9\u4e0a\u7684\u7206\u7c73\u82b1", "FULLNAME": "scp-zh-006", "RATING": 10, "COMMENTS": "6"}, {"TITLE": "SCP-ZH-105 - \u4e0d\u5b5d\u5b50", "FULLNAME": "scp-zh-105", "RATING": 66, "COMMENTS": "5"}, {"TITLE": "SCP-ZH-515 - \u5e73\u5b89\u7b26", "FULLNAME": "scp-zh-515", "RATING": 44, "COMMENTS": "2"}, {"TITLE": "SCP-ZH-087 - \u68c4\u7a3f", "FULLNAME": "scp-zh-087", "RATING": 31, "COMMENTS": "4"}, {"TITLE": "\u9a5a\u87c4", "FULLNAME": "snake-s-wake", "RATING": 11, "COMMENTS": "0"}, {"TITLE": "\u7121\u75c5\u9918\u751f", "FULLNAME": "orangetea-and-plum", "RATING": 12, "COMMENTS": "1"}, {"TITLE": "Alicia\u5973\u58eb", "FULLNAME": "scp-zh-774", "RATING": 31, "COMMENTS": "0"}, {"TITLE": "SCP-ZH-736 - \u4f60\u4e0d\u80fd\u518d\u5f80\u524d\u4e86", "FULLNAME": "scp-zh-736", "RATING": 32, "COMMENTS": "14"}, {"TITLE": "SCP-ZH-499 - \u5eb7\u4e43\u99a8\u76d4\u7532\u5de5\u85dd", "FULLNAME": "scp-zh-499", "RATING": 37, "COMMENTS": "3"}]