[{"TITLE": "SCP-ZH-666 - \u88ab\u751f\u547d\u6240\u53ad\u60e1\u8005", "FULLNAME": "scp-zh-666", "RATING": 15, "COMMENTS": "2"}, {"TITLE": "SCP-ZH-572 - \u6587\u8a00\u6587\u647a\u6247", "FULLNAME": "scp-zh-572", "RATING": 12, "COMMENTS": "2"}, {"TITLE": "\u5c0f\u52d5\u7269\u7c21\u4ecb\uff1aDoris\uff01", "FULLNAME": "doris", "RATING": 6, "COMMENTS": "3"}, {"TITLE": "SCP-ZH-222-J", "FULLNAME": "scp-zh-222-j", "RATING": 27, "COMMENTS": "0"}, {"TITLE": "\u6728\u6613\u85cf\u66f8\u95a3\u76ee\u9304 \u66f8-\u4e94\u96f6\u4e09 \u300a\u738b\u6c0f\u6613\u300b", "FULLNAME": "wong-magical-book", "RATING": 10, "COMMENTS": "2"}, {"TITLE": "SCP\u57fa\u91d1\u6703\u4e0d\u77e5\u9053\u7684\u90a3\u4e9b\u4e8b\u4ef6", "FULLNAME": "ocd-virus01", "RATING": 19, "COMMENTS": "1"}, {"TITLE": "SCP-ZH-009 - \u81fa\u5f0f\u65e9\u9ede", "FULLNAME": "scp-zh-009", "RATING": 20, "COMMENTS": "3"}, {"TITLE": "SCP-ZH-510 - \u907a\u8a00", "FULLNAME": "scp-zh-510", "RATING": 10, "COMMENTS": "1"}, {"TITLE": "SCP-ZH-406 - \u4e0d\u7d10\u897f\u862d", "FULLNAME": "scp-zh-406", "RATING": 11, "COMMENTS": "1"}, {"TITLE": "SCP-ZH-618 - \u592a\u967d\u9905\u7345", "FULLNAME": "scp-zh-618", "RATING": 42, "COMMENTS": "0"}, {"TITLE": "SCP-ZH-889 - \u6b64\u4e16\u4e4b\u5916", "FULLNAME": "scp-zh-889", "RATING": 13, "COMMENTS": "3"}, {"TITLE": "SCP-ZH-720 - \u6df1\u6f6d\u6c34\u9b45", "FULLNAME": "scp-zh-720", "RATING": 9, "COMMENTS": "2"}, {"TITLE": "\u95dc\u65bc\u5716\u7247\u4f86\u6e90\u8207\u6b78\u5c6c\u7684\u6ce8\u610f\u4e8b\u9805", "FULLNAME": "feitag-give-attribution-for-images", "RATING": 6, "COMMENTS": "0"}, {"TITLE": "SCP-ZH-823 - \u5ba4\u53cb", "FULLNAME": "scp-zh-823", "RATING": 14, "COMMENTS": "0"}, {"TITLE": "SCP-ZH-886 - \u90a3\u4e9b\u8db3\u8de1", "FULLNAME": "scp-zh-886", "RATING": 13, "COMMENTS": "0"}, {"TITLE": "\u9996\u7d1a", "FULLNAME": "head", "RATING": 16, "COMMENTS": "1"}, {"TITLE": "SCP-ZH-035 - \u8dd1\u9177\u8005", "FULLNAME": "scp-zh-035", "RATING": 21, "COMMENTS": "0"}, {"TITLE": "\u7dad\u5b89\u8a2d\u65bd\u6a94\u6848\uff1aSite-ZH-16", "FULLNAME": "site-zh-16", "RATING": 14, "COMMENTS": "2"}, {"TITLE": "SCP-ZH-005 - \u5047\u5982\u4f60\u6c92\u6709\u8f49\u767c\u9019\u7bc7\u6587\u6a94\u7d66\u5341\u500b\u670b\u53cb\uff0c\u90a3\u9ebc\u2026\u2026\u2026\u2026", "FULLNAME": "scp-zh-005", "RATING": 62, "COMMENTS": "0"}, {"TITLE": "SCP-ZH-105 - \u4e0d\u5b5d\u5b50", "FULLNAME": "scp-zh-105", "RATING": 66, "COMMENTS": "5"}, {"TITLE": "NSB-8\u65b0\u9032\u4eba\u54e1\u6559\u7a0b: \u4f55\u8b02colony", "FULLNAME": "nsb8-teach-colony", "RATING": 9, "COMMENTS": "0"}, {"TITLE": "SCP-ZH-125 - \u535a\u611b\u5ea7", "FULLNAME": "scp-zh-125", "RATING": 22, "COMMENTS": "2"}, {"TITLE": "SCP-ZH-515 - \u5e73\u5b89\u7b26", "FULLNAME": "scp-zh-515", "RATING": 44, "COMMENTS": "2"}, {"TITLE": "\u6f6e\u9593\u6642\u5206", "FULLNAME": "tidal", "RATING": 7, "COMMENTS": "0"}, {"TITLE": "\u719f\u6089\u7684\u964c\u751f\u4eba\u5011", "FULLNAME": "familiar-strangers", "RATING": 12, "COMMENTS": "0"}, {"TITLE": "KZ\u6536\u5bb9\u7a81\u7834", "FULLNAME": "kz-containment-breach", "RATING": 7, "COMMENTS": "3"}, {"TITLE": "\u6d17\u6a19\uff1a\u85cd9102-\u52a9\u7406\u7814\u7a76\u54e1Liesbeth\u7684\u896f\u886b", "FULLNAME": "blue-9102", "RATING": 11, "COMMENTS": "0"}, {"TITLE": "SCP-ZH-194 - \u7fa9\u9ad4\u83cc\u7fa4", "FULLNAME": "scp-zh-194", "RATING": 12, "COMMENTS": "1"}, {"TITLE": "SCP-ZH-080 - \u75d8\u75d8\u9f8d", "FULLNAME": "scp-zh-080", "RATING": 10, "COMMENTS": "0"}, {"TITLE": "SCP-ZH-719-J", "FULLNAME": "scp-zh-719-j", "RATING": 16, "COMMENTS": "0"}, {"TITLE": "\u6d17\u8863\u90e8\u9580", "FULLNAME": "laundry-of-miya", "RATING": 13, "COMMENTS": "2"}, {"TITLE": "SCP-ZH-201 - \u81a8\u5927\u7684\u98e2\u9913", "FULLNAME": "scp-zh-201", "RATING": 10, "COMMENTS": "0"}, {"TITLE": "\u9999\u6e2f\u7279\u5340\u7570\u5e38\u9078\u5340\u8cc7\u6599\u5eab\uff1a\u65b0\u8336\u5dba\u9078\u5340", "FULLNAME": "new-cha-ling", "RATING": 13, "COMMENTS": "1"}, {"TITLE": "\u8a8d\u8b58\u6bb5\u843d\u5beb\u4f5c", "FULLNAME": "understanding-paragraph", "RATING": 11, "COMMENTS": "0"}, {"TITLE": "\u4e00\u6b21\u8208\u8870", "FULLNAME": "a-change", "RATING": 13, "COMMENTS": "1"}, {"TITLE": "\u5047\u5982\u4f60\u4f86\u5230\u9019\u500b\u5b87\u5b99\u8acb\u4fdd\u6301\u51b7\u975c", "FULLNAME": "you-need-icecream-in-summer", "RATING": 31, "COMMENTS": "1"}, {"TITLE": "Ctrl Z\u535a\u58eb\u7684SCP\u8a18\u9304\uff1aSCP-049\u761f\u75ab\u91ab\u751f", "FULLNAME": "hiiambangyen", "RATING": 10, "COMMENTS": "0"}, {"TITLE": "\u88c2\u8b8a\u5e8f\u8a00", "FULLNAME": "operation-nucleon-bank-run-1", "RATING": 10, "COMMENTS": "0"}, {"TITLE": "Ctrl Z\u535a\u58eb\u7684SCP\u8a18\u9304\uff1aSCP-079\u820aAI", "FULLNAME": "haidomobangyendasu", "RATING": 6, "COMMENTS": "0"}, {"TITLE": "Ctrl Z\u535a\u58eb\u7684SCP\u8a18\u9304\uff1aSCP-087 \u6a13\u68af\u9593", "FULLNAME": "ismeagainbangyen", "RATING": 10, "COMMENTS": "0"}, {"TITLE": "SCP-ZH-899 - \u7a7f\u8d8a\u7684\u7279\u5de5", "FULLNAME": "scp-zh-899", "RATING": 13, "COMMENTS": "1"}, {"TITLE": "SCP-ZH-193 - \u4eba\u8207\u96fb\u8207\u92fc\u4e4b\u4e00\u65cf", "FULLNAME": "scp-zh-193", "RATING": 15, "COMMENTS": "0"}, {"TITLE": "Ctrl Z\u535a\u58eb\u7684SCP\u8a18\u9304\uff1aSCP173 \u96d5\u50cf/\u521d\u59cb\u4e4b\u4f5c", "FULLNAME": "bangyensart", "RATING": 6, "COMMENTS": "0"}, {"TITLE": "\u6211\u5011\u6210\u529f\u6536\u5bb9KZ\u4e86\uff01", "FULLNAME": "we-finally-contain-kz", "RATING": 6, "COMMENTS": "0"}, {"TITLE": "\u5c0d\u6b32\u8089\u6559\u7684\u4eba\u985e\u5b78\u9032\u8def03-\u6848\u4f8b\u7814\u7a7603\uff1a\u9999\u6e2f\u65b0\u8336\u5dba\u7684\u76e7\u4ead\u4eba", "FULLNAME": "sarkic-case-study-03-the-luo-ting-n-a-of-new-cha-ling", "RATING": 19, "COMMENTS": "0"}, {"TITLE": "SCP-ZH-925 - \u9b54\u8853\u5e2b\u8863\u6ac3", "FULLNAME": "scp-zh-925", "RATING": 12, "COMMENTS": "1"}, {"TITLE": "Ctrl Z\u535a\u58eb\u7684SCP\u8a18\u9304\uff1aSCP-093 \u7d05\u6d77\u7269\u4ef6", "FULLNAME": "bangyen093", "RATING": 8, "COMMENTS": "0"}, {"TITLE": "SCP-ZH-036 - \u8336\u766e\u6d63\u718a", "FULLNAME": "scp-zh-036", "RATING": 15, "COMMENTS": "0"}, {"TITLE": "\u842c\u83ef\u93e1\u4e2d\u7684\u8c93", "FULLNAME": "cats-in-kaleidoscopes", "RATING": 18, "COMMENTS": "0"}, {"TITLE": "\u5b69\u5b50\u7684\u4e16\u754c", "FULLNAME": "childhood", "RATING": 14, "COMMENTS": "1"}, {"TITLE": "SCP-ZH-174 - \u975e\u5e38\u666e\u901a\uff0c\u518d\u666e\u901a\u4e0d\u904e\u7684\u7dda\u9999", "FULLNAME": "scp-zh-174", "RATING": 26, "COMMENTS": "4"}, {"TITLE": "SCP-ZH-815 - \u4e00\u5bb6\u70e4\u8089\u842c\u5bb6\u9999", "FULLNAME": "scp-zh-815", "RATING": 35, "COMMENTS": "8"}, {"TITLE": "\u5b64\u7368\u7684\u5bb4\u6703", "FULLNAME": "lonely-banquet", "RATING": 6, "COMMENTS": "0"}, {"TITLE": "SCP-ZH-272 - \u671b\u5730\u6708\u5ca9", "FULLNAME": "scp-zh-272", "RATING": 9, "COMMENTS": "0"}, {"TITLE": "\u53ea\u4e0d\u904e\u662f\u4eba\u751f\u3001\u53ea\u4e0d\u904e\u662f\u7f6a\u60e1\u3001\u53ea\u4e0d\u904e\u662f\u4e00\u5834\u6feb\u7528\u8077\u6b0a\u7684\u666e\u901a\u5be6\u9a57", "FULLNAME": "no-door-open-for-me", "RATING": 13, "COMMENTS": "0"}, {"TITLE": "\u4e2d\u79cb\u7bc0\u7684\u904e\u52de\u7ad9\u9ede\u8207NB\u5340\u7814\u7a76\u54e1\u8207\u4e00\u7fa4\u7570\u5e38\u6d63\u718a", "FULLNAME": "nb", "RATING": 12, "COMMENTS": "0"}, {"TITLE": "\u6d17\u6a19\uff1a\u6a581114-Mad\u535a\u58eb\u7684\u896f\u886b", "FULLNAME": "orange-1114", "RATING": 8, "COMMENTS": "4"}, {"TITLE": "\u6728\u6613\u85cf\u66f8\u95a3\u76ee\u9304 \u6728-\u4e00\u4e00\u4e94 \u300a\u671b\u6708\u7bb8\u300b", "FULLNAME": "mu-yi-115", "RATING": 16, "COMMENTS": "2"}, {"TITLE": "SCP-ZH-041 - \u5922\u60f3", "FULLNAME": "scp-zh-041", "RATING": 20, "COMMENTS": "4"}, {"TITLE": "SCP-ZH-087 - \u68c4\u7a3f", "FULLNAME": "scp-zh-087", "RATING": 31, "COMMENTS": "4"}, {"TITLE": "SCP-ZH-070 - \u5c0d\u8a71\u6846\u5148\u751f", "FULLNAME": "scp-zh-070", "RATING": 17, "COMMENTS": "0"}, {"TITLE": "SCP-ZH-047 - \u4f60\u7684\u6240\u4f5c\u6240\u70ba", "FULLNAME": "scp-zh-047", "RATING": 12, "COMMENTS": "3"}, {"TITLE": "\u5b89\u4fdd\u8a2d\u65bd\u6a94\u6848\uff1aSite-ZH-50", "FULLNAME": "site-zh-50", "RATING": 16, "COMMENTS": "1"}, {"TITLE": "Site-ZH-81\u7684\u767b\u8266\u7533\u8acb\u66f8", "FULLNAME": "boarding", "RATING": 12, "COMMENTS": "1"}, {"TITLE": "SCP-ZH-100 - \u5e03\u694a\u5cf6", "FULLNAME": "scp-zh-100", "RATING": 17, "COMMENTS": "1"}, {"TITLE": "\u7b2c\u3007\u4e8c\u4e8c\u865f \u5169\u5100\u901a", "FULLNAME": "collected-land-no022", "RATING": 14, "COMMENTS": "2"}, {"TITLE": "\u8abf\u67e5\u4e2d\uff0c\u975e\u8acb\u52ff\u5165", "FULLNAME": "under-investigation-and-keep-out-of-here", "RATING": 9, "COMMENTS": "2"}, {"TITLE": "\u7c60\u4e2d\u9ce5", "FULLNAME": "caged-bird", "RATING": 14, "COMMENTS": "0"}, {"TITLE": "\u7dad\u5b89\u8a2d\u65bd\u6a94\u6848\uff1aSite-ZH-81", "FULLNAME": "site-zh-81", "RATING": 19, "COMMENTS": "0"}, {"TITLE": "\u95dc\u65bc\u90a3\u500b\u5927\u6d77\u602a", "FULLNAME": "about-that-big-guy", "RATING": 15, "COMMENTS": "1"}, {"TITLE": "Valentine\u7684Logo\u9801", "FULLNAME": "valentine-logo", "RATING": 22, "COMMENTS": "1"}, {"TITLE": "\u82b1\u8a9e\uff1a\u6a89\u67f3", "FULLNAME": "tamaricaceae", "RATING": 13, "COMMENTS": "0"}, {"TITLE": "\u6b7b\u8c93\u540a\u6a39\u982d", "FULLNAME": "on-the-tree", "RATING": 17, "COMMENTS": "0"}, {"TITLE": "\u9a5a\u87c4", "FULLNAME": "snake-s-wake", "RATING": 11, "COMMENTS": "0"}, {"TITLE": "SCP-ZH-120 - \u865b\u69cb\u7684\u6211\u5011", "FULLNAME": "scp-zh-120", "RATING": 40, "COMMENTS": "4"}, {"TITLE": "\u5c0b\u7372\u7269\u54c1\u7de8\u865f\uff1a000", "FULLNAME": "article-number-000", "RATING": 13, "COMMENTS": "2"}, {"TITLE": "\u5c0b\u7372\u7269\u54c1\u7de8\u865f\uff1a037", "FULLNAME": "article-number-037", "RATING": 11, "COMMENTS": "2"}, {"TITLE": "\u6838\u88c2\u64e0\u514c\u4e2d\u5fc3\u9801", "FULLNAME": "operation-nucleon-bank", "RATING": 16, "COMMENTS": "0"}, {"TITLE": "Dr.Ray\u7684\u7570\u5e38\u9805\u76ee\u5206\u7d1a\u5716\u6a19", "FULLNAME": "ray-s-logo", "RATING": 19, "COMMENTS": "1"}, {"TITLE": "\u56de\u61b6\u8679\u5f69\u2014\u53c3\u8cfd\u8a2a\u8ac7\uff1a\u6df5\u5922", "FULLNAME": "memories-in-iris-abyssdream", "RATING": 10, "COMMENTS": "2"}, {"TITLE": "SCP-ZH-642 - \u5e0c\u671b\u6253\u706b\u6a5f", "FULLNAME": "scp-zh-642", "RATING": 14, "COMMENTS": "0"}, {"TITLE": "SCP-ZH-959 - \u6851\u683c\u62c9\u65af-\u963f\u6bd4\u65af\u83ab\u5f0f\u5206\u88c2", "FULLNAME": "scp-zh-959", "RATING": 10, "COMMENTS": "2"}, {"TITLE": "SCP-ZH-075 \u2014 \u2014- \u2026 -\u2026 ..- .-. \u2014\u2026-.", "FULLNAME": "scp-zh-075", "RATING": 13, "COMMENTS": "0"}, {"TITLE": "SCP-ZH-025 - \u96ea\u82b1\u5c0f\u8c93\u54aa", "FULLNAME": "scp-zh-025", "RATING": 16, "COMMENTS": "2"}, {"TITLE": "SCP-ZH-027 - \u7389\u7c60\u5305", "FULLNAME": "scp-zh-027", "RATING": 16, "COMMENTS": "2"}, {"TITLE": "\u5c0b\u7372\u7269\u54c1\u7de8\u865f\uff1a065", "FULLNAME": "article-number-065", "RATING": 10, "COMMENTS": "0"}, {"TITLE": "Dr.Ray\u7684\u7570\u5e38\u9805\u76ee\u5206\u7d1a\u5716\u6a19 - Apollyon", "FULLNAME": "ray-s-logo-apollyon", "RATING": 9, "COMMENTS": "0"}, {"TITLE": "\u9918\u6ce2", "FULLNAME": "aftermath-zh", "RATING": 12, "COMMENTS": "1"}, {"TITLE": "\u6c99\u7687\u5148\u77e5\u5354\u6703\u4e2d\u5fc3\u9801", "FULLNAME": "tsars-hub", "RATING": 21, "COMMENTS": "0"}, {"TITLE": "SCP-ZH-670 - \u660e\u77e5\u6545\u72af", "FULLNAME": "scp-zh-670", "RATING": 15, "COMMENTS": "0"}, {"TITLE": "\u8056\u8a95\u8ecd\u6f14", "FULLNAME": "xmas-exercise", "RATING": 24, "COMMENTS": "7"}, {"TITLE": "\u5b89\u5e03\u7f85\u65af\u9910\u5ef3-\u5d07\u6587\u9928", "FULLNAME": "ambrose-chung-wen-kuan", "RATING": 21, "COMMENTS": "2"}, {"TITLE": "Site-ZH-17 Ananke\u5340\u6a19\u8a8c", "FULLNAME": "site-zh-17-ananke-area-logo", "RATING": 8, "COMMENTS": "0"}, {"TITLE": "\u67e5\u770b\u5f71\u50cf\u6a94\u6848\u3002", "FULLNAME": "what-is-site-zh12", "RATING": 12, "COMMENTS": "2"}, {"TITLE": "\u85dd\u8853\u7d00\u9304\uff1a\u5354\u548c\u5fa1\u5b88\u3002", "FULLNAME": "art-for-zh258", "RATING": 12, "COMMENTS": "0"}, {"TITLE": "\u51ac\u5b63\u8cc0\u5716", "FULLNAME": "xmas-zh-2019", "RATING": 13, "COMMENTS": "0"}, {"TITLE": "\u8056\u8a95\u5e3d\uff0c\u9019\u662fDr. Xmas\u7684\u65e5\u5b50", "FULLNAME": "xina-mas-2019", "RATING": 19, "COMMENTS": "0"}, {"TITLE": "\u67e5\u770b\u5bc4\u4ef6\u5099\u4efd\u3002", "FULLNAME": "something-you-cant-forget", "RATING": 10, "COMMENTS": "0"}, {"TITLE": "\u63d0\u6848\uff1a\u8056\u8a95\u8edf\u6696\u8c82", "FULLNAME": "christmas-marten", "RATING": 14, "COMMENTS": "4"}, {"TITLE": "SCP-ZH-626 - \u8996\u91ce\u5916", "FULLNAME": "scp-zh-626", "RATING": 23, "COMMENTS": "0"}, {"TITLE": "\u8056\u591c\u665a\u9910", "FULLNAME": "so-i-said-that-dinner", "RATING": 21, "COMMENTS": "2"}, {"TITLE": "SCP-ZH-400 - \u6708\u795e\u861a", "FULLNAME": "scp-zh-400", "RATING": 14, "COMMENTS": "1"}, {"TITLE": "\u51b0\u7bb1", "FULLNAME": "fridge", "RATING": 15, "COMMENTS": "0"}, {"TITLE": "\u7dad\u5b89\u8a2d\u65bd\u6a94\u6848\uff1aSite-ZH-12", "FULLNAME": "site-zh-12", "RATING": 23, "COMMENTS": "3"}, {"TITLE": "\u5f26\u97f3\u672a\u6b62", "FULLNAME": "keepthere", "RATING": 7, "COMMENTS": "1"}, {"TITLE": "SCP-ZH-600 - \u50b3\u9001\u9580\u5148\u751f", "FULLNAME": "scp-zh-600", "RATING": 22, "COMMENTS": "0"}, {"TITLE": "\u5713\u4e4b\u5922\uff0c\u5922\u4e2d\u4e4b\u9ec3\u4e0d\u662f\u5409\u7965", "FULLNAME": "no-cooked-yolk-is-life", "RATING": 12, "COMMENTS": "1"}, {"TITLE": "Off Work", "FULLNAME": "pry", "RATING": 18, "COMMENTS": "2"}, {"TITLE": "\u96d5\u523b\u4f5c\u54c1\uff1a\u8056\u591c\u76f8\u5b88", "FULLNAME": "handcrafts", "RATING": 18, "COMMENTS": "2"}, {"TITLE": "Viken-K\u7684\u6a21\u56e0\u6a19\u793a\u56de\u6536\u5834", "FULLNAME": "viken-k-arts", "RATING": 12, "COMMENTS": "2"}, {"TITLE": "SCP-ZH-097 - \u7d44\u7e54\u683c\u5f0f", "FULLNAME": "scp-zh-097", "RATING": 14, "COMMENTS": "1"}, {"TITLE": "\u5df2\u88ab\u5ee2\u9664\u7684\u570b\u5b89\u5c40\u7b2c\u516b\u8655 \u4e2d\u5fc3\u9801", "FULLNAME": "old-nsb8-hub", "RATING": 13, "COMMENTS": "2"}, {"TITLE": "SCP-ZH-591 - \u8840\u6e90\u4e4b\u5305", "FULLNAME": "scp-zh-591", "RATING": 12, "COMMENTS": "2"}, {"TITLE": "SCP-ZH-136 - \u4ed9\u5973\u6728\u4e4b\u68ee", "FULLNAME": "scp-zh-136", "RATING": 13, "COMMENTS": "1"}, {"TITLE": "SCP-ZH-278 - \u4f60\u5fc5\u9808\u4fe1\u4efb\u7684\u9580\u885b", "FULLNAME": "scp-zh-278", "RATING": 14, "COMMENTS": "3"}, {"TITLE": "\u5982\u4f55\u4f7f\u7528\u7570\u5e38\u5206\u7d1a\u7c21\u8868ALT\u7248", "FULLNAME": "how-to-use-acs-alt", "RATING": 8, "COMMENTS": "0"}, {"TITLE": "\u5e74\u7378\u722d\u596a\u6230", "FULLNAME": "year-critical-strike", "RATING": 15, "COMMENTS": "0"}, {"TITLE": "\u884c\u52d5\u8a08\u5283 \u7b2c\u53c1\u634c\u8086\u5b57\u865f", "FULLNAME": "nsb8-384", "RATING": 22, "COMMENTS": "1"}, {"TITLE": "SCP-ZH-807 - \u6625\u7bc0\u52a0\u73ed", "FULLNAME": "scp-zh-807", "RATING": 9, "COMMENTS": "0"}, {"TITLE": "SCP-ZH-168 - \u4e0b\u96e8\u559d\u5949\u8336", "FULLNAME": "scp-zh-168", "RATING": 11, "COMMENTS": "1"}, {"TITLE": "\u6d17\u6a19\uff1a\u85cd2020-\u767d\u5e03\u7684\u5510\u4eba\u88dd", "FULLNAME": "blue-2020", "RATING": 13, "COMMENTS": "2"}, {"TITLE": "SCP-ZH-169 - \u6028\u96e8\u6613\u7a4d\u81f3\u5e74\u7bc0\uff0c\u55dc\u8336\u5de7\u7378\u9858\u89ba\u7720", "FULLNAME": "scp-zh-169", "RATING": 5, "COMMENTS": "4"}, {"TITLE": "\u523a\u875f\u7b46\u8a18\u672c\uff1aZH\u5206\u90e8\u52d5\u7269\u5408\u8f2f", "FULLNAME": "hedgehog-note-a", "RATING": 15, "COMMENTS": "0"}, {"TITLE": "SCP-ZH-051 - \u8acb\u7d66\u6211\u4e00\u9ede\u6eab\u6696", "FULLNAME": "scp-zh-051", "RATING": 16, "COMMENTS": "1"}, {"TITLE": "\u4e0d\u66fe\u505c\u6b47", "FULLNAME": "88-step", "RATING": 13, "COMMENTS": "1"}, {"TITLE": "\u6d17\u6a19\uff1a\u6a583041-Dr. Owen\u7684\u5be6\u9a57\u888d", "FULLNAME": "owens-clothes", "RATING": 14, "COMMENTS": "0"}, {"TITLE": "\u6709\u95dc\u6279\u51c6\u4f7f\u7528\u6a21\u56e0\u88fd\u5291\u5354\u52a9\u5c0d\u9d5d\u5f62\u60e1\u9b54\u5be6\u9ad4\u9032\u884c\u9a45\u9b54\u7684\u7533\u8acb", "FULLNAME": "grant-request-for-utilization-of-memetic-agent-to-assist-per", "RATING": 17, "COMMENTS": "1"}, {"TITLE": "\u5929\u6b98\u6708\u90e8\u4efd\u85cf\u54c1 (WSGK Q30D75)", "FULLNAME": "collection-of-the-cultural-revolution", "RATING": 11, "COMMENTS": "1"}, {"TITLE": "SCP-ZH-028 - \u7e2e\u9aa8\u8863\u9b5a", "FULLNAME": "scp-zh-028", "RATING": 7, "COMMENTS": "0"}, {"TITLE": "SCP-ZH-167 - \u75db\u5fb9\u5fc3\u6249\u9078\u4e09\u9580", "FULLNAME": "scp-zh-167", "RATING": 12, "COMMENTS": "0"}, {"TITLE": "SCP-ZH-095 - \u5b88\u8b77, \u611b, \u795d\u798f", "FULLNAME": "scp-zh-095", "RATING": 11, "COMMENTS": "0"}, {"TITLE": "SCP-ZH-109 - \u5f69\u8679\u6a4b", "FULLNAME": "scp-zh-109", "RATING": 16, "COMMENTS": "0"}, {"TITLE": "SCP-ZH-166 - \u505c\u6eef\u5728\u695a\u6cb3\u6f22\u754c", "FULLNAME": "scp-zh-166", "RATING": 21, "COMMENTS": "2"}, {"TITLE": "SCP-ZH-153 - \u984d\u6eab\u69cd", "FULLNAME": "scp-zh-153", "RATING": 8, "COMMENTS": "0"}, {"TITLE": "SCP-ZH-055 - \u505a\u4f60\u81ea\u5df1\u7684\u4e3b\u5eda\uff0c\u96a8\u6642\u96a8\u5730\u958b\u52d5\u5427\uff01", "FULLNAME": "scp-zh-055", "RATING": 18, "COMMENTS": "3"}, {"TITLE": "SCP-ZH-976 - \u8ffd\u61b6\u72c2\u5984", "FULLNAME": "scp-zh-976", "RATING": 14, "COMMENTS": "1"}, {"TITLE": "Sitestuck - Intro002", "FULLNAME": "sitestuck002", "RATING": 10, "COMMENTS": "0"}, {"TITLE": "\u7e41\u5b57Logo", "FULLNAME": "fan-logo", "RATING": 8, "COMMENTS": "1"}, {"TITLE": "\u706b\u4e4b\u5f8c\u88d4", "FULLNAME": "descendant-of-fire", "RATING": 8, "COMMENTS": "0"}, {"TITLE": "\u4eba\u4e4b\u5929\u4f7f\uff0c\u795e\u4e4b\u5974", "FULLNAME": "three-faced-servant", "RATING": 7, "COMMENTS": "0"}, {"TITLE": "SCP-\u25cf\u25cf|\u25cf\u25cf\u25cf\u25cf\u25cf|\u25cf\u25cf|\u25cf \u7d20\u63cf", "FULLNAME": "scp-2521-painting", "RATING": 12, "COMMENTS": "4"}, {"TITLE": "SCP-ZH-987 - \u4e00\u5339\u99f1\u99dd\u5f15\u767c\u7684\u6158\u6848", "FULLNAME": "scp-zh-987", "RATING": 11, "COMMENTS": "9"}, {"TITLE": "SCP-ZH-520 - \u611b\u7684\u5e7b\u8c61", "FULLNAME": "scp-zh-520", "RATING": 16, "COMMENTS": "2"}, {"TITLE": "\u539f\u5b50\u7b46\u7d20\u63cf\uff1aSCP-ZH-301 \u99ac\u65af\u5217\u5c3c\u67e5", "FULLNAME": "artwork-zh-301", "RATING": 9, "COMMENTS": "0"}, {"TITLE": "\u8cd3\u4e3b\u76e1\u6b61", "FULLNAME": "fools-wine", "RATING": 11, "COMMENTS": "1"}, {"TITLE": "\u4ed6\u5011\u628a\u4eba\u6254\u9032\u4e86\u6d77\u88e1", "FULLNAME": "they-throw-them-into-the-sea", "RATING": 11, "COMMENTS": "4"}, {"TITLE": "Alicia\u5973\u58eb", "FULLNAME": "scp-zh-774", "RATING": 31, "COMMENTS": "0"}, {"TITLE": "SCP-ZH-150 - \u6096\u8ad6\u751c\u751c\u5708", "FULLNAME": "scp-zh-150", "RATING": 12, "COMMENTS": "1"}, {"TITLE": "\u6211\u4e0d\u8a8d\u8b58\u6e38\u6cf3\u6c60\u88e1\u7684\u5c4d\u9ad4", "FULLNAME": "i-don-t-know-the-body-in-the-swim-pool", "RATING": 11, "COMMENTS": "0"}, {"TITLE": "\u6211\u5728\u842c\u7269\u4e4b\u4e2d", "FULLNAME": "arkwork-3999", "RATING": 38, "COMMENTS": "8"}, {"TITLE": "\u6211\u7684\u723a\u723a", "FULLNAME": "my-grandpa", "RATING": 9, "COMMENTS": "5"}, {"TITLE": "SCP-ZH-101 - \u4e00\u6a39\u4e00\u4e16\u754c", "FULLNAME": "scp-zh-101", "RATING": 17, "COMMENTS": "1"}, {"TITLE": "\u63d2\u5716\uff1a\u9003\u907f", "FULLNAME": "i-should-been-killed", "RATING": 7, "COMMENTS": "0"}, {"TITLE": "\u6df5\u5922\u7684\u9ed1\u767d\u5716\u96c601", "FULLNAME": "abyssdream-pic-01", "RATING": 14, "COMMENTS": "0"}, {"TITLE": "SCP-ZH-200 - \u9b3c\u6293\u4eba", "FULLNAME": "scp-zh-200", "RATING": 35, "COMMENTS": "1"}, {"TITLE": "SCP-ZH-247 - \u8b80\u5fc3\u8840\u59ec", "FULLNAME": "scp-zh-247", "RATING": 11, "COMMENTS": "4"}, {"TITLE": "\u6211\u6c92\u80fd\u6551\u5230\u4ed6\u3002", "FULLNAME": "arkwork-zh-200", "RATING": 23, "COMMENTS": "0"}, {"TITLE": "SCP-ZH-053 - \u8b93\u6211\u5011\u64e6\u4e7e\u4f60\u7684\u6dda\u6c34", "FULLNAME": "scp-zh-053", "RATING": 30, "COMMENTS": "0"}, {"TITLE": "SCP-ZH-171 - \u60e1\u4e4b\u5fc3\u7246", "FULLNAME": "scp-zh-171", "RATING": 8, "COMMENTS": "1"}, {"TITLE": "\u6d17\u6a19\uff1a\u85cd0428-Dr. V\u7684\u5be6\u9a57\u888d", "FULLNAME": "blue-0428", "RATING": 13, "COMMENTS": "0"}, {"TITLE": "\u65b0\u805e\u5feb\u8a0a\uff1a\u82e5\u6211\u5011\u8981\u9054\u5230\u4ec1\u6148\u7684\u4e0b\u5834\uff0c\u61c9\u8a72\u9075\u5b88\u54ea\u4e9b\u4e8b\u60c5", "FULLNAME": "news-site-zh-81-1", "RATING": 25, "COMMENTS": "5"}, {"TITLE": "\u5f15\u8840\u9999\uff1a\u6211\u7b49\u9700\u7d66\u4e88\u7f6a\u4eba\u61f2\u7f70", "FULLNAME": "sh-zh174", "RATING": 7, "COMMENTS": "2"}, {"TITLE": "\u524a\u4e0d\u5b8c\u8089\u7684\u6c99\u5a01\u746a", "FULLNAME": "parawatch-shawarma", "RATING": 22, "COMMENTS": "2"}, {"TITLE": "\u6a5f\u52d5\u7279\u9063\u968a\u901f\u67e5-ZH", "FULLNAME": "task-forces-complete-list-zh", "RATING": 6, "COMMENTS": "0"}, {"TITLE": "\u85dd\u8853\u7d00\u9304\uff1a\u6b7b\u4ea1\uff0c\u6c38\u751f-1", "FULLNAME": "art-for-death-eternal-life-1", "RATING": 18, "COMMENTS": "1"}, {"TITLE": "Bright\u535a\u58eb\u6559\u4f60\u5982\u4f55\u6b63\u78ba\u64ca\u9000\u6575\u4eba", "FULLNAME": "how-to-defeat-those-bad-guys-correctly", "RATING": 25, "COMMENTS": "2"}, {"TITLE": "\u6d3b\u52d5\uff1a\u3010\u96c6\u5408\u5566\uff01\u91d1\u5b57\u5854\u6500\u722c\u968a\uff01\u3011", "FULLNAME": "climb-the-pyramid", "RATING": 3, "COMMENTS": "12"}, {"TITLE": "SCP-ZH-133 - \u4e0d\u6703\u7528\u812b\u6c34\u4f86\u9a19\u4eba\u7684\u597d\u85e5\u662f\u7684", "FULLNAME": "scp-zh-133", "RATING": 21, "COMMENTS": "7"}, {"TITLE": "Dr.Mei\u7684\u5716\u6587\u7814\u7a76-SCP-035", "FULLNAME": "zh-art-035", "RATING": 6, "COMMENTS": "4"}, {"TITLE": "SCP-ZH-289 - 17^2", "FULLNAME": "scp-zh-289", "RATING": 15, "COMMENTS": "4"}, {"TITLE": "SPC-ZH-795", "FULLNAME": "spc-zh-795", "RATING": 13, "COMMENTS": "9"}, {"TITLE": "SCP-ZH-078 - \u8001\u5e2b\u8aaa\u904e\u4e0d\u53ef\u4ee5\u7ff9\u5169\u8173\u6905", "FULLNAME": "scp-zh-078", "RATING": 16, "COMMENTS": "1"}, {"TITLE": "\u5bbf\u96e8", "FULLNAME": "the-rain-fell-overnight", "RATING": 21, "COMMENTS": "1"}, {"TITLE": "SCP-ZH-603 - \u8173\u8e0f\u8eca\u4e0a\u7684\u4eba", "FULLNAME": "scp-zh-603", "RATING": 30, "COMMENTS": "5"}, {"TITLE": "SCP-ZH-103 \u76f8\u95dc\u5be6\u9a57\u8a18\u9304", "FULLNAME": "scp-zh-103-experiment-log", "RATING": 16, "COMMENTS": "3"}, {"TITLE": "SCP-ZH-007 - \u5e7e\u4f55\u9bca\u9b5a", "FULLNAME": "scp-zh-007", "RATING": 15, "COMMENTS": "0"}, {"TITLE": "\u65e5\u74b0\u8755\u8207\u4e3b\u4efb\u8207\u51b0\u6dc7\u51cc", "FULLNAME": "abyssdream-pic-v", "RATING": 12, "COMMENTS": "0"}, {"TITLE": "SCP-ZH-195 - \u89c0\u65e5\u6590\u8a9e", "FULLNAME": "scp-zh-195", "RATING": 9, "COMMENTS": "1"}, {"TITLE": "\u70ba\u4f55\u6211\u5011\u4e0d\u80fd\u6feb\u7528\u73fe\u5be6\u7a69\u5b9a\u9328\uff1f", "FULLNAME": "about-scranton-reality-anchors", "RATING": 17, "COMMENTS": "3"}, {"TITLE": "\u5728\u90a3\u5929\uff0c\u59b3\u4ecd\u820a\u5411\u6211\u9053\u4e86\u8072\u665a\u5b89", "FULLNAME": "at-that-day-you-still-wish-me-a-good-dream", "RATING": 22, "COMMENTS": "0"}, {"TITLE": "SCP-ZH-628 - \u7329\u7329\u7684\u96d9\u81c2", "FULLNAME": "scp-zh-628", "RATING": 11, "COMMENTS": "1"}, {"TITLE": "SCP-ZH-471 - \u60e1\u6027\u6bd2\u87f2", "FULLNAME": "scp-zh-471", "RATING": 8, "COMMENTS": "0"}, {"TITLE": "SCP-ZH-221 - \u6676\u862d\u9ad8\u4e2d\u7684\u76f2\u4eba\u5c11\u5e74", "FULLNAME": "scp-zh-221", "RATING": 8, "COMMENTS": "1"}, {"TITLE": "SCP-ZH-292 - \u7121\u9650\u7684\u66f8\u6ac3", "FULLNAME": "scp-zh-292", "RATING": 9, "COMMENTS": "0"}, {"TITLE": "SCP-ZH-071 - \u7ffb\u8986\u5df4\u58eb", "FULLNAME": "scp-zh-071", "RATING": 11, "COMMENTS": "1"}, {"TITLE": "\u5c71\u5cb3\u4e4b\u4e0b", "FULLNAME": "under-the-mountain", "RATING": 9, "COMMENTS": "0"}, {"TITLE": "SCP-ZH-141 - \u653e\u5c04\u7dda\u75c7\u5019\u7fa4\u6cbb\u7642\u5291", "FULLNAME": "scp-zh-141", "RATING": 10, "COMMENTS": "2"}, {"TITLE": "\u904e\u96f2\u96e8", "FULLNAME": "overcast", "RATING": 12, "COMMENTS": "0"}, {"TITLE": "SCP-ZH-008 - \u6c34\u6df1\u52ff\u8fd1", "FULLNAME": "scp-zh-008", "RATING": 12, "COMMENTS": "1"}, {"TITLE": "\u4ee3\u865f\uff1ating129 - \u6d77\u574a\u4e3b\u5de8\u62f3", "FULLNAME": "ting129-s-ko-proposal", "RATING": 8, "COMMENTS": "0"}, {"TITLE": "SCP-ZH-333 - \u5f80\u65e5\u4e0d\u518d", "FULLNAME": "adult:scp-zh-333", "RATING": 8, "COMMENTS": "0"}, {"TITLE": "SCP-ZH-113 - \u62b9\u6bba\u4e8b\u60c5\u7684\u771f\u76f8", "FULLNAME": "scp-zh-113", "RATING": 30, "COMMENTS": "2"}, {"TITLE": "AO-ZH-252 \u5168\u667a\u6559\u7684\u78e8\u8c46\u6a5f", "FULLNAME": "ao-zh-252", "RATING": 11, "COMMENTS": "0"}, {"TITLE": "SCP-ZH-013 - \u597d\uff0c\u73fe\u5728\u6211\u5011\u6709\u7b2c\u4e8c\u500b\u6ac3\u5b50", "FULLNAME": "scp-zh-013", "RATING": 11, "COMMENTS": "1"}, {"TITLE": "SCP-ZH-391 - \u96e8\u505c\u4e4b\u524d", "FULLNAME": "scp-zh-391", "RATING": 10, "COMMENTS": "1"}, {"TITLE": "\u751f\u8005\u7684\u846c\u5100", "FULLNAME": "tombstone-for-the-one-you-should-not-forget", "RATING": 7, "COMMENTS": "1"}, {"TITLE": "\u53cd\u7570\u5e38\u6709\u7d44\u7e54\u7f6a\u6848\u7279\u6b8a\u884c\u52d5\u5831\u544a\uff1a\u4ee3\u865f\u300c\u53cd\u9ed1\u300d", "FULLNAME": "anti-dark", "RATING": 7, "COMMENTS": "0"}, {"TITLE": "SCP-ZH-451 - \u53cd\u5c0d\u8005\u8207\u8815\u87f2", "FULLNAME": "scp-zh-451", "RATING": 10, "COMMENTS": "7"}, {"TITLE": "\u62cb\u9234\u4eba\u4e2d\u5fc3\u9801", "FULLNAME": "goi-bt", "RATING": 23, "COMMENTS": "1"}, {"TITLE": "SCP-ZH-015 - \u4e03\u4eba\u516b\u7b11", "FULLNAME": "scp-zh-015", "RATING": 23, "COMMENTS": "0"}, {"TITLE": "SCP-ZH-040 - \u89c0\u773e\u8996\u89d2", "FULLNAME": "scp-zh-040", "RATING": 12, "COMMENTS": "1"}, {"TITLE": "\u6211\u5011\u5c1a\u672a\u77e5\u9053\u7684\u65c5\u7a0b\u7684\u7d42\u9ede-\u2588\u2588\u2588/9288 km", "FULLNAME": "artwork-of-9288-ex", "RATING": 21, "COMMENTS": "2"}, {"TITLE": "\u4e2d\u570b\u570b\u5b89\u90e8\uff0c\u4e0d\u61c9\u5b58\u5728\u7684\u5341\u4e5d\u5c40", "FULLNAME": "19th-bureau-of-mss-of-china", "RATING": 19, "COMMENTS": "18"}, {"TITLE": "\u4e0b\u96e8\u81ea\u52a9\u8005", "FULLNAME": "laundry-the-gulf", "RATING": 9, "COMMENTS": "1"}, {"TITLE": "SCP-ZH-729 - \u6027\u611f\u9b23\u8725", "FULLNAME": "scp-zh-729", "RATING": 14, "COMMENTS": "2"}, {"TITLE": "SCP-ZH-061 - \u672c\u8eca\u958b\u5f80\u535a\u89bd\u6703", "FULLNAME": "scp-zh-061", "RATING": 13, "COMMENTS": "0"}, {"TITLE": "\u7b2c\u3007\u516d\u516d\u4e94\u865f", "FULLNAME": "collected-item-no0665", "RATING": 7, "COMMENTS": "0"}, {"TITLE": "SCP-ZH-170 - \u6c89\u9ed8\u7684\u87ba\u65cb\u68af", "FULLNAME": "scp-zh-170", "RATING": 5, "COMMENTS": "1"}, {"TITLE": "SCP-ZH-282 - \u9955\u5ba2", "FULLNAME": "scp-zh-282", "RATING": 19, "COMMENTS": "3"}, {"TITLE": "SCP-ZH-147 - \u6642\u9593\u5c0f\u5077", "FULLNAME": "scp-zh-147", "RATING": 19, "COMMENTS": "2"}, {"TITLE": "SCP-ZH-046 - \u5de1\u5c71\u9748", "FULLNAME": "scp-zh-046", "RATING": 18, "COMMENTS": "2"}, {"TITLE": "\u5c0f\u52d5\u7269\u7c21\u4ecb\uff1aSurge\uff01", "FULLNAME": "critter-profile-surge", "RATING": 25, "COMMENTS": "2"}, {"TITLE": "\u6d77\u795e\u60b2\u9cf4\u6642", "FULLNAME": "wadatsumi-no-naku-koroni", "RATING": 17, "COMMENTS": "3"}, {"TITLE": "Ctrl Z\u535a\u58eb\u7684SCP\u8cbc\u7d19\u6536\u96c6\u7c3f-Safe", "FULLNAME": "sticker", "RATING": 12, "COMMENTS": "0"}, {"TITLE": "Ctrl Z\u535a\u58eb\u7684SCP\u8cbc\u7d19\u6536\u96c6\u7c3f-Euclid", "FULLNAME": "sticker2", "RATING": 11, "COMMENTS": "0"}, {"TITLE": "Ctrl Z\u535a\u58eb\u7684SCP\u8cbc\u7d19\u6536\u96c6\u7c3f-Keter", "FULLNAME": "sticker3", "RATING": 12, "COMMENTS": "0"}, {"TITLE": "\u5641\u5fc3\u7684\u60e1\u4f5c\u5287", "FULLNAME": "disgusting-prank", "RATING": 14, "COMMENTS": "7"}, {"TITLE": "\u4e00\u4e5d\u4e09\u4e94\u5e8f\u66f2 - \u591c\u96e8", "FULLNAME": "1935-overture-night-rain", "RATING": 9, "COMMENTS": "3"}, {"TITLE": "SCP-ZH-444 - \u9b3c\u5dee", "FULLNAME": "scp-zh-444", "RATING": 17, "COMMENTS": "3"}, {"TITLE": "SCP-ZH-021 - \u4f60\u6709\u4ec0\u9ebc\u7169\u60f1\u55ce\uff1f", "FULLNAME": "scp-zh-021", "RATING": 22, "COMMENTS": "1"}, {"TITLE": "1935\u7570\u5e38\u535a\u89bd\u6703-LOGO", "FULLNAME": "the-taiwan-exposition-1935-logo", "RATING": 14, "COMMENTS": "0"}, {"TITLE": "SCP-ZH-617 - \u897f\u65b9\u7684\u52c7\u8005", "FULLNAME": "scp-zh-617", "RATING": 14, "COMMENTS": "8"}, {"TITLE": "\u77e2\u5c16", "FULLNAME": "arrowhead", "RATING": 12, "COMMENTS": "0"}, {"TITLE": "\u95c7\u58fd\u53f8\u6a94\u6848No.019\u300c\u4f38\u5361\u63e1\u6cd5\u300d", "FULLNAME": "yamizushi-file-no019", "RATING": 14, "COMMENTS": "1"}, {"TITLE": "SCP-ZH-163 - \u5ee3\u5bd2\u5e7d\u9589", "FULLNAME": "scp-zh-163", "RATING": 13, "COMMENTS": "2"}, {"TITLE": "\u4e00\u822c\u8207\u7570\u5e38\u63a2\u52d8\u8b1b\u5ea7", "FULLNAME": "how-to-survive-in-the-wild", "RATING": 19, "COMMENTS": "3"}, {"TITLE": "SCP-ZH-912 - \u770b\u898b", "FULLNAME": "scp-zh-912", "RATING": 14, "COMMENTS": "4"}, {"TITLE": "\u5ec1\u6240\u88e1\u7684\u81f4\u547d\u6a21\u56e0", "FULLNAME": "the-bottle-in-restroom", "RATING": 32, "COMMENTS": "7"}, {"TITLE": "Ctrl Z\u535a\u58eb\u5f9e\u9031\u520a\u4e0a\u526a\u4e0b\u7684\u56db\u683c\u6f2b\u756b", "FULLNAME": "comic", "RATING": 18, "COMMENTS": "2"}, {"TITLE": "\u4e2d\u83ef\u4eba\u6c11\u5171\u548c\u570b\u570b\u5bb6\u5b89\u5168\u90e8\u7570\u5e38\u5341\u4e5d\u5c40 - LOGO", "FULLNAME": "mss-19-logo", "RATING": 10, "COMMENTS": "4"}, {"TITLE": "SCP-ZH-831 - \u5341\u4e00\u5e74\u9593\u7684\u5b55\u5a66", "FULLNAME": "scp-zh-831", "RATING": 18, "COMMENTS": "0"}, {"TITLE": "GOI\u840c\u5a18\u5316-AWCY\u548cGAW", "FULLNAME": "goi-awcy-gaw", "RATING": 16, "COMMENTS": "4"}, {"TITLE": "\u8acb\u554f\u6709\u8ab0\u80fd\u628a\u5730\u4e0b\u8857\u7684\u63db\u5e63\u6a5f\u4fee\u4e00\u4e0b", "FULLNAME": "artwork-shopping-arcade", "RATING": 19, "COMMENTS": "1"}, {"TITLE": "SCP-ZH-426 - \u82b1\u5712\u4e2d\u7684\u86c7\u662f\u7d55\u4e0d\u4f4e\u982d\u7684", "FULLNAME": "scp-zh-426", "RATING": 15, "COMMENTS": "17"}, {"TITLE": "\u795e\u7570\u535a\u89bd\u6703\u4e00\u4e5d\u4e09\u4e94", "FULLNAME": "taiwan-miracle-exposition", "RATING": 24, "COMMENTS": "3"}, {"TITLE": "\u64ec\u614b\u7684\u53f0\u7063\u8706.html", "FULLNAME": "meretrix-mimicking-cyrenidae", "RATING": 14, "COMMENTS": "4"}, {"TITLE": "\u90a3\u4e9b\u88ab\u7576\u6210\u85e5\u7269\u5bb0\u4f86\u5403\u7684\u4eba\u5011", "FULLNAME": "sh-cannibalism-in-taiwan", "RATING": 13, "COMMENTS": "5"}, {"TITLE": "SCP-ZH-060 - \u9e7f\u8def\u96a7\u9053", "FULLNAME": "scp-zh-060", "RATING": 21, "COMMENTS": "1"}, {"TITLE": "\u51cc\u96f2\u5fa1\u98a8\u8d77", "FULLNAME": "rocaf", "RATING": 8, "COMMENTS": "0"}, {"TITLE": "\u84ec\u840a\u5cf6\u65b0\u5275\u6c11\u4e3b\u5f62\u5f0f\uff1a\u300c\u5275\u5236\u300d\u9996\u9577\u5c07\u65bc\u4eca\u65e5\u89e3\u51cd", "FULLNAME": "r-sinano-chuo-zhtr-2018-11-19-a222a", "RATING": 18, "COMMENTS": "2"}, {"TITLE": "SCP-ZH-321 - \u746f\u5b0c\u9748\u8c93", "FULLNAME": "scp-zh-321", "RATING": 7, "COMMENTS": "4"}, {"TITLE": "\u6c99\u7687\u5148\u77e5\u5354\u6703\u64ec\u4eba-\u5947\u8853\u8b1b\u89e3\u7bc7", "FULLNAME": "tsars-seers-art-thaumatology", "RATING": 18, "COMMENTS": "4"}, {"TITLE": "SCP-ZH-500 - \u8b77\u57ce\u754c\u9580", "FULLNAME": "scp-zh-500", "RATING": 8, "COMMENTS": "0"}, {"TITLE": "\u7d00\u9304\u53ca\u8a0a\u606f\u5b89\u5168\u7ba1\u7406\u90e8\u9580\u7279\u6b8a\u6587\u4ef6\uff0d\u8207\u674e\u7e3d\u7d71\u767b\u8f1d\u5148\u751f\u76f8\u95dc\u7684\u5c08\u8a2a", "FULLNAME": "raisa-lee-teng-hui", "RATING": 17, "COMMENTS": "1"}, {"TITLE": "SCP-ZH-446 - \u5316\u87f2", "FULLNAME": "scp-zh-446", "RATING": 27, "COMMENTS": "0"}, {"TITLE": "\u84bc\u767d\u7684\u672b\u671f\u60a3\u8005", "FULLNAME": "81q5-sadness-pink", "RATING": 18, "COMMENTS": "0"}, {"TITLE": "\u9858\u541b\u5b89\u597d", "FULLNAME": "wish-you-safe-and-sound", "RATING": 24, "COMMENTS": "0"}, {"TITLE": "SCP-ZH-791 - \u9322\u6e90", "FULLNAME": "scp-zh-791", "RATING": 9, "COMMENTS": "0"}, {"TITLE": "\u7b2c\u516b\u5c46\u4e16\u754c\u8d85\u885b\u751f\u5927\u6703\u5982\u671f\u8209\u884c\u3000\u8a0e\u8ad6\u300c\u7d42\u5e74\u75c7\u5019\u7fa4\u300d\u518d\u64f4\u6563\u554f\u984c", "FULLNAME": "r-sinano-chuo-co-jp-2030-5-12-f9r324", "RATING": 15, "COMMENTS": "0"}, {"TITLE": "\u8056\u591c\u76f8\u5b88\uff1a\u54aa\u5440\u65b9\u584a\u548c\u8c9d\u7238\u9945\u982d", "FULLNAME": "researcher-hg-s-christmas-3dpaint-art", "RATING": 10, "COMMENTS": "0"}, {"TITLE": "\u8056\u8a95\u8207\u842c\u8056\u50c5\u6709\u4e00\u7dda\u4e4b\u9694", "FULLNAME": "christmas-or-halloween", "RATING": 17, "COMMENTS": "2"}, {"TITLE": "\u8056\u8a95\u6e05\u5922", "FULLNAME": "xmas-dream", "RATING": 10, "COMMENTS": "1"}, {"TITLE": "\u5df2\u5ee2\u68c4\u7684\u8056\u8a95\u63d0\u6848", "FULLNAME": "hammer-maho-shojo", "RATING": 7, "COMMENTS": "2"}, {"TITLE": "\u9805\u76ee\u4f01\u5283\u66f8 1924-1894\uff1a\u300a\u535a\u89bd\u6703\u300b", "FULLNAME": "project-proposal-1925-1894", "RATING": 13, "COMMENTS": "2"}, {"TITLE": "\u300c...\u59b3\u4e0d\u61c9\u8a72\u51fa\u73fe\u5728\u9019\u88e1\u3002\u300d", "FULLNAME": "xina-mas-2020", "RATING": 15, "COMMENTS": "0"}, {"TITLE": "\u8056\u591c\u76f8\u5b88\u6642", "FULLNAME": "formytreasure", "RATING": 18, "COMMENTS": "0"}, {"TITLE": "SCP-ZH-647 - \u5634\u7832\u8001\u4eba", "FULLNAME": "scp-zh-647", "RATING": 32, "COMMENTS": "4"}, {"TITLE": "\u7a7f\u8d8a\u6642\u7a7a\u7684\u7a3d\u67e5\uff0c\u6700\u5f8c\u76ee\u7684\u5730\u662f\u6c38\u548c\u8c46\u6f3f", "FULLNAME": "in-the-maze-of-2020", "RATING": 9, "COMMENTS": "0"}, {"TITLE": "\u8056\u591c\u76f8\u5b88\uff1a\u624b\u5de5\u73a9\u5076", "FULLNAME": "handcraft-doll", "RATING": 13, "COMMENTS": "1"}, {"TITLE": "\u8ce6\u5176\u4ee5\u5f62", "FULLNAME": "give-it-shape", "RATING": 19, "COMMENTS": "1"}, {"TITLE": "SCP-ZH-023 - \u672b\u72c0\u8a18\u61b6", "FULLNAME": "scp-zh-023", "RATING": 11, "COMMENTS": "1"}, {"TITLE": "2021\u51ac\u5b63\u7af6\u8cfd \u4e3b\u984c\u300a\u7d05\u300b", "FULLNAME": "winter-ace-2021", "RATING": 9, "COMMENTS": "0"}, {"TITLE": "SCP-ZH-090 - \u6bc6\u6253\u76ae\u7d0d\u5854\uff01", "FULLNAME": "scp-zh-090", "RATING": 16, "COMMENTS": "1"}, {"TITLE": "SCP-ZH-091 - \u9003\u5175", "FULLNAME": "scp-zh-091", "RATING": 20, "COMMENTS": "3"}, {"TITLE": "SCP-ZH-140 - \u5b57\u7fa9\u76f8\u6096", "FULLNAME": "scp-zh-140", "RATING": 20, "COMMENTS": "7"}, {"TITLE": "SCP-ZH-224 - \u4e00\u76d2\u96de\u86cb", "FULLNAME": "scp-zh-224", "RATING": 8, "COMMENTS": "3"}, {"TITLE": "SCP-ZH-079 - \u76ee\u6a19\uff0c\u89aa\u738b\uff0c\u64ca\u767c", "FULLNAME": "scp-zh-079", "RATING": 12, "COMMENTS": "1"}, {"TITLE": "\u8868\u5c64\u8b8a\u52d5", "FULLNAME": "one-of-the-secrets", "RATING": 18, "COMMENTS": "2"}, {"TITLE": "SCP-ZH-2005-EX", "FULLNAME": "scp-zh-2005-ex", "RATING": 58, "COMMENTS": "1"}, {"TITLE": "\u6c92\u4ec0\u9ebc\uff0c\u53ea\u662f\u4e00\u5f35\u8001\u7167\u7247", "FULLNAME": "nothing-just-a-old-picture", "RATING": 16, "COMMENTS": "0"}, {"TITLE": "SCP-ZH-204 - \u7d05\u5305\u9999", "FULLNAME": "scp-zh-204", "RATING": 17, "COMMENTS": "0"}, {"TITLE": "\u7236\u89aa\u548c\u5152\u5b50", "FULLNAME": "fatherandson", "RATING": 14, "COMMENTS": "0"}, {"TITLE": "Dr. Kris\u7684\u6587\u6a94\u5c71\u6d77\uff0dDr.Apoyn\u7684\u901f\u5beb", "FULLNAME": "k1s10r0d-quick-sketch-of-dr-apoyn", "RATING": 14, "COMMENTS": "2"}, {"TITLE": "\u6d17\u6a19\uff1a\u7d051354-\u6df1\u5165\u50b3\u7d71\u7d0d\u9913\u5361\u90e8\u843d", "FULLNAME": "red-1354", "RATING": 17, "COMMENTS": "1"}, {"TITLE": "Dr. Bales\u7684\u65e5\u5e38\u5c0f\u54c1\u96c6\u9326 \u4e8c", "FULLNAME": "bales-s-daily-2", "RATING": 17, "COMMENTS": "1"}, {"TITLE": "SCP-ZH-235 - \u6703\u98db\u7684\u5c0f\u9ec3\u66f8", "FULLNAME": "adult:scp-zh-235", "RATING": 22, "COMMENTS": "10"}, {"TITLE": "SCP-ZH-980 - \u7bc9\u5922\u5c0f\u68e7", "FULLNAME": "scp-zh-980", "RATING": 10, "COMMENTS": "2"}, {"TITLE": "SCP-ZH-240 - \u660e\u71c8", "FULLNAME": "scp-zh-240", "RATING": 11, "COMMENTS": "1"}, {"TITLE": "2010\u5e74\u7684\u90a3\u5e7e\u500b\u5be6\u7fd2\u751f", "FULLNAME": "source-of-chaos", "RATING": 18, "COMMENTS": "0"}, {"TITLE": "\u4e8b\u4ef6\u4ee3\u865f\uff1a\u6838\u88c2\u64e0\u514c-\u5916\u52e4\u7814\u7a76\u54e1 \u6c34\u9280\u8996\u89d2", "FULLNAME": "operation-nucleon-bank-hg", "RATING": 11, "COMMENTS": "2"}, {"TITLE": "\u9b54\u9ce5\u8207\u9b54\u9ce5\u4f7f", "FULLNAME": "hafune", "RATING": 14, "COMMENTS": "6"}, {"TITLE": "\u96f7\u9663\u96e8", "FULLNAME": "thunderstorm", "RATING": 14, "COMMENTS": "0"}, {"TITLE": "Ctrl Z\u535a\u58eb\u7684SCP-ZH\u8a18\u9304-1", "FULLNAME": "creepy-tunnel", "RATING": 24, "COMMENTS": "2"}, {"TITLE": "Ctrl Z\u535a\u58eb\u7684SCP-ZH\u8a18\u9304-2", "FULLNAME": "escape-chess", "RATING": 15, "COMMENTS": "0"}, {"TITLE": "\u4f60\u6703\u611f\u5230\u5f8c\u6094\u55ce\uff1f", "FULLNAME": "what-are-you-waiting-for-just-join-goc-dude", "RATING": 36, "COMMENTS": "5"}, {"TITLE": "SCP-ZH-146 - \u7834\u93e1\u6c38\u7121\u91cd\u5713\u4e4b\u65e5", "FULLNAME": "scp-zh-146", "RATING": 9, "COMMENTS": "2"}, {"TITLE": "SCP-ZH-322 - \u7121\u6c34\u4e4b\u676f", "FULLNAME": "scp-zh-322", "RATING": 12, "COMMENTS": "2"}, {"TITLE": "SCP-ZH-207 - \u8ab2\u91d1\u5c31\u50cf\u5403\u4eba\u4e00\u6a23", "FULLNAME": "scp-zh-207", "RATING": 11, "COMMENTS": "5"}, {"TITLE": "SCP-ZH-022 - \u534a\u96bb\u77f3\u7345\u5b50", "FULLNAME": "scp-zh-022", "RATING": 7, "COMMENTS": "7"}, {"TITLE": "SCP-ZH-066 - \u6709\u501f\u6709\u9084", "FULLNAME": "scp-zh-066", "RATING": 11, "COMMENTS": "5"}, {"TITLE": "\u971c\u5bd2", "FULLNAME": "frozencold", "RATING": 11, "COMMENTS": "0"}, {"TITLE": "\u5f8c\u73fe\u4ee3\u57fa\u91d1\u6703\u540c\u4eba\u6200\u611b\u5411\u8f15\u5c0f\u8aaa", "FULLNAME": "k1s10r0d-april-fool-project-2021", "RATING": 18, "COMMENTS": "5"}, {"TITLE": "SCP-ZH-323 \u64cd\u4f5c\u5be6\u9a57 B-01", "FULLNAME": "scp-zh-323-text-b01", "RATING": 7, "COMMENTS": "0"}, {"TITLE": "2021\u611a\u4eba\u7bc0\u4e3b\u9801", "FULLNAME": "super-cooking-pot", "RATING": 24, "COMMENTS": "10"}, {"TITLE": "Valm\u00faa\u5c0f\u5408\u96c6", "FULLNAME": "valmua-compilation", "RATING": 13, "COMMENTS": "2"}, {"TITLE": "SCP-ZH-833 - \u6642\u9006\u6b98\u5f71", "FULLNAME": "scp-zh-833", "RATING": 10, "COMMENTS": "4"}, {"TITLE": "\u79c1\u6848\uff1a\u5c31\u5730\u6b63\u6cd5", "FULLNAME": "the-plan-of-execution", "RATING": 7, "COMMENTS": "0"}, {"TITLE": "\u4eca\u5929\u4e5f\u662f\u666e\u901a\u7684\u4e00\u5929", "FULLNAME": "today-is-just-another-ordinary-day", "RATING": 12, "COMMENTS": "4"}, {"TITLE": "\u92d2\u8292\u969b\u6703", "FULLNAME": "jie-men-convocation", "RATING": 6, "COMMENTS": "1"}, {"TITLE": "\u79c1\u6848\uff1a\u8b8a\u7bc0\u9810\u544a", "FULLNAME": "the-plan-before-defection", "RATING": 8, "COMMENTS": "0"}, {"TITLE": "SCP-ZH-855 - \u4f86\u5718\u8cfc\u6700\u5212\u7b97", "FULLNAME": "scp-zh-855", "RATING": 7, "COMMENTS": "4"}, {"TITLE": "SCP-ZH-093 - \u85dd\u8853\u5c31\u662f\u2026\u2026", "FULLNAME": "scp-zh-093", "RATING": 11, "COMMENTS": "1"}, {"TITLE": "\u82b1\u8a9e\uff1a\u84b2\u516c\u82f1", "FULLNAME": "taraxacum", "RATING": 18, "COMMENTS": "0"}, {"TITLE": "SCP-ZH-440 - Site-ZH-04", "FULLNAME": "scp-zh-440", "RATING": 12, "COMMENTS": "6"}, {"TITLE": "SCP-ZH-880 - \u963f\u5b24\u89ba\u5f97\u4f60\u51b7", "FULLNAME": "scp-zh-880", "RATING": 30, "COMMENTS": "2"}, {"TITLE": "SCP-ZH-162 - TEIC\u6f14\u7b97\u6cd5", "FULLNAME": "scp-zh-162", "RATING": 10, "COMMENTS": "2"}, {"TITLE": "\u624b\u7e6a\u7684Valm\u00faa", "FULLNAME": "k1s10r0d-hand-drawn-valmua", "RATING": 15, "COMMENTS": "0"}, {"TITLE": "\u5fbd\u7ae0\u5c55\u793a\u5668\u4f7f\u7528\u6559\u5b78\u9801\u9762", "FULLNAME": "bales-brb-teach", "RATING": 6, "COMMENTS": "0"}, {"TITLE": "\u9396\u93c8\u7684\u97f3\u7af9", "FULLNAME": "k1s10r0d-chain-sugoi", "RATING": 29, "COMMENTS": "6"}, {"TITLE": "Polaris", "FULLNAME": "polaris", "RATING": 17, "COMMENTS": "1"}, {"TITLE": "SCP-ZH-488 - \u7926\u755c", "FULLNAME": "scp-zh-488", "RATING": 9, "COMMENTS": "0"}, {"TITLE": "SCP-ZH-946 - \u9ed1\u5154\u5927\u6230\u722d\ud83d\udc07", "FULLNAME": "scp-zh-946", "RATING": 27, "COMMENTS": "13"}, {"TITLE": "Surge\u7684\u63d0\u6848\u4e00", "FULLNAME": "surge-s-proposal-1", "RATING": 33, "COMMENTS": "11"}, {"TITLE": "\u6545\u4e8b\u7684\u529b\u91cf\uff5e\u4f60\u70ba\u4ec0\u9ebc\u9700\u8981\u8d85\u5f62\u4e0a\u5b78\uff5e", "FULLNAME": "why-you-need-pataphysics", "RATING": 28, "COMMENTS": "1"}, {"TITLE": "\u7375\u72d0\u884c\u52d5", "FULLNAME": "foxhunt", "RATING": 13, "COMMENTS": "0"}, {"TITLE": "\u6240\u6709\u7684\u6a4b\u90fd\u88ab\u71d2\u6389\u4e86", "FULLNAME": "all-the-bridges-were-burned", "RATING": 13, "COMMENTS": "1"}, {"TITLE": "\u4e8b\u4ef6\u4ee3\u865f\uff1a\u6838\u88c2\u64e0\u514c-\u4e3b\u4efbSemibreve\u7684\u8996\u89d2", "FULLNAME": "operation-nucleon-bank-semibreve", "RATING": 10, "COMMENTS": "2"}, {"TITLE": "\u597d\u9913\u597d\u9913\u7684\u514b\u91cc\u65af\u535a\u58eb", "FULLNAME": "the-very-hungry-dr-kris", "RATING": 17, "COMMENTS": "2"}, {"TITLE": "\u85dd\u8853\u7d00\u9304\uff1aAttempts to Assassinate Thought", "FULLNAME": "art-for-3002", "RATING": 10, "COMMENTS": "0"}, {"TITLE": "\u6311\u6230\u6d3b\u52d5 \u8077\u4f4d\u4ea4\u63db", "FULLNAME": "transfer-challenge-zh", "RATING": 7, "COMMENTS": "0"}, {"TITLE": "SCP-ZH-527 - \u96b1\u5f62\u7684\u5947\u5947\u6469\u62c9", "FULLNAME": "scp-zh-527", "RATING": 14, "COMMENTS": "1"}, {"TITLE": "\u842c\u91cc\u9577\u7a7a", "FULLNAME": "talisman", "RATING": 15, "COMMENTS": "1"}, {"TITLE": "\u4f60\u662f\u5565\u7269\u4eba\uff1f", "FULLNAME": "to-the-doctor", "RATING": 13, "COMMENTS": "5"}, {"TITLE": "SCP-ZH-338 - \u6c89\u8239\u88e1\u7684\u624b\u5929\u4f7f", "FULLNAME": "adult:scp-zh-338", "RATING": 15, "COMMENTS": "4"}, {"TITLE": "\u4e2d\u83ef\u6c11\u570b\u570b\u5bb6\u5b89\u5168\u5c40\u7b2c\u516b\u8655 \u4e2d\u5fc3\u9801", "FULLNAME": "nsb8-hub", "RATING": 17, "COMMENTS": "3"}, {"TITLE": "SCP-ZH-709 - \u5b78\u97f3\u6a02\u7684\u5c0f\u5b69\u4e0d\u6703\u8b8a\u58de", "FULLNAME": "scp-zh-709", "RATING": 9, "COMMENTS": "1"}, {"TITLE": "\u6349\u96d9", "FULLNAME": "face-the-shadows-1", "RATING": 7, "COMMENTS": "2"}, {"TITLE": "\u90a3\u4e26\u4e0d\u662f\u4eba\u985e", "FULLNAME": "zh-111-egocentric", "RATING": 7, "COMMENTS": "0"}, {"TITLE": "SCP-ZH-390 - \u81fa\u7063\u5beb\u4f5c\u6e2c\u9a57", "FULLNAME": "scp-zh-390", "RATING": 9, "COMMENTS": "6"}, {"TITLE": "SCP-ZH-410 - \u5316\u5de5\u5ee0\u7684\u9435\u6876", "FULLNAME": "scp-zh-410", "RATING": 13, "COMMENTS": "5"}, {"TITLE": "2021 \u590f\u5b63\u7af6\u8cfd \u4e3b\u984c\u300a\u7570\u805e\u9304\u300b", "FULLNAME": "summer-contest-2021", "RATING": 13, "COMMENTS": "7"}, {"TITLE": "SCP-ZH-576 - \u82b1\u8a9e", "FULLNAME": "scp-zh-576", "RATING": 12, "COMMENTS": "2"}, {"TITLE": "SCP-ZH-032 - \u6709\u6bd2\u7684\u6a61\u76ae\u64e6", "FULLNAME": "scp-zh-032", "RATING": 21, "COMMENTS": "0"}, {"TITLE": "SCP-ZH-571 - \u4e0d\u53ef\u8996\u7684\u8ffd\u8de1\u8005", "FULLNAME": "scp-zh-571", "RATING": 12, "COMMENTS": "5"}, {"TITLE": "\u89aa\u8fce\u8f15\u76c8\u4e4b\u71df\u706b\u7469", "FULLNAME": "bt-fly", "RATING": 13, "COMMENTS": "3"}, {"TITLE": "SCP-ZH-034 - \u98db\u982d\u883b", "FULLNAME": "scp-zh-034", "RATING": 24, "COMMENTS": "3"}, {"TITLE": "0226\u865f\u75c5\u60a3", "FULLNAME": "patient0226", "RATING": 8, "COMMENTS": "4"}, {"TITLE": "SCP-ZH-037 - \u73b3\u7441\u4e4b\u6dda", "FULLNAME": "scp-zh-037", "RATING": 20, "COMMENTS": "0"}, {"TITLE": "SCP-ZH-112 - \u795d\u4f60\u751f\u65e5\u5feb\u6a02", "FULLNAME": "scp-zh-112", "RATING": 19, "COMMENTS": "3"}, {"TITLE": "\u5929\u4eae\u524d\u7684\u6200\u611b\u6545\u4e8b", "FULLNAME": "taisho150-lovestorybeforedawn", "RATING": 20, "COMMENTS": "2"}, {"TITLE": "SCP-ZH-096 - \u7d05\u79fb\u7834\u6ec5", "FULLNAME": "scp-zh-096", "RATING": 25, "COMMENTS": "2"}, {"TITLE": "\u63a2\u8a2a\u5b89\u5730\u7f85\u8332\u8def\u65af", "FULLNAME": "visit-eindeloze-lucht", "RATING": 12, "COMMENTS": "2"}, {"TITLE": "Ctrl Z\u535a\u58eb\u7684\u925b\u7b46\u5857\u9d09", "FULLNAME": "ctrlzpencil", "RATING": 16, "COMMENTS": "2"}, {"TITLE": "Ctrl Z\u535a\u58eb\u7684\u65c5\u884c\u8a18\u4e8b\u672c", "FULLNAME": "ctrlztravel", "RATING": 12, "COMMENTS": "5"}, {"TITLE": "SCP-ZH-409 - \u9435\u8863\u85fb", "FULLNAME": "scp-zh-409", "RATING": 12, "COMMENTS": "6"}, {"TITLE": "SCP-ZH-635 - \u4f60\u6709\u6c92\u6709\u807d\u5230", "FULLNAME": "scp-zh-635", "RATING": 7, "COMMENTS": "3"}, {"TITLE": "SCP-ZH-299 - \u5927\u8005\u9577\u5343\u91cc\uff0c\u5c0f\u8005\u6578\u5341\u5206\u3002", "FULLNAME": "scp-zh-299", "RATING": 12, "COMMENTS": "6"}, {"TITLE": "SCP-ZH-205 - \u7d55\u975e\u8a2d\u8a08\u4e0d\u826f", "FULLNAME": "scp-zh-205", "RATING": 6, "COMMENTS": "2"}, {"TITLE": "SCP-ZH-114 - \u585e\u58ec\u6e26\u96f7", "FULLNAME": "scp-zh-114", "RATING": 14, "COMMENTS": "0"}, {"TITLE": "\u7570\u5e38\u9805\u76ee\u7d00\u9304\uff1a\u300c\u9632\u66b4\u8b66\u5bdf\u982d\u76d4\u300d", "FULLNAME": "anomalous-item-hk-police-helmet", "RATING": 37, "COMMENTS": "5"}, {"TITLE": "SCP-ZH-177 - \u6df1\u4e95", "FULLNAME": "scp-zh-177", "RATING": 13, "COMMENTS": "1"}, {"TITLE": "69\u5e74\u7684\u4e0d\u582a\u56de\u61b6", "FULLNAME": "year-69-of-unbearable-memories", "RATING": 9, "COMMENTS": "0"}, {"TITLE": "\u5947\u8e5f\u5b78\u7149\u91d1\u8853\u5c0e\u8ad6\uff1a\u5982\u4f55\u628a\u6c34\u9280\u7149\u6210\u9ec3\u91d1", "FULLNAME": "thaumatalchemy", "RATING": 15, "COMMENTS": "4"}, {"TITLE": "SCP-ZH-243 - \u6960\u6893\u767e\u6155\u9054", "FULLNAME": "scp-zh-243", "RATING": 18, "COMMENTS": "0"}, {"TITLE": "\u4e32\u64ca", "FULLNAME": "skewer", "RATING": 6, "COMMENTS": "0"}, {"TITLE": "\u5348\u5f8c\u9593\u6b47", "FULLNAME": "midsummer-the-plants-and-you", "RATING": 15, "COMMENTS": "4"}, {"TITLE": "SCP-ZH-092 - \u7d55\u5730\u5927\u5e2b\u7684\u5149\u528d", "FULLNAME": "scp-zh-092", "RATING": -5, "COMMENTS": "4"}, {"TITLE": "131\u548c999\u7684\u76f8\u9047", "FULLNAME": "zoelin-131-999", "RATING": 4, "COMMENTS": "1"}, {"TITLE": "SCP-ZH-266 - \u8d70\u5411\u7406\u60f3\u4e4b\u8def", "FULLNAME": "scp-zh-266", "RATING": 12, "COMMENTS": "4"}, {"TITLE": "SCP-ZH-038 - \u7121\u81c9\u6a21\u7279", "FULLNAME": "scp-zh-038", "RATING": 15, "COMMENTS": "0"}, {"TITLE": "\u8001\u8c93\u904a\u8a18\uff0c\u96f6", "FULLNAME": "old-cat-travel-1", "RATING": 9, "COMMENTS": "3"}, {"TITLE": "SCP-ZH-804 - \u6843\u82b1\u5712", "FULLNAME": "scp-zh-804", "RATING": 9, "COMMENTS": "3"}, {"TITLE": "SCP-ZH-197 - \u6a02\u7fa4\u6e56\u6c34\u602a", "FULLNAME": "scp-zh-197", "RATING": 9, "COMMENTS": "3"}, {"TITLE": "SCP-ZH-039 - \u667e\u8863\u6a39", "FULLNAME": "scp-zh-039", "RATING": 9, "COMMENTS": "3"}, {"TITLE": "SCP-ZH-220 - H.K.\u6c38\u9060\u7684\u5bb6", "FULLNAME": "scp-zh-220", "RATING": 21, "COMMENTS": "0"}, {"TITLE": "SCP-ZH-796 - \u5b64\u5152", "FULLNAME": "scp-zh-796", "RATING": 10, "COMMENTS": "1"}, {"TITLE": "SCP-ZH-991 - \u9b45\u9b54\u5f8c\u88d4", "FULLNAME": "adult:scp-zh-991", "RATING": 13, "COMMENTS": "4"}, {"TITLE": "\u5f15\u865f\u4e4b\u9593", "FULLNAME": "in-the-quotation", "RATING": 13, "COMMENTS": "0"}, {"TITLE": "SCP-ZH-048 - \u528d\u8207\u9b54\u6cd5\u8207\u8336\u4e4b\u9b54\u624b", "FULLNAME": "scp-zh-048", "RATING": 21, "COMMENTS": "2"}, {"TITLE": "SCP-ZH-613 - \u8840\u5929\u4f7f", "FULLNAME": "scp-zh-613", "RATING": 16, "COMMENTS": "1"}, {"TITLE": "\u624b\u90e8\u8a18\u61b6", "FULLNAME": "memories-of-the-arm", "RATING": 5, "COMMENTS": "0"}, {"TITLE": "SCP-ZH-144 - \u5341\u4e8c\u9032\u4f4d\u6cd5", "FULLNAME": "scp-zh-144", "RATING": 25, "COMMENTS": "6"}, {"TITLE": "SCP-ZH-427 - \u6df1\u57cb\u7684\u9ed1\u76d2\u5f9e\u672a\u958b\u555f", "FULLNAME": "scp-zh-427", "RATING": 9, "COMMENTS": "0"}, {"TITLE": "\u672b\u65e5\u908a\u7de3\u7684Perdu", "FULLNAME": "perdu-by-the-daylight", "RATING": 8, "COMMENTS": "0"}, {"TITLE": "LTE-1903-Orange-Blaecca", "FULLNAME": "lte-1903-orange-blaecca", "RATING": 7, "COMMENTS": "1"}, {"TITLE": "SCP-ZH-676 - \u7ad9\u5167\u6709\u9f20", "FULLNAME": "scp-zh-676", "RATING": 8, "COMMENTS": "0"}, {"TITLE": "\u5c0d\u5411\u5217\u8eca\u7684\u72c2\u5954\u4eba\u5f71", "FULLNAME": "running-shadow-of-the-opposite-train", "RATING": 14, "COMMENTS": "8"}, {"TITLE": "\u67d0\u4eba\u7684\u5922", "FULLNAME": "benitoite-little-pigeon-halloween", "RATING": 14, "COMMENTS": "0"}, {"TITLE": "\u9ed1\u6697\u7684\u623f\u9593", "FULLNAME": "dark-room", "RATING": 9, "COMMENTS": "3"}, {"TITLE": "SCP-ZH-052 - \u5fd8\u4e86\u6211\u5427\uff0c\u4f46\u6211\u4e0d\u6703\u5fd8\u8a18\u4f60\u5011\u7684", "FULLNAME": "scp-zh-052", "RATING": 18, "COMMENTS": "0"}, {"TITLE": "SCP-ZH-160 - \u5664\u8072", "FULLNAME": "scp-zh-160", "RATING": 11, "COMMENTS": "4"}, {"TITLE": "SCP-ZH-054 - \u9999\u8549\uff0c\u50c5\u6b64\u800c\u5df2", "FULLNAME": "scp-zh-054", "RATING": 7, "COMMENTS": "4"}, {"TITLE": "\u767e\u82b1\u9b54\u5973\u7684\u611b\u4e4b\u66f8", "FULLNAME": "snedronningen", "RATING": 14, "COMMENTS": "0"}, {"TITLE": "SCP-ZH-905 - \u611b\u7684\u76f8\u53cd\u4e0d\u662f\u6068", "FULLNAME": "scp-zh-905", "RATING": 7, "COMMENTS": "0"}, {"TITLE": "SCP-ZH-360 - \u5b78\u6821\u7684\u77f3\u5b50\u5730\u677f", "FULLNAME": "scp-zh-360", "RATING": 8, "COMMENTS": "0"}, {"TITLE": "SCP-ZH-832 - \u56de\u6eab", "FULLNAME": "scp-zh-832", "RATING": 10, "COMMENTS": "3"}, {"TITLE": "SCP-ZH-808 - \u9b3c\u9580\u95dc", "FULLNAME": "scp-zh-808", "RATING": 15, "COMMENTS": "2"}, {"TITLE": "\u7f8e\u597d\u7684\u8001\u65e5\u5b50", "FULLNAME": "the-goodie-old-days", "RATING": 8, "COMMENTS": "0"}, {"TITLE": "\u7dad\u5b89\u8a2d\u65bd\u6a94\u6848\uff1aSite-ZH-44", "FULLNAME": "site-zh-44", "RATING": 14, "COMMENTS": "5"}, {"TITLE": "\u5e03\u9b6f\u514b\u6797\u7b2c\u96f6\u5340\uff1a\u5929\u5802", "FULLNAME": "boorklyn-00-the-heaven", "RATING": 16, "COMMENTS": "0"}, {"TITLE": "\u7dad\u8332\u83ab\u723e\u5dba\u7a7a\u6230", "FULLNAME": "air-combat-of-vizmor", "RATING": 6, "COMMENTS": "1"}, {"TITLE": "SCP-ZH-226 - \u51ac\u65e5\u5973\u5b69", "FULLNAME": "scp-zh-226", "RATING": 14, "COMMENTS": "0"}, {"TITLE": "\u81e8\u754c\u7a81\u64ca", "FULLNAME": "red-cloud-strike", "RATING": 7, "COMMENTS": "1"}, {"TITLE": "\u5e03\u9b6f\u514b\u6797\u7b2c\u96f6\u5340\uff1a\u96e8\u904e\u5929\u6674", "FULLNAME": "boorklyn-00-ref-rain", "RATING": 16, "COMMENTS": "2"}, {"TITLE": "\u91cf\u5b50\u6c38\u751f", "FULLNAME": "quantum-immortality", "RATING": 9, "COMMENTS": "0"}, {"TITLE": "SCP-ZH-110 - \u5730\u677f\u7834\u4e86\u500b\u6d1e", "FULLNAME": "scp-zh-110", "RATING": 19, "COMMENTS": "1"}, {"TITLE": "\uff33\u4e4b\u6b7b", "FULLNAME": "the-death-of-sam-or-semibreve-etc", "RATING": 18, "COMMENTS": "4"}, {"TITLE": "\u9805\u76ee\u4f01\u5283\u66f8 2017-47\uff1a\u300a\u5065\u5eb7\u7684\u4ee3\u50f9\u300b", "FULLNAME": "project-proposal-2017-47-zh", "RATING": 24, "COMMENTS": "3"}, {"TITLE": "SCP-ZH-701 - \u63a0\u98df\u6027\u964d\u96e8", "FULLNAME": "scp-zh-701", "RATING": 11, "COMMENTS": "0"}, {"TITLE": "\u8056\u591c\u76f8\u5b88\u518d\u4e00\u591c", "FULLNAME": "christmas-event3", "RATING": 8, "COMMENTS": "13"}, {"TITLE": "SCP-ZH-398 - \u56db\u9762\u95bb\u9b54", "FULLNAME": "scp-zh-398", "RATING": 14, "COMMENTS": "3"}, {"TITLE": "\u6211\u5011\u6240\u76f8\u4fe1\u7684\u771f\u5be6", "FULLNAME": "turths-we-believe", "RATING": 11, "COMMENTS": "0"}, {"TITLE": "\u8389\u4e9e", "FULLNAME": "riariaria2", "RATING": 16, "COMMENTS": "5"}, {"TITLE": "\u4e8b\u6545\u7d00\u9304458-A", "FULLNAME": "what-the-fuck-is-this-pizza", "RATING": 16, "COMMENTS": "0"}, {"TITLE": "\u690d\u6728\u7149\u91d1", "FULLNAME": "pelia-start", "RATING": 13, "COMMENTS": "0"}, {"TITLE": "SCP-ZH-399 - \u6211\u5011\u5fc3\u4e2d\u7684444\u865f\u8996\u807d\u6559\u5ba4", "FULLNAME": "scp-zh-399", "RATING": 32, "COMMENTS": "0"}, {"TITLE": "SCP-ZH-364 - \u597d\u4fee\u4e00\u76f4\u4fee", "FULLNAME": "scp-zh-364", "RATING": 8, "COMMENTS": "0"}, {"TITLE": "\u85dd\u8853\u5275\u4f5c\uff1a\u8056\u8a95\u7bc0\u96ea\u55b5", "FULLNAME": "xmax-x", "RATING": 19, "COMMENTS": "0"}, {"TITLE": "\u95dc\u65bc\u5c11\u5973\u7684\u8056\u8a95\u79ae\u7269", "FULLNAME": "the-girls-gift", "RATING": 12, "COMMENTS": "0"}, {"TITLE": "\u6545\u4eba\u805a\u9996", "FULLNAME": "nice-to-see-you", "RATING": 10, "COMMENTS": "0"}, {"TITLE": "SCP-ZH-999-J - \u5de5", "FULLNAME": "scp-zh-999-j", "RATING": 6, "COMMENTS": "19"}, {"TITLE": "SCP-999-JP - \u7b2c\u4e5d\u865f\u7576\u4ee5\u4e5d\u8a00\u8ff0\u4e4b", "FULLNAME": "scp-999-jp-enneametric", "RATING": 15, "COMMENTS": "5"}, {"TITLE": "\u5929\u4efb\u65af\u4eba\u4e16\u754c\u7dda\u4e3b\u984c\u66f2\uff1a\u5728\u547d\u904b\u524d\u9762", "FULLNAME": "in-front-of-fate", "RATING": 6, "COMMENTS": "0"}, {"TITLE": "\u7e41\u4e2d\u7ba1\u7406\u54e1\u7b46\u8a18\uff1a2021\u5e74\u56de\u9867", "FULLNAME": "note-for-u-guys-2021", "RATING": 35, "COMMENTS": "4"}, {"TITLE": "\u300c\u7d66\u6211\u4e00\u675f\u9bae\u82b1\u5427\u3002\u300d", "FULLNAME": "quantum-suicide-art", "RATING": 15, "COMMENTS": "0"}, {"TITLE": "SCP-ZH-499 - \u5eb7\u4e43\u99a8\u76d4\u7532\u5de5\u85dd", "FULLNAME": "scp-zh-499", "RATING": 37, "COMMENTS": "3"}, {"TITLE": "\u6d17\u6a19\uff1a\u85cd4215 - \u9322\u4e86\u7279\u5de5\u7684\u7279\u5de5\u670d", "FULLNAME": "hahacloth", "RATING": 7, "COMMENTS": "3"}, {"TITLE": "\u4e0d\u61c9\u88ab\u8a18\u61b6\u7684\u90a3\u4eba", "FULLNAME": "fan-made-zh12-fiction", "RATING": 11, "COMMENTS": "2"}, {"TITLE": "\u97f3\u6a02\u5f8b\u52d5\u52a0\u5bc6\u7a0b\u5e8f", "FULLNAME": "maimaimiamia", "RATING": 9, "COMMENTS": "0"}, {"TITLE": "SCP-ZH-082 - \u5c0f\u871c\u8702\u9910\u8eca", "FULLNAME": "scp-zh-082", "RATING": 24, "COMMENTS": "0"}, {"TITLE": "SCP-ZH-065 - \u8461\u63d0\u85a9\u57f5", "FULLNAME": "scp-zh-065", "RATING": 9, "COMMENTS": "4"}, {"TITLE": "\u8d85\u6558\u4e8b\u5c64\u5e72\u9810\u89c0\u6e2c\u7d00\u9304", "FULLNAME": "pao-mian-s-retribution", "RATING": 11, "COMMENTS": "6"}, {"TITLE": "\u300a\u6c88\u6eba\u5728\u540d\u70ba\u4e0b\u5c64\u6558\u4e8b\u7684\u661f\u9ede\u5bd2\u96e8\u300b\u2014\u2014 \u6216\u8a31\u4f60\u7121\u6cd5\u611b\u4e0a\u4f60\u6240\u5275\u9020\u7684\u6211\uff0c\u90a3\u4e5f\u8acb\u4f60\u4e0d\u8981\u8a0e\u53ad\u9019\u500b\u4e16\u754c\uff0c\u597d\u55ce\uff1f", "FULLNAME": "in-the-cold-and-rain-the-love-story", "RATING": 15, "COMMENTS": "0"}, {"TITLE": "Meow!!Gwan", "FULLNAME": "tonal-felidae", "RATING": 11, "COMMENTS": "0"}, {"TITLE": "Unsigned Draft #799 - N/A", "FULLNAME": "scp-zh-799", "RATING": 15, "COMMENTS": "1"}, {"TITLE": "SCP-ZH-999\uff0d\u4eba\u5011\u6b20\u4ed6\u500b\u7e3d\u7d71\u5e2d\u4f4d", "FULLNAME": "scp-zh-999", "RATING": 57, "COMMENTS": "13"}, {"TITLE": "SCP-ZH-340 - \u751f\u547d\u4e4b\u6c99\uff0c\u7e41\u661f\u4e4b\u76d2", "FULLNAME": "scp-zh-340", "RATING": 20, "COMMENTS": "1"}, {"TITLE": "\u4f60\u5728\u54ea\u88e1\uff1f", "FULLNAME": "where-are-you-we-will-be-together-forever", "RATING": 6, "COMMENTS": "3"}, {"TITLE": "SCP-ZH-063 - \u6b61 \u7b11 \u4e0d \u518d", "FULLNAME": "scp-zh-063", "RATING": 18, "COMMENTS": "0"}, {"TITLE": "SCP-ZH-131 - \u5f7c\u5cb8\u82b1\u958b", "FULLNAME": "scp-zh-131", "RATING": 9, "COMMENTS": "0"}, {"TITLE": "SCP-ZH-151 - \u51b7\u6f20\u6bba", "FULLNAME": "scp-zh-151", "RATING": 12, "COMMENTS": "0"}, {"TITLE": "SCP-ZH-104 - \u4eba\u5de5\u9020\u5b50", "FULLNAME": "scp-zh-104", "RATING": 12, "COMMENTS": "4"}, {"TITLE": "\u6200\u4e4b\u7279\u9063\u968a-\u90ce\u4f4d-14\u300c\u4eba\u72fc\u7e6b\u7d46\u300d\u968a\u5fbd\u8349\u6848", "FULLNAME": "zh-love15-21-teamlogo", "RATING": 6, "COMMENTS": "0"}, {"TITLE": "k1s10r0d\u7684\u63d0\u6848 - IMMOLARI", "FULLNAME": "k1s10r0d-s-proposal", "RATING": 36, "COMMENTS": "3"}, {"TITLE": "SCP-ZH-830 - \u5947\u8e5f", "FULLNAME": "scp-zh-830", "RATING": 9, "COMMENTS": "1"}, {"TITLE": "SCP-ZH-094 - \u5931\u6557\u4f5c", "FULLNAME": "scp-zh-094", "RATING": 17, "COMMENTS": "1"}, {"TITLE": "SCP-ZH-277\uff0d\u7bc9\u8def\u4e2d\u539f", "FULLNAME": "scp-zh-277", "RATING": 12, "COMMENTS": "0"}, {"TITLE": "SCP-ZH-464 - \u9b5f\u9b54", "FULLNAME": "scp-zh-464", "RATING": 10, "COMMENTS": "0"}, {"TITLE": "SCP-ZH-072 - \u5de5\u4f5c\u9593\u5931\u7aca\u4e8b\u4ef6", "FULLNAME": "scp-zh-072", "RATING": 17, "COMMENTS": "1"}, {"TITLE": "SCP-ZH-181 - \u6c38\u7e8c\u7684\u5de5\u696d\u9769\u547d", "FULLNAME": "scp-zh-181", "RATING": 12, "COMMENTS": "1"}, {"TITLE": "\u53c8\u662f\u500b\u8a72\u6b7b\u7684\u5de5\u4f5c\u5929", "FULLNAME": "another-damn-workday", "RATING": 11, "COMMENTS": "0"}, {"TITLE": "\u767d\u96f2\u5b64\u98db", "FULLNAME": "i-ll-come-back-to-the-earth-and-bring-the-piece-of-the-star", "RATING": 19, "COMMENTS": "0"}, {"TITLE": "SCP-ZH-599 - Xyan2K Problem", "FULLNAME": "scp-zh-599", "RATING": 16, "COMMENTS": "1"}, {"TITLE": "\u91dc\u5e95\u63db\u65e5", "FULLNAME": "un-framing-frame", "RATING": 11, "COMMENTS": "0"}, {"TITLE": "SCP-ZH-107 - \u6355\u9ce5\u96f2", "FULLNAME": "scp-zh-107", "RATING": 19, "COMMENTS": "0"}, {"TITLE": "SCP-ZH-056 - \u672c\u73ed\u6a5f\u98db\u5f80\u5f7c\u5cb8", "FULLNAME": "scp-zh-056", "RATING": 21, "COMMENTS": "0"}, {"TITLE": "SCP-ZH-643 - \u6389\u843d", "FULLNAME": "scp-zh-643", "RATING": 10, "COMMENTS": "2"}, {"TITLE": "\u5152\u7ae5\u8d70\u5931\u8655\u7406\u7d00\u9304", "FULLNAME": "snowcatflyhighhigh", "RATING": 27, "COMMENTS": "3"}, {"TITLE": "\u969c\u7919", "FULLNAME": "obstacle", "RATING": 7, "COMMENTS": "0"}, {"TITLE": "SCP-ZH-086 - \u8acb\u4f60\u5225\u8aaa\u898b\u904e\u6211", "FULLNAME": "scp-zh-086", "RATING": 22, "COMMENTS": "2"}, {"TITLE": "\u58ae\u5929\u4f7f\u7684\u7948\u9858", "FULLNAME": "fly-to-the-sky", "RATING": 13, "COMMENTS": "1"}, {"TITLE": "\u4ee3\u9054\u6d1b\u65af\u7684\u9006\u5929\u4f7f", "FULLNAME": "zh-daedalus-defyingangel", "RATING": 15, "COMMENTS": "0"}, {"TITLE": "SCP-ZH-725 - \u7a7a\u87f2", "FULLNAME": "scp-zh-725", "RATING": 12, "COMMENTS": "0"}, {"TITLE": "\u767d\u88e1\u900f\u7d05\u7684\u8eab\u5f71", "FULLNAME": "zh-daedalus-f004", "RATING": 15, "COMMENTS": "0"}, {"TITLE": "SCP-ZH-413 - \u542b\u7898\u6674\u5929\u5a03\u5a03", "FULLNAME": "scp-zh-413", "RATING": 17, "COMMENTS": "0"}, {"TITLE": "SCP-ZH-432 - \u66f4\u597d\u7684\u4f60", "FULLNAME": "scp-zh-432", "RATING": 21, "COMMENTS": "2"}, {"TITLE": "SCP-ZH-083 - \u9006\u9ec3\u6cc9\u7d19\u98db\u6a5f", "FULLNAME": "scp-zh-083", "RATING": 8, "COMMENTS": "0"}, {"TITLE": "\u52ff\u5fd8\u6211", "FULLNAME": "forget-me-not-lucifelle", "RATING": 17, "COMMENTS": "0"}, {"TITLE": "SCP-ZH-302 - \u542b\u7898\u6c34\u5996\u7cbe", "FULLNAME": "scp-zh-302", "RATING": 16, "COMMENTS": "0"}, {"TITLE": "SCP-ZH-123 - \u7d66\u81ea\u5df1\u7684\u7b46\u8a18", "FULLNAME": "scp-zh-123", "RATING": 13, "COMMENTS": "0"}, {"TITLE": "SCP-ZH-329 - \u7fbd\u5316\u8005", "FULLNAME": "scp-zh-329", "RATING": 4, "COMMENTS": "0"}, {"TITLE": "\u59d4\u8a17\uff1a\u76ee\u5149\u4e4b\u7ffc", "FULLNAME": "commission-nine-point-eight", "RATING": 10, "COMMENTS": "0"}, {"TITLE": "SCP-ZH-563 - \u7070\u98db\u7159\u6ec5", "FULLNAME": "scp-zh-563", "RATING": 7, "COMMENTS": "3"}, {"TITLE": "SCP-ZH-385 - \u5b50\u6bcd\u5de1\u5f0b\u98db\u5f48MSC-7\u300c\u734c\u675f\u300d", "FULLNAME": "scp-zh-385", "RATING": 10, "COMMENTS": "1"}, {"TITLE": "SCP-ZH-073 - \u5de1\u8ff4\u6f14\u51fa\u6700\u7d42\u7ad9", "FULLNAME": "scp-zh-073", "RATING": 18, "COMMENTS": "1"}, {"TITLE": "\u6642\u9593\u523b", "FULLNAME": "counting-down", "RATING": 12, "COMMENTS": "5"}, {"TITLE": "\u8654\u8aa0\u795e\u7236\u8207\u793e\u755c\u8f14\u5c0e\u54e1\u4e0d\u6703\u649e\u7834\u8499\u81c9\u4e0a\u53f8\u5011\u505a\u7f9e\u7f9e\u7684\u4e8b", "FULLNAME": "one-night-four-broken-hearts-in-12", "RATING": 20, "COMMENTS": "0"}, {"TITLE": "SCP-ZH-466 - \u9b54\u8853\u7898\u8207\u5922\u5e7b\u6ce1\u5f71", "FULLNAME": "scp-zh-466", "RATING": 15, "COMMENTS": "0"}, {"TITLE": "SCP-ZH-448 - \u516d\u8292\u75c7\u5019\u7fa4", "FULLNAME": "scp-zh-448", "RATING": 15, "COMMENTS": "2"}, {"TITLE": "\u6c89\u7761", "FULLNAME": "newandnewandnew", "RATING": 13, "COMMENTS": "1"}, {"TITLE": "\u82b1\u96e8", "FULLNAME": "zh-086-flower-torment", "RATING": 16, "COMMENTS": "0"}, {"TITLE": "SCP-ZH-968 - \u57fa\u8f14\u6230\u9b3c\u986f\u73fe\u4e4b\u6642", "FULLNAME": "scp-zh-968", "RATING": 25, "COMMENTS": "4"}, {"TITLE": "SCP-ZH-179 - \u51a4\u6789", "FULLNAME": "scp-zh-179", "RATING": 16, "COMMENTS": "0"}, {"TITLE": "SCP-ZH-777 - \u4e03\u9418\u8b49\u507d\u50b3\u4e03\u97ff", "FULLNAME": "scp-zh-777", "RATING": 13, "COMMENTS": "0"}, {"TITLE": "\u6613\u7f85\u6b23\u3001\u5377\u96f6", "FULLNAME": "creator-part-zero", "RATING": 6, "COMMENTS": "0"}, {"TITLE": "\u5047\u9762\u9a0e\u58ebTheseus\uff1a\u4e00\u610f\u5b64\u884c", "FULLNAME": "kamen-rider-theseus-alone-in-the-dark", "RATING": 13, "COMMENTS": "1"}, {"TITLE": "SCP-ZH-106-\u300c\u9006\u6a21\u56e0\u300d", "FULLNAME": "scp-zh-106", "RATING": 23, "COMMENTS": "7"}, {"TITLE": "\u85dd\u8853\u4f5c\u54c1\uff1aSCP-ZH-922\uff08k1s10r0d\u7248\uff09", "FULLNAME": "cidal-dongi-by-k1s10r0d", "RATING": 15, "COMMENTS": "0"}, {"TITLE": "\u85dd\u8853\u4f5c\u54c1\uff1aSCP-ZH-922\uff08LuLu_Lucifelle\u7248\uff09", "FULLNAME": "cidal-dongi-by-lulu-lucifelle", "RATING": 12, "COMMENTS": "0"}, {"TITLE": "SCP-ZH-186 - \u9019\u4e9b\u8eca\u5f9e\u54ea\u4f86?", "FULLNAME": "scp-zh-186", "RATING": 10, "COMMENTS": "0"}, {"TITLE": "SCP-ZH-116 - \u53e4\u5f80\u4eca\u4f86", "FULLNAME": "scp-zh-116", "RATING": 7, "COMMENTS": "2"}, {"TITLE": "SCP-ZH-255 - \u5b64\u7368\u96aa", "FULLNAME": "scp-zh-225", "RATING": 20, "COMMENTS": "0"}, {"TITLE": "\u6211\u5011\u90fd\u53ea\u662f\u8840\u8089\u4e4b\u8ec0", "FULLNAME": "we-are-no-more-than-mortal-souls", "RATING": 15, "COMMENTS": "1"}, {"TITLE": "\u6613\u7f85\u6b23\u3001\u5377\u4e00", "FULLNAME": "creator-part-one", "RATING": 4, "COMMENTS": "0"}, {"TITLE": "2022\u611a\u4eba\u7bc0\u4e3b\u9801", "FULLNAME": "soup-chicken-power", "RATING": 16, "COMMENTS": "4"}, {"TITLE": "\u6d41\u9023\u5fd8\u8fd4", "FULLNAME": "the-forsaken-lake", "RATING": 9, "COMMENTS": "1"}, {"TITLE": "\u547d\u61f8\u4e00\u9d28\uff0c\u9003\u51fa\u751f\u5929", "FULLNAME": "among-in-the-duck", "RATING": 16, "COMMENTS": "6"}, {"TITLE": "\u5e03\u9b6f\u514b\u6797\u7b2c\u96f6\u5340\uff1a\u5b8c\u5f62\u5d29\u58de", "FULLNAME": "boorklyn-00-crash", "RATING": 12, "COMMENTS": "1"}, {"TITLE": "\u7b2c22\u5929", "FULLNAME": "project-mia-day-by-mimeow", "RATING": 10, "COMMENTS": "0"}, {"TITLE": "\u300c\u6211\u6c92\u760b\u300d", "FULLNAME": "i-mcrazy", "RATING": 10, "COMMENTS": "0"}, {"TITLE": "\u300c\u706b\u9b54\u6cd5\u300d\u56de\u9867\uff1a\u4f3c\u540c\u5be6\u7570\u7684\u5169\u5927\u985e\u8853\u5f0f", "FULLNAME": "review-of-fire-spells", "RATING": 16, "COMMENTS": "0"}, {"TITLE": "SCP-ZH-132 - \u8981\u4f60\u547d\u7684007\u904a\u6232", "FULLNAME": "scp-zh-132", "RATING": 13, "COMMENTS": "0"}, {"TITLE": "\u7570\u805e\uff1a\u4e2d\u6e2f\u8def\u4e0a\u7684\u91ce\u72fc", "FULLNAME": "wolf125again", "RATING": 6, "COMMENTS": "2"}, {"TITLE": "SCP-ZH-382 - \u72a7\u7272\u54c1", "FULLNAME": "scp-zh-382", "RATING": 13, "COMMENTS": "0"}, {"TITLE": "\u6c92\u6709\u57fa\u91d1\u6703\u7684\u90a3\u6642", "FULLNAME": "the-time-foundation-disappeared", "RATING": 24, "COMMENTS": "0"}, {"TITLE": "SCP-ZH-182 - \u5f15\u8a98\u589c\u6a13\u7684\u8033\u8a9e", "FULLNAME": "scp-zh-182", "RATING": 1, "COMMENTS": "6"}, {"TITLE": "\u523a\u875f\u7b46\u8a18\u672c\uff1aZH\u5206\u90e8\u4eba\u7269\u5408\u8f2f\uff08ZH-12\u7ad9\u7bc7\uff09", "FULLNAME": "hedgehog-note-site-zh-12", "RATING": 14, "COMMENTS": "0"}, {"TITLE": "\u90fd\u5e02\u50b3\u8aaa\u578b\u7570\u5e38\u61c9\u5c0d\u90e8\u9580\u4e2d\u5fc3\u9801", "FULLNAME": "urban-legend-department", "RATING": 16, "COMMENTS": "1"}, {"TITLE": "1970-1972\u5947\u840a\u5c71\u5340\u672a\u89e3\u660e\u4e8b\u4ef6\u518d\u5be9\u63d0\u6848", "FULLNAME": "unsolved-cases-mount-qilai-1970-1972", "RATING": 13, "COMMENTS": "0"}, {"TITLE": "\u9418\u67b6", "FULLNAME": "bell-frame", "RATING": 9, "COMMENTS": "1"}, {"TITLE": "\u6c7d\u6c34\u7684\u85dd\u4f5c\u98011", "FULLNAME": "lillianasoda-artworks1", "RATING": 16, "COMMENTS": "0"}, {"TITLE": "SCP\u57fa\u91d1\u6703\u7e41\u4e2d\u5206\u90e8\u7684\u6a19\u8a8c", "FULLNAME": "logo-zh", "RATING": 15, "COMMENTS": "1"}, {"TITLE": "\u5728\u7e7c\u7e8c\u524d\u9032\u4e4b\u524d", "FULLNAME": "before-the-moving-on", "RATING": 8, "COMMENTS": "0"}, {"TITLE": "SCP-ZH-196 - \u8207\u3164\u3164\u3164\u3164\u5a46\u5a11\u8d77\u821e", "FULLNAME": "scp-zh-196", "RATING": 17, "COMMENTS": "0"}, {"TITLE": "\u9b54\u5973\u805a\u6703\u8207\u7121\u5149\u4e4b\u68ee", "FULLNAME": "zh-the-witches-gathering-and-the-lightless-forest-1", "RATING": 10, "COMMENTS": "0"}, {"TITLE": "\u6697\u65e5\u9a45\u5f71", "FULLNAME": "bythenameofeighthsun-noshadowallowed", "RATING": 9, "COMMENTS": "0"}, {"TITLE": "\u60e1\u610f\u884c\u70ba", "FULLNAME": "malicious-behavior", "RATING": 12, "COMMENTS": "2"}, {"TITLE": "SCP-ZH-957 - \u6399\u812b\u7981\u932e\u4e4b\u85e4", "FULLNAME": "scp-zh-957", "RATING": 6, "COMMENTS": "0"}, {"TITLE": "SCP-ZH-744 - \u53cd\u6d17\u79ae", "FULLNAME": "scp-zh-744", "RATING": 13, "COMMENTS": "3"}, {"TITLE": "SCP-\u229b\u2742\u274d\u25cc", "FULLNAME": "scp-zh-868", "RATING": 15, "COMMENTS": "3"}, {"TITLE": "SCP-ZH-818 - \u535a\u5341\u516b\u8c46\u4ed4", "FULLNAME": "scp-zh-818", "RATING": 10, "COMMENTS": "1"}, {"TITLE": "\u6c7d\u6c34\u7684\u85dd\u4f5c\u98012", "FULLNAME": "lillianasoda-artworks2", "RATING": 15, "COMMENTS": "0"}, {"TITLE": "\u5e0c\u671b\u7684\u984f\u8272", "FULLNAME": "color-of-hope", "RATING": 10, "COMMENTS": "0"}, {"TITLE": "\u7260\u5728\u770b\u8457\u55ce\uff1f", "FULLNAME": "is-it-watching", "RATING": 9, "COMMENTS": "0"}, {"TITLE": "SCP-ZH-304 - \u884c\u9032\u63d2\u66f2", "FULLNAME": "scp-zh-304", "RATING": 11, "COMMENTS": "0"}, {"TITLE": "SCP-ZH-361 - \u9a5a\u559cX\u9eb5", "FULLNAME": "scp-zh-361", "RATING": 17, "COMMENTS": "0"}, {"TITLE": "\u6975\u9650\u523b\u5ea6", "FULLNAME": "limit-scale", "RATING": 8, "COMMENTS": "0"}, {"TITLE": "\u5b8c\u7f8e\u72afX\u7684\u5165\u8077", "FULLNAME": "interview-of-x", "RATING": 11, "COMMENTS": "0"}, {"TITLE": "\u4ed6\u5011\u66fe\u7d93\u975e\u4eba\uff0c\u4e00\u5982\u5f80\u5e38\uff0c\u672a\u5fc5\u5982\u6b64", "FULLNAME": "zh-defying-angel-daily01", "RATING": 12, "COMMENTS": "1"}, {"TITLE": "SCP-ZH-279 - \u611b\u7684\u5f62\u72c0", "FULLNAME": "scp-zh-279", "RATING": 20, "COMMENTS": "1"}, {"TITLE": "\u4ea4\u6703\uff0c\u7136\u5f8c\u6f38\u884c\u6f38\u9060", "FULLNAME": "go-to-sus-hi-po", "RATING": 11, "COMMENTS": "1"}, {"TITLE": "\u7121\u5fc3\u4e4b\u8a00", "FULLNAME": "heartless-speaking", "RATING": 7, "COMMENTS": "1"}, {"TITLE": "\u6d77\u68e0\u4f9d\u820a", "FULLNAME": "lucid-dreams", "RATING": 24, "COMMENTS": "0"}, {"TITLE": "SCP-ZH-184 - \u5954\u8eca\u673d\u7d22", "FULLNAME": "scp-zh-184", "RATING": 22, "COMMENTS": "1"}, {"TITLE": "SCP-ZH-532 - \u7c21\u55ae\u4eba\u751f\u8eab\u5fc3\u8a3a\u6240", "FULLNAME": "scp-zh-532", "RATING": 16, "COMMENTS": "0"}, {"TITLE": "\u5047\u9762\u9a0e\u58ebTheseus\uff1a\u96d9\u8ecc\u96e3\u984c", "FULLNAME": "kamen-rider-theseus-double-tracks-problem", "RATING": 14, "COMMENTS": "0"}, {"TITLE": "\u646f\u5bd0\u6eb6\u89e3", "FULLNAME": "dreams-always-dissolve", "RATING": 17, "COMMENTS": "0"}, {"TITLE": "SCP-ZH-134 - \u7fa4", "FULLNAME": "scp-zh-134", "RATING": 13, "COMMENTS": "0"}, {"TITLE": "\u7279\u6b8a\u914d\u5099\u300c\u4e5d\u8f49\u76d4\u300d\u5be6\u9a57\u7d00\u805e\uff1a\u8d64\u5d50\u56db\u5411", "FULLNAME": "helms-of-nine-iterations-in-red-storm-quadrants", "RATING": 10, "COMMENTS": "1"}, {"TITLE": "\u4e0d\u53ef\u4e82\u78b0\u7ba1\u7dda", "FULLNAME": "ching-sus", "RATING": 8, "COMMENTS": "0"}, {"TITLE": "D-10201", "FULLNAME": "d-10201", "RATING": 16, "COMMENTS": "2"}, {"TITLE": "\u7121\u5e8f\u5922\u56c8", "FULLNAME": "disorder-flapdoodle", "RATING": 18, "COMMENTS": "0"}, {"TITLE": "SCP-ZH-447 - \u8236\u4f86\u54c1\u822c\u7684\u9418\u9336", "FULLNAME": "scp-zh-447", "RATING": 8, "COMMENTS": "2"}, {"TITLE": "SCP-ZH-750 - \u795e\u8aaa\uff1a\u300c\u8981\u6709\u6cb9\u3002\u300d\u5c31\u6709\u4e86\u6cb9\u3002", "FULLNAME": "scp-zh-750", "RATING": 31, "COMMENTS": "5"}, {"TITLE": "SCP-ZH-441 - \u53ea\u80fd\u4ee5\u9019\u7a2e\u65b9\u5f0f\u932f\u8aa4\u5730\u60e6\u8a18\u88ab\u78be\u58d3\u800c\u4ea1\u7684\u5c4d\u9ad4", "FULLNAME": "scp-zh-441", "RATING": 17, "COMMENTS": "1"}, {"TITLE": "\u5bd0\u5074\u64f4\u5f35", "FULLNAME": "extension-of-dream", "RATING": 12, "COMMENTS": "2"}, {"TITLE": "\u6728\u6613\u767e\u8f09\uff1a\u798f\u723e\u6469\u6c99\u8fd1\u4ee3\u53f2\u5c55", "FULLNAME": "mu-yi-exhibition-2022", "RATING": 13, "COMMENTS": "1"}, {"TITLE": "\u80cc\u9762\u7684\u96fb\u8a71\u4ead", "FULLNAME": "phone-booth5", "RATING": 17, "COMMENTS": "0"}, {"TITLE": "SCP-ZH-173 - BLACK-GROUND: The Prologue", "FULLNAME": "scp-zh-173", "RATING": 15, "COMMENTS": "2"}, {"TITLE": "SCP-ZH-824 - \u6700\u6c89\u91cd\u7684\u7e6a\u5716\u7b46", "FULLNAME": "scp-zh-824", "RATING": 12, "COMMENTS": "1"}, {"TITLE": "SCP-ZH-180 - \u5b89 \u59ae :-)", "FULLNAME": "scp-zh-180", "RATING": 23, "COMMENTS": "2"}, {"TITLE": "SCP-ZH-583-J - \u54ea\u4f86\u7684\u7334\u5b50.SCiP", "FULLNAME": "scp-zh-583-j", "RATING": 14, "COMMENTS": "4"}, {"TITLE": "Negative", "FULLNAME": "negative", "RATING": 6, "COMMENTS": "0"}, {"TITLE": "SCP-ZH-145 - \"\u597d\u904b\u6821\u6b63\"\u9ebb\u5c07\u684c", "FULLNAME": "scp-zh-145", "RATING": 11, "COMMENTS": "2"}, {"TITLE": "\u6c7d\u6c34\u7684\u85dd\u4f5c\u98013", "FULLNAME": "lillianasoda-artworks3", "RATING": 15, "COMMENTS": "0"}, {"TITLE": "SCP-ZH-155 - \u72c2\u66b4\u9be8\u9748", "FULLNAME": "scp-zh-155", "RATING": 12, "COMMENTS": "0"}, {"TITLE": "SCP-ZH-387 - \u4e3b\u6d41\u793e\u6703\u6027\u6b7b\u4ea1", "FULLNAME": "scp-zh-387", "RATING": 5, "COMMENTS": "2"}, {"TITLE": "SCP-ZH-328 - Dark Soups", "FULLNAME": "scp-zh-328", "RATING": 20, "COMMENTS": "3"}, {"TITLE": "Lostwhat\u7684\u63d0\u6848\u4e00", "FULLNAME": "lostwhat-s-proposal", "RATING": 38, "COMMENTS": "2"}, {"TITLE": "SCP-ZH-176 - \u300a\u6d77\u9dd7\u7684\u5927\u64a4\u9000\u300b", "FULLNAME": "scp-zh-176", "RATING": 22, "COMMENTS": "0"}, {"TITLE": "SCP-ZH-135 - \u8c93\u54aa\u4e0d\u548c\u6211\u73a9", "FULLNAME": "scp-zh-135", "RATING": 22, "COMMENTS": "2"}, {"TITLE": "SCP-ZH-767 - \u9ed1\u65d7\u63a5\u99c1\u8eca", "FULLNAME": "scp-zh-767", "RATING": 15, "COMMENTS": "1"}, {"TITLE": "SCP-ZH-971 - \u611f\u6069seafood\u8b9a\u5606seafood", "FULLNAME": "scp-zh-971", "RATING": 10, "COMMENTS": "0"}, {"TITLE": "SCP-ZH-993 - \u7121\u77e5\u5247\u81ea\u7531", "FULLNAME": "scp-zh-993", "RATING": 25, "COMMENTS": "0"}, {"TITLE": "Reverberate_a\u7684\u63d0\u6848", "FULLNAME": "reverberate-a-s-proposal-1", "RATING": 23, "COMMENTS": "2"}, {"TITLE": "\u865b\u50cf\u7dbb\u653e", "FULLNAME": "phantom-flowering", "RATING": 9, "COMMENTS": "1"}, {"TITLE": "SCP-ZH-646 - \u5348\u591c\u81ea\u756b", "FULLNAME": "scp-zh-646", "RATING": 15, "COMMENTS": "0"}, {"TITLE": "\u4f46\u9858\u6211\u4e0d\u518d\u597d\u547d", "FULLNAME": "toogoodtobetrue", "RATING": 19, "COMMENTS": "1"}, {"TITLE": "\u4f75\u767c\u75c7", "FULLNAME": "complication", "RATING": 6, "COMMENTS": "1"}, {"TITLE": "\u57f7\u5de6\u9053\u8005\u7684\u81ea\u6211\u653f\u8b8a", "FULLNAME": "self-coup-of-the-knavish", "RATING": 17, "COMMENTS": "2"}, {"TITLE": "\u6b98\u97ff", "FULLNAME": "reverberate", "RATING": 16, "COMMENTS": "4"}, {"TITLE": "SCP-ZH-989 - \u6211\u5011\u8166\u4e2d\u7684\u592a\u967d", "FULLNAME": "scp-zh-989", "RATING": 20, "COMMENTS": "1"}, {"TITLE": "SCP-ZH-911 - \u4f60\u6240\u634d\u885b\u7684\u81ea\u7531", "FULLNAME": "scp-zh-911", "RATING": 22, "COMMENTS": "0"}, {"TITLE": "\u570b\u5b89\u5c40\u7b2c\u516b\u8655\u6230\u7565\u8cc7\u6599\uff1a\u88dd\u5099", "FULLNAME": "nsb-8-euipment", "RATING": 5, "COMMENTS": "0"}, {"TITLE": "\u57fa\u91d1\u6703\u7a7a\u52e4\u6536\u5bb9\u6307\u5c0e\u8b1b\u7fd2-1", "FULLNAME": "aerowar-50-teach-1", "RATING": 9, "COMMENTS": "0"}, {"TITLE": "\u64f2\u9234\u624b\u751f\u5275 \u4e2d\u5fc3\u9801", "FULLNAME": "bell-tosser", "RATING": 6, "COMMENTS": "1"}, {"TITLE": "SCP-ZH-157 - \u66a2\u884c\u7121\u963b", "FULLNAME": "scp-zh-157", "RATING": 14, "COMMENTS": "1"}, {"TITLE": "SCP-ZH-230 - H.K.\u7684\u6f2b\u9577\u9918\u751f", "FULLNAME": "scp-zh-230", "RATING": 13, "COMMENTS": "0"}, {"TITLE": "SCP-ZH-547 - \u8ab0\u4eba\u80af\u4e86\u89e3", "FULLNAME": "scp-zh-547", "RATING": 3, "COMMENTS": "0"}, {"TITLE": "SCP-ZH-590 - \u79c1\u4eba\u8336\u6703\u6642\u9593", "FULLNAME": "scp-zh-590", "RATING": 5, "COMMENTS": "2"}, {"TITLE": "SCP-ZH-962 - \u4f3c\u662f\u800c\u975e", "FULLNAME": "scp-zh-962", "RATING": 19, "COMMENTS": "2"}, {"TITLE": "\u557c\u8840\u9ce5", "FULLNAME": "flock-of-bloods", "RATING": 13, "COMMENTS": "2"}, {"TITLE": "SCP-ZH-214 - \u52ff\u5fd8\u6211", "FULLNAME": "scp-zh-214", "RATING": 8, "COMMENTS": "1"}, {"TITLE": "\u6b61\u8fce\u56de\u5bb6", "FULLNAME": "fog-house", "RATING": 19, "COMMENTS": "3"}, {"TITLE": "SCP-ZH-418 - \u67e5\u7121\u6b64\u9805\u76ee", "FULLNAME": "scp-zh-418", "RATING": 10, "COMMENTS": "2"}, {"TITLE": "\u9ed1\u8272\u83ef\u723e\u6ecb", "FULLNAME": "pitch-dark-walts", "RATING": 12, "COMMENTS": "0"}, {"TITLE": "\u9152\u55ae\uff1a\u98db\u884c", "FULLNAME": "aviation", "RATING": 13, "COMMENTS": "1"}, {"TITLE": "\u9152\u55ae\uff1a\u5a01\u58eb\u5fcc", "FULLNAME": "whiskey", "RATING": 6, "COMMENTS": "0"}, {"TITLE": "\u9152\u55ae\uff1a\u6ce2\u65c1\u5a01\u58eb\u5fcc", "FULLNAME": "bourbon-whiskey", "RATING": 11, "COMMENTS": "0"}, {"TITLE": "\u9163\u591c\u6afb\u83ef \u4e2d\u5fc3\u9801", "FULLNAME": "site-zh-16-4th-staff-restaurant-hub", "RATING": 7, "COMMENTS": "2"}, {"TITLE": "SCP-ZH-699 - \u4e3b\u4eba\uff01\u4e3b\u4eba\uff01\u4e3b\u4eba\uff01\u4e3b\u4eba\uff01\u4e3b\u4eba\uff01\u4e3b\u4eba\uff01\u4e3b\u4eba\uff01\u4e3b\u4eba\uff01\u4e3b\u4eba\uff01", "FULLNAME": "scp-zh-699", "RATING": 14, "COMMENTS": "3"}, {"TITLE": "\u56de\u5c71\uff0c\u56de\u5bb6", "FULLNAME": "a-home-welcoming-story-rsr-lu", "RATING": 10, "COMMENTS": "0"}, {"TITLE": "SCP-ZH-765 - \u9955\u6848\u992e\u7258", "FULLNAME": "scp-zh-765", "RATING": 8, "COMMENTS": "1"}, {"TITLE": "\u7de8\u8f2f\u500b\u6848\uff1a\u300a\u8ff4\u97ff\u5fc3\u8072\u300b", "FULLNAME": "editorial-case-echoed-nightmare", "RATING": 11, "COMMENTS": "5"}, {"TITLE": "\u9152\u55ae\uff1a\u9ed1\u591c\u4e4b\u543b", "FULLNAME": "kiss-in-the-dark", "RATING": 7, "COMMENTS": "0"}, {"TITLE": "SCP-ZH-246 - \u9ede\u64ca\u6ed1\u9f20\u62ef\u6551\u751f\u547d", "FULLNAME": "scp-zh-246", "RATING": 10, "COMMENTS": "0"}, {"TITLE": "\u65c5\u8005\u7684\u8b1d\u5e55", "FULLNAME": "wanderers:curtain-down", "RATING": 12, "COMMENTS": "0"}, {"TITLE": "\u7f85\u5a01\u723e\u7684\u7897\u8207\u5929\u9d5d", "FULLNAME": "wanderers:outer-space-marketing-articles-tyrosine", "RATING": 16, "COMMENTS": "5"}, {"TITLE": "\u5ec9\u50f9\u7684\u665a\u9910", "FULLNAME": "wanderers:instant-noodles-and-tea", "RATING": 13, "COMMENTS": "5"}, {"TITLE": "\u7aae\u4e0d\u5c60\u7272\u755c\u3001\u8352\u4e0d\u796d\u6b7f\u7f85", "FULLNAME": "wanderers:don-t-sacrifice-to-deathweb", "RATING": 8, "COMMENTS": "2"}, {"TITLE": "\u4e00\u96bb\u86af\u8693", "FULLNAME": "wanderers:an-earthworm", "RATING": 12, "COMMENTS": "2"}, {"TITLE": "\u4e00\u5c01\u8a18\u8f09\u7570\u805e\u7684\u4fe1", "FULLNAME": "wanderers:letter-about-strange-serpents", "RATING": 16, "COMMENTS": "1"}, {"TITLE": "\u661f\u661f\u88fd\u9020\u8005", "FULLNAME": "wanderers:star-maker", "RATING": 23, "COMMENTS": "4"}, {"TITLE": "\u300a\u81fa\u5317\u5e02\u79c1\u7acb\u5927\u7a3b\u57d5\u9ad8\u7d1a\u4e2d\u5b78\u6821\u6b4c\u300b", "FULLNAME": "wanderers:twatutia-high-school-song", "RATING": 7, "COMMENTS": "0"}, {"TITLE": "\u851a\u85cd\u4e4b\u738b", "FULLNAME": "wanderers:cerulean-king", "RATING": 8, "COMMENTS": "0"}, {"TITLE": "\u8feb\u964d\u4e8b\u4ef6", "FULLNAME": "wanderers:a-freak-accident-also-a-forced-anchorage", "RATING": 10, "COMMENTS": "0"}, {"TITLE": "\u661f\u661f\u96e8\u7684\u6545\u4e8b", "FULLNAME": "wanderers:they-me-you-stars", "RATING": 11, "COMMENTS": "0"}, {"TITLE": "\u592a\u967d\u7981\u6b62\u9032\u5165", "FULLNAME": "wanderers:eos-and-sun", "RATING": 20, "COMMENTS": "1"}, {"TITLE": "\u6885\u723e\u8207\u73cd\u73e0", "FULLNAME": "wanderers:pearl", "RATING": 19, "COMMENTS": "2"}, {"TITLE": "\u7d2f\u4e16\u71fc\u901d", "FULLNAME": "wanderers:farewell", "RATING": 15, "COMMENTS": "1"}, {"TITLE": "JACK", "FULLNAME": "wanderers:story-of-jack", "RATING": 6, "COMMENTS": "3"}, {"TITLE": "\u4e2d\u79cb\u591c\u9063\u61f7", "FULLNAME": "wanderers:wandered-at-night", "RATING": 14, "COMMENTS": "1"}, {"TITLE": "\u4e58\u7269\u4e4b\u7269", "FULLNAME": "wanderers:gerens-paxillum", "RATING": 11, "COMMENTS": "0"}, {"TITLE": "\u6b64\u4e16\u4ea6\u7136", "FULLNAME": "wanderers:while-you-are-god", "RATING": 6, "COMMENTS": "1"}, {"TITLE": "\u5728\u4e0d\u5b89\u4e4b\u6642\u7948\u6c42\u5e73\u5b89\u4e4b\u4eba", "FULLNAME": "wanderers:the-man-who-praying-for-peace-in-a-hard-time", "RATING": 10, "COMMENTS": "0"}, {"TITLE": "\u975e\u4eba\u8207\u975e\u795e\u5171\u821e\u3002", "FULLNAME": "wanderers:before-ad", "RATING": 13, "COMMENTS": "1"}, {"TITLE": "\u9577\u51ac", "FULLNAME": "wanderers:long-winter", "RATING": 11, "COMMENTS": "0"}, {"TITLE": "\u8b6f\u8005\u521d\u6821\u81ea\u884c\u6aa2\u67e5\u8868", "FULLNAME": "your-first-translation", "RATING": 23, "COMMENTS": "0"}, {"TITLE": "\u8b58\u5225\u8b49", "FULLNAME": "identification-card", "RATING": 7, "COMMENTS": "0"}, {"TITLE": "\u6bcf\u5206\u6bcf\u79d2\u90fd\u5728\u4e16\u754c\u6bc0\u6ec5", "FULLNAME": "divina-commedia", "RATING": 11, "COMMENTS": "1"}, {"TITLE": "\u85dd\u8853\u4f5c\u54c1\uff1aSCP-ZH-922", "FULLNAME": "scp-zh-922-art", "RATING": 11, "COMMENTS": "0"}, {"TITLE": "\u85dd\u8853\u4f5c\u54c1\uff1aSCP-ZH-922\uff08Control Z\u7248\uff09", "FULLNAME": "cidal-dongi-by-controlz", "RATING": 13, "COMMENTS": "0"}]