[{"TITLE": "SCP-ZH-005 - \u5047\u5982\u4f60\u6c92\u6709\u8f49\u767c\u9019\u7bc7\u6587\u6a94\u7d66\u5341\u500b\u670b\u53cb\uff0c\u90a3\u9ebc\u2026\u2026\u2026\u2026", "FULLNAME": "scp-zh-005", "RATING": 62, "COMMENTS": "0"}, {"TITLE": "SCP-ZH-199 - \u4e2d\u6c38\u548c\u8ff7\u5bae", "FULLNAME": "scp-zh-199", "RATING": 22, "COMMENTS": "8"}, {"TITLE": "SCP-ZH-006 - \u771f\u6b63\u610f\u7fa9\u4e0a\u7684\u7206\u7c73\u82b1", "FULLNAME": "scp-zh-006", "RATING": 10, "COMMENTS": "6"}, {"TITLE": "SCP-ZH-105 - \u4e0d\u5b5d\u5b50", "FULLNAME": "scp-zh-105", "RATING": 66, "COMMENTS": "5"}, {"TITLE": "SCP-ZH-125 - \u535a\u611b\u5ea7", "FULLNAME": "scp-zh-125", "RATING": 22, "COMMENTS": "2"}, {"TITLE": "SCP-ZH-077", "FULLNAME": "scp-zh-077", "RATING": 17, "COMMENTS": "3"}, {"TITLE": "SCP-ZH-515 - \u5e73\u5b89\u7b26", "FULLNAME": "scp-zh-515", "RATING": 44, "COMMENTS": "2"}]