[{"TITLE": "SCP-ZH-005 - \u5047\u5982\u4f60\u6c92\u6709\u8f49\u767c\u9019\u7bc7\u6587\u6a94\u7d66\u5341\u500b\u670b\u53cb\uff0c\u90a3\u9ebc\u2026\u2026\u2026\u2026", "FULLNAME": "scp-zh-005", "RATING": 62, "COMMENTS": "0"}, {"TITLE": "SCP-ZH-078 - \u8001\u5e2b\u8aaa\u904e\u4e0d\u53ef\u4ee5\u7ff9\u5169\u8173\u6905", "FULLNAME": "scp-zh-078", "RATING": 16, "COMMENTS": "1"}, {"TITLE": "\u300a\u738b\u9053\u7570\u571f-\u507d\u6eff\u6d32\u570b\u7570\u5e38\u8fa6\u516c\u5ba4\u7279\u5c55\u300b\u5834\u520a", "FULLNAME": "the-collection-of-mck", "RATING": 14, "COMMENTS": "2"}]