[{"TITLE": "SCP-ZH-954 - \u9ec3\u8272\u4fbf\u689d\u7d19", "FULLNAME": "scp-zh-954", "RATING": 17, "COMMENTS": "2"}, {"TITLE": "SCP-ZH-582 - \u4e16\u4e0a\u6700\u8a0e\u4eba\u559c\u611b\u7684\u4e0d\u660e\u751f\u7269", "FULLNAME": "scp-zh-582", "RATING": 15, "COMMENTS": "0"}, {"TITLE": "SCP-ZH-888 - \u973e", "FULLNAME": "scp-zh-888", "RATING": 19, "COMMENTS": "1"}, {"TITLE": "SCP-ZH-125 - \u535a\u611b\u5ea7", "FULLNAME": "scp-zh-125", "RATING": 22, "COMMENTS": "2"}, {"TITLE": "\u6d17\u8863\u90e8\u9580", "FULLNAME": "laundry-of-miya", "RATING": 13, "COMMENTS": "2"}, {"TITLE": "SCP-ZH-610 - \u731b\u7206\u6027\u7e41\u884d\u7d44\u7e54\u7624", "FULLNAME": "scp-zh-610", "RATING": 21, "COMMENTS": "7"}, {"TITLE": "\u4e8b\u4ef6\u4ee3\u865f\uff1a\u6838\u88c2\u64e0\u514c-\u5f8c\u52e4\u91ab\u8b77\u4eba\u54e1\u7814\u7a76\u54e1L.What\u8996\u89d2", "FULLNAME": "i-m-not-fine", "RATING": 16, "COMMENTS": "1"}, {"TITLE": "SCP-ZH-045 - \u842c\u80fd\u80e1\u6912", "FULLNAME": "scp-zh-045", "RATING": 19, "COMMENTS": "0"}, {"TITLE": "\u5de5\u4f5c\u4eba\u54e1\u53ca\u89d2\u8272\u6a94\u6848-ZH", "FULLNAME": "personnel-and-character-dossier-zh", "RATING": 16, "COMMENTS": "0"}, {"TITLE": "\u7e41\u4e2d\u5206\u90e8\u6a19\u8a8c", "FULLNAME": "zh-logo", "RATING": 14, "COMMENTS": "0"}, {"TITLE": "Ctrl Z\u535a\u58eb\u7684SCP\u8a18\u9304\uff1aSCP-2295 \u6709\u8457\u62fc\u5e03\u5fc3\u81df\u7684\u718a", "FULLNAME": "bangyen2295", "RATING": 11, "COMMENTS": "0"}, {"TITLE": "\u842c\u83ef\u93e1\u4e2d\u7684\u8c93", "FULLNAME": "cats-in-kaleidoscopes", "RATING": 18, "COMMENTS": "0"}, {"TITLE": "SCP-ZH-357 - \u8b77\u7406\u5e2b", "FULLNAME": "scp-zh-357", "RATING": 8, "COMMENTS": "0"}, {"TITLE": "SCP-ZH-087 - \u68c4\u7a3f", "FULLNAME": "scp-zh-087", "RATING": 31, "COMMENTS": "4"}, {"TITLE": "\u5b89\u4fdd\u8a2d\u65bd\u6a94\u6848\uff1aSite-ZH-50", "FULLNAME": "site-zh-50", "RATING": 16, "COMMENTS": "1"}, {"TITLE": "SCP-ZH-998 - \u73fe\u8c61\u5b78", "FULLNAME": "scp-zh-998", "RATING": 38, "COMMENTS": "7"}, {"TITLE": "\u8655\u9280\u767d\u4e4b\u4e2d\uff0c\u65bc\u8679\u5149\u4e4b\u9593", "FULLNAME": "in-the-snow-in-the-iris", "RATING": 20, "COMMENTS": "0"}, {"TITLE": "SCP-ZH-010 - \u8ff7\u8d70\u795e\u7d93\u5bc4\u751f\u9ad4", "FULLNAME": "scp-zh-010", "RATING": 18, "COMMENTS": "0"}, {"TITLE": "\u7b2c\u3007\u4e8c\u4e8c\u865f \u5169\u5100\u901a", "FULLNAME": "collected-land-no022", "RATING": 14, "COMMENTS": "2"}, {"TITLE": "\u6b7b\u8c93\u540a\u6a39\u982d", "FULLNAME": "on-the-tree", "RATING": 17, "COMMENTS": "0"}, {"TITLE": "\u6838\u88c2\u64e0\u514c\u4e2d\u5fc3\u9801", "FULLNAME": "operation-nucleon-bank", "RATING": 16, "COMMENTS": "0"}, {"TITLE": "SCP-ZH-027 - \u7389\u7c60\u5305", "FULLNAME": "scp-zh-027", "RATING": 16, "COMMENTS": "2"}, {"TITLE": "\u9918\u6ce2", "FULLNAME": "aftermath-zh", "RATING": 12, "COMMENTS": "1"}, {"TITLE": "\u6c99\u7687\u5148\u77e5\u5354\u6703\u4e2d\u5fc3\u9801", "FULLNAME": "tsars-hub", "RATING": 21, "COMMENTS": "0"}, {"TITLE": "SCP-ZH-670 - \u660e\u77e5\u6545\u72af", "FULLNAME": "scp-zh-670", "RATING": 15, "COMMENTS": "0"}, {"TITLE": "\u5c0b\u7372\u5730\u9ede\u7de8\u865f\uff1a001", "FULLNAME": "article-number-001", "RATING": 0, "COMMENTS": "1"}, {"TITLE": "SCP-ZH-860 - dado\u7684\u300c\u53d1\u300d\u8ca1\u85e5", "FULLNAME": "scp-zh-860", "RATING": 33, "COMMENTS": "3"}, {"TITLE": "SCP-ZH-051 - \u8acb\u7d66\u6211\u4e00\u9ede\u6eab\u6696", "FULLNAME": "scp-zh-051", "RATING": 16, "COMMENTS": "1"}, {"TITLE": "\u5c0b\u7372\u7269\u54c1\u7de8\u865f\uff1a097/\u6d17\u6a19\uff1a\u9ed10117", "FULLNAME": "article-number-097-black-0117", "RATING": 16, "COMMENTS": "4"}, {"TITLE": "\u5979\u4e00\u76f4\u90fd\u5728\uff0c\u7121\u9808\u7dec\u61f7", "FULLNAME": "she-s-always-here", "RATING": 14, "COMMENTS": "0"}, {"TITLE": "SCP-ZH-016 - \u751f\u614b\u7f50\u982d", "FULLNAME": "scp-zh-016", "RATING": 7, "COMMENTS": "2"}, {"TITLE": "2020 \u8679\u5149\u4e4b\u9593", "FULLNAME": "darkroom-2020", "RATING": 3, "COMMENTS": "5"}, {"TITLE": "Alicia\u5973\u58eb", "FULLNAME": "scp-zh-774", "RATING": 31, "COMMENTS": "0"}, {"TITLE": "\u6211\u5728\u842c\u7269\u4e4b\u4e2d", "FULLNAME": "arkwork-3999", "RATING": 38, "COMMENTS": "8"}, {"TITLE": "\u6211\u7684\u723a\u723a", "FULLNAME": "my-grandpa", "RATING": 9, "COMMENTS": "5"}, {"TITLE": "SCP-ZH-200 - \u9b3c\u6293\u4eba", "FULLNAME": "scp-zh-200", "RATING": 35, "COMMENTS": "1"}, {"TITLE": "\u6211\u4e0d\u8a8d\u8b58\u6c34\u88e1\u7684AD", "FULLNAME": "i-don-t-recognize-that-ad-in-the-water", "RATING": 13, "COMMENTS": "0"}, {"TITLE": "\u6e05\u9192\u5922", "FULLNAME": "lucid-dream", "RATING": 13, "COMMENTS": "0"}, {"TITLE": "\u5662\u4e0d\uff01\u5c4d\u9ad4\u6b63\u5728\u9003\u8dd1\uff01", "FULLNAME": "oh-no-body-is-running", "RATING": 11, "COMMENTS": "2"}, {"TITLE": "SCP-ZH-910 - \u79d1\u5b78\u672b\u65e5\u6050\u614c", "FULLNAME": "scp-zh-910", "RATING": 7, "COMMENTS": "0"}, {"TITLE": "\u7814\u7a76\u54e1\u9ec3\u7fbd\u9706\u7684\u8fa6\u516c\u5ba4", "FULLNAME": "cnblack-s-laboratory", "RATING": 15, "COMMENTS": "0"}, {"TITLE": "SCP-ZH-263 - \u5c31\u662f\u500b\u8e6d\u9999\u706b\u7684", "FULLNAME": "scp-zh-263", "RATING": 4, "COMMENTS": "2"}, {"TITLE": "SCP-ZH-2588-J", "FULLNAME": "scp-zh-2588-j", "RATING": 6, "COMMENTS": "0"}, {"TITLE": "SCP-ZH-171 - \u60e1\u4e4b\u5fc3\u7246", "FULLNAME": "scp-zh-171", "RATING": 8, "COMMENTS": "1"}, {"TITLE": "\u6d17\u6a19\uff1a\u85cd0428-Dr. V\u7684\u5be6\u9a57\u888d", "FULLNAME": "blue-0428", "RATING": 13, "COMMENTS": "0"}, {"TITLE": "\u65b0\u805e\u5feb\u8a0a\uff1a\u82e5\u6211\u5011\u8981\u9054\u5230\u4ec1\u6148\u7684\u4e0b\u5834\uff0c\u61c9\u8a72\u9075\u5b88\u54ea\u4e9b\u4e8b\u60c5", "FULLNAME": "news-site-zh-81-1", "RATING": 25, "COMMENTS": "5"}, {"TITLE": "Dr. Kris\u7684\u6587\u6a94\u5c71\u6d77\uff0d\u7246\u4e0a\u7684\u6cb9\u756b", "FULLNAME": "k1s10r0d-oil-painting-on-the-wall", "RATING": 14, "COMMENTS": "0"}, {"TITLE": "\u300a\u6dfa\u8ac7\u7570\u5e38\u8d8a\u5357\u8239\u6c11\u8207\u8fd1\u4ee3\u9999\u6e2f\u7570\u5e38\u793e\u5340\u5c0d\u6b64\u7684\u5404\u754c\u53cd\u61c9\u3002\u300b", "FULLNAME": "report-of-hk-vn-history", "RATING": 10, "COMMENTS": "2"}, {"TITLE": "\u524a\u4e0d\u5b8c\u8089\u7684\u6c99\u5a01\u746a", "FULLNAME": "parawatch-shawarma", "RATING": 22, "COMMENTS": "2"}, {"TITLE": "\u6a5f\u52d5\u7279\u9063\u968a\u901f\u67e5-ZH", "FULLNAME": "task-forces-complete-list-zh", "RATING": 6, "COMMENTS": "0"}, {"TITLE": "\u85dd\u8853\u7d00\u9304\uff1a\u6b7b\u4ea1\uff0c\u6c38\u751f-1", "FULLNAME": "art-for-death-eternal-life-1", "RATING": 18, "COMMENTS": "1"}, {"TITLE": "\u6211\u5f88\u56f0\u60d1", "FULLNAME": "i-am-very-confused", "RATING": 7, "COMMENTS": "1"}, {"TITLE": "\u300c\u4e09\u57a3\u300d\u4e2d\u5fc3\u9801", "FULLNAME": "three-enclosures-hub", "RATING": 19, "COMMENTS": "0"}, {"TITLE": "\u95c7\u58fd\u53f8\u6a94\u6848No.053\u300c\u7d05\u8c46\u8ecd\u8266\u300d", "FULLNAME": "yamizushi-file-053", "RATING": 12, "COMMENTS": "4"}, {"TITLE": "Bright\u535a\u58eb\u6559\u4f60\u5982\u4f55\u6b63\u78ba\u64ca\u9000\u6575\u4eba", "FULLNAME": "how-to-defeat-those-bad-guys-correctly", "RATING": 25, "COMMENTS": "2"}, {"TITLE": "\u6d3b\u52d5\uff1a\u3010\u96c6\u5408\u5566\uff01\u91d1\u5b57\u5854\u6500\u722c\u968a\uff01\u3011", "FULLNAME": "climb-the-pyramid", "RATING": 3, "COMMENTS": "12"}, {"TITLE": "SCP-ZH-133 - \u4e0d\u6703\u7528\u812b\u6c34\u4f86\u9a19\u4eba\u7684\u597d\u85e5\u662f\u7684", "FULLNAME": "scp-zh-133", "RATING": 21, "COMMENTS": "7"}, {"TITLE": "\u65b0\u9ad8\u5c71\u8a08\u5283\u3001\u662d\u548c\u5341\u4e5d\u5e74", "FULLNAME": "new-takayama-plan", "RATING": 11, "COMMENTS": "6"}, {"TITLE": "SPC-ZH-795", "FULLNAME": "spc-zh-795", "RATING": 13, "COMMENTS": "9"}, {"TITLE": "\u5bbf\u96e8", "FULLNAME": "the-rain-fell-overnight", "RATING": 21, "COMMENTS": "1"}, {"TITLE": "\u6211\u768447", "FULLNAME": "my-47-th", "RATING": 13, "COMMENTS": "0"}, {"TITLE": "\u83c7\u83c7\u57fa\u91d1\u6703", "FULLNAME": "fungi-foundation", "RATING": 22, "COMMENTS": "6"}, {"TITLE": "\u65e5\u74b0\u8755\u8207\u4e3b\u4efb\u8207\u51b0\u6dc7\u51cc", "FULLNAME": "abyssdream-pic-v", "RATING": 12, "COMMENTS": "0"}, {"TITLE": "\u5728\u90a3\u5929\uff0c\u59b3\u4ecd\u820a\u5411\u6211\u9053\u4e86\u8072\u665a\u5b89", "FULLNAME": "at-that-day-you-still-wish-me-a-good-dream", "RATING": 22, "COMMENTS": "0"}, {"TITLE": "\u8a02\u55ae\u7de8\u865f\uff1aP-5363", "FULLNAME": "numbering-p-5363", "RATING": 7, "COMMENTS": "2"}, {"TITLE": "\u6c34\u9280\u7814\u7a76\u54e1\u7684\u6587\u6a94\u5411\u91cf\u5316\u7b46\u8a18_\u7b2c\u4e00\u90e8\u5206", "FULLNAME": "researcher-hg-s-svg-art-part1", "RATING": 14, "COMMENTS": "2"}, {"TITLE": "\u7570\u5e38\u8548\u985e\u8cc7\u6599\u55ae-\u6f01\u6c11\u9999\u83c7", "FULLNAME": "pzga-data-fish", "RATING": 8, "COMMENTS": "0"}, {"TITLE": "\u6c34\u9280\u7814\u7a76\u54e1\u7684\u6587\u6a94\u5411\u91cf\u5316\u7b46\u8a18_\u7b2c\u4e8c\u90e8\u5206", "FULLNAME": "researcher-hg-s-svg-art-part2", "RATING": 8, "COMMENTS": "0"}, {"TITLE": "\u96a8\u624b\u756b\u7684SCP-001(\u5b88\u9580\u8005)", "FULLNAME": "scp-001-artwork", "RATING": 8, "COMMENTS": "0"}, {"TITLE": "SCP-1678 UnLondon \u93e1\u50cf\u502b\u6566", "FULLNAME": "the-london-from-eternal2018", "RATING": 9, "COMMENTS": "0"}, {"TITLE": "SCP-073 Cain \u8a72\u96b1 & SCP-076 Abel \u4e9e\u4f2f", "FULLNAME": "the-cain-from-eternal2018", "RATING": 6, "COMMENTS": "0"}, {"TITLE": "\u9ebb\u7cec\u7684scp\u756b\u4f5c\u9078\u96c6", "FULLNAME": "the-art-work-collection-of-wright-wilson", "RATING": 14, "COMMENTS": "0"}, {"TITLE": "173 & 999", "FULLNAME": "173-999", "RATING": 5, "COMMENTS": "0"}, {"TITLE": "\u85dd\u8853\u7d00\u9304\uff1a\u6821\u5916\u6559\u5b78\u3002", "FULLNAME": "art-for-2316", "RATING": 11, "COMMENTS": "0"}, {"TITLE": "\u4f60\u4e0d\u61c9\u5728\u6eab\u5ba4\u88cf\u8aaa\u51b7\u7b11\u8a71", "FULLNAME": "nopunsinthegreenhouse", "RATING": 11, "COMMENTS": "0"}, {"TITLE": "\u900d\u9059\u524d", "FULLNAME": "after-the-boom", "RATING": 10, "COMMENTS": "0"}, {"TITLE": "\u9ebb\u7cec\u7684\u7e41\u4e2d\u4eba\u54e1\u756b\u4f5c\u9078\u96c6\u00b7\u4e00", "FULLNAME": "the-art-work-collection-of-wright-wilson-2", "RATING": 11, "COMMENTS": "0"}, {"TITLE": "\u904e\u96f2\u96e8", "FULLNAME": "overcast", "RATING": 12, "COMMENTS": "0"}, {"TITLE": "\u95c7\u58fd\u53f8\u6a94\u6848No.338\u300c\u7d20\u751f\u9b5a\u7247\u63e1\u58fd\u53f8\u300d", "FULLNAME": "yamizushi-file-no338", "RATING": 10, "COMMENTS": "3"}, {"TITLE": "\u4e8c\u4eba\u5bb6\u5ead", "FULLNAME": "a-family-of-two", "RATING": 9, "COMMENTS": "1"}, {"TITLE": "\u62cb\u9234\u4eba\u4e2d\u5fc3\u9801", "FULLNAME": "goi-bt", "RATING": 23, "COMMENTS": "1"}, {"TITLE": "Dr. Semibreve -\u524d\u5f80\u2588\u2588\u2588\u2588\u7684\u8def\u7a0b", "FULLNAME": "drsemibreve-road-to", "RATING": 10, "COMMENTS": "0"}, {"TITLE": "\u53f0\u7063\u9435\u9053\u98ef\u5e97\u7684\u5b89\u5e03\u7f85\u65af\u9910\u5ef3", "FULLNAME": "ambrose-taiwan-railway-hotel", "RATING": 17, "COMMENTS": "3"}, {"TITLE": "\u9006\u5149\u7684\u99ac\u723e\u5730\u592b", "FULLNAME": "backlit-maldives", "RATING": 8, "COMMENTS": "1"}, {"TITLE": "\u822a\u6d77\u5b78\u4e2d\u5fc3\u9801", "FULLNAME": "navigation", "RATING": 21, "COMMENTS": "0"}, {"TITLE": "Ctrl Z\u535a\u58eb\u7684SCP\u8cbc\u7d19\u6536\u96c6\u7c3f-Safe", "FULLNAME": "sticker", "RATING": 12, "COMMENTS": "0"}, {"TITLE": "1935\u7570\u5e38\u535a\u89bd\u6703-LOGO", "FULLNAME": "the-taiwan-exposition-1935-logo", "RATING": 14, "COMMENTS": "0"}, {"TITLE": "\u5e03\u4e01\u7684\u95dc\u6ce8\u7d44\u7e54LOGO\u9801", "FULLNAME": "pudding-logo", "RATING": 9, "COMMENTS": "0"}, {"TITLE": "SCP-ZH-617 - \u897f\u65b9\u7684\u52c7\u8005", "FULLNAME": "scp-zh-617", "RATING": 14, "COMMENTS": "8"}, {"TITLE": "\u95c7\u58fd\u53f8\u6a94\u6848No.019\u300c\u4f38\u5361\u63e1\u6cd5\u300d", "FULLNAME": "yamizushi-file-no019", "RATING": 14, "COMMENTS": "1"}, {"TITLE": "SCP-ZH-912 - \u770b\u898b", "FULLNAME": "scp-zh-912", "RATING": 14, "COMMENTS": "4"}, {"TITLE": "\u96d9\u57ce\u4f5c\u6230\u4e2d\u5fc3\u9801", "FULLNAME": "operation-twin-cities-hub", "RATING": 9, "COMMENTS": "1"}, {"TITLE": "GOI\u840c\u5a18\u5316-AWCY\u548cGAW", "FULLNAME": "goi-awcy-gaw", "RATING": 16, "COMMENTS": "4"}, {"TITLE": "\u8acb\u554f\u6709\u8ab0\u80fd\u628a\u5730\u4e0b\u8857\u7684\u63db\u5e63\u6a5f\u4fee\u4e00\u4e0b", "FULLNAME": "artwork-shopping-arcade", "RATING": 19, "COMMENTS": "1"}, {"TITLE": "\u4e9e\u7d30\u4e9e\u7684\u5b64\u5152\u662f\u8ab0", "FULLNAME": "who-is-the-asian-orphan", "RATING": 14, "COMMENTS": "1"}, {"TITLE": "GOI\u840c\u5a18\u5316-\u4e0b\u5348\u8336\u6703", "FULLNAME": "goi", "RATING": 16, "COMMENTS": "2"}, {"TITLE": "\u795e\u7570\u535a\u89bd\u6703\u4e00\u4e5d\u4e09\u4e94", "FULLNAME": "taiwan-miracle-exposition", "RATING": 24, "COMMENTS": "3"}, {"TITLE": "\u64ec\u614b\u7684\u53f0\u7063\u8706.html", "FULLNAME": "meretrix-mimicking-cyrenidae", "RATING": 14, "COMMENTS": "4"}, {"TITLE": "\u4f86\u81ea\u53e4\u5be7\u982d\u7684\u554f\u5019", "FULLNAME": "greetings-from-guningtou", "RATING": 5, "COMMENTS": "14"}, {"TITLE": "\u51cc\u96f2\u5fa1\u98a8\u8d77", "FULLNAME": "rocaf", "RATING": 8, "COMMENTS": "0"}, {"TITLE": "\u84ec\u840a\u5cf6\u65b0\u5275\u6c11\u4e3b\u5f62\u5f0f\uff1a\u300c\u5275\u5236\u300d\u9996\u9577\u5c07\u65bc\u4eca\u65e5\u89e3\u51cd", "FULLNAME": "r-sinano-chuo-zhtr-2018-11-19-a222a", "RATING": 18, "COMMENTS": "2"}, {"TITLE": "\u7e41\u4e2d\u5b98\u65b9\u5316\u8cc0\u5716", "FULLNAME": "scp", "RATING": 20, "COMMENTS": "2"}, {"TITLE": "\u6536\u5bb9\u5ba4ZH-S12-E-024\u5be6\u9a57\u7d00\u9304", "FULLNAME": "scp-zh-024", "RATING": 35, "COMMENTS": "0"}, {"TITLE": "\u62dc\u8a2a\u8207\u5de7\u9047", "FULLNAME": "meeting", "RATING": 11, "COMMENTS": "0"}, {"TITLE": "Dr. Kris\u7684\u6587\u6a94\u5c71\u6d77\uff0dDr. Kris\u7684\u756b\u96c6", "FULLNAME": "k1s10r0d-dr-kris-s-sketchbook", "RATING": 13, "COMMENTS": "0"}, {"TITLE": "\u7d00\u9304\u53ca\u8a0a\u606f\u5b89\u5168\u7ba1\u7406\u90e8\u9580\u7279\u6b8a\u6587\u4ef6\uff0d\u8207\u674e\u7e3d\u7d71\u767b\u8f1d\u5148\u751f\u76f8\u95dc\u7684\u5c08\u8a2a", "FULLNAME": "raisa-lee-teng-hui", "RATING": 17, "COMMENTS": "1"}, {"TITLE": "\u8056\u591c\u76f8\u5b88\u53c8\u4e00\u591c", "FULLNAME": "christmas-event2", "RATING": 2, "COMMENTS": "27"}, {"TITLE": "\u751f\u547d\u71c8\u570b\u969b\u707d\u96e3\u6551\u52a9\u6a5f\u69cb\u4f7f\u547d\u5ba3\u8a00", "FULLNAME": "mtf15-21-manifesto", "RATING": 12, "COMMENTS": "2"}, {"TITLE": "\u93e1\u4e2d\u7684\u6211\u5982\u662f\u8aaa", "FULLNAME": "in-the-mirror", "RATING": 12, "COMMENTS": "0"}, {"TITLE": "\u9858\u541b\u5b89\u597d", "FULLNAME": "wish-you-safe-and-sound", "RATING": 24, "COMMENTS": "0"}, {"TITLE": "\u7b2c\u516b\u5c46\u4e16\u754c\u8d85\u885b\u751f\u5927\u6703\u5982\u671f\u8209\u884c\u3000\u8a0e\u8ad6\u300c\u7d42\u5e74\u75c7\u5019\u7fa4\u300d\u518d\u64f4\u6563\u554f\u984c", "FULLNAME": "r-sinano-chuo-co-jp-2030-5-12-f9r324", "RATING": 15, "COMMENTS": "0"}, {"TITLE": "\u8056\u591c\u76f8\u5b88\uff1a\u54aa\u5440\u65b9\u584a\u548c\u8c9d\u7238\u9945\u982d", "FULLNAME": "researcher-hg-s-christmas-3dpaint-art", "RATING": 10, "COMMENTS": "0"}, {"TITLE": "\u8056\u8a95\u8207\u842c\u8056\u50c5\u6709\u4e00\u7dda\u4e4b\u9694", "FULLNAME": "christmas-or-halloween", "RATING": 17, "COMMENTS": "2"}, {"TITLE": "\u8056\u591c\u76f8\u5b88\uff1a\u7d79\u5370\u5341\u516d\u7ad9", "FULLNAME": "researcher-hg-s-silkscreen-site-zh-16", "RATING": 9, "COMMENTS": "1"}, {"TITLE": "\u9805\u76ee\u4f01\u5283\u66f8 1924-1894\uff1a\u300a\u535a\u89bd\u6703\u300b", "FULLNAME": "project-proposal-1925-1894", "RATING": 13, "COMMENTS": "2"}, {"TITLE": "\u8056\u591c\u76f8\u5b88\u6642", "FULLNAME": "formytreasure", "RATING": 18, "COMMENTS": "0"}, {"TITLE": "SCP-ZH-647 - \u5634\u7832\u8001\u4eba", "FULLNAME": "scp-zh-647", "RATING": 32, "COMMENTS": "4"}, {"TITLE": "\u7e3d\u4e4b\u9019\u662f\u4efd\u9072\u4ea4\u7684\u8056\u8a95\u79ae\u7269", "FULLNAME": "merry-xmas-onhg", "RATING": 13, "COMMENTS": "3"}, {"TITLE": "\u8056\u591c\u76f8\u5b88\uff1a\u5b88\u8b77\u4e4b\u934a", "FULLNAME": "scp-zh-085-svg-art", "RATING": 9, "COMMENTS": "1"}, {"TITLE": "\u53f0\u7063\u7570\u65b0\u5831\u3001\u662d\u548c\u5341\u5e74\u5341\u4e00\u6708\u4e00\u65e5", "FULLNAME": "taiwan-newspaper", "RATING": 17, "COMMENTS": "4"}, {"TITLE": "SCP-ZH-2005-EX", "FULLNAME": "scp-zh-2005-ex", "RATING": 58, "COMMENTS": "1"}, {"TITLE": "\u751f\u91ab\u5275\u4f5c\u8207\u4f60\uff1a\u5beb\u7d66\u57fa\u91d1\u6703\u4f5c\u5bb6\u7684\u540d\u8a5e\u8fa8\u6790", "FULLNAME": "biomedical-sense-zh", "RATING": 14, "COMMENTS": "1"}, {"TITLE": "\u6d17\u6a19\uff1a\u7d051354-\u6df1\u5165\u50b3\u7d71\u7d0d\u9913\u5361\u90e8\u843d", "FULLNAME": "red-1354", "RATING": 17, "COMMENTS": "1"}, {"TITLE": "Nihilmace\u8207Valmua", "FULLNAME": "k1s10r0d-nihilmace-and-valmua", "RATING": 16, "COMMENTS": "3"}, {"TITLE": "\u6c34\u65cf\u9928\u7d04\u6703", "FULLNAME": "aquarium-date-art", "RATING": 15, "COMMENTS": "0"}, {"TITLE": "\u9b54\u9ce5\u8207\u9b54\u9ce5\u4f7f", "FULLNAME": "hafune", "RATING": 14, "COMMENTS": "6"}, {"TITLE": "\u4f60\u6703\u611f\u5230\u5f8c\u6094\u55ce\uff1f", "FULLNAME": "what-are-you-waiting-for-just-join-goc-dude", "RATING": 36, "COMMENTS": "5"}, {"TITLE": "\u5f8c\u73fe\u4ee3\u57fa\u91d1\u6703\u540c\u4eba\u6200\u611b\u5411\u8f15\u5c0f\u8aaa", "FULLNAME": "k1s10r0d-april-fool-project-2021", "RATING": 18, "COMMENTS": "5"}, {"TITLE": "SCP-ZH-880 - \u963f\u5b24\u89ba\u5f97\u4f60\u51b7", "FULLNAME": "scp-zh-880", "RATING": 30, "COMMENTS": "2"}, {"TITLE": "SCP-ZH-185 - \u4e56\u4e56\u7a69\u5b9a\u5668", "FULLNAME": "scp-zh-185", "RATING": 19, "COMMENTS": "11"}, {"TITLE": "\u9396\u93c8\u7684\u97f3\u7af9", "FULLNAME": "k1s10r0d-chain-sugoi", "RATING": 29, "COMMENTS": "6"}, {"TITLE": "\u597d\u9913\u597d\u9913\u7684\u514b\u91cc\u65af\u535a\u58eb", "FULLNAME": "the-very-hungry-dr-kris", "RATING": 17, "COMMENTS": "2"}, {"TITLE": "SCP-ZH-527 - \u96b1\u5f62\u7684\u5947\u5947\u6469\u62c9", "FULLNAME": "scp-zh-527", "RATING": 14, "COMMENTS": "1"}, {"TITLE": "\u4e2d\u83ef\u6c11\u570b\u570b\u5bb6\u5b89\u5168\u5c40\u7b2c\u516b\u8655 \u4e2d\u5fc3\u9801", "FULLNAME": "nsb8-hub", "RATING": 17, "COMMENTS": "3"}, {"TITLE": "SCP-ZH-096 - \u7d05\u79fb\u7834\u6ec5", "FULLNAME": "scp-zh-096", "RATING": 25, "COMMENTS": "2"}, {"TITLE": "\u7570\u5e38\u9805\u76ee\u7d00\u9304\uff1a\u300c\u9632\u66b4\u8b66\u5bdf\u982d\u76d4\u300d", "FULLNAME": "anomalous-item-hk-police-helmet", "RATING": 37, "COMMENTS": "5"}, {"TITLE": "SCP-ZH-128 - \u6b64\u5473\u4e26\u975e\u60e1\u9b54\u4e4b\u4f5c", "FULLNAME": "scp-zh-128", "RATING": 20, "COMMENTS": "3"}, {"TITLE": "SCP-ZH-243 - \u6960\u6893\u767e\u6155\u9054", "FULLNAME": "scp-zh-243", "RATING": 18, "COMMENTS": "0"}, {"TITLE": "SCP-ZH-402 - \u6210\u9577", "FULLNAME": "scp-zh-402", "RATING": 16, "COMMENTS": "4"}, {"TITLE": "\u7e41\u4e2d\u7ba1\u7406\u54e1\u7b46\u8a18\uff1a2021\u5e74\u56de\u9867", "FULLNAME": "note-for-u-guys-2021", "RATING": 35, "COMMENTS": "4"}, {"TITLE": "\u85dd\u8853\u4f5c\u54c1\uff1aSCP-ZH-922\uff08k1s10r0d\u7248\uff09", "FULLNAME": "cidal-dongi-by-k1s10r0d", "RATING": 15, "COMMENTS": "0"}, {"TITLE": "\u6c5f\u5cb3\u5996\u8a2a\u884c \u5c71\u5cb3 \u4e09\u5341\u516d", "FULLNAME": "wanderers:jiang-yue-tour-mountain-36", "RATING": 9, "COMMENTS": "2"}, {"TITLE": "\u56de\u61b6\u88e1\u7684\u85b0\u8863\u8349", "FULLNAME": "wanderers:after-cube-ch-01", "RATING": 11, "COMMENTS": "1"}, {"TITLE": "\u4e00\u96bb\u86af\u8693", "FULLNAME": "wanderers:an-earthworm", "RATING": 12, "COMMENTS": "2"}, {"TITLE": "\u4e00\u5c01\u8a18\u8f09\u7570\u805e\u7684\u4fe1", "FULLNAME": "wanderers:letter-about-strange-serpents", "RATING": 16, "COMMENTS": "1"}, {"TITLE": "\u54b1\u662f\u8ab0", "FULLNAME": "wanderers:who-am-i", "RATING": 8, "COMMENTS": "1"}]