[{"TITLE": "SCP-ZH-255 - \u8cd3\u5c3c\u8cbb\u7684\u6700\u5f8c\u5e87\u8b77\u6240", "FULLNAME": "scp-zh-255", "RATING": 22, "COMMENTS": "5"}, {"TITLE": "SCP-ZH-401 - \u8272\u925b\u7b46", "FULLNAME": "scp-zh-401", "RATING": 9, "COMMENTS": "2"}, {"TITLE": "\u6536\u5bb9\u3002", "FULLNAME": "contain-zh", "RATING": 7, "COMMENTS": "2"}, {"TITLE": "SCP-ZH-009 - \u81fa\u5f0f\u65e9\u9ede", "FULLNAME": "scp-zh-009", "RATING": 20, "COMMENTS": "3"}, {"TITLE": "Eco-09\u5354\u8b70", "FULLNAME": "eco-09", "RATING": 8, "COMMENTS": "0"}, {"TITLE": "SCP-ZH-618 - \u592a\u967d\u9905\u7345", "FULLNAME": "scp-zh-618", "RATING": 42, "COMMENTS": "0"}, {"TITLE": "\u6311\u6230\u50b3\u7d71\u8a55\u5206\u65b9\u5f0f\uff1a\u95dc\u65bc\u81ea\u8a02\u8a55\u5206\u6a21\u7248", "FULLNAME": "rating-against-traditions", "RATING": 25, "COMMENTS": "0"}, {"TITLE": "\u6700\u597d\u7684\u7d50\u5c40", "FULLNAME": "what-do-you-think", "RATING": 12, "COMMENTS": "3"}, {"TITLE": "SCP-ZH-511 - \u671f\u5180\u4e4b\u9db4", "FULLNAME": "scp-zh-511", "RATING": 12, "COMMENTS": "1"}, {"TITLE": "SCP-ZH-310 - \u7570\u5e38\u86cb\u767d\u8cea\u7d50\u69cb\u57df", "FULLNAME": "scp-zh-310", "RATING": 26, "COMMENTS": "2"}, {"TITLE": "SCP-ZH-005 - \u5047\u5982\u4f60\u6c92\u6709\u8f49\u767c\u9019\u7bc7\u6587\u6a94\u7d66\u5341\u500b\u670b\u53cb\uff0c\u90a3\u9ebc\u2026\u2026\u2026\u2026", "FULLNAME": "scp-zh-005", "RATING": 62, "COMMENTS": "0"}, {"TITLE": "SCP-ZH-006 - \u771f\u6b63\u610f\u7fa9\u4e0a\u7684\u7206\u7c73\u82b1", "FULLNAME": "scp-zh-006", "RATING": 10, "COMMENTS": "6"}, {"TITLE": "SCP-ZH-105 - \u4e0d\u5b5d\u5b50", "FULLNAME": "scp-zh-105", "RATING": 66, "COMMENTS": "5"}, {"TITLE": "\u6700\u771f\u5be6\u7684\u5f80\u5f80\u7121\u6cd5\u770b\u898b", "FULLNAME": "the-truth-is-usually-invisible", "RATING": 12, "COMMENTS": "0"}, {"TITLE": "\u5230\u8077", "FULLNAME": "arrival", "RATING": 18, "COMMENTS": "5"}, {"TITLE": "\u6d17\u6a19\uff1a\u6a582147-Dr. Bales\u7684\u5be6\u9a57\u8863", "FULLNAME": "orange-2147", "RATING": 11, "COMMENTS": "0"}, {"TITLE": "\u82b1\u8a9e\uff1a\u4ed9\u4e39\u82b1", "FULLNAME": "chinese-ixora", "RATING": 20, "COMMENTS": "0"}, {"TITLE": "SCP-ZH-193 - \u4eba\u8207\u96fb\u8207\u92fc\u4e4b\u4e00\u65cf", "FULLNAME": "scp-zh-193", "RATING": 15, "COMMENTS": "0"}, {"TITLE": "\u5de5\u4f5c\u4eba\u54e1\u53ca\u89d2\u8272\u6a94\u6848-ZH", "FULLNAME": "personnel-and-character-dossier-zh", "RATING": 16, "COMMENTS": "0"}, {"TITLE": "Ctrl Z\u535a\u58eb\u7684SCP\u8a18\u9304\uff1aSCP-\u25cf\u25cf|\u25cf\u25cf\u25cf\u25cf\u25cf|\u25cf\u25cf|\u25cf", "FULLNAME": "yenney", "RATING": 10, "COMMENTS": "0"}, {"TITLE": "Ctrl Z\u535a\u58eb\u7684SCP\u8a18\u9304\uff1aSCP-085 \u624b\u7e6a\u7684''Cassy''", "FULLNAME": "bangyen085", "RATING": 6, "COMMENTS": "0"}, {"TITLE": "Ctrl Z\u535a\u58eb\u7684SCP\u8a18\u9304\uff1aSCP-343 \u795e", "FULLNAME": "bangyen343", "RATING": 6, "COMMENTS": "0"}, {"TITLE": "Ctrl Z\u535a\u58eb\u7684SCP\u8a18\u9304\uff1aSCP-939 \u5f15\u6e21\u4ed6\u8072", "FULLNAME": "bangyen939", "RATING": 6, "COMMENTS": "0"}, {"TITLE": "Ctrl Z\u535a\u58eb\u7684SCP\u8a18\u9304\uff1aSCP-1151 \u638c\u4e0a\u7b11\u81c9", "FULLNAME": "bangyen1151", "RATING": 6, "COMMENTS": "0"}, {"TITLE": "Ctrl Z\u535a\u58eb\u7684SCP\u8a18\u9304\uff1aSCP-2295 \u6709\u8457\u62fc\u5e03\u5fc3\u81df\u7684\u718a", "FULLNAME": "bangyen2295", "RATING": 11, "COMMENTS": "0"}, {"TITLE": "Ctrl Z\u535a\u58eb\u7684SCP\u8a18\u9304\uff1aSCP-093 \u7d05\u6d77\u7269\u4ef6", "FULLNAME": "bangyen093", "RATING": 8, "COMMENTS": "0"}, {"TITLE": "\u5b69\u5b50\u7684\u4e16\u754c", "FULLNAME": "childhood", "RATING": 14, "COMMENTS": "1"}, {"TITLE": "\u4e2d\u79cb\u7bc0\u7684\u904e\u52de\u7ad9\u9ede\u8207NB\u5340\u7814\u7a76\u54e1\u8207\u4e00\u7fa4\u7570\u5e38\u6d63\u718a", "FULLNAME": "nb", "RATING": 12, "COMMENTS": "0"}, {"TITLE": "\u6d17\u6a19\uff1a\u6a581114-Mad\u535a\u58eb\u7684\u896f\u886b", "FULLNAME": "orange-1114", "RATING": 8, "COMMENTS": "4"}, {"TITLE": "SCP-ZH-087 - \u68c4\u7a3f", "FULLNAME": "scp-zh-087", "RATING": 31, "COMMENTS": "4"}, {"TITLE": "\u9805\u76ee\u7b49\u7d1a\uff1a\u4ed9\u5ea6\u745e\u62c9", "FULLNAME": "cinderella", "RATING": 10, "COMMENTS": "0"}, {"TITLE": "\u8dd1\u817f", "FULLNAME": "run-errands", "RATING": 9, "COMMENTS": "0"}, {"TITLE": "SCP-ZH-047 - \u4f60\u7684\u6240\u4f5c\u6240\u70ba", "FULLNAME": "scp-zh-047", "RATING": 12, "COMMENTS": "3"}, {"TITLE": "SCP-ZH-100", "FULLNAME": "scp-zh-0100", "RATING": 23, "COMMENTS": "0"}, {"TITLE": "SCP-ZH-998 - \u73fe\u8c61\u5b78", "FULLNAME": "scp-zh-998", "RATING": 38, "COMMENTS": "7"}, {"TITLE": "\u8655\u9280\u767d\u4e4b\u4e2d\uff0c\u65bc\u8679\u5149\u4e4b\u9593", "FULLNAME": "in-the-snow-in-the-iris", "RATING": 20, "COMMENTS": "0"}, {"TITLE": "\u4e09\u751f\u6709\u5e78", "FULLNAME": "third-life", "RATING": 21, "COMMENTS": "0"}, {"TITLE": "SCP-ZH-010 - \u8ff7\u8d70\u795e\u7d93\u5bc4\u751f\u9ad4", "FULLNAME": "scp-zh-010", "RATING": 18, "COMMENTS": "0"}, {"TITLE": "\u9109\u9593\u5c0f\u5f91", "FULLNAME": "dreamcatcher", "RATING": 9, "COMMENTS": "1"}, {"TITLE": "\u7c60\u4e2d\u9ce5", "FULLNAME": "caged-bird", "RATING": 14, "COMMENTS": "0"}, {"TITLE": "\u82b1\u8a9e\uff1a\u6a89\u67f3", "FULLNAME": "tamaricaceae", "RATING": 13, "COMMENTS": "0"}, {"TITLE": "SCP-ZH-9288-EX", "FULLNAME": "scp-zh-9288-ex", "RATING": 45, "COMMENTS": "5"}, {"TITLE": "SCP-ZH-762 - \u611f\u540c\u66fe\u53d7", "FULLNAME": "scp-zh-762", "RATING": 7, "COMMENTS": "2"}, {"TITLE": "\u9a5a\u87c4", "FULLNAME": "snake-s-wake", "RATING": 11, "COMMENTS": "0"}, {"TITLE": "\u57fa\u91d1\u6703\u4e4b\u524d", "FULLNAME": "k-before", "RATING": 5, "COMMENTS": "0"}, {"TITLE": "SCP-ZH-120 - \u865b\u69cb\u7684\u6211\u5011", "FULLNAME": "scp-zh-120", "RATING": 40, "COMMENTS": "4"}, {"TITLE": "\u6211\u5728\u9019\u88e1\u4e00\u9663\u5b50\u4e86", "FULLNAME": "been-a-while", "RATING": 17, "COMMENTS": "1"}, {"TITLE": "\u5c71\u59c6\u7684ZH\u5206\u90e8\u89d2\u8272\u7d00\u9304\u672c", "FULLNAME": "doodles-from-sam", "RATING": 25, "COMMENTS": "3"}, {"TITLE": "\u8c82\u8207\u6d63\u718a\u5728\u6797\u5730\u76f8\u9047", "FULLNAME": "out-of-cn-77", "RATING": 7, "COMMENTS": "0"}, {"TITLE": "SCP-ZH-075 \u2014 \u2014- \u2026 -\u2026 ..- .-. \u2014\u2026-.", "FULLNAME": "scp-zh-075", "RATING": 13, "COMMENTS": "0"}, {"TITLE": "SCP-ZH-027 - \u7389\u7c60\u5305", "FULLNAME": "scp-zh-027", "RATING": 16, "COMMENTS": "2"}, {"TITLE": "SCP-ZH-002 - \u53f0\u7063\u7368\u89d2\u7378", "FULLNAME": "scp-zh-002", "RATING": 37, "COMMENTS": "13"}, {"TITLE": "SCP-ZH-670 - \u660e\u77e5\u6545\u72af", "FULLNAME": "scp-zh-670", "RATING": 15, "COMMENTS": "0"}, {"TITLE": "SCP-ZH-300 - \u8056\u8a95\u7bc0\u4ea4\u63db\u300c\u5ee2\u300d\u7269", "FULLNAME": "scp-zh-300", "RATING": 15, "COMMENTS": "2"}, {"TITLE": "SCP-ZH-026 - \u9169\u914a\u8857\u7684\u5154\u5154", "FULLNAME": "scp-zh-026", "RATING": 7, "COMMENTS": "0"}, {"TITLE": "\u51ac\u5b63\u8cc0\u5716", "FULLNAME": "xmas-zh-2019", "RATING": 13, "COMMENTS": "0"}, {"TITLE": "\u9d28\u9d28\u7684\u8056\u8a95\u8cc0\u5716", "FULLNAME": "duck-s-xmas", "RATING": 17, "COMMENTS": "0"}, {"TITLE": "\u5b89\u4fdd\u8a2d\u65bd\u6a94\u6848\uff1aSite-ZH-31", "FULLNAME": "site-zh-31", "RATING": 9, "COMMENTS": "0"}, {"TITLE": "SCP-ZH-044 - \u77f3\u7011\u72fb\u730a", "FULLNAME": "scp-zh-044", "RATING": 22, "COMMENTS": "3"}, {"TITLE": "\u7814\u7a76\u54e1LostWhat\u89d2\u8272\u6b4c\uff1a\u5728\u788e\u7247\u88e1\u9762", "FULLNAME": "in-the-shard", "RATING": 14, "COMMENTS": "1"}, {"TITLE": "SCP-ZH-216 - \u62b5\u6297\u907a\u5fd8", "FULLNAME": "scp-zh-216", "RATING": 16, "COMMENTS": "2"}, {"TITLE": "\u7dad\u5b89\u8a2d\u65bd\u6a94\u6848\uff1aSite-ZH-12", "FULLNAME": "site-zh-12", "RATING": 23, "COMMENTS": "3"}, {"TITLE": "\u5f26\u97f3\u672a\u6b62", "FULLNAME": "keepthere", "RATING": 7, "COMMENTS": "1"}, {"TITLE": "SCP-ZH-600 - \u50b3\u9001\u9580\u5148\u751f", "FULLNAME": "scp-zh-600", "RATING": 22, "COMMENTS": "0"}, {"TITLE": "\u9a5f\u96e8", "FULLNAME": "downpour", "RATING": 13, "COMMENTS": "0"}, {"TITLE": "\u85dd\u8853\u7d00\u9304\uff1a\u9019\u4e9b\u5be7\u975c\u7684\u65e5\u5b50\u3002", "FULLNAME": "art-for-3519", "RATING": 11, "COMMENTS": "0"}, {"TITLE": "\u5f26\u97f3\u672a\u6b62\uff0c\u9918\u82b3\u7336\u5b58", "FULLNAME": "keepthere-art", "RATING": 12, "COMMENTS": "1"}, {"TITLE": "\u8c93\u8033\u65e5", "FULLNAME": "cat-day", "RATING": 15, "COMMENTS": "0"}, {"TITLE": "\u96d5\u523b\u4f5c\u54c1\uff1a\u8056\u591c\u76f8\u5b88", "FULLNAME": "handcrafts", "RATING": 18, "COMMENTS": "2"}, {"TITLE": "\u7269\u7406\u5c11\u5e74", "FULLNAME": "science-confusion-puberty", "RATING": 16, "COMMENTS": "7"}, {"TITLE": "SCP-ZH-099 - \u8150\u673d\u7684\u5893\u7891", "FULLNAME": "scp-zh-099", "RATING": 12, "COMMENTS": "1"}, {"TITLE": "SCP-ZH-098 - \u300c\u5be7\u975c\u300d", "FULLNAME": "scp-zh-098", "RATING": 16, "COMMENTS": "5"}, {"TITLE": "SCP-ZH-136 - \u4ed9\u5973\u6728\u4e4b\u68ee", "FULLNAME": "scp-zh-136", "RATING": 13, "COMMENTS": "1"}, {"TITLE": "SCP-ZH-860 - dado\u7684\u300c\u53d1\u300d\u8ca1\u85e5", "FULLNAME": "scp-zh-860", "RATING": 33, "COMMENTS": "3"}, {"TITLE": "SCP-ZH-60053-J - HONK", "FULLNAME": "scp-zh-60053-j", "RATING": 45, "COMMENTS": "7"}, {"TITLE": "\u523a\u875f\u7b46\u8a18\u672c\uff1aZH\u5206\u90e8\u52d5\u7269\u5408\u8f2f", "FULLNAME": "hedgehog-note-a", "RATING": 15, "COMMENTS": "0"}, {"TITLE": "SCP-ZH-051 - \u8acb\u7d66\u6211\u4e00\u9ede\u6eab\u6696", "FULLNAME": "scp-zh-051", "RATING": 16, "COMMENTS": "1"}, {"TITLE": "\u6d17\u6a19\uff1a\u6a583041-Dr. Owen\u7684\u5be6\u9a57\u888d", "FULLNAME": "owens-clothes", "RATING": 14, "COMMENTS": "0"}, {"TITLE": "\u6709\u95dc\u6279\u51c6\u4f7f\u7528\u6a21\u56e0\u88fd\u5291\u5354\u52a9\u5c0d\u9d5d\u5f62\u60e1\u9b54\u5be6\u9ad4\u9032\u884c\u9a45\u9b54\u7684\u7533\u8acb", "FULLNAME": "grant-request-for-utilization-of-memetic-agent-to-assist-per", "RATING": 17, "COMMENTS": "1"}, {"TITLE": "\u6975\u5149\u7684\u984f\u8272", "FULLNAME": "color-of-aurora", "RATING": 15, "COMMENTS": "1"}, {"TITLE": "\u5929\u6b98\u6708\u90e8\u4efd\u85cf\u54c1 (WSGK Q30D75)", "FULLNAME": "collection-of-the-cultural-revolution", "RATING": 11, "COMMENTS": "1"}, {"TITLE": "\u5728\u661f\u661f\u4e4b\u4e0b", "FULLNAME": "ilmari", "RATING": 4, "COMMENTS": "8"}, {"TITLE": "\u5c0b\u7372\u7269\u54c1\u7de8\u865f\uff1a097/\u6d17\u6a19\uff1a\u9ed10117", "FULLNAME": "article-number-097-black-0117", "RATING": 16, "COMMENTS": "4"}, {"TITLE": "\u89c0\u6e2c\u8005\u4e26\u672a\u5b58\u5728", "FULLNAME": "tina-uni1", "RATING": 10, "COMMENTS": "0"}, {"TITLE": "\u67d4\u5149\u2606\u8ff4\u8fd4", "FULLNAME": "tina-uni3", "RATING": 11, "COMMENTS": "2"}, {"TITLE": "\u82b1\u8a9e\uff1a\u7d2b\u5b0c\u82b1", "FULLNAME": "tina-uni2", "RATING": 7, "COMMENTS": "1"}, {"TITLE": "SCP-ZH-030 - \u7d05\u8272\u6d6a\u6f6e", "FULLNAME": "scp-zh-030", "RATING": 7, "COMMENTS": "0"}, {"TITLE": "\u5f9e\u4eca\u4ee5\u5f8c\uff0c\u5979\u5c07\u6c38\u751f", "FULLNAME": "she-lives-in-my-heart", "RATING": 22, "COMMENTS": "5"}, {"TITLE": "SCP-ZH-262 - \u7af9\u89e3", "FULLNAME": "scp-zh-262", "RATING": 12, "COMMENTS": "1"}, {"TITLE": "SCP-ZH-747 - \u8da8\u51f6\u907f\u51f6", "FULLNAME": "scp-zh-747", "RATING": 15, "COMMENTS": "1"}, {"TITLE": "\u901a\u8a0a\u8a18\u9304 ZH-747-331", "FULLNAME": "communication-log-zh-747-331", "RATING": 9, "COMMENTS": "0"}, {"TITLE": "\u7121\u75c5\u9918\u751f", "FULLNAME": "orangetea-and-plum", "RATING": 12, "COMMENTS": "1"}, {"TITLE": "\u661f\u754c\u4e4b\u524d", "FULLNAME": "before-starsight", "RATING": 13, "COMMENTS": "2"}, {"TITLE": "SCP-ZH-166 - \u505c\u6eef\u5728\u695a\u6cb3\u6f22\u754c", "FULLNAME": "scp-zh-166", "RATING": 21, "COMMENTS": "2"}, {"TITLE": "SCP-ZH-055 - \u505a\u4f60\u81ea\u5df1\u7684\u4e3b\u5eda\uff0c\u96a8\u6642\u96a8\u5730\u958b\u52d5\u5427\uff01", "FULLNAME": "scp-zh-055", "RATING": 18, "COMMENTS": "3"}, {"TITLE": "SCP-ZH-976 - \u8ffd\u61b6\u72c2\u5984", "FULLNAME": "scp-zh-976", "RATING": 14, "COMMENTS": "1"}, {"TITLE": "SCP-ZH-545 - \u6211\u4e0d\u662f\u6050\u9f8d", "FULLNAME": "scp-zh-545", "RATING": 17, "COMMENTS": "1"}, {"TITLE": "\u89e3\u5bc6\uff1aSCP-2998", "FULLNAME": "scp-2998-declassification-zh", "RATING": 12, "COMMENTS": "0"}, {"TITLE": "\u7f8e\u9e97\u7684\u8774\u8776\u4ed9\u5b50Kondraki\u535a\u58eb", "FULLNAME": "oh-god-this-is-kondraki", "RATING": 12, "COMMENTS": "0"}, {"TITLE": "SCP-ZH-520 - \u611b\u7684\u5e7b\u8c61", "FULLNAME": "scp-zh-520", "RATING": 16, "COMMENTS": "2"}, {"TITLE": "\u4ed6\u5011\u628a\u4eba\u6254\u9032\u4e86\u6d77\u88e1", "FULLNAME": "they-throw-them-into-the-sea", "RATING": 11, "COMMENTS": "4"}, {"TITLE": "SCP-ZH-150 - \u6096\u8ad6\u751c\u751c\u5708", "FULLNAME": "scp-zh-150", "RATING": 12, "COMMENTS": "1"}, {"TITLE": "\u7d42\u7ae0\uff1a2020\u5e74", "FULLNAME": "part0-in-the-end", "RATING": 12, "COMMENTS": "0"}, {"TITLE": "\u7ae0\u7bc0\u540d\uff1a\u83ef\u846c", "FULLNAME": "i-hate-myself", "RATING": 11, "COMMENTS": "0"}, {"TITLE": "SCP-ZH-012 - \u5341\u4e8c", "FULLNAME": "scp-zh-012", "RATING": 19, "COMMENTS": "2"}, {"TITLE": "\u6211\u5728\u842c\u7269\u4e4b\u4e2d", "FULLNAME": "arkwork-3999", "RATING": 38, "COMMENTS": "8"}, {"TITLE": "\u63d2\u5716\uff1a\u9003\u907f", "FULLNAME": "i-should-been-killed", "RATING": 7, "COMMENTS": "0"}, {"TITLE": "\u6df5\u5922\u7684\u9ed1\u767d\u5716\u96c601", "FULLNAME": "abyssdream-pic-01", "RATING": 14, "COMMENTS": "0"}, {"TITLE": "SCP-ZH-200 - \u9b3c\u6293\u4eba", "FULLNAME": "scp-zh-200", "RATING": 35, "COMMENTS": "1"}, {"TITLE": "SCP-ZH-247 - \u8b80\u5fc3\u8840\u59ec", "FULLNAME": "scp-zh-247", "RATING": 11, "COMMENTS": "4"}, {"TITLE": "SCP-ZH-053 - \u8b93\u6211\u5011\u64e6\u4e7e\u4f60\u7684\u6dda\u6c34", "FULLNAME": "scp-zh-053", "RATING": 30, "COMMENTS": "0"}, {"TITLE": "\u6211\u4e0d\u8a8d\u8b58\u6c34\u88e1\u7684AD", "FULLNAME": "i-don-t-recognize-that-ad-in-the-water", "RATING": 13, "COMMENTS": "0"}, {"TITLE": "\u5200\u4e0b\u5fc3\uff0c\u53c8\u540d\u53db\u72fc\u8fd4\u5de2", "FULLNAME": "cleguisbt", "RATING": 10, "COMMENTS": "3"}, {"TITLE": "Dr. Kris\u7684\u6587\u6a94\u5c71\u6d77\uff0dDr. \u8d85\u8870\u5e03\u840a\u6069Vol.1", "FULLNAME": "k1s10r0d-dr-suck-luck-bryan-vol-1", "RATING": 11, "COMMENTS": "0"}, {"TITLE": "\u85dd\u8853\u7d00\u9304\uff1a\u6b7b\u4ea1\uff0c\u6c38\u751f-1", "FULLNAME": "art-for-death-eternal-life-1", "RATING": 18, "COMMENTS": "1"}, {"TITLE": "\u300c\u4e09\u57a3\u300d\u4e2d\u5fc3\u9801", "FULLNAME": "three-enclosures-hub", "RATING": 19, "COMMENTS": "0"}, {"TITLE": "SCP-ZH-289 - 17^2", "FULLNAME": "scp-zh-289", "RATING": 15, "COMMENTS": "4"}, {"TITLE": "SPC-ZH-795", "FULLNAME": "spc-zh-795", "RATING": 13, "COMMENTS": "9"}, {"TITLE": "SCP-ZH-222 - \u6708\u7403\u4e0a\u7684\u8d85\u97f3\u6ce2\u55b5\u2764", "FULLNAME": "scp-zh-222", "RATING": 13, "COMMENTS": "2"}, {"TITLE": "SCP-ZH-007 - \u5e7e\u4f55\u9bca\u9b5a", "FULLNAME": "scp-zh-007", "RATING": 15, "COMMENTS": "0"}, {"TITLE": "\u81f4\u6211\u6240\u611b", "FULLNAME": "to-my-love", "RATING": 7, "COMMENTS": "0"}, {"TITLE": "\u4f60\u4e0d\u61c9\u5728\u6eab\u5ba4\u88cf\u8aaa\u51b7\u7b11\u8a71", "FULLNAME": "nopunsinthegreenhouse", "RATING": 11, "COMMENTS": "0"}, {"TITLE": "\u6fc3\u6e6f\u7d04\u6703", "FULLNAME": "chowder-date", "RATING": 20, "COMMENTS": "2"}, {"TITLE": "\u8ddd\u96e2\u4e16\u754c\u672b\u65e5\u9084\u6709\u4e94\u5206\u9418", "FULLNAME": "five-minutes-to-end", "RATING": 26, "COMMENTS": "0"}, {"TITLE": "\u751f\u8005\u7684\u846c\u5100", "FULLNAME": "tombstone-for-the-one-you-should-not-forget", "RATING": 7, "COMMENTS": "1"}, {"TITLE": "SCP-ZH-717 - \u8ab2\u5802\u4e2d\u8acb\u52ff\u4f38\u51fa\u9644\u80a2", "FULLNAME": "scp-zh-717", "RATING": 17, "COMMENTS": "0"}, {"TITLE": "SCP-ZH-729 - \u6027\u611f\u9b23\u8725", "FULLNAME": "scp-zh-729", "RATING": 14, "COMMENTS": "2"}, {"TITLE": "\u6b7b\u9727", "FULLNAME": "dead-fog", "RATING": 11, "COMMENTS": "2"}, {"TITLE": "\u5c0f\u52d5\u7269\u7c21\u4ecb\uff1aSurge\uff01", "FULLNAME": "critter-profile-surge", "RATING": 25, "COMMENTS": "2"}, {"TITLE": "SCP-ZH-111 - \u81ea\u6211\u4e2d\u5fc3", "FULLNAME": "scp-zh-111", "RATING": 38, "COMMENTS": "0"}, {"TITLE": "\u6708\u4e2d\u79cb\uff0c\u79cb\u7cdc\u4e4b\u9905\u4e0d\u898b\u6b23\u559c", "FULLNAME": "not-a-mooncake", "RATING": 17, "COMMENTS": "0"}, {"TITLE": "\u5ec1\u6240\u88e1\u7684\u81f4\u547d\u6a21\u56e0", "FULLNAME": "the-bottle-in-restroom", "RATING": 32, "COMMENTS": "7"}, {"TITLE": "\u6b98\u5f71\u3001\u6b98\u97ff\u53ca\u6b98\u71ed\uff08\u6216\u7a31\u70ba\u2588\u2588\u3001\u2588\u2588\u53ca\u2588\u2588\uff09", "FULLNAME": "zycie-zhizn-life", "RATING": 16, "COMMENTS": "1"}, {"TITLE": "Dr. Kris\u7684\u6587\u6a94\u5c71\u6d77\uff0dDr. Kris\u7684\u756b\u96c6", "FULLNAME": "k1s10r0d-dr-kris-s-sketchbook", "RATING": 13, "COMMENTS": "0"}, {"TITLE": "\u84bc\u767d\u7684\u672b\u671f\u60a3\u8005", "FULLNAME": "81q5-sadness-pink", "RATING": 18, "COMMENTS": "0"}, {"TITLE": "\u9858\u541b\u5b89\u597d", "FULLNAME": "wish-you-safe-and-sound", "RATING": 24, "COMMENTS": "0"}, {"TITLE": "\u975e\u76f8\u95dc\u4eba\u54e1\u7981\u6b62\u95b1\u89bd", "FULLNAME": "adult:unrelated-person-do-not-read", "RATING": 16, "COMMENTS": "2"}, {"TITLE": "\u72fc\u982d", "FULLNAME": "hammer", "RATING": 11, "COMMENTS": "0"}, {"TITLE": "\u8056\u8a95\u8207\u842c\u8056\u50c5\u6709\u4e00\u7dda\u4e4b\u9694", "FULLNAME": "christmas-or-halloween", "RATING": 17, "COMMENTS": "2"}, {"TITLE": "\u5df2\u5ee2\u68c4\u7684\u8056\u8a95\u63d0\u6848", "FULLNAME": "hammer-maho-shojo", "RATING": 7, "COMMENTS": "2"}, {"TITLE": "ZH\uff0c025\uff0c1225", "FULLNAME": "zh-025-xmas", "RATING": 18, "COMMENTS": "4"}, {"TITLE": "\u7121\u8c8c\u8005\u8207\u8c93", "FULLNAME": "the-man-with-out-face", "RATING": 13, "COMMENTS": "0"}, {"TITLE": "SCP-ZH-647 - \u5634\u7832\u8001\u4eba", "FULLNAME": "scp-zh-647", "RATING": 32, "COMMENTS": "4"}, {"TITLE": "\u8056\u591c\u76f8\u5b88\uff1a\u624b\u5de5\u73a9\u5076", "FULLNAME": "handcraft-doll", "RATING": 13, "COMMENTS": "1"}, {"TITLE": "\u8868\u5c64\u8b8a\u52d5", "FULLNAME": "one-of-the-secrets", "RATING": 18, "COMMENTS": "2"}, {"TITLE": "SCP-ZH-235 - \u6703\u98db\u7684\u5c0f\u9ec3\u66f8", "FULLNAME": "adult:scp-zh-235", "RATING": 22, "COMMENTS": "10"}, {"TITLE": "\u98df\u5802\u7d04\u6703", "FULLNAME": "canteen-date", "RATING": 22, "COMMENTS": "3"}, {"TITLE": "SCP-ZH-593 - \u5761\u9802", "FULLNAME": "scp-zh-593", "RATING": 15, "COMMENTS": "0"}, {"TITLE": "\u4f60\u6703\u611f\u5230\u5f8c\u6094\u55ce\uff1f", "FULLNAME": "what-are-you-waiting-for-just-join-goc-dude", "RATING": 36, "COMMENTS": "5"}, {"TITLE": "SCP-ZH-496 - \u5b89\u5168\u6975\u9650\u8ddd\u96e2", "FULLNAME": "scp-zh-496", "RATING": 30, "COMMENTS": "7"}, {"TITLE": "SCP-ZH-835 - \u71e6\u85cd\u795e\u5316\u5929\u7a79", "FULLNAME": "scp-zh-835", "RATING": 22, "COMMENTS": "2"}, {"TITLE": "SCP-ZH-022-J - \u62dc\u8a17\u8ab0\u4f86\u628a\u5b83\u586b\u4e0a", "FULLNAME": "scp-zh-022-j", "RATING": 37, "COMMENTS": "19"}, {"TITLE": "\u5929\u7a79\u4e4b\u4e0b\uff0c\u5343\u9ce5\u56db\u6563", "FULLNAME": "flock-shatters-beneath-the-skydome", "RATING": 12, "COMMENTS": "3"}, {"TITLE": "\u5f8c\u73fe\u4ee3\u57fa\u91d1\u6703\u540c\u4eba\u6200\u611b\u5411\u8f15\u5c0f\u8aaa", "FULLNAME": "k1s10r0d-april-fool-project-2021", "RATING": 18, "COMMENTS": "5"}, {"TITLE": "\u611a\u4eba\u7bc0\u7684\u81f4\u547d\u6a21\u56e0", "FULLNAME": "the-bottle-in-april-fools", "RATING": 22, "COMMENTS": "2"}, {"TITLE": "SCP-ZH-00l", "FULLNAME": "scp-zh-00l", "RATING": 13, "COMMENTS": "5"}, {"TITLE": "SCP-ZH-250 - \u4eba\u9020\u7684\u96ea\u8272\u9762\u5177", "FULLNAME": "scp-zh-250", "RATING": 10, "COMMENTS": "1"}, {"TITLE": "Surge\u7684\u63d0\u6848\u4e00", "FULLNAME": "surge-s-proposal-1", "RATING": 33, "COMMENTS": "11"}, {"TITLE": "SCP-ZH-297 - \u9ef4\u83cc\uff0c\u9709\u83cc", "FULLNAME": "scp-zh-297", "RATING": 11, "COMMENTS": "6"}, {"TITLE": "SCP-ZH-736 - \u4f60\u4e0d\u80fd\u518d\u5f80\u524d\u4e86", "FULLNAME": "scp-zh-736", "RATING": 32, "COMMENTS": "14"}, {"TITLE": "\u7099\u71b1\u7684\u5348\u5f8c\u6642\u5149", "FULLNAME": "the-ss-vs-ss", "RATING": 29, "COMMENTS": "19"}, {"TITLE": "SCP-ZH-903 - \u7076\u795e\u98df\u8b5c\uff08\u96f6\u5931\u6557\uff09", "FULLNAME": "scp-zh-903", "RATING": 18, "COMMENTS": "4"}, {"TITLE": "\u65c5\u8005\u7684\u8b1d\u5e55", "FULLNAME": "wanderers:curtain-down", "RATING": 12, "COMMENTS": "0"}, {"TITLE": "\u4e58\u7269\u4e4b\u7269", "FULLNAME": "wanderers:gerens-paxillum", "RATING": 11, "COMMENTS": "0"}, {"TITLE": "\u6b64\u4e16\u4ea6\u7136", "FULLNAME": "wanderers:while-you-are-god", "RATING": 6, "COMMENTS": "1"}, {"TITLE": "\u6d17\u6a19\uff1a\u9ed14473-Shaman Surge \u7684\u7fbd\u7d68\u5927\u8863", "FULLNAME": "wanderers:surge-the-duck-god", "RATING": 8, "COMMENTS": "2"}, {"TITLE": "\u4e03\u5f8b\u2014\u2014\u6b4c\u54ed\u54bd", "FULLNAME": "wanderers:die-in-immortality", "RATING": 22, "COMMENTS": "2"}, {"TITLE": "\u9577\u51ac", "FULLNAME": "wanderers:long-winter", "RATING": 11, "COMMENTS": "0"}, {"TITLE": "\u5f7c\u5cb8\u4e4b\u82b1", "FULLNAME": "wanderers:lycorisradiata", "RATING": 13, "COMMENTS": "0"}, {"TITLE": "\u5982\u662f\u6211\u805e", "FULLNAME": "wanderers:flowers-thus-have-i-heard", "RATING": 18, "COMMENTS": "0"}]