[{"TITLE": "SCP-ZH-002 - \u53f0\u7063\u7368\u89d2\u7378", "FULLNAME": "scp-zh-002", "RATING": 37, "COMMENTS": "13"}, {"TITLE": "\u884c\u52d5\u8a08\u5283 \u7b2c\u53c1\u634c\u8086\u5b57\u865f", "FULLNAME": "nsb8-384", "RATING": 22, "COMMENTS": "1"}, {"TITLE": "\u53f0\u7063\u7570\u65b0\u5831\u3001\u662d\u548c\u5341\u5e74\u5341\u4e00\u6708\u4e00\u65e5", "FULLNAME": "taiwan-newspaper", "RATING": 17, "COMMENTS": "4"}, {"TITLE": "\u7aae\u4e0d\u5c60\u7272\u755c\u3001\u8352\u4e0d\u796d\u6b7f\u7f85", "FULLNAME": "wanderers:don-t-sacrifice-to-deathweb", "RATING": 8, "COMMENTS": "2"}]