[{"TITLE": "\u4e00\u6b21\u8208\u8870", "FULLNAME": "a-change", "RATING": 13, "COMMENTS": "1"}, {"TITLE": "SCP-ZH-100 - \u5e03\u694a\u5cf6", "FULLNAME": "scp-zh-100", "RATING": 17, "COMMENTS": "1"}, {"TITLE": "\u5c71\u59c6\u7684ZH\u5206\u90e8\u89d2\u8272\u7d00\u9304\u672c", "FULLNAME": "doodles-from-sam", "RATING": 25, "COMMENTS": "3"}, {"TITLE": "\u6211\u5728\u842c\u7269\u4e4b\u4e2d", "FULLNAME": "arkwork-3999", "RATING": 38, "COMMENTS": "8"}, {"TITLE": "SCP-ZH-053 - \u8b93\u6211\u5011\u64e6\u4e7e\u4f60\u7684\u6dda\u6c34", "FULLNAME": "scp-zh-053", "RATING": 30, "COMMENTS": "0"}, {"TITLE": "\u65b0\u805e\u5feb\u8a0a\uff1a\u82e5\u6211\u5011\u8981\u9054\u5230\u4ec1\u6148\u7684\u4e0b\u5834\uff0c\u61c9\u8a72\u9075\u5b88\u54ea\u4e9b\u4e8b\u60c5", "FULLNAME": "news-site-zh-81-1", "RATING": 25, "COMMENTS": "5"}, {"TITLE": "Dr. Kris\u7684\u6587\u6a94\u5c71\u6d77\uff0d\u7246\u4e0a\u7684\u6cb9\u756b", "FULLNAME": "k1s10r0d-oil-painting-on-the-wall", "RATING": 14, "COMMENTS": "0"}, {"TITLE": "\u5be6\u7fd2", "FULLNAME": "practice", "RATING": 17, "COMMENTS": "0"}, {"TITLE": "Bright\u535a\u58eb\u6559\u4f60\u5982\u4f55\u6b63\u78ba\u64ca\u9000\u6575\u4eba", "FULLNAME": "how-to-defeat-those-bad-guys-correctly", "RATING": 25, "COMMENTS": "2"}, {"TITLE": "\u5de7\u9054Clef!", "FULLNAME": "arkwork-chowderclef", "RATING": 25, "COMMENTS": "0"}, {"TITLE": "\u65e5\u672c\u5206\u7ad9\u7684\u8c93\u54aa\uff1f", "FULLNAME": "scp-zh-art", "RATING": 9, "COMMENTS": "0"}, {"TITLE": "\u57fa\u91d1\u6703\u54e1\u5de5\u6392\u8d77\u4e86\u968a", "FULLNAME": "self-service-laundry-zh", "RATING": 11, "COMMENTS": "1"}, {"TITLE": "\u8b1d\u5e55\u7684\u984f\u8272", "FULLNAME": "color-of-take-a-bow", "RATING": 15, "COMMENTS": "3"}, {"TITLE": "SCP-ZH-111 - \u81ea\u6211\u4e2d\u5fc3", "FULLNAME": "scp-zh-111", "RATING": 38, "COMMENTS": "0"}, {"TITLE": "\u5ec1\u6240\u88e1\u7684\u81f4\u547d\u6a21\u56e0", "FULLNAME": "the-bottle-in-restroom", "RATING": 32, "COMMENTS": "7"}, {"TITLE": "SCP-ZH-831 - \u5341\u4e00\u5e74\u9593\u7684\u5b55\u5a66", "FULLNAME": "scp-zh-831", "RATING": 18, "COMMENTS": "0"}, {"TITLE": "GOI\u840c\u5a18\u5316-AWCY\u548cGAW", "FULLNAME": "goi-awcy-gaw", "RATING": 16, "COMMENTS": "4"}, {"TITLE": "GOI\u840c\u5a18\u5316-\u4e0b\u5348\u8336\u6703", "FULLNAME": "goi", "RATING": 16, "COMMENTS": "2"}, {"TITLE": "\u7e41\u4e2d\u5b98\u65b9\u5316\u8cc0\u5716", "FULLNAME": "scp", "RATING": 20, "COMMENTS": "2"}, {"TITLE": "\u82b1\u8a9e\uff1a\u82b1\u6bdb\u831b", "FULLNAME": "ranunculus", "RATING": 18, "COMMENTS": "3"}, {"TITLE": "\u6bba\u6b7b\u4e00\u96bb\u77e5\u66f4\u9ce5\u3002", "FULLNAME": "it-was-not-my-fault", "RATING": 22, "COMMENTS": "2"}, {"TITLE": "\u7d00\u9304\u53ca\u8a0a\u606f\u5b89\u5168\u7ba1\u7406\u90e8\u9580\u7279\u6b8a\u6587\u4ef6\uff0d\u8207\u674e\u7e3d\u7d71\u767b\u8f1d\u5148\u751f\u76f8\u95dc\u7684\u5c08\u8a2a", "FULLNAME": "raisa-lee-teng-hui", "RATING": 17, "COMMENTS": "1"}, {"TITLE": "\u84bc\u767d\u7684\u672b\u671f\u60a3\u8005", "FULLNAME": "81q5-sadness-pink", "RATING": 18, "COMMENTS": "0"}, {"TITLE": "\u9858\u541b\u5b89\u597d", "FULLNAME": "wish-you-safe-and-sound", "RATING": 24, "COMMENTS": "0"}, {"TITLE": "SCP-ZH-878 - \u5a03\u5a03\u6536\u96c6\u8005", "FULLNAME": "scp-zh-878", "RATING": 20, "COMMENTS": "0"}, {"TITLE": "\u975e\u76f8\u95dc\u4eba\u54e1\u7981\u6b62\u95b1\u89bd", "FULLNAME": "adult:unrelated-person-do-not-read", "RATING": 16, "COMMENTS": "2"}, {"TITLE": "\u8056\u8a95\u8207\u842c\u8056\u50c5\u6709\u4e00\u7dda\u4e4b\u9694", "FULLNAME": "christmas-or-halloween", "RATING": 17, "COMMENTS": "2"}, {"TITLE": "ZH\uff0c025\uff0c1225", "FULLNAME": "zh-025-xmas", "RATING": 18, "COMMENTS": "4"}, {"TITLE": "\u6674\u96e8", "FULLNAME": "sun-shower-metha", "RATING": 12, "COMMENTS": "2"}, {"TITLE": "\u9805\u76ee\u4f01\u5283\u66f8 1924-1894\uff1a\u300a\u535a\u89bd\u6703\u300b", "FULLNAME": "project-proposal-1925-1894", "RATING": 13, "COMMENTS": "2"}, {"TITLE": "\u540a\u904b", "FULLNAME": "lifting", "RATING": 12, "COMMENTS": "0"}, {"TITLE": "\u300c...\u59b3\u4e0d\u61c9\u8a72\u51fa\u73fe\u5728\u9019\u88e1\u3002\u300d", "FULLNAME": "xina-mas-2020", "RATING": 15, "COMMENTS": "0"}, {"TITLE": "\u8056\u591c\u76f8\u5b88\u6642", "FULLNAME": "formytreasure", "RATING": 18, "COMMENTS": "0"}, {"TITLE": "SCP-ZH-647 - \u5634\u7832\u8001\u4eba", "FULLNAME": "scp-zh-647", "RATING": 32, "COMMENTS": "4"}, {"TITLE": "\u7e3d\u4e4b\u9019\u662f\u4efd\u9072\u4ea4\u7684\u8056\u8a95\u79ae\u7269", "FULLNAME": "merry-xmas-onhg", "RATING": 13, "COMMENTS": "3"}, {"TITLE": "\u8056\u591c\u76f8\u5b88\uff1a\u624b\u5de5\u73a9\u5076", "FULLNAME": "handcraft-doll", "RATING": 13, "COMMENTS": "1"}, {"TITLE": "\u771f\u5be6", "FULLNAME": "authentic", "RATING": 11, "COMMENTS": "2"}, {"TITLE": "SCP-ZH-2005-EX", "FULLNAME": "scp-zh-2005-ex", "RATING": 58, "COMMENTS": "1"}, {"TITLE": "\u98df\u5802\u7d04\u6703", "FULLNAME": "canteen-date", "RATING": 22, "COMMENTS": "3"}, {"TITLE": "\u8fa6\u516c\u5ba4\u88e1\u7684\u81f4\u547d\u6a21\u56e0", "FULLNAME": "the-bottle-in-office", "RATING": 18, "COMMENTS": "2"}, {"TITLE": "SCP-ZH-022-J - \u62dc\u8a17\u8ab0\u4f86\u628a\u5b83\u586b\u4e0a", "FULLNAME": "scp-zh-022-j", "RATING": 37, "COMMENTS": "19"}, {"TITLE": "\u5f8c\u73fe\u4ee3\u57fa\u91d1\u6703\u540c\u4eba\u6200\u611b\u5411\u8f15\u5c0f\u8aaa", "FULLNAME": "k1s10r0d-april-fool-project-2021", "RATING": 18, "COMMENTS": "5"}, {"TITLE": "\u611a\u4eba\u7bc0\u7684\u81f4\u547d\u6a21\u56e0", "FULLNAME": "the-bottle-in-april-fools", "RATING": 22, "COMMENTS": "2"}, {"TITLE": "\u79c1\u6848\uff1a\u81ea\u7c4c\u8cc7\u91d1", "FULLNAME": "the-plan-of-stonks", "RATING": 10, "COMMENTS": "0"}, {"TITLE": "\u82b1\u8a9e\uff1a\u84b2\u516c\u82f1", "FULLNAME": "taraxacum", "RATING": 18, "COMMENTS": "0"}, {"TITLE": "SCP-ZH-880 - \u963f\u5b24\u89ba\u5f97\u4f60\u51b7", "FULLNAME": "scp-zh-880", "RATING": 30, "COMMENTS": "2"}, {"TITLE": "SCP-V1L3-J \u5be6\u9a57\u7522\u7269\u5099\u4efd \u6c5e\u4e2d\u6bd2", "FULLNAME": "adult:v1l3-j-mercury-poisoning", "RATING": 9, "COMMENTS": "1"}, {"TITLE": "SCP-ZH-185 - \u4e56\u4e56\u7a69\u5b9a\u5668", "FULLNAME": "scp-zh-185", "RATING": 19, "COMMENTS": "11"}, {"TITLE": "\u7099\u71b1\u7684\u5348\u5f8c\u6642\u5149", "FULLNAME": "the-ss-vs-ss", "RATING": 29, "COMMENTS": "19"}, {"TITLE": "\u8389\u4e9e", "FULLNAME": "riariaria2", "RATING": 16, "COMMENTS": "5"}, {"TITLE": "\u8056\u8a95EVE", "FULLNAME": "xmas-eve-art", "RATING": 13, "COMMENTS": "2"}, {"TITLE": "\u85dd\u8853\u5275\u4f5c\uff1a\u8056\u8a95\u7bc0\u96ea\u55b5", "FULLNAME": "xmax-x", "RATING": 19, "COMMENTS": "0"}, {"TITLE": "\u8056\u591c\u51fa\u904a", "FULLNAME": "merry-christmas-aya-and-mayaw", "RATING": 16, "COMMENTS": "0"}, {"TITLE": "\u7e41\u4e2d\u7ba1\u7406\u54e1\u7b46\u8a18\uff1a2021\u5e74\u56de\u9867", "FULLNAME": "note-for-u-guys-2021", "RATING": 35, "COMMENTS": "4"}, {"TITLE": "SCP-ZH-499 - \u5eb7\u4e43\u99a8\u76d4\u7532\u5de5\u85dd", "FULLNAME": "scp-zh-499", "RATING": 37, "COMMENTS": "3"}, {"TITLE": "\u97f3\u6a02\u5f8b\u52d5\u52a0\u5bc6\u7a0b\u5e8f", "FULLNAME": "maimaimiamia", "RATING": 9, "COMMENTS": "0"}, {"TITLE": "\u90a3\u500b\u8f14\u8def\u5979", "FULLNAME": "that-volutaar", "RATING": 13, "COMMENTS": "0"}, {"TITLE": "\u8840\u81bf\u65bc\u6c34", "FULLNAME": "pyemia-is-thicker-than-water", "RATING": 6, "COMMENTS": "1"}, {"TITLE": "SCP-ZH-999\uff0d\u4eba\u5011\u6b20\u4ed6\u500b\u7e3d\u7d71\u5e2d\u4f4d", "FULLNAME": "scp-zh-999", "RATING": 57, "COMMENTS": "13"}, {"TITLE": "\u6200\u4e4b\u7279\u9063\u968a-\u90ce\u4f4d-14\u300c\u4eba\u72fc\u7e6b\u7d46\u300d\u968a\u5fbd\u8349\u6848", "FULLNAME": "zh-love15-21-teamlogo", "RATING": 6, "COMMENTS": "0"}, {"TITLE": "\u5077\u6e21\u76ee\u6a19\uff1aKislorod Ponomarenko\uff0c\u651d\u65bc1984\u5e74", "FULLNAME": "smuggling-target-kislorod-ponomarenko", "RATING": 9, "COMMENTS": "1"}, {"TITLE": "SCP-ZH-517 - One More Time, One More Chance", "FULLNAME": "scp-zh-517", "RATING": 22, "COMMENTS": "1"}, {"TITLE": "SCP-ZH-337 - \u5922\u5de5\u5ee0", "FULLNAME": "scp-zh-337", "RATING": 28, "COMMENTS": "6"}, {"TITLE": "SCP-ZH-107 - \u6355\u9ce5\u96f2", "FULLNAME": "scp-zh-107", "RATING": 19, "COMMENTS": "0"}, {"TITLE": "\u4ee3\u9054\u6d1b\u65af\u7684\u9006\u5929\u4f7f", "FULLNAME": "zh-daedalus-defyingangel", "RATING": 15, "COMMENTS": "0"}, {"TITLE": "SCP-ZH-074 - \u6d77\u62c9\u7684\u6536\u5bb9\u9593", "FULLNAME": "scp-zh-074", "RATING": 12, "COMMENTS": "7"}, {"TITLE": "SCP-ZH-413 - \u542b\u7898\u6674\u5929\u5a03\u5a03", "FULLNAME": "scp-zh-413", "RATING": 17, "COMMENTS": "0"}, {"TITLE": "SCP-ZH-083 - \u9006\u9ec3\u6cc9\u7d19\u98db\u6a5f", "FULLNAME": "scp-zh-083", "RATING": 8, "COMMENTS": "0"}, {"TITLE": "SCP-ZH-302 - \u542b\u7898\u6c34\u5996\u7cbe", "FULLNAME": "scp-zh-302", "RATING": 16, "COMMENTS": "0"}, {"TITLE": "SCP-ZH-123 - \u7d66\u81ea\u5df1\u7684\u7b46\u8a18", "FULLNAME": "scp-zh-123", "RATING": 13, "COMMENTS": "0"}, {"TITLE": "SCP-ZH-073 - \u5de1\u8ff4\u6f14\u51fa\u6700\u7d42\u7ad9", "FULLNAME": "scp-zh-073", "RATING": 18, "COMMENTS": "1"}, {"TITLE": "SCP-ZH-466 - \u9b54\u8853\u7898\u8207\u5922\u5e7b\u6ce1\u5f71", "FULLNAME": "scp-zh-466", "RATING": 15, "COMMENTS": "0"}, {"TITLE": "SCP-ZH-448 - \u516d\u8292\u75c7\u5019\u7fa4", "FULLNAME": "scp-zh-448", "RATING": 15, "COMMENTS": "2"}, {"TITLE": "\u6c89\u7761", "FULLNAME": "newandnewandnew", "RATING": 13, "COMMENTS": "1"}, {"TITLE": "\u82b1\u96e8", "FULLNAME": "zh-086-flower-torment", "RATING": 16, "COMMENTS": "0"}, {"TITLE": "SCP-ZH-968 - \u57fa\u8f14\u6230\u9b3c\u986f\u73fe\u4e4b\u6642", "FULLNAME": "scp-zh-968", "RATING": 25, "COMMENTS": "4"}, {"TITLE": "\u4e00\u5b9a\u662f\u5047\u7684", "FULLNAME": "must-be-fake", "RATING": 14, "COMMENTS": "0"}, {"TITLE": "SCP-ZH-179 - \u51a4\u6789", "FULLNAME": "scp-zh-179", "RATING": 16, "COMMENTS": "0"}, {"TITLE": "SCP-ZH-922 - \u99ac\u862d\u59d1\u5a18", "FULLNAME": "scp-zh-922", "RATING": 26, "COMMENTS": "1"}, {"TITLE": "\u85dd\u8853\u4f5c\u54c1\uff1aSCP-ZH-922\uff08SamScript\u7248\uff09", "FULLNAME": "cidal-dongi-by-samscript", "RATING": 11, "COMMENTS": "0"}, {"TITLE": "\u85dd\u8853\u4f5c\u54c1\uff1aSCP-ZH-922\uff08LuLu_Lucifelle\u7248\uff09", "FULLNAME": "cidal-dongi-by-lulu-lucifelle", "RATING": 12, "COMMENTS": "0"}, {"TITLE": "\u6b61\u8fce\uff0c\u656c\u555f\u8005", "FULLNAME": "multiversal-valentine", "RATING": 18, "COMMENTS": "0"}, {"TITLE": "Myosotis", "FULLNAME": "myosotis", "RATING": 17, "COMMENTS": "0"}, {"TITLE": "\u8fd1\u671f\u7684\u5275\u4f5c\uff08\u4e00\uff09", "FULLNAME": "sq-artwork-1a", "RATING": 16, "COMMENTS": "0"}, {"TITLE": "\u7dad\u5b89\u4e8b\u6545ZH-330-2", "FULLNAME": "incident-zh-330-2", "RATING": 11, "COMMENTS": "0"}, {"TITLE": "SCP-ZH-180 - \u5b89 \u59ae :-)", "FULLNAME": "scp-zh-180", "RATING": 23, "COMMENTS": "2"}, {"TITLE": "\u51b0\u7bb1", "FULLNAME": "fridge", "RATING": 15, "COMMENTS": "0"}, {"TITLE": "SCP-ZH-962 - \u4f3c\u662f\u800c\u975e", "FULLNAME": "scp-zh-962", "RATING": 19, "COMMENTS": "2"}, {"TITLE": "SCP-ZH-244 - \u6211\u56de\u4f86\u4e86", "FULLNAME": "scp-zh-244", "RATING": 24, "COMMENTS": "1"}, {"TITLE": "\u6211\u56de\u4f86\u56c9", "FULLNAME": "i-m-home", "RATING": 12, "COMMENTS": "0"}, {"TITLE": "SCP-ZH-699 - \u4e3b\u4eba\uff01\u4e3b\u4eba\uff01\u4e3b\u4eba\uff01\u4e3b\u4eba\uff01\u4e3b\u4eba\uff01\u4e3b\u4eba\uff01\u4e3b\u4eba\uff01\u4e3b\u4eba\uff01\u4e3b\u4eba\uff01", "FULLNAME": "scp-zh-699", "RATING": 14, "COMMENTS": "3"}, {"TITLE": "\u90a3\u662f\u4e00\u9593\u5c0f\u6728\u5c4b", "FULLNAME": "wanderers:that-is-a-cabin", "RATING": 8, "COMMENTS": "0"}, {"TITLE": "\u5927\u975c\u8b10\u524d\uff0c\u5e73\u5b89\uff0c\u5373\u662f\u559c\u6a02\u3002", "FULLNAME": "the-last-christmas-of-peace", "RATING": 8, "COMMENTS": "0"}, {"TITLE": "SCP-ZH-632 - Can you hear me?", "FULLNAME": "scp-zh-632", "RATING": 9, "COMMENTS": "1"}, {"TITLE": "\u8de8\u5e74\u591c\uff0c\u52a0\u73ed\u591c", "FULLNAME": "work-overtime-night-2023", "RATING": 13, "COMMENTS": "0"}]