[{"TITLE": "\u7ad9\u9ede\u7da0\u5316\u63d0\u6848", "FULLNAME": "greening", "RATING": 18, "COMMENTS": "1"}, {"TITLE": "SCP-ZH-600 - \u50b3\u9001\u9580\u5148\u751f", "FULLNAME": "scp-zh-600", "RATING": 22, "COMMENTS": "0"}, {"TITLE": "SCP-ZH-60053-J - HONK", "FULLNAME": "scp-zh-60053-j", "RATING": 45, "COMMENTS": "7"}, {"TITLE": "SCP-ZH-202 - \u601d\u60f3\u626d\u86cb\u6a5f", "FULLNAME": "scp-zh-202", "RATING": 12, "COMMENTS": "1"}, {"TITLE": "\u6709\u95dc\u6279\u51c6\u4f7f\u7528\u6a21\u56e0\u88fd\u5291\u5354\u52a9\u5c0d\u9d5d\u5f62\u60e1\u9b54\u5be6\u9ad4\u9032\u884c\u9a45\u9b54\u7684\u7533\u8acb", "FULLNAME": "grant-request-for-utilization-of-memetic-agent-to-assist-per", "RATING": 17, "COMMENTS": "1"}, {"TITLE": "SCP-ZH-857 - dado\u7684\u597d\u559d\u5230\u7206\u73cd\u73e0\u5976\u8336\u676f", "FULLNAME": "scp-zh-857", "RATING": 12, "COMMENTS": "11"}, {"TITLE": "\u6536\u5bb9\u5ba4ZH-S12-E-024\u5be6\u9a57\u7d00\u9304", "FULLNAME": "scp-zh-024", "RATING": 35, "COMMENTS": "0"}, {"TITLE": "2021\u611a\u4eba\u7bc0\u4e3b\u9801", "FULLNAME": "super-cooking-pot", "RATING": 24, "COMMENTS": "10"}, {"TITLE": "SCP-ZH-00l", "FULLNAME": "scp-zh-00l", "RATING": 13, "COMMENTS": "5"}, {"TITLE": "SCP-ZH-185 - \u4e56\u4e56\u7a69\u5b9a\u5668", "FULLNAME": "scp-zh-185", "RATING": 19, "COMMENTS": "11"}, {"TITLE": "SCP-ZH-1000-EX", "FULLNAME": "scp-zh-1000-ex", "RATING": 18, "COMMENTS": "5"}, {"TITLE": "\u4e2d\u6e2f\u8def\u4e0a\u6c92\u6709\u4eba\u53ea\u6709\u91ce\u72fc", "FULLNAME": "wolf-125", "RATING": 16, "COMMENTS": "3"}, {"TITLE": "SCP-ZH-220 - H.K.\u6c38\u9060\u7684\u5bb6", "FULLNAME": "scp-zh-220", "RATING": 21, "COMMENTS": "0"}, {"TITLE": "SCP-ZH-048 - \u528d\u8207\u9b54\u6cd5\u8207\u8336\u4e4b\u9b54\u624b", "FULLNAME": "scp-zh-048", "RATING": 21, "COMMENTS": "2"}, {"TITLE": "\u7dad\u5b89\u8a2d\u65bd\u6a94\u6848\uff1aSite-ZH-13", "FULLNAME": "site-zh-13", "RATING": 9, "COMMENTS": "2"}, {"TITLE": "\u5c0d\u5411\u5217\u8eca\u7684\u72c2\u5954\u4eba\u5f71", "FULLNAME": "running-shadow-of-the-opposite-train", "RATING": 14, "COMMENTS": "8"}, {"TITLE": "\u67d0\u4eba\u7684\u5922", "FULLNAME": "benitoite-little-pigeon-halloween", "RATING": 14, "COMMENTS": "0"}, {"TITLE": "SCP-ZH-049 - \u8d85\u6536\u5bb9", "FULLNAME": "scp-zh-049", "RATING": 9, "COMMENTS": "4"}, {"TITLE": "\u8cc7\u672c\u4e3b\u7fa9\u3001\u4f86\u8972", "FULLNAME": "capitalism-attack", "RATING": 13, "COMMENTS": "3"}, {"TITLE": "SCP-ZH-769 - \u98df\u7269", "FULLNAME": "scp-zh-769", "RATING": 10, "COMMENTS": "2"}, {"TITLE": "\u4ee3\u9054\u6d1b\u65af\u8a08\u756b", "FULLNAME": "zh-daedalus", "RATING": 12, "COMMENTS": "2"}, {"TITLE": "SCP-ZH-832 - \u56de\u6eab", "FULLNAME": "scp-zh-832", "RATING": 10, "COMMENTS": "3"}, {"TITLE": "SCP-ZH-226 - \u51ac\u65e5\u5973\u5b69", "FULLNAME": "scp-zh-226", "RATING": 14, "COMMENTS": "0"}, {"TITLE": "SCP-ZH-399 - \u6211\u5011\u5fc3\u4e2d\u7684444\u865f\u8996\u807d\u6559\u5ba4", "FULLNAME": "scp-zh-399", "RATING": 32, "COMMENTS": "0"}, {"TITLE": "\u300cSCP-ZH-999\u300d \uff1a\u300a\u5de5\u300b", "FULLNAME": "zh999-contest", "RATING": 13, "COMMENTS": "0"}, {"TITLE": "\u7e41\u4e2d\u7ba1\u7406\u54e1\u7b46\u8a18\uff1a2021\u5e74\u56de\u9867", "FULLNAME": "note-for-u-guys-2021", "RATING": 35, "COMMENTS": "4"}, {"TITLE": "SCP-ZH-916 - \u5922\u8ff4\u7194\u7210", "FULLNAME": "scp-zh-916", "RATING": 19, "COMMENTS": "3"}, {"TITLE": "SCP-ZH-082 - \u5c0f\u871c\u8702\u9910\u8eca", "FULLNAME": "scp-zh-082", "RATING": 24, "COMMENTS": "0"}, {"TITLE": "SCP-ZH-065 - \u8461\u63d0\u85a9\u57f5", "FULLNAME": "scp-zh-065", "RATING": 9, "COMMENTS": "4"}, {"TITLE": "SCP-ZH-999\uff0d\u4eba\u5011\u6b20\u4ed6\u500b\u7e3d\u7d71\u5e2d\u4f4d", "FULLNAME": "scp-zh-999", "RATING": 57, "COMMENTS": "13"}, {"TITLE": "\u4f60\u5728\u54ea\u88e1\uff1f", "FULLNAME": "where-are-you-we-will-be-together-forever", "RATING": 6, "COMMENTS": "3"}, {"TITLE": "SCP-ZH-063 - \u6b61 \u7b11 \u4e0d \u518d", "FULLNAME": "scp-zh-063", "RATING": 18, "COMMENTS": "0"}, {"TITLE": "SCP-ZH-534 - \u9019\u662f\u5728\u8cbc\u5565\u5566", "FULLNAME": "scp-zh-534", "RATING": 4, "COMMENTS": "5"}, {"TITLE": "SCP-ZH-151 - \u51b7\u6f20\u6bba", "FULLNAME": "scp-zh-151", "RATING": 12, "COMMENTS": "0"}, {"TITLE": "SCP-ZH-094 - \u5931\u6557\u4f5c", "FULLNAME": "scp-zh-094", "RATING": 17, "COMMENTS": "1"}, {"TITLE": "\u6069\u624b\u6559\u8a69\u6b4c\uff0d\u6190\u624b", "FULLNAME": "zh-bt-hand-mercy", "RATING": 5, "COMMENTS": "0"}, {"TITLE": "SCP-ZH-540 - Alone In The Dark", "FULLNAME": "scp-zh-540", "RATING": 11, "COMMENTS": "2"}, {"TITLE": "SCP-ZH-107 - \u6355\u9ce5\u96f2", "FULLNAME": "scp-zh-107", "RATING": 19, "COMMENTS": "0"}, {"TITLE": "SCP-ZH-643 - \u6389\u843d", "FULLNAME": "scp-zh-643", "RATING": 10, "COMMENTS": "2"}, {"TITLE": "\u4ee3\u9054\u6d1b\u65af\u7684\u9006\u5929\u4f7f", "FULLNAME": "zh-daedalus-defyingangel", "RATING": 15, "COMMENTS": "0"}, {"TITLE": "SCP-ZH-956 - \u6bcf\u65e5\u6aa2\u67e5\u5831\u8868", "FULLNAME": "scp-zh-956", "RATING": 6, "COMMENTS": "2"}, {"TITLE": "SCP-ZH-074 - \u6d77\u62c9\u7684\u6536\u5bb9\u9593", "FULLNAME": "scp-zh-074", "RATING": 12, "COMMENTS": "7"}, {"TITLE": "SCP-ZH-223 - \u5b7d\u7a2e", "FULLNAME": "scp-zh-223", "RATING": 16, "COMMENTS": "2"}, {"TITLE": "SCP-ZH-413 - \u542b\u7898\u6674\u5929\u5a03\u5a03", "FULLNAME": "scp-zh-413", "RATING": 17, "COMMENTS": "0"}, {"TITLE": "\u52ff\u5fd8\u6211", "FULLNAME": "forget-me-not-lucifelle", "RATING": 17, "COMMENTS": "0"}, {"TITLE": "SCP-ZH-084 - \u4ee5\u6211\u70ba\u93e1", "FULLNAME": "scp-zh-084", "RATING": 9, "COMMENTS": "0"}, {"TITLE": "\u8654\u8aa0\u795e\u7236\u8207\u793e\u755c\u8f14\u5c0e\u54e1\u4e0d\u6703\u649e\u7834\u8499\u81c9\u4e0a\u53f8\u5011\u505a\u7f9e\u7f9e\u7684\u4e8b", "FULLNAME": "one-night-four-broken-hearts-in-12", "RATING": 20, "COMMENTS": "0"}, {"TITLE": "SCP-ZH-968 - \u57fa\u8f14\u6230\u9b3c\u986f\u73fe\u4e4b\u6642", "FULLNAME": "scp-zh-968", "RATING": 25, "COMMENTS": "4"}, {"TITLE": "\u4e00\u5b9a\u662f\u5047\u7684", "FULLNAME": "must-be-fake", "RATING": 14, "COMMENTS": "0"}, {"TITLE": "SCP-ZH-777 - \u4e03\u9418\u8b49\u507d\u50b3\u4e03\u97ff", "FULLNAME": "scp-zh-777", "RATING": 13, "COMMENTS": "0"}, {"TITLE": "025O\u7684\u756b", "FULLNAME": "025o-s-painting", "RATING": 18, "COMMENTS": "1"}, {"TITLE": "SCP-ZH-922 - \u99ac\u862d\u59d1\u5a18", "FULLNAME": "scp-zh-922", "RATING": 26, "COMMENTS": "1"}, {"TITLE": "SCP-ZH-116 - \u53e4\u5f80\u4eca\u4f86", "FULLNAME": "scp-zh-116", "RATING": 7, "COMMENTS": "2"}, {"TITLE": "SCP-ZH-985 - \u88ab\u62b9\u6d88\u7684\u9152\u5427\u6b77\u53f2", "FULLNAME": "scp-zh-985", "RATING": 12, "COMMENTS": "1"}, {"TITLE": "\u6d41\u9023\u5fd8\u8fd4", "FULLNAME": "the-forsaken-lake", "RATING": 9, "COMMENTS": "1"}, {"TITLE": "\u547d\u61f8\u4e00\u9d28\uff0c\u9003\u51fa\u751f\u5929", "FULLNAME": "among-in-the-duck", "RATING": 16, "COMMENTS": "6"}, {"TITLE": "\u6c38\u751f\u4e4b\u5922", "FULLNAME": "the-dream-of-immortality", "RATING": 5, "COMMENTS": "2"}, {"TITLE": "\u7570\u805e\uff1a\u4e2d\u6e2f\u8def\u4e0a\u7684\u91ce\u72fc", "FULLNAME": "wolf125again", "RATING": 6, "COMMENTS": "2"}, {"TITLE": "\u6c92\u6709\u57fa\u91d1\u6703\u7684\u90a3\u6642", "FULLNAME": "the-time-foundation-disappeared", "RATING": 24, "COMMENTS": "0"}, {"TITLE": "\u4f69\u68ee\u5c3c\u723e\u7684\u793e\u4ea4\u5a92\u9ad4\u982d\u50cf", "FULLNAME": "pthahnil-s-social-media-user-icon", "RATING": 15, "COMMENTS": "0"}, {"TITLE": "SCP-ZH-182 - \u5f15\u8a98\u589c\u6a13\u7684\u8033\u8a9e", "FULLNAME": "scp-zh-182", "RATING": 1, "COMMENTS": "6"}, {"TITLE": "\u4f60\u77e5\u9053\u55ce", "FULLNAME": "do-you-know-i-love-you", "RATING": 14, "COMMENTS": "1"}, {"TITLE": "1970-1972\u5947\u840a\u5c71\u5340\u672a\u89e3\u660e\u4e8b\u4ef6\u518d\u5be9\u63d0\u6848", "FULLNAME": "unsolved-cases-mount-qilai-1970-1972", "RATING": 13, "COMMENTS": "0"}, {"TITLE": "\u7570\u5875\u6f2b\u6b65", "FULLNAME": "a-walk-in-the-fallout", "RATING": 12, "COMMENTS": "7"}, {"TITLE": "\u8fd1\u671f\u7684\u5275\u4f5c\uff08\u4e00\uff09", "FULLNAME": "sq-artwork-1a", "RATING": 16, "COMMENTS": "0"}, {"TITLE": "\u5b89\u5854\u96f7\u65af\u904b\u52d5\u5ba3\u5c0e", "FULLNAME": "propaganda-of-the-antares-movement", "RATING": 12, "COMMENTS": "0"}, {"TITLE": "SCP-ZH-330 - \u820a\u65e5\u7684\u8a18\u61b6\u6a02\u7ae0", "FULLNAME": "scp-zh-330", "RATING": 9, "COMMENTS": "1"}, {"TITLE": "\u6c7d\u6c34\u7684\u85dd\u4f5c\u98011", "FULLNAME": "lillianasoda-artworks1", "RATING": 16, "COMMENTS": "0"}, {"TITLE": "SCP-ZH-196 - \u8207\u3164\u3164\u3164\u3164\u5a46\u5a11\u8d77\u821e", "FULLNAME": "scp-zh-196", "RATING": 17, "COMMENTS": "0"}, {"TITLE": "SCP-\u229b\u2742\u274d\u25cc", "FULLNAME": "scp-zh-868", "RATING": 15, "COMMENTS": "3"}, {"TITLE": "\u6c7d\u6c34\u7684\u85dd\u4f5c\u98012", "FULLNAME": "lillianasoda-artworks2", "RATING": 15, "COMMENTS": "0"}, {"TITLE": "SCP-ZH-706 - \u5c11\u5e74\u311f\uff0c\u53ef\u4e0d\u53ef\u4ee5\u966a\u963f\u4f2f\u627e\u56de\u5bb6\u7684\u8def\uff1f", "FULLNAME": "scp-zh-706", "RATING": 13, "COMMENTS": "0"}, {"TITLE": "SCP-ZH-403 - \u7981\u81e0\u8207\u7d42\u6b62\u7b26", "FULLNAME": "scp-zh-403", "RATING": 17, "COMMENTS": "4"}, {"TITLE": "NX-ZH-02\uff1a\u897f\u52a0\u8d70\u7063\u7fa4\u5cf6", "FULLNAME": "nx-zh-02", "RATING": 24, "COMMENTS": "1"}, {"TITLE": "\u6d77\u68e0\u4f9d\u820a", "FULLNAME": "lucid-dreams", "RATING": 24, "COMMENTS": "0"}, {"TITLE": "SCP-ZH-138 - \u672c\u6587\u4ef6\u7684\u5b58\u5132\u4f4d\u5740\u6709\u8aa4\uff0c\u5df2\u7531\u975e\u73fe\u5be6\u90e8\u9580\u7de8\u8f2f", "FULLNAME": "scp-zh-138", "RATING": 2, "COMMENTS": "2"}, {"TITLE": "\u7279\u6b8a\u914d\u5099\u300c\u4e5d\u8f49\u76d4\u300d\u5be6\u9a57\u7d00\u805e\uff1a\u8d64\u5d50\u56db\u5411", "FULLNAME": "helms-of-nine-iterations-in-red-storm-quadrants", "RATING": 10, "COMMENTS": "1"}, {"TITLE": "\u4e0d\u53ef\u4e82\u78b0\u7ba1\u7dda", "FULLNAME": "ching-sus", "RATING": 8, "COMMENTS": "0"}, {"TITLE": "D-10201", "FULLNAME": "d-10201", "RATING": 16, "COMMENTS": "2"}, {"TITLE": "\u7121\u5e8f\u5922\u56c8", "FULLNAME": "disorder-flapdoodle", "RATING": 18, "COMMENTS": "0"}, {"TITLE": "SCP-ZH-441 - \u53ea\u80fd\u4ee5\u9019\u7a2e\u65b9\u5f0f\u932f\u8aa4\u5730\u60e6\u8a18\u88ab\u78be\u58d3\u800c\u4ea1\u7684\u5c4d\u9ad4", "FULLNAME": "scp-zh-441", "RATING": 17, "COMMENTS": "1"}, {"TITLE": "\u5bd0\u5074\u64f4\u5f35", "FULLNAME": "extension-of-dream", "RATING": 12, "COMMENTS": "2"}, {"TITLE": "SCP-ZH-029 - \u77c7\u773c\u5c04\u98db\u93e2", "FULLNAME": "scp-zh-029", "RATING": 10, "COMMENTS": "1"}, {"TITLE": "\u6728\u6613\u767e\u8f09\uff1a\u798f\u723e\u6469\u6c99\u8fd1\u4ee3\u53f2\u5c55", "FULLNAME": "mu-yi-exhibition-2022", "RATING": 13, "COMMENTS": "1"}, {"TITLE": "SCP-ZH-912-J - \u5927\u5fcc", "FULLNAME": "scp-zh-912-j", "RATING": 21, "COMMENTS": "6"}, {"TITLE": "\u80cc\u9762\u7684\u96fb\u8a71\u4ead", "FULLNAME": "phone-booth5", "RATING": 17, "COMMENTS": "0"}, {"TITLE": "SCP-ZH-173 - BLACK-GROUND: The Prologue", "FULLNAME": "scp-zh-173", "RATING": 15, "COMMENTS": "2"}, {"TITLE": "SCP-ZH-824 - \u6700\u6c89\u91cd\u7684\u7e6a\u5716\u7b46", "FULLNAME": "scp-zh-824", "RATING": 12, "COMMENTS": "1"}, {"TITLE": "SCP-ZH-583-J - \u54ea\u4f86\u7684\u7334\u5b50.SCiP", "FULLNAME": "scp-zh-583-j", "RATING": 14, "COMMENTS": "4"}, {"TITLE": "\u646f\u5bd0\u8ff8\u88c2", "FULLNAME": "dreams-always-explode", "RATING": 14, "COMMENTS": "0"}, {"TITLE": "\u6c7d\u6c34\u7684\u85dd\u4f5c\u98013", "FULLNAME": "lillianasoda-artworks3", "RATING": 15, "COMMENTS": "0"}, {"TITLE": "\u5931\u53bb\u7684\u97f3\u7a0b", "FULLNAME": "lost-interval", "RATING": 5, "COMMENTS": "0"}, {"TITLE": "\u300a\u764c\u53c8\u875f\u9d28\uff1a\u7d05\u85cd\u722d\u9738\u6230\u300b", "FULLNAME": "honglam-battle", "RATING": 12, "COMMENTS": "8"}, {"TITLE": "SCP-ZH-328 - Dark Soups", "FULLNAME": "scp-zh-328", "RATING": 20, "COMMENTS": "3"}, {"TITLE": "Lostwhat\u7684\u63d0\u6848\u4e00", "FULLNAME": "lostwhat-s-proposal", "RATING": 38, "COMMENTS": "2"}, {"TITLE": "SCP-ZH-176 - \u300a\u6d77\u9dd7\u7684\u5927\u64a4\u9000\u300b", "FULLNAME": "scp-zh-176", "RATING": 22, "COMMENTS": "0"}, {"TITLE": "SCP-ZH-135 - \u8c93\u54aa\u4e0d\u548c\u6211\u73a9", "FULLNAME": "scp-zh-135", "RATING": 22, "COMMENTS": "2"}, {"TITLE": "\u5c0f\u52d5\u7269\u6a94\u6848\uff1a\u5e03\u4e39\uff01", "FULLNAME": "bhutan", "RATING": 11, "COMMENTS": "2"}, {"TITLE": "SCP-ZH-993 - \u7121\u77e5\u5247\u81ea\u7531", "FULLNAME": "scp-zh-993", "RATING": 25, "COMMENTS": "0"}, {"TITLE": "SCP-ZH-300-J - \u6211\u7684\u896a\u896a\ud83e\udd7a", "FULLNAME": "scp-zh-300-j", "RATING": 17, "COMMENTS": "6"}, {"TITLE": "SCP-ZH-646 - \u5348\u591c\u81ea\u756b", "FULLNAME": "scp-zh-646", "RATING": 15, "COMMENTS": "0"}, {"TITLE": "\u8f38\u5165\u5bc6\u5319\uff1a67337-94-505", "FULLNAME": "scp-zh-505", "RATING": 13, "COMMENTS": "0"}, {"TITLE": "\u4f46\u9858\u6211\u4e0d\u518d\u597d\u547d", "FULLNAME": "toogoodtobetrue", "RATING": 19, "COMMENTS": "1"}, {"TITLE": "\u57f7\u5de6\u9053\u8005\u7684\u81ea\u6211\u653f\u8b8a", "FULLNAME": "self-coup-of-the-knavish", "RATING": 17, "COMMENTS": "2"}, {"TITLE": "SCP-ZH-190 - \u5fc3\u9748\u7db2\u8def", "FULLNAME": "scp-zh-190", "RATING": 15, "COMMENTS": "1"}, {"TITLE": "SCP-ZH-989 - \u6211\u5011\u8166\u4e2d\u7684\u592a\u967d", "FULLNAME": "scp-zh-989", "RATING": 20, "COMMENTS": "1"}, {"TITLE": "\u85dd\u8853\u7d00\u9304\uff1a\u6821\u5916\u6559\u5b78\u3002", "FULLNAME": "art-for-2316", "RATING": 11, "COMMENTS": "0"}, {"TITLE": "SCP-ZH-230 - H.K.\u7684\u6f2b\u9577\u9918\u751f", "FULLNAME": "scp-zh-230", "RATING": 13, "COMMENTS": "0"}, {"TITLE": "SCP-ZH-157 - \u66a2\u884c\u7121\u963b", "FULLNAME": "scp-zh-157", "RATING": 14, "COMMENTS": "1"}, {"TITLE": "\u7d55\u7121\u4e8c\u5fc3", "FULLNAME": "forever-heartfelt", "RATING": 5, "COMMENTS": "0"}, {"TITLE": "\u6211\u5011\u4e4b\u4e2d\u6709\u500b\u9593\u8adc", "FULLNAME": "there-is-a-imposter-among-us", "RATING": 21, "COMMENTS": "1"}, {"TITLE": "SCP-ZH-590 - \u79c1\u4eba\u8336\u6703\u6642\u9593", "FULLNAME": "scp-zh-590", "RATING": 5, "COMMENTS": "2"}, {"TITLE": "\u84ec\u840a\u5cf6\u65b0\u5275\u6c11\u4e3b\u5f62\u5f0f\uff1a\u300c\u5275\u5236\u300d\u9996\u9577\u5c07\u65bc\u4eca\u65e5\u89e3\u51cd", "FULLNAME": "r-sinano-chuo-zhtr-2018-11-19-a222a", "RATING": 18, "COMMENTS": "2"}, {"TITLE": "SCP-ZH-962 - \u4f3c\u662f\u800c\u975e", "FULLNAME": "scp-zh-962", "RATING": 19, "COMMENTS": "2"}, {"TITLE": "\u557c\u8840\u9ce5", "FULLNAME": "flock-of-bloods", "RATING": 13, "COMMENTS": "2"}, {"TITLE": "\u66f9\u95be\u8776", "FULLNAME": "artworks", "RATING": 17, "COMMENTS": "2"}, {"TITLE": "\u6b61\u8fce\u56de\u5bb6", "FULLNAME": "fog-house", "RATING": 19, "COMMENTS": "3"}, {"TITLE": "\u9ed1\u8272\u83ef\u723e\u6ecb", "FULLNAME": "pitch-dark-walts", "RATING": 12, "COMMENTS": "0"}, {"TITLE": "\u6842\u82b1\u548c\u6d0b\u7518\u83ca", "FULLNAME": "tea-rain-halloween2022", "RATING": 16, "COMMENTS": "1"}, {"TITLE": "SCP-ZH-268 - \u5fc3\u8072", "FULLNAME": "scp-zh-268", "RATING": 7, "COMMENTS": "2"}, {"TITLE": "\u9716\u8336", "FULLNAME": "rain-and-tea", "RATING": 13, "COMMENTS": "3"}, {"TITLE": "\u9152\u55ae\uff1a\u98db\u884c", "FULLNAME": "aviation", "RATING": 13, "COMMENTS": "1"}, {"TITLE": "\u6b98\u97ff", "FULLNAME": "reverberate", "RATING": 16, "COMMENTS": "4"}, {"TITLE": "SCP-ZH-244 - \u6211\u56de\u4f86\u4e86", "FULLNAME": "scp-zh-244", "RATING": 24, "COMMENTS": "1"}, {"TITLE": "\u9163\u591c\u6afb\u83ef \u4e2d\u5fc3\u9801", "FULLNAME": "site-zh-16-4th-staff-restaurant-hub", "RATING": 7, "COMMENTS": "2"}, {"TITLE": "\u56de\u5c71\uff0c\u56de\u5bb6", "FULLNAME": "a-home-welcoming-story-rsr-lu", "RATING": 10, "COMMENTS": "0"}, {"TITLE": "SCP-ZH-765 - \u9955\u6848\u992e\u7258", "FULLNAME": "scp-zh-765", "RATING": 8, "COMMENTS": "1"}, {"TITLE": "\u4fe1\u4ef6\u554a\u4fe1\u4ef6", "FULLNAME": "wanderers:letter-ah-letter", "RATING": 7, "COMMENTS": "0"}, {"TITLE": "\u592a\u967d\u7981\u6b62\u9032\u5165", "FULLNAME": "wanderers:eos-and-sun", "RATING": 20, "COMMENTS": "1"}, {"TITLE": "\u74f6\u4e2d\u7684\u78a7\u7fe0\u6602", "FULLNAME": "wanderers:homunculus", "RATING": 20, "COMMENTS": "0"}, {"TITLE": "\u6885\u723e\u8207\u73cd\u73e0", "FULLNAME": "wanderers:pearl", "RATING": 19, "COMMENTS": "2"}, {"TITLE": "\u8b6f\u8005\u521d\u6821\u81ea\u884c\u6aa2\u67e5\u8868", "FULLNAME": "your-first-translation", "RATING": 23, "COMMENTS": "0"}, {"TITLE": "SCP-ZH-246 - \u9ede\u64ca\u6ed1\u9f20\u62ef\u6551\u751f\u547d", "FULLNAME": "scp-zh-246", "RATING": 10, "COMMENTS": "0"}, {"TITLE": "\u8b58\u5225\u8b49", "FULLNAME": "identification-card", "RATING": 7, "COMMENTS": "0"}, {"TITLE": "\u771f\u7d00\u8207\u79ae\u7afa", "FULLNAME": "merry-christmas-mkm", "RATING": 14, "COMMENTS": "2"}, {"TITLE": "SCP-ZH-848 - \u8840\u6d78\u5cf6", "FULLNAME": "scp-zh-848", "RATING": 12, "COMMENTS": "0"}, {"TITLE": "\u5927\u975c\u8b10\u524d\uff0c\u5e73\u5b89\uff0c\u5373\u662f\u559c\u6a02\u3002", "FULLNAME": "the-last-christmas-of-peace", "RATING": 8, "COMMENTS": "0"}, {"TITLE": "\u6bcf\u5206\u6bcf\u79d2\u90fd\u5728\u4e16\u754c\u6bc0\u6ec5", "FULLNAME": "divina-commedia", "RATING": 11, "COMMENTS": "1"}, {"TITLE": "SCP-ZH-598 - \u4e0a\u4e3b\u7684\u5bf6\u5ea7", "FULLNAME": "scp-zh-598", "RATING": 11, "COMMENTS": "0"}, {"TITLE": "\u8de8\u5e74\u591c\uff0c\u52a0\u73ed\u591c", "FULLNAME": "work-overtime-night-2023", "RATING": 13, "COMMENTS": "0"}, {"TITLE": "SCP-835-JP", "FULLNAME": "scp-835-jp-art", "RATING": 8, "COMMENTS": "0"}, {"TITLE": "\u85dd\u8853\u4f5c\u54c1\uff1aSCP-ZH-922", "FULLNAME": "scp-zh-922-art", "RATING": 11, "COMMENTS": "0"}, {"TITLE": "\u9a5f\u96e8\u68cb\u6cd5\u50b3\u8aaa\u521d\u77a5", "FULLNAME": "first-glimpse-into-legend-of-shower-chess-style", "RATING": 6, "COMMENTS": "0"}]