[{"TITLE": "SCP-ZH-035 - \u8dd1\u9177\u8005", "FULLNAME": "scp-zh-035", "RATING": 21, "COMMENTS": "0"}, {"TITLE": "SCP-ZH-005 - \u5047\u5982\u4f60\u6c92\u6709\u8f49\u767c\u9019\u7bc7\u6587\u6a94\u7d66\u5341\u500b\u670b\u53cb\uff0c\u90a3\u9ebc\u2026\u2026\u2026\u2026", "FULLNAME": "scp-zh-005", "RATING": 62, "COMMENTS": "0"}, {"TITLE": "SCP-ZH-041 - \u5922\u60f3", "FULLNAME": "scp-zh-041", "RATING": 20, "COMMENTS": "4"}, {"TITLE": "SCP-ZH-025 - \u96ea\u82b1\u5c0f\u8c93\u54aa", "FULLNAME": "scp-zh-025", "RATING": 16, "COMMENTS": "2"}, {"TITLE": "SCP-ZH-002 - \u53f0\u7063\u7368\u89d2\u7378", "FULLNAME": "scp-zh-002", "RATING": 37, "COMMENTS": "13"}, {"TITLE": "Off Work", "FULLNAME": "pry", "RATING": 18, "COMMENTS": "2"}, {"TITLE": "SCP-ZH-014 - \u4eba\u9b5a\u516c\u4e3b\u7684\u6545\u4e8b", "FULLNAME": "scp-zh-014", "RATING": 20, "COMMENTS": "4"}, {"TITLE": "SCP-ZH-040 - \u89c0\u773e\u8996\u89d2", "FULLNAME": "scp-zh-040", "RATING": 12, "COMMENTS": "1"}, {"TITLE": "SCP-ZH-042 - \u6368\u8eab\u9935\u4eba", "FULLNAME": "scp-zh-042", "RATING": 17, "COMMENTS": "1"}, {"TITLE": "\u6536\u5bb9\u5ba4ZH-S12-E-024\u5be6\u9a57\u7d00\u9304", "FULLNAME": "scp-zh-024", "RATING": 35, "COMMENTS": "0"}]