[{"TITLE": "SCP-ZH-919 - \u5b88\u9580\u54e1", "FULLNAME": "scp-zh-919", "RATING": 0, "COMMENTS": "3"}, {"TITLE": "SCP-ZH-323 - \u966a\u6211\u73a9", "FULLNAME": "scp-zh-323", "RATING": 10, "COMMENTS": "3"}, {"TITLE": "SCP-ZH-105 - \u4e0d\u5b5d\u5b50", "FULLNAME": "scp-zh-105", "RATING": 66, "COMMENTS": "5"}, {"TITLE": "SCP-ZH-077", "FULLNAME": "scp-zh-077", "RATING": 17, "COMMENTS": "3"}, {"TITLE": "\u5047\u5982\u4f60\u4f86\u5230\u9019\u500b\u5b87\u5b99\u8acb\u4fdd\u6301\u51b7\u975c", "FULLNAME": "you-need-icecream-in-summer", "RATING": 31, "COMMENTS": "1"}, {"TITLE": "SCP-ZH-174 - \u975e\u5e38\u666e\u901a\uff0c\u518d\u666e\u901a\u4e0d\u904e\u7684\u7dda\u9999", "FULLNAME": "scp-zh-174", "RATING": 26, "COMMENTS": "4"}, {"TITLE": "SCP-ZH-815 - \u4e00\u5bb6\u70e4\u8089\u842c\u5bb6\u9999", "FULLNAME": "scp-zh-815", "RATING": 35, "COMMENTS": "8"}, {"TITLE": "SCP-ZH-087 - \u68c4\u7a3f", "FULLNAME": "scp-zh-087", "RATING": 31, "COMMENTS": "4"}, {"TITLE": "SCP-ZH-043 - \u5fa9\u539f\u80a5\u7682", "FULLNAME": "scp-zh-043", "RATING": 4, "COMMENTS": "3"}, {"TITLE": "SCP-ZH-9288-EX", "FULLNAME": "scp-zh-9288-ex", "RATING": 45, "COMMENTS": "5"}, {"TITLE": "SCP-ZH-120 - \u865b\u69cb\u7684\u6211\u5011", "FULLNAME": "scp-zh-120", "RATING": 40, "COMMENTS": "4"}, {"TITLE": "SCP-ZH-044 - \u77f3\u7011\u72fb\u730a", "FULLNAME": "scp-zh-044", "RATING": 22, "COMMENTS": "3"}, {"TITLE": "\u679d\u8449\u4e0d\u518d\uff0c\u8840\u82b1\u5e38\u9752", "FULLNAME": "alive-evergreen", "RATING": 6, "COMMENTS": "0"}, {"TITLE": "SCP-ZH-60053-J - HONK", "FULLNAME": "scp-zh-60053-j", "RATING": 45, "COMMENTS": "7"}, {"TITLE": "SCP-ZH-055 - \u505a\u4f60\u81ea\u5df1\u7684\u4e3b\u5eda\uff0c\u96a8\u6642\u96a8\u5730\u958b\u52d5\u5427\uff01", "FULLNAME": "scp-zh-055", "RATING": 18, "COMMENTS": "3"}, {"TITLE": "SCP-ZH-520 - \u611b\u7684\u5e7b\u8c61", "FULLNAME": "scp-zh-520", "RATING": 16, "COMMENTS": "2"}, {"TITLE": "SCP-ZH-103 - \u6613\u5f62\u9d1e\u9b54", "FULLNAME": "scp-zh-103", "RATING": 15, "COMMENTS": "2"}, {"TITLE": "\u300c\u4e09\u57a3\u300d\u4e2d\u5fc3\u9801", "FULLNAME": "three-enclosures-hub", "RATING": 19, "COMMENTS": "0"}, {"TITLE": "SCP-ZH-291 - \u8b0e\u4e4b\u5916\u661f\u8840\u6676\u87b3\u8782\u8513", "FULLNAME": "scp-zh-291", "RATING": 1, "COMMENTS": "17"}, {"TITLE": "SCP-ZH-103 \u76f8\u95dc\u5be6\u9a57\u8a18\u9304", "FULLNAME": "scp-zh-103-experiment-log", "RATING": 16, "COMMENTS": "3"}, {"TITLE": "SCP-ZH-229-EX", "FULLNAME": "scp-zh-229-ex", "RATING": 16, "COMMENTS": "1"}, {"TITLE": "\u83f8\u8207\u7dda", "FULLNAME": "cigaret-and-thread", "RATING": 6, "COMMENTS": "2"}, {"TITLE": "SCP-ZH-1766-EX - \u65c5\u9d3f", "FULLNAME": "scp-zh-1766-ex", "RATING": 4, "COMMENTS": "1"}, {"TITLE": "SCP-ZH-015 - \u4e03\u4eba\u516b\u7b11", "FULLNAME": "scp-zh-015", "RATING": 23, "COMMENTS": "0"}, {"TITLE": "\u5c0f\u52d5\u7269\u7c21\u4ecb\uff1aSurge\uff01", "FULLNAME": "critter-profile-surge", "RATING": 25, "COMMENTS": "2"}, {"TITLE": "\u90a3\u4e9b\u88ab\u7576\u6210\u85e5\u7269\u5bb0\u4f86\u5403\u7684\u4eba\u5011", "FULLNAME": "sh-cannibalism-in-taiwan", "RATING": 13, "COMMENTS": "5"}, {"TITLE": "\u84ec\u840a\u5cf6\u65b0\u5275\u6c11\u4e3b\u5f62\u5f0f\uff1a\u300c\u5275\u5236\u300d\u9996\u9577\u5c07\u65bc\u4eca\u65e5\u89e3\u51cd", "FULLNAME": "r-sinano-chuo-zhtr-2018-11-19-a222a", "RATING": 18, "COMMENTS": "2"}, {"TITLE": "\u7e41\u4e2d\u5b98\u65b9\u5316\u8cc0\u5716", "FULLNAME": "scp", "RATING": 20, "COMMENTS": "2"}, {"TITLE": "\u88ab\u62b9\u53bb\u7684\u8840\u75d5", "FULLNAME": "scp-835-jp-uncontained", "RATING": 10, "COMMENTS": "0"}, {"TITLE": "\u6c99\u7687\u5148\u77e5\u5354\u6703\u64ec\u4eba-\u5947\u8853\u8b1b\u89e3\u7bc7", "FULLNAME": "tsars-seers-art-thaumatology", "RATING": 18, "COMMENTS": "4"}, {"TITLE": "\u5bb6\u7956\u7236\u8207\u897f\u4f2f\u5229\u4e9e\u6291\u7559\u9023\u7e8c\u5931\u8e64\u4e8b\u4ef6", "FULLNAME": "grandfather-and-japanese-prisoners-of-war-in-the-soviet-unio", "RATING": 6, "COMMENTS": "0"}, {"TITLE": "\u82b1\u8a9e\uff1a\u82b1\u6bdb\u831b", "FULLNAME": "ranunculus", "RATING": 18, "COMMENTS": "3"}, {"TITLE": "\u6bba\u6b7b\u4e00\u96bb\u77e5\u66f4\u9ce5\u3002", "FULLNAME": "it-was-not-my-fault", "RATING": 22, "COMMENTS": "2"}, {"TITLE": "\u7d42\u671f\u6d88\u6bd2\uff0c\u7184\u71c8\u865f", "FULLNAME": "mtf15-14-td1", "RATING": 13, "COMMENTS": "0"}, {"TITLE": "\u672a\u7f72\u540d\u7684\u8056\u8a95\u79ae\u7269 Site-ZH-02", "FULLNAME": "xmas-gift-but-have-no-signature-02", "RATING": 8, "COMMENTS": "0"}, {"TITLE": "\u7d00\u9304\u53ca\u8a0a\u606f\u5b89\u5168\u7ba1\u7406\u90e8\u9580\u7279\u6b8a\u6587\u4ef6\uff0d\u8207\u674e\u7e3d\u7d71\u767b\u8f1d\u5148\u751f\u76f8\u95dc\u7684\u5c08\u8a2a", "FULLNAME": "raisa-lee-teng-hui", "RATING": 17, "COMMENTS": "1"}, {"TITLE": "\u751f\u547d\u71c8\u570b\u969b\u707d\u96e3\u6551\u52a9\u6a5f\u69cb\u4f7f\u547d\u5ba3\u8a00", "FULLNAME": "mtf15-21-manifesto", "RATING": 12, "COMMENTS": "2"}, {"TITLE": "\u84bc\u767d\u7684\u672b\u671f\u60a3\u8005", "FULLNAME": "81q5-sadness-pink", "RATING": 18, "COMMENTS": "0"}, {"TITLE": "\u93e1\u4e2d\u7684\u6211\u5982\u662f\u8aaa", "FULLNAME": "in-the-mirror", "RATING": 12, "COMMENTS": "0"}, {"TITLE": "\u96f2\u6e67", "FULLNAME": "cloud-well", "RATING": 13, "COMMENTS": "0"}, {"TITLE": "\u9858\u541b\u5b89\u597d", "FULLNAME": "wish-you-safe-and-sound", "RATING": 24, "COMMENTS": "0"}, {"TITLE": "SCP-ZH-791 - \u9322\u6e90", "FULLNAME": "scp-zh-791", "RATING": 9, "COMMENTS": "0"}, {"TITLE": "\u7b2c\u516b\u5c46\u4e16\u754c\u8d85\u885b\u751f\u5927\u6703\u5982\u671f\u8209\u884c\u3000\u8a0e\u8ad6\u300c\u7d42\u5e74\u75c7\u5019\u7fa4\u300d\u518d\u64f4\u6563\u554f\u984c", "FULLNAME": "r-sinano-chuo-co-jp-2030-5-12-f9r324", "RATING": 15, "COMMENTS": "0"}, {"TITLE": "SCP-ZH-878 - \u5a03\u5a03\u6536\u96c6\u8005", "FULLNAME": "scp-zh-878", "RATING": 20, "COMMENTS": "0"}, {"TITLE": "\u8056\u591c\u76f8\u5b88\uff1a\u54aa\u5440\u65b9\u584a\u548c\u8c9d\u7238\u9945\u982d", "FULLNAME": "researcher-hg-s-christmas-3dpaint-art", "RATING": 10, "COMMENTS": "0"}, {"TITLE": "\u975e\u76f8\u95dc\u4eba\u54e1\u7981\u6b62\u95b1\u89bd", "FULLNAME": "adult:unrelated-person-do-not-read", "RATING": 16, "COMMENTS": "2"}, {"TITLE": "\u72fc\u982d", "FULLNAME": "hammer", "RATING": 11, "COMMENTS": "0"}, {"TITLE": "\u8056\u8a95\u8207\u842c\u8056\u50c5\u6709\u4e00\u7dda\u4e4b\u9694", "FULLNAME": "christmas-or-halloween", "RATING": 17, "COMMENTS": "2"}, {"TITLE": "ZH\uff0c025\uff0c1225", "FULLNAME": "zh-025-xmas", "RATING": 18, "COMMENTS": "4"}, {"TITLE": "\u6674\u96e8", "FULLNAME": "sun-shower-metha", "RATING": 12, "COMMENTS": "2"}, {"TITLE": "\u6700\u597d\u7684\u5c0f\u6728\u5c4b", "FULLNAME": "bestcabin", "RATING": 4, "COMMENTS": "2"}, {"TITLE": "SCP-ZH-647 - \u5634\u7832\u8001\u4eba", "FULLNAME": "scp-zh-647", "RATING": 32, "COMMENTS": "4"}, {"TITLE": "\u7e3d\u4e4b\u9019\u662f\u4efd\u9072\u4ea4\u7684\u8056\u8a95\u79ae\u7269", "FULLNAME": "merry-xmas-onhg", "RATING": 13, "COMMENTS": "3"}, {"TITLE": "\u5c11\u5973\u8e8d\u7136\u65bc\u7d19\u4e0a", "FULLNAME": "riariaria", "RATING": 10, "COMMENTS": "1"}, {"TITLE": "\u53f0\u7063\u7570\u65b0\u5831\u3001\u662d\u548c\u5341\u5e74\u5341\u4e00\u6708\u4e00\u65e5", "FULLNAME": "taiwan-newspaper", "RATING": 17, "COMMENTS": "4"}, {"TITLE": "\u6b98\u5f71", "FULLNAME": "afterimage", "RATING": 14, "COMMENTS": "2"}, {"TITLE": "\u96f7\u5c04\u96d5\u523b\u2500\u2500Site-ZH-12", "FULLNAME": "site-zh-12-made-with-wood", "RATING": 17, "COMMENTS": "0"}, {"TITLE": "\u8ce6\u5176\u4ee5\u5f62", "FULLNAME": "give-it-shape", "RATING": 19, "COMMENTS": "1"}, {"TITLE": "\u5047\u9762\u9a0e\u58ebAD\u7247\u982d\u4e3b\u984c\u66f2\uff1a\u5922\u60f3\u8207\u7f6a\u60e1\u4e4b\u9593", "FULLNAME": "between-dream-and-sin", "RATING": 13, "COMMENTS": "7"}, {"TITLE": "\u7bc0\u6176\u7684\u984f\u8272", "FULLNAME": "festive-colors", "RATING": 16, "COMMENTS": "1"}, {"TITLE": "SCP-ZH-526 - \u6211\u5c31\u662f\u4e00\u53f0\u70e4\u571f\u53f8\u6a5f", "FULLNAME": "scp-zh-526", "RATING": 18, "COMMENTS": "1"}, {"TITLE": "\u7d05\u5b64\u633a", "FULLNAME": "wanderers", "RATING": 7, "COMMENTS": "0"}, {"TITLE": "\u5b78\u751f\u6a94\u6848-S16905160", "FULLNAME": "st-christina-college", "RATING": 6, "COMMENTS": "1"}, {"TITLE": "\u9280\u8272\u4e4b\u5f8c", "FULLNAME": "behind-the-silver", "RATING": 10, "COMMENTS": "2"}, {"TITLE": "\u7206\u65cb\u58fd\u53f8 \u9752\u9f8d\u821e\u516e \u6731\u96c0\u98db\u7fd4", "FULLNAME": "sushi-dragon-phoenix", "RATING": 15, "COMMENTS": "0"}, {"TITLE": "SCP-ZH-079 - \u76ee\u6a19\uff0c\u89aa\u738b\uff0c\u64ca\u767c", "FULLNAME": "scp-zh-079", "RATING": 12, "COMMENTS": "1"}, {"TITLE": "\u7121\u9762\u7684\u6c99\u5834", "FULLNAME": "a-battlefield-without-emotion", "RATING": 9, "COMMENTS": "0"}, {"TITLE": "\u8868\u5c64\u8b8a\u52d5", "FULLNAME": "one-of-the-secrets", "RATING": 18, "COMMENTS": "2"}, {"TITLE": "SCP-ZH-248 - \u5c24\u65af\u8482\u4e9e\u75c7\u5019\u7fa4", "FULLNAME": "scp-zh-248", "RATING": 21, "COMMENTS": "1"}, {"TITLE": "SCP-ZH-2005-EX", "FULLNAME": "scp-zh-2005-ex", "RATING": 58, "COMMENTS": "1"}, {"TITLE": "\u4f0a\u4f3d\u59ca\u59ca\u53bb\u54ea\u4e86?", "FULLNAME": "zh-248-f004", "RATING": 14, "COMMENTS": "0"}, {"TITLE": "\u751f\u91ab\u5275\u4f5c\u8207\u4f60\uff1a\u5beb\u7d66\u57fa\u91d1\u6703\u4f5c\u5bb6\u7684\u540d\u8a5e\u8fa8\u6790", "FULLNAME": "biomedical-sense-zh", "RATING": 14, "COMMENTS": "1"}, {"TITLE": "SCP-ZH-204 - \u7d05\u5305\u9999", "FULLNAME": "scp-zh-204", "RATING": 17, "COMMENTS": "0"}, {"TITLE": "\u7236\u89aa\u548c\u5152\u5b50", "FULLNAME": "fatherandson", "RATING": 14, "COMMENTS": "0"}, {"TITLE": "\u6162\u6027\u5b58\u6d3b", "FULLNAME": "chronic-survival", "RATING": 13, "COMMENTS": "2"}, {"TITLE": "\u8868\u6f14", "FULLNAME": "first-performance", "RATING": 7, "COMMENTS": "1"}, {"TITLE": "\u85dd\u8853\u7d00\u9304\uff1a\u7db2\u8def\u7d05\u4eba\u3002", "FULLNAME": "art-for-zh2005ex", "RATING": 15, "COMMENTS": "0"}, {"TITLE": "\u5c0d\u65bc\u706b\u934b\u7684\u617e\u671b", "FULLNAME": "whatyousay", "RATING": 9, "COMMENTS": "1"}, {"TITLE": "\u7dda\u7684\u53e6\u4e00\u7aef", "FULLNAME": "red-red-string", "RATING": 11, "COMMENTS": "0"}, {"TITLE": "\u6d17\u6a19\uff1a\u7d051354-\u6df1\u5165\u50b3\u7d71\u7d0d\u9913\u5361\u90e8\u843d", "FULLNAME": "red-1354", "RATING": 17, "COMMENTS": "1"}, {"TITLE": "SCP-ZH-172 - \u8840\u7d19", "FULLNAME": "scp-zh-172", "RATING": 6, "COMMENTS": "9"}, {"TITLE": "\u6b78\u9014", "FULLNAME": "backtohome", "RATING": 5, "COMMENTS": "1"}, {"TITLE": "\u4ed6\u8072\u4e4b\u75d5", "FULLNAME": "trace-of-many-voices", "RATING": 8, "COMMENTS": "0"}, {"TITLE": "Dr. Bales\u7684\u65e5\u5e38\u5c0f\u54c1\u96c6\u9326 \u4e8c", "FULLNAME": "bales-s-daily-2", "RATING": 17, "COMMENTS": "1"}, {"TITLE": "SCP-ZH-404 - \u7121\u6cd5\u9003\u96e2", "FULLNAME": "scp-zh-404", "RATING": 8, "COMMENTS": "6"}, {"TITLE": "Nihilmace\u8207Valmua", "FULLNAME": "k1s10r0d-nihilmace-and-valmua", "RATING": 16, "COMMENTS": "3"}, {"TITLE": "SCP-ZH-980 - \u7bc9\u5922\u5c0f\u68e7", "FULLNAME": "scp-zh-980", "RATING": 10, "COMMENTS": "2"}, {"TITLE": "SCP-ZH-950 - \u7da0\u795e\u7d93", "FULLNAME": "scp-zh-950", "RATING": 17, "COMMENTS": "1"}, {"TITLE": "Dr. Kris\u7684\u6587\u6a94\u5c71\u6d77\uff0dDr. Kris\u7684\u96a8\u624b\u5857\u9d09", "FULLNAME": "k1s10r0d-kris-doodle", "RATING": 14, "COMMENTS": "0"}, {"TITLE": "2010\u5e74\u7684\u90a3\u5e7e\u500b\u5be6\u7fd2\u751f", "FULLNAME": "source-of-chaos", "RATING": 18, "COMMENTS": "0"}, {"TITLE": "\u98df\u5802\u7d04\u6703", "FULLNAME": "canteen-date", "RATING": 22, "COMMENTS": "3"}, {"TITLE": "2013\u5e74\u7684\u96d9\u4eba\u81ea\u62cd", "FULLNAME": "selfie-of-metha-and-kris-in-2013", "RATING": 16, "COMMENTS": "0"}, {"TITLE": "Ctrl Z\u535a\u58eb\u7684SCP-ZH\u8a18\u9304-1", "FULLNAME": "creepy-tunnel", "RATING": 24, "COMMENTS": "2"}, {"TITLE": "Ctrl Z\u535a\u58eb\u7684SCP-ZH\u8a18\u9304-2", "FULLNAME": "escape-chess", "RATING": 15, "COMMENTS": "0"}, {"TITLE": "SCP-ZH-835 - \u71e6\u85cd\u795e\u5316\u5929\u7a79", "FULLNAME": "scp-zh-835", "RATING": 22, "COMMENTS": "2"}, {"TITLE": "SCP-ZH-022-J - \u62dc\u8a17\u8ab0\u4f86\u628a\u5b83\u586b\u4e0a", "FULLNAME": "scp-zh-022-j", "RATING": 37, "COMMENTS": "19"}, {"TITLE": "SCP-ZH-00l", "FULLNAME": "scp-zh-00l", "RATING": 13, "COMMENTS": "5"}, {"TITLE": "SCP-ZH-873 - \u9435\u93fd\u5473", "FULLNAME": "scp-zh-873", "RATING": 7, "COMMENTS": "7"}, {"TITLE": "\u79c1\u6848\uff1a\u8b8a\u7bc0\u9810\u544a", "FULLNAME": "the-plan-before-defection", "RATING": 8, "COMMENTS": "0"}, {"TITLE": "SCP-ZH-855 - \u4f86\u5718\u8cfc\u6700\u5212\u7b97", "FULLNAME": "scp-zh-855", "RATING": 7, "COMMENTS": "4"}, {"TITLE": "\u7279\u5de5\u03a3\u89d2\u8272\u6b4c\uff1a\u5728\u7e3d\u548c\u4e4b\u5f8c", "FULLNAME": "after-sigma", "RATING": 4, "COMMENTS": "0"}, {"TITLE": "SCP-ZH-093 - \u85dd\u8853\u5c31\u662f\u2026\u2026", "FULLNAME": "scp-zh-093", "RATING": 11, "COMMENTS": "1"}, {"TITLE": "\u79c1\u6848\uff1a\u81ea\u7c4c\u8cc7\u91d1", "FULLNAME": "the-plan-of-stonks", "RATING": 10, "COMMENTS": "0"}, {"TITLE": "\u9592\u6687\u4e4b\u9918", "FULLNAME": "maimai-first-time", "RATING": 10, "COMMENTS": "0"}, {"TITLE": "SCP-ZH-975 - \u57fa\u6e96\u73fe\u5be6\u51fd\u6578\uff1a\u8f38\u5165", "FULLNAME": "scp-zh-975", "RATING": 10, "COMMENTS": "6"}, {"TITLE": "\u82b1\u8a9e\uff1a\u84b2\u516c\u82f1", "FULLNAME": "taraxacum", "RATING": 18, "COMMENTS": "0"}, {"TITLE": "SCP-ZH-440 - Site-ZH-04", "FULLNAME": "scp-zh-440", "RATING": 12, "COMMENTS": "6"}, {"TITLE": "SCP-ZH-880 - \u963f\u5b24\u89ba\u5f97\u4f60\u51b7", "FULLNAME": "scp-zh-880", "RATING": 30, "COMMENTS": "2"}, {"TITLE": "SCP-ZH-162 - TEIC\u6f14\u7b97\u6cd5", "FULLNAME": "scp-zh-162", "RATING": 10, "COMMENTS": "2"}, {"TITLE": "SCP-V1L3-J \u5be6\u9a57\u7522\u7269\u5099\u4efd \u6c5e\u4e2d\u6bd2", "FULLNAME": "adult:v1l3-j-mercury-poisoning", "RATING": 9, "COMMENTS": "1"}, {"TITLE": "\u624b\u7e6a\u7684Valm\u00faa", "FULLNAME": "k1s10r0d-hand-drawn-valmua", "RATING": 15, "COMMENTS": "0"}, {"TITLE": "SCP-ZH-185 - \u4e56\u4e56\u7a69\u5b9a\u5668", "FULLNAME": "scp-zh-185", "RATING": 19, "COMMENTS": "11"}, {"TITLE": "\u5fbd\u7ae0\u5c55\u793a\u5668\u4f7f\u7528\u6559\u5b78\u9801\u9762", "FULLNAME": "bales-brb-teach", "RATING": 6, "COMMENTS": "0"}, {"TITLE": "\u9396\u93c8\u7684\u97f3\u7af9", "FULLNAME": "k1s10r0d-chain-sugoi", "RATING": 29, "COMMENTS": "6"}, {"TITLE": "Polaris", "FULLNAME": "polaris", "RATING": 17, "COMMENTS": "1"}, {"TITLE": "SCP-ZH-488 - \u7926\u755c", "FULLNAME": "scp-zh-488", "RATING": 9, "COMMENTS": "0"}, {"TITLE": "SCP-ZH-946 - \u9ed1\u5154\u5927\u6230\u722d\ud83d\udc07", "FULLNAME": "scp-zh-946", "RATING": 27, "COMMENTS": "13"}, {"TITLE": "\u6c5e\u4e2d\u6bd2\u4e3b\u984c\u66f2\uff1a\u6c89\u5728\u540d\u70ba\u4f60\u7684\u6bd2", "FULLNAME": "in-your-poisoning", "RATING": 7, "COMMENTS": "0"}, {"TITLE": "\u904a\u6a02\u5712\u5167\u7684\u79d8\u5bc6", "FULLNAME": "lxvi-cafe-park", "RATING": 9, "COMMENTS": "5"}, {"TITLE": "Surge\u7684\u63d0\u6848\u4e00", "FULLNAME": "surge-s-proposal-1", "RATING": 33, "COMMENTS": "11"}, {"TITLE": "\u6545\u4e8b\u7684\u529b\u91cf\uff5e\u4f60\u70ba\u4ec0\u9ebc\u9700\u8981\u8d85\u5f62\u4e0a\u5b78\uff5e", "FULLNAME": "why-you-need-pataphysics", "RATING": 28, "COMMENTS": "1"}, {"TITLE": "SCP-ZH-297 - \u9ef4\u83cc\uff0c\u9709\u83cc", "FULLNAME": "scp-zh-297", "RATING": 11, "COMMENTS": "6"}, {"TITLE": "\u7375\u72d0\u884c\u52d5", "FULLNAME": "foxhunt", "RATING": 13, "COMMENTS": "0"}, {"TITLE": "SCP-ZH-736 - \u4f60\u4e0d\u80fd\u518d\u5f80\u524d\u4e86", "FULLNAME": "scp-zh-736", "RATING": 32, "COMMENTS": "14"}, {"TITLE": "\u7099\u71b1\u7684\u5348\u5f8c\u6642\u5149", "FULLNAME": "the-ss-vs-ss", "RATING": 29, "COMMENTS": "19"}, {"TITLE": "\u6240\u6709\u7684\u6a4b\u90fd\u88ab\u71d2\u6389\u4e86", "FULLNAME": "all-the-bridges-were-burned", "RATING": 13, "COMMENTS": "1"}, {"TITLE": "\u4e8b\u4ef6\u4ee3\u865f\uff1a\u6838\u88c2\u64e0\u514c-\u4e3b\u4efbSemibreve\u7684\u8996\u89d2", "FULLNAME": "operation-nucleon-bank-semibreve", "RATING": 10, "COMMENTS": "2"}, {"TITLE": "SCP-ZH-903 - \u7076\u795e\u98df\u8b5c\uff08\u96f6\u5931\u6557\uff09", "FULLNAME": "scp-zh-903", "RATING": 18, "COMMENTS": "4"}, {"TITLE": "SCP-ZH-129 - \u4f60\u5728\u54ea\u88e1\uff1f", "FULLNAME": "scp-zh-129", "RATING": 11, "COMMENTS": "6"}, {"TITLE": "\u4f0a\u4e9e\u7684\u6545\u4e8b", "FULLNAME": "ea-the-daughter", "RATING": 8, "COMMENTS": "2"}, {"TITLE": "SCP-ZH-509 - \u566c\u4eba\u8089\u5718\u54bd\u82e6\u5410\u8089", "FULLNAME": "scp-zh-509", "RATING": 8, "COMMENTS": "1"}, {"TITLE": "SCP-ZH-416 - \u300a\u8eab\u70ba\u963f\u5b85\u7684\u6211\u4f7f\u7528\u52d5\u6f2b\u6897\u62ef\u6551\u7570\u4e16\u754c\u4e5f\u662f\u5927\u4e08\u592b\u3060\u3001\u554f\u984c\u306a\u3044\u7684\u5566\u300b", "FULLNAME": "scp-zh-416", "RATING": 10, "COMMENTS": "0"}, {"TITLE": "\u6536\u5bb9\u5947\u7de3\uff1aSigurr\u00f3s", "FULLNAME": "sigurros-and-taiwanese-unicorn", "RATING": 13, "COMMENTS": "6"}, {"TITLE": "\u5be6\u57df\u771f\u5be6", "FULLNAME": "true-real", "RATING": 8, "COMMENTS": "1"}, {"TITLE": "\u597d\u9913\u597d\u9913\u7684\u514b\u91cc\u65af\u535a\u58eb", "FULLNAME": "the-very-hungry-dr-kris", "RATING": 17, "COMMENTS": "2"}, {"TITLE": "SCP-V1L3-J\u5be6\u9a57\u7522\u7269\u5099\u4efd \u71c3\u71d2\u5361\u8def\u91cc", "FULLNAME": "adult:v1l3-j-burning-calories", "RATING": 12, "COMMENTS": "0"}, {"TITLE": "\u85dd\u8853\u7d00\u9304\uff1aAttempts to Assassinate Thought", "FULLNAME": "art-for-3002", "RATING": 10, "COMMENTS": "0"}, {"TITLE": "\u8a08\u5283\u5831\u544a{RL-130}", "FULLNAME": "nsb8-rl130", "RATING": 8, "COMMENTS": "0"}, {"TITLE": "\u5c71\u59c6\u7684ZH\u5206\u90e8\u9805\u76ee\u7d00\u9304\u672c", "FULLNAME": "samscript-scp-artwork", "RATING": 16, "COMMENTS": "1"}, {"TITLE": "SCP-ZH-527 - \u96b1\u5f62\u7684\u5947\u5947\u6469\u62c9", "FULLNAME": "scp-zh-527", "RATING": 14, "COMMENTS": "1"}, {"TITLE": "SCP-ZH-206 - \u65bd\u5c55\u5feb\u5feb\u597d\u7684\u9b54\u6cd5\u4e86\u5466", "FULLNAME": "scp-zh-206", "RATING": 3, "COMMENTS": "2"}, {"TITLE": "SCP-ZH-096 - \u7d05\u79fb\u7834\u6ec5", "FULLNAME": "scp-zh-096", "RATING": 25, "COMMENTS": "2"}, {"TITLE": "SCP-ZH-060-J - Re:\u5728\u97f3\u7af9\u5b87\u5b99\u91cd\u751f\u7684\u7169\u4eba\u7f8e\u5c11\u5973\u5230\u5e95\u662f\u751a\u9ebc\u6771\u897f\u5440?!", "FULLNAME": "scp-zh-060-j", "RATING": 22, "COMMENTS": "10"}, {"TITLE": "\u89e3\u5bc6\uff1aSCP-ZH-096", "FULLNAME": "scp-zh-096-declassification", "RATING": 16, "COMMENTS": "4"}, {"TITLE": "\u7e41\u5ee3\u5316\u5de5\u7684\u6a19\u8a8c", "FULLNAME": "fan-guang-chemical-logo", "RATING": 8, "COMMENTS": "0"}, {"TITLE": "\u8df3\u821e\u7684\u6ce2\u862d\u725b", "FULLNAME": "polish-dancing-cow", "RATING": 11, "COMMENTS": "0"}, {"TITLE": "\u67d0\u4eba\u7684\u5922", "FULLNAME": "benitoite-little-pigeon-halloween", "RATING": 14, "COMMENTS": "0"}, {"TITLE": "\u4e0d\u53ef\u4e82\u78b0\u7ba1\u7dda", "FULLNAME": "ching-sus", "RATING": 8, "COMMENTS": "0"}, {"TITLE": "\u751f\u7269\u96fb", "FULLNAME": "bioelectricity", "RATING": 9, "COMMENTS": "0"}, {"TITLE": "\u8d64\u67d3\u6afb", "FULLNAME": "crimson-cherry", "RATING": 4, "COMMENTS": "0"}, {"TITLE": "\u90a3\u662f\u4e00\u9593\u5c0f\u6728\u5c4b", "FULLNAME": "wanderers:that-is-a-cabin", "RATING": 8, "COMMENTS": "0"}, {"TITLE": "\u5ec9\u50f9\u7684\u665a\u9910", "FULLNAME": "wanderers:instant-noodles-and-tea", "RATING": 13, "COMMENTS": "5"}, {"TITLE": "\u7aae\u4e0d\u5c60\u7272\u755c\u3001\u8352\u4e0d\u796d\u6b7f\u7f85", "FULLNAME": "wanderers:don-t-sacrifice-to-deathweb", "RATING": 8, "COMMENTS": "2"}, {"TITLE": "\u56de\u61b6\u88e1\u7684\u85b0\u8863\u8349", "FULLNAME": "wanderers:after-cube-ch-01", "RATING": 11, "COMMENTS": "1"}, {"TITLE": "\u4e00\u96bb\u86af\u8693", "FULLNAME": "wanderers:an-earthworm", "RATING": 12, "COMMENTS": "2"}, {"TITLE": "\u4e00\u5c01\u8a18\u8f09\u7570\u805e\u7684\u4fe1", "FULLNAME": "wanderers:letter-about-strange-serpents", "RATING": 16, "COMMENTS": "1"}]