[{"TITLE": "SCP-ZH-199 - \u4e2d\u6c38\u548c\u8ff7\u5bae", "FULLNAME": "scp-zh-199", "RATING": 22, "COMMENTS": "8"}, {"TITLE": "SCP-ZH-515 - \u5e73\u5b89\u7b26", "FULLNAME": "scp-zh-515", "RATING": 44, "COMMENTS": "2"}, {"TITLE": "\u5047\u5982\u4f60\u4f86\u5230\u9019\u500b\u5b87\u5b99\u8acb\u4fdd\u6301\u51b7\u975c", "FULLNAME": "you-need-icecream-in-summer", "RATING": 31, "COMMENTS": "1"}, {"TITLE": "SCP-ZH-815 - \u4e00\u5bb6\u70e4\u8089\u842c\u5bb6\u9999", "FULLNAME": "scp-zh-815", "RATING": 35, "COMMENTS": "8"}, {"TITLE": "SCP-ZH-998 - \u73fe\u8c61\u5b78", "FULLNAME": "scp-zh-998", "RATING": 38, "COMMENTS": "7"}, {"TITLE": "SCP-ZH-120 - \u865b\u69cb\u7684\u6211\u5011", "FULLNAME": "scp-zh-120", "RATING": 40, "COMMENTS": "4"}, {"TITLE": "\u524a\u4e0d\u5b8c\u8089\u7684\u6c99\u5a01\u746a", "FULLNAME": "parawatch-shawarma", "RATING": 22, "COMMENTS": "2"}]