[{"TITLE": "SCP-ZH-105 - \u4e0d\u5b5d\u5b50", "FULLNAME": "scp-zh-105", "RATING": 66, "COMMENTS": "5"}, {"TITLE": "\u7f85\u5a01\u723e\u7684\u7897\u8207\u5929\u9d5d", "FULLNAME": "wanderers:outer-space-marketing-articles-tyrosine", "RATING": 16, "COMMENTS": "5"}, {"TITLE": "\u4e00\u96bb\u86af\u8693", "FULLNAME": "wanderers:an-earthworm", "RATING": 12, "COMMENTS": "2"}, {"TITLE": "\u300a\u81fa\u5317\u5e02\u79c1\u7acb\u5927\u7a3b\u57d5\u9ad8\u7d1a\u4e2d\u5b78\u6821\u6b4c\u300b", "FULLNAME": "wanderers:twatutia-high-school-song", "RATING": 7, "COMMENTS": "0"}, {"TITLE": "\u4e03\u5f8b\u2014\u2014\u6b4c\u54ed\u54bd", "FULLNAME": "wanderers:die-in-immortality", "RATING": 22, "COMMENTS": "2"}, {"TITLE": "\u5f7c\u5cb8\u4e4b\u82b1", "FULLNAME": "wanderers:lycorisradiata", "RATING": 13, "COMMENTS": "0"}]