[{"TITLE": "\u4e3b\u7ad9\u535a\u58eb\u76f8\u95dc\u63d2\u5716", "FULLNAME": "qmario-artwork-1", "RATING": 16, "COMMENTS": "1"}, {"TITLE": "Bright\u535a\u58eb\u6559\u4f60\u5982\u4f55\u6b63\u78ba\u64ca\u9000\u6575\u4eba", "FULLNAME": "how-to-defeat-those-bad-guys-correctly", "RATING": 25, "COMMENTS": "2"}, {"TITLE": "SCP-ZH-291 - \u8b0e\u4e4b\u5916\u661f\u8840\u6676\u87b3\u8782\u8513", "FULLNAME": "scp-zh-291", "RATING": 1, "COMMENTS": "17"}, {"TITLE": "\u5361\u5693\u2026\u2026\u5361\u5693\u2026\u2026", "FULLNAME": "kacha", "RATING": 11, "COMMENTS": "0"}]