[{"TITLE": "\u5851\u8eab\u5de7\u62b9\u7cd5\uff08CA521/9CHI3/5FON7\uff09", "FULLNAME": "chocolatecake", "RATING": 8, "COMMENTS": "0"}, {"TITLE": "Ctrl Z\u535a\u58eb\u7684SCP\u8a18\u9304\uff1aSCP-\u25cf\u25cf|\u25cf\u25cf\u25cf\u25cf\u25cf|\u25cf\u25cf|\u25cf", "FULLNAME": "yenney", "RATING": 10, "COMMENTS": "0"}, {"TITLE": "\u65b0\u56db\u5c71\u5c0f\u5b78\u8a02\u55ae\uff08SSPS S56Y76\uff09", "FULLNAME": "mcdssps", "RATING": 8, "COMMENTS": "0"}, {"TITLE": "\u7b2c\u3007\u4e8c\u4e8c\u865f \u5169\u5100\u901a", "FULLNAME": "collected-land-no022", "RATING": 14, "COMMENTS": "2"}, {"TITLE": "SC-19/465/SC-19/486", "FULLNAME": "sc-19", "RATING": 9, "COMMENTS": "0"}, {"TITLE": "\u5929\u6b98\u6708\u90e8\u4efd\u85cf\u54c1 (WSGK Q30D75)", "FULLNAME": "collection-of-the-cultural-revolution", "RATING": 11, "COMMENTS": "1"}, {"TITLE": "\u6211\u6c92\u80fd\u6551\u5230\u4ed6\u3002", "FULLNAME": "arkwork-zh-200", "RATING": 23, "COMMENTS": "0"}, {"TITLE": "SCP-ZH-133 - \u4e0d\u6703\u7528\u812b\u6c34\u4f86\u9a19\u4eba\u7684\u597d\u85e5\u662f\u7684", "FULLNAME": "scp-zh-133", "RATING": 21, "COMMENTS": "7"}, {"TITLE": "Dr.Mei\u7684\u5716\u6587\u7814\u7a76-SCP-035", "FULLNAME": "zh-art-035", "RATING": 6, "COMMENTS": "4"}, {"TITLE": "SCP-ZH-324 - \u5e7d\u51a5\u9b3c\u5c07", "FULLNAME": "scp-zh-324", "RATING": 5, "COMMENTS": "0"}, {"TITLE": "SCP-ZH-700 - \u9810\u8a00\u5f8c\u4f9d\u7136\u96e3\u4ee5\u907f\u514d", "FULLNAME": "scp-zh-700", "RATING": 11, "COMMENTS": "5"}, {"TITLE": "\u73a9\u724c\u7684Bright\uff1f", "FULLNAME": "aaaa-zh", "RATING": 8, "COMMENTS": "3"}, {"TITLE": "\u65e5\u672c\u5206\u7ad9\u7684\u8c93\u54aa\uff1f", "FULLNAME": "scp-zh-art", "RATING": 9, "COMMENTS": "0"}, {"TITLE": "\u7570\u5e38\u8548\u985e\u8cc7\u6599\u55ae-\u6f01\u6c11\u9999\u83c7", "FULLNAME": "pzga-data-fish", "RATING": 8, "COMMENTS": "0"}, {"TITLE": "SCP-ZH-011 - \u611b\u5b83\u5c31\u63a5\u53d7\u5b83", "FULLNAME": "scp-zh-011", "RATING": 8, "COMMENTS": "3"}, {"TITLE": "SCP-ZH-1766-EX - \u65c5\u9d3f", "FULLNAME": "scp-zh-1766-ex", "RATING": 4, "COMMENTS": "1"}, {"TITLE": "\u9053\u5177\u90e8\u9580\u7684\u8336\u6c34\u9593", "FULLNAME": "the-pantry-in-the-props-department", "RATING": -1, "COMMENTS": "4"}, {"TITLE": "\u5c0f\u52d5\u7269\u7c21\u4ecb\uff1aSurge\uff01", "FULLNAME": "critter-profile-surge", "RATING": 25, "COMMENTS": "2"}]