[{"TITLE": "\u95dc\u6ce8\u7d44\u7e54-ZH", "FULLNAME": "groups-of-interest-zh", "RATING": 1, "COMMENTS": "20"}, {"TITLE": "\u6728\u6613\u85cf\u66f8\u95a3 \u4e2d\u5fc3\u9801", "FULLNAME": "mu-yi-hub", "RATING": 13, "COMMENTS": "0"}, {"TITLE": "Site-ZH-02 \u5927\u5ef3", "FULLNAME": "site-zh-02-front", "RATING": 16, "COMMENTS": "0"}, {"TITLE": "\u6d17\u8863\u90e8\u9580", "FULLNAME": "laundry-of-miya", "RATING": 13, "COMMENTS": "2"}, {"TITLE": "\u9999\u6e2f\u7279\u5340\u7570\u5e38\u9078\u5340\u8cc7\u6599\u5eab\uff1a\u65b0\u8336\u5dba\u9078\u5340", "FULLNAME": "new-cha-ling", "RATING": 13, "COMMENTS": "1"}, {"TITLE": "\u7687\u5bb6\u9999\u6e2f\u8b66\u5bdf\u968a\u96f6\u865f\u5c08\u968a \u4e2d\u5fc3\u9801", "FULLNAME": "zero-team-hub", "RATING": 10, "COMMENTS": "0"}, {"TITLE": "\u5de5\u4f5c\u4eba\u54e1\u53ca\u89d2\u8272\u6a94\u6848-ZH", "FULLNAME": "personnel-and-character-dossier-zh", "RATING": 16, "COMMENTS": "0"}, {"TITLE": "\u6838\u88c2\u64e0\u514c\u4e2d\u5fc3\u9801", "FULLNAME": "operation-nucleon-bank", "RATING": 16, "COMMENTS": "0"}, {"TITLE": "\u6c99\u7687\u5148\u77e5\u5354\u6703\u4e2d\u5fc3\u9801", "FULLNAME": "tsars-hub", "RATING": 21, "COMMENTS": "0"}, {"TITLE": "\u5df2\u88ab\u5ee2\u9664\u7684\u570b\u5b89\u5c40\u7b2c\u516b\u8655 \u4e2d\u5fc3\u9801", "FULLNAME": "old-nsb8-hub", "RATING": 13, "COMMENTS": "2"}, {"TITLE": "\u300c\u4e09\u57a3\u300d\u4e2d\u5fc3\u9801", "FULLNAME": "three-enclosures-hub", "RATING": 19, "COMMENTS": "0"}, {"TITLE": "\u7e41\u4e2d\u7ad9\u9ede\u5730\u4e0b\u8857", "FULLNAME": "shopping-arcade", "RATING": 21, "COMMENTS": "3"}, {"TITLE": "\u62cb\u9234\u4eba\u4e2d\u5fc3\u9801", "FULLNAME": "goi-bt", "RATING": 23, "COMMENTS": "1"}, {"TITLE": "SCP-ZH-111 - \u81ea\u6211\u4e2d\u5fc3", "FULLNAME": "scp-zh-111", "RATING": 38, "COMMENTS": "0"}, {"TITLE": "\u86db\u7db2\u570b\u969b \u4e2d\u5fc3\u9801", "FULLNAME": "cobweb-international-hub", "RATING": 14, "COMMENTS": "2"}, {"TITLE": "\u822a\u6d77\u5b78\u4e2d\u5fc3\u9801", "FULLNAME": "navigation", "RATING": 21, "COMMENTS": "0"}, {"TITLE": "\u4e2d\u83ef\u4eba\u6c11\u5171\u548c\u570b\u570b\u5bb6\u5b89\u5168\u90e8\u7570\u5e38\u5341\u4e5d\u5c40 - LOGO", "FULLNAME": "mss-19-logo", "RATING": 10, "COMMENTS": "4"}, {"TITLE": "\u96d9\u57ce\u4f5c\u6230\u4e2d\u5fc3\u9801", "FULLNAME": "operation-twin-cities-hub", "RATING": 9, "COMMENTS": "1"}, {"TITLE": "\u6bba\u6b7b\u4e00\u96bb\u77e5\u66f4\u9ce5\u3002", "FULLNAME": "it-was-not-my-fault", "RATING": 22, "COMMENTS": "2"}, {"TITLE": "\u8056\u591c\u76f8\u5b88\u53c8\u4e00\u591c", "FULLNAME": "christmas-event2", "RATING": 2, "COMMENTS": "27"}]