[{"TITLE": "SCP-ZH-117 - \u9053\u8def\u4fdd\u6301\u66a2\u901a", "FULLNAME": "scp-zh-117", "RATING": 33, "COMMENTS": "1"}, {"TITLE": "\u9805\u76ee\u64ec\u4eba\u5316\u5047\u60f3", "FULLNAME": "the-meriewanderer-artwork-1", "RATING": 2, "COMMENTS": "0"}, {"TITLE": "\u6953\u6a39\u6797", "FULLNAME": "maple-forest", "RATING": 8, "COMMENTS": "0"}, {"TITLE": "\u5c71\u5cb3\u4e4b\u4e0b", "FULLNAME": "under-the-mountain", "RATING": 9, "COMMENTS": "0"}, {"TITLE": "SCP-ZH-031 - \u7d05\u6cb9\u9ef4\u83cc", "FULLNAME": "scp-zh-031", "RATING": 7, "COMMENTS": "0"}]