[{"TITLE": "SCP-ZH-117 - \u9053\u8def\u4fdd\u6301\u66a2\u901a", "FULLNAME": "scp-zh-117", "RATING": 33, "COMMENTS": "1"}, {"TITLE": "SCP-ZH-003 - \u6975\u7aef\u5f0f\u4fe1\u4ef0", "FULLNAME": "scp-zh-003", "RATING": 7, "COMMENTS": "4"}, {"TITLE": "SCP-ZH-587-J", "FULLNAME": "scp-zh-587-j", "RATING": 23, "COMMENTS": "1"}, {"TITLE": "SCP-ZH-222-J", "FULLNAME": "scp-zh-222-j", "RATING": 27, "COMMENTS": "0"}, {"TITLE": "SCP-ZH-009 - \u81fa\u5f0f\u65e9\u9ede", "FULLNAME": "scp-zh-009", "RATING": 20, "COMMENTS": "3"}, {"TITLE": "\u6311\u6230\u50b3\u7d71\u8a55\u5206\u65b9\u5f0f\uff1a\u95dc\u65bc\u81ea\u8a02\u8a55\u5206\u6a21\u7248", "FULLNAME": "rating-against-traditions", "RATING": 25, "COMMENTS": "0"}, {"TITLE": "\u7dad\u5b89\u8a2d\u65bd\u6a94\u6848\uff1aSite-ZH-16", "FULLNAME": "site-zh-16", "RATING": 14, "COMMENTS": "2"}, {"TITLE": "SCP-ZH-005 - \u5047\u5982\u4f60\u6c92\u6709\u8f49\u767c\u9019\u7bc7\u6587\u6a94\u7d66\u5341\u500b\u670b\u53cb\uff0c\u90a3\u9ebc\u2026\u2026\u2026\u2026", "FULLNAME": "scp-zh-005", "RATING": 62, "COMMENTS": "0"}, {"TITLE": "SCP-ZH-006 - \u771f\u6b63\u610f\u7fa9\u4e0a\u7684\u7206\u7c73\u82b1", "FULLNAME": "scp-zh-006", "RATING": 10, "COMMENTS": "6"}, {"TITLE": "SCP-ZH-105 - \u4e0d\u5b5d\u5b50", "FULLNAME": "scp-zh-105", "RATING": 66, "COMMENTS": "5"}, {"TITLE": "SCP-ZH-719-J", "FULLNAME": "scp-zh-719-j", "RATING": 16, "COMMENTS": "0"}, {"TITLE": "SCP-ZH-254 - \u82b1\u9732\u6c34", "FULLNAME": "scp-zh-254", "RATING": 11, "COMMENTS": "1"}, {"TITLE": "SCP-ZH-913 - \u56de\u5bb6\u6708\u9905", "FULLNAME": "scp-zh-913", "RATING": 17, "COMMENTS": "0"}, {"TITLE": "\u5b89\u4fdd\u8a2d\u65bd\u6a94\u6848\uff1aSite-ZH-50", "FULLNAME": "site-zh-50", "RATING": 16, "COMMENTS": "1"}, {"TITLE": "Dr.Ray\u7684\u7570\u5e38\u9805\u76ee\u5206\u7d1a\u5716\u6a19", "FULLNAME": "ray-s-logo", "RATING": 19, "COMMENTS": "1"}, {"TITLE": "\u96d5\u523b\u4f5c\u54c1\uff1a\u8056\u591c\u76f8\u5b88", "FULLNAME": "handcrafts", "RATING": 18, "COMMENTS": "2"}, {"TITLE": "Viken-K\u7684\u6a21\u56e0\u6a19\u793a\u56de\u6536\u5834", "FULLNAME": "viken-k-arts", "RATING": 12, "COMMENTS": "2"}, {"TITLE": "SCP-ZH-60053-J - HONK", "FULLNAME": "scp-zh-60053-j", "RATING": 45, "COMMENTS": "7"}, {"TITLE": "SCP-ZH-016 - \u751f\u614b\u7f50\u982d", "FULLNAME": "scp-zh-016", "RATING": 7, "COMMENTS": "2"}, {"TITLE": "\u86db\u7db2\u8d77\u6e90\uff1a\u90a3\u662f1993\u5e74", "FULLNAME": "1993-cobweb-international", "RATING": 14, "COMMENTS": "1"}, {"TITLE": "SCP-ZH-200 - \u9b3c\u6293\u4eba", "FULLNAME": "scp-zh-200", "RATING": 35, "COMMENTS": "1"}, {"TITLE": "\u524a\u4e0d\u5b8c\u8089\u7684\u6c99\u5a01\u746a", "FULLNAME": "parawatch-shawarma", "RATING": 22, "COMMENTS": "2"}, {"TITLE": "\u83c7\u83c7\u57fa\u91d1\u6703", "FULLNAME": "fungi-foundation", "RATING": 22, "COMMENTS": "6"}, {"TITLE": "\u6c34\u9280\u7814\u7a76\u54e1\u7684\u6587\u6a94\u5411\u91cf\u5316\u7b46\u8a18_\u7b2c\u4e00\u90e8\u5206", "FULLNAME": "researcher-hg-s-svg-art-part1", "RATING": 14, "COMMENTS": "2"}, {"TITLE": "\u8ddd\u96e2\u4e16\u754c\u672b\u65e5\u9084\u6709\u4e94\u5206\u9418", "FULLNAME": "five-minutes-to-end", "RATING": 26, "COMMENTS": "0"}, {"TITLE": "SCP-ZH-013 - \u597d\uff0c\u73fe\u5728\u6211\u5011\u6709\u7b2c\u4e8c\u500b\u6ac3\u5b50", "FULLNAME": "scp-zh-013", "RATING": 11, "COMMENTS": "1"}, {"TITLE": "SCP-ZH-391 - \u96e8\u505c\u4e4b\u524d", "FULLNAME": "scp-zh-391", "RATING": 10, "COMMENTS": "1"}, {"TITLE": "SCP-ZH-014 - \u4eba\u9b5a\u516c\u4e3b\u7684\u6545\u4e8b", "FULLNAME": "scp-zh-014", "RATING": 20, "COMMENTS": "4"}, {"TITLE": "\u4e2d\u570b\u570b\u5b89\u90e8\uff0c\u4e0d\u61c9\u5b58\u5728\u7684\u5341\u4e5d\u5c40", "FULLNAME": "19th-bureau-of-mss-of-china", "RATING": 19, "COMMENTS": "18"}, {"TITLE": "SCP-ZH-061 - \u672c\u8eca\u958b\u5f80\u535a\u89bd\u6703", "FULLNAME": "scp-zh-061", "RATING": 13, "COMMENTS": "0"}, {"TITLE": "\u86db\u7db2\u570b\u969b \u4e2d\u5fc3\u9801", "FULLNAME": "cobweb-international-hub", "RATING": 14, "COMMENTS": "2"}, {"TITLE": "SCP-ZH-444 - \u9b3c\u5dee", "FULLNAME": "scp-zh-444", "RATING": 17, "COMMENTS": "3"}, {"TITLE": "SCP-ZH-021 - \u4f60\u6709\u4ec0\u9ebc\u7169\u60f1\u55ce\uff1f", "FULLNAME": "scp-zh-021", "RATING": 22, "COMMENTS": "1"}, {"TITLE": "1935\u7570\u5e38\u535a\u89bd\u6703-LOGO", "FULLNAME": "the-taiwan-exposition-1935-logo", "RATING": 14, "COMMENTS": "0"}, {"TITLE": "\u5e03\u4e01\u7684\u95dc\u6ce8\u7d44\u7e54LOGO\u9801", "FULLNAME": "pudding-logo", "RATING": 9, "COMMENTS": "0"}, {"TITLE": "SCP-ZH-912 - \u770b\u898b", "FULLNAME": "scp-zh-912", "RATING": 14, "COMMENTS": "4"}, {"TITLE": "\u5ec1\u6240\u88e1\u7684\u81f4\u547d\u6a21\u56e0", "FULLNAME": "the-bottle-in-restroom", "RATING": 32, "COMMENTS": "7"}, {"TITLE": "\u85dd\u8853@(&\u02ca\u7d00\u2588\uff1a\u81ea\u6211\u4e2d\u5fc3\u3002", "FULLNAME": "art-for-zh-111", "RATING": 11, "COMMENTS": "0"}, {"TITLE": "\u6c99\u7687\u5148\u77e5\u5354\u6703\u64ec\u4eba-\u5947\u8853\u8b1b\u89e3\u7bc7", "FULLNAME": "tsars-seers-art-thaumatology", "RATING": 18, "COMMENTS": "4"}, {"TITLE": "\u5bb6\u7956\u7236\u8207\u897f\u4f2f\u5229\u4e9e\u6291\u7559\u9023\u7e8c\u5931\u8e64\u4e8b\u4ef6", "FULLNAME": "grandfather-and-japanese-prisoners-of-war-in-the-soviet-unio", "RATING": 6, "COMMENTS": "0"}, {"TITLE": "\u62dc\u8a2a\u8207\u5de7\u9047", "FULLNAME": "meeting", "RATING": 11, "COMMENTS": "0"}, {"TITLE": "\u8056\u591c\u76f8\u5b88\u53c8\u4e00\u591c", "FULLNAME": "christmas-event2", "RATING": 2, "COMMENTS": "27"}, {"TITLE": "SCP-ZH-446 - \u5316\u87f2", "FULLNAME": "scp-zh-446", "RATING": 27, "COMMENTS": "0"}, {"TITLE": "\u84bc\u767d\u7684\u672b\u671f\u60a3\u8005", "FULLNAME": "81q5-sadness-pink", "RATING": 18, "COMMENTS": "0"}, {"TITLE": "SCP-ZH-526 - \u6211\u5c31\u662f\u4e00\u53f0\u70e4\u571f\u53f8\u6a5f", "FULLNAME": "scp-zh-526", "RATING": 18, "COMMENTS": "1"}, {"TITLE": "SCP-ZH-2005-EX", "FULLNAME": "scp-zh-2005-ex", "RATING": 58, "COMMENTS": "1"}, {"TITLE": "SCP-ZH-204 - \u7d05\u5305\u9999", "FULLNAME": "scp-zh-204", "RATING": 17, "COMMENTS": "0"}, {"TITLE": "SCP-ZH-207 - \u8ab2\u91d1\u5c31\u50cf\u5403\u4eba\u4e00\u6a23", "FULLNAME": "scp-zh-207", "RATING": 11, "COMMENTS": "5"}, {"TITLE": "\u5f8c\u73fe\u4ee3\u57fa\u91d1\u6703\u540c\u4eba\u6200\u611b\u5411\u8f15\u5c0f\u8aaa", "FULLNAME": "k1s10r0d-april-fool-project-2021", "RATING": 18, "COMMENTS": "5"}, {"TITLE": "\u5982\u662f\u6211\u805e", "FULLNAME": "wanderers:flowers-thus-have-i-heard", "RATING": 18, "COMMENTS": "0"}, {"TITLE": "SCP-ZH-532 - \u7c21\u55ae\u4eba\u751f\u8eab\u5fc3\u8a3a\u6240", "FULLNAME": "scp-zh-532", "RATING": 16, "COMMENTS": "0"}]