[{"TITLE": "SCP-ZH-003 - \u6975\u7aef\u5f0f\u4fe1\u4ef0", "FULLNAME": "scp-zh-003", "RATING": 7, "COMMENTS": "4"}, {"TITLE": "SCP-ZH-004 - \u99ac\u65af\u6d1b\u7684\u5973\u5152", "FULLNAME": "scp-zh-004", "RATING": 9, "COMMENTS": "5"}, {"TITLE": "SCP-ZH-005 - \u5047\u5982\u4f60\u6c92\u6709\u8f49\u767c\u9019\u7bc7\u6587\u6a94\u7d66\u5341\u500b\u670b\u53cb\uff0c\u90a3\u9ebc\u2026\u2026\u2026\u2026", "FULLNAME": "scp-zh-005", "RATING": 62, "COMMENTS": "0"}, {"TITLE": "SCP-ZH-010 - \u8ff7\u8d70\u795e\u7d93\u5bc4\u751f\u9ad4", "FULLNAME": "scp-zh-010", "RATING": 18, "COMMENTS": "0"}, {"TITLE": "SCP-ZH-002 - \u53f0\u7063\u7368\u89d2\u7378", "FULLNAME": "scp-zh-002", "RATING": 37, "COMMENTS": "13"}, {"TITLE": "SCP-ZH-012 - \u5341\u4e8c", "FULLNAME": "scp-zh-012", "RATING": 19, "COMMENTS": "2"}, {"TITLE": "SCP-ZH-011 - \u611b\u5b83\u5c31\u63a5\u53d7\u5b83", "FULLNAME": "scp-zh-011", "RATING": 8, "COMMENTS": "3"}, {"TITLE": "SCP-ZH-014 - \u4eba\u9b5a\u516c\u4e3b\u7684\u6545\u4e8b", "FULLNAME": "scp-zh-014", "RATING": 20, "COMMENTS": "4"}]