[{"TITLE": "SCP-ZH-024-ARC", "FULLNAME": "scp-zh-024-arc", "RATING": 6, "COMMENTS": "1"}, {"TITLE": "\u7dad\u5b89\u8a2d\u65bd\u6a94\u6848\uff1aSite-ZH-25", "FULLNAME": "site-zh-25", "RATING": 16, "COMMENTS": "3"}, {"TITLE": "\u9999\u6e2f\u7279\u5340\u7570\u5e38\u9078\u5340\u8cc7\u6599\u5eab\uff1a\u65b0\u8336\u5dba\u9078\u5340", "FULLNAME": "new-cha-ling", "RATING": 13, "COMMENTS": "1"}, {"TITLE": "\u7dad\u5b89\u8a2d\u65bd\u6a94\u6848\uff1aSite-ZH-81", "FULLNAME": "site-zh-81", "RATING": 19, "COMMENTS": "0"}, {"TITLE": "SCP-ZH-002 - \u53f0\u7063\u7368\u89d2\u7378", "FULLNAME": "scp-zh-002", "RATING": 37, "COMMENTS": "13"}, {"TITLE": "\u7dad\u5b89\u8a2d\u65bd\u6a94\u6848\uff1aSite-ZH-12", "FULLNAME": "site-zh-12", "RATING": 23, "COMMENTS": "3"}, {"TITLE": "SCP-ZH-2588-J", "FULLNAME": "scp-zh-2588-j", "RATING": 6, "COMMENTS": "0"}, {"TITLE": "\u6728\u6613\u85cf\u66f8\u95a3\u76ee\u9304 \u507d-\u516d\u4e8c\u4e00\u300a\u9b31\u91d1\u9999\u300b", "FULLNAME": "mu-yi-621", "RATING": 7, "COMMENTS": "0"}, {"TITLE": "SCP-ZH-229-EX", "FULLNAME": "scp-zh-229-ex", "RATING": 16, "COMMENTS": "1"}, {"TITLE": "AO-ZH-252 \u5168\u667a\u6559\u7684\u78e8\u8c46\u6a5f", "FULLNAME": "ao-zh-252", "RATING": 11, "COMMENTS": "0"}, {"TITLE": "SCP-ZH-461 - \u4eba\u5011\u7dca\u6293\u8457\u51b0\u584a", "FULLNAME": "scp-zh-461", "RATING": 9, "COMMENTS": "1"}, {"TITLE": "SCP-ZH-061 - \u672c\u8eca\u958b\u5f80\u535a\u89bd\u6703", "FULLNAME": "scp-zh-061", "RATING": 13, "COMMENTS": "0"}, {"TITLE": "\u53f0\u7063\u9435\u9053\u98ef\u5e97\u7684\u5b89\u5e03\u7f85\u65af\u9910\u5ef3", "FULLNAME": "ambrose-taiwan-railway-hotel", "RATING": 17, "COMMENTS": "3"}, {"TITLE": "SCP-ZH-446 - \u5316\u87f2", "FULLNAME": "scp-zh-446", "RATING": 27, "COMMENTS": "0"}]