[{"TITLE": "\u6587\u7ae0\u4f7f\u7528\u96f6\u4ef6\u4e2d\u5fc3\u9801", "FULLNAME": "cardinal-hub", "RATING": 6, "COMMENTS": "0"}, {"TITLE": "SCP-ZH-021 - \u4f60\u6709\u4ec0\u9ebc\u7169\u60f1\u55ce\uff1f", "FULLNAME": "scp-zh-021", "RATING": 22, "COMMENTS": "1"}, {"TITLE": "\u5e03\u4e01\u7684\u95dc\u6ce8\u7d44\u7e54LOGO\u9801", "FULLNAME": "pudding-logo", "RATING": 9, "COMMENTS": "0"}, {"TITLE": "\u6c5f\u5cb3\u5996\u8a2a\u884c \u5c71\u5cb3 \u4e09\u5341\u516d", "FULLNAME": "wanderers:jiang-yue-tour-mountain-36", "RATING": 9, "COMMENTS": "2"}, {"TITLE": "\u5982\u662f\u6211\u805e", "FULLNAME": "wanderers:flowers-thus-have-i-heard", "RATING": 18, "COMMENTS": "0"}]