[{"TITLE": "SCP-ZH-291 - \u8b0e\u4e4b\u5916\u661f\u8840\u6676\u87b3\u8782\u8513", "FULLNAME": "scp-zh-291", "RATING": 1, "COMMENTS": "17"}, {"TITLE": "\u4e2d\u570b\u570b\u5b89\u90e8\uff0c\u4e0d\u61c9\u5b58\u5728\u7684\u5341\u4e5d\u5c40", "FULLNAME": "19th-bureau-of-mss-of-china", "RATING": 19, "COMMENTS": "18"}, {"TITLE": "\u5c0f\u52d5\u7269\u7c21\u4ecb\uff1aSurge\uff01", "FULLNAME": "critter-profile-surge", "RATING": 25, "COMMENTS": "2"}, {"TITLE": "\u4e2d\u83ef\u4eba\u6c11\u5171\u548c\u570b\u570b\u5bb6\u5b89\u5168\u90e8\u7570\u5e38\u5341\u4e5d\u5c40 - LOGO", "FULLNAME": "mss-19-logo", "RATING": 10, "COMMENTS": "4"}, {"TITLE": "\u7d00\u5f8b\u56b4\u660e", "FULLNAME": "discipline", "RATING": 8, "COMMENTS": "2"}]