[{"TITLE": "SCP-ZH-222-J", "FULLNAME": "scp-zh-222-j", "RATING": 27, "COMMENTS": "0"}, {"TITLE": "SCP-ZH-005 - \u5047\u5982\u4f60\u6c92\u6709\u8f49\u767c\u9019\u7bc7\u6587\u6a94\u7d66\u5341\u500b\u670b\u53cb\uff0c\u90a3\u9ebc\u2026\u2026\u2026\u2026", "FULLNAME": "scp-zh-005", "RATING": 62, "COMMENTS": "0"}, {"TITLE": "\u5047\u5982\u4f60\u4f86\u5230\u9019\u500b\u5b87\u5b99\u8acb\u4fdd\u6301\u51b7\u975c", "FULLNAME": "you-need-icecream-in-summer", "RATING": 31, "COMMENTS": "1"}, {"TITLE": "\u5de5\u4f5c\u4eba\u54e1\u53ca\u89d2\u8272\u6a94\u6848-ZH", "FULLNAME": "personnel-and-character-dossier-zh", "RATING": 16, "COMMENTS": "0"}, {"TITLE": "SCP-ZH-998 - \u73fe\u8c61\u5b78", "FULLNAME": "scp-zh-998", "RATING": 38, "COMMENTS": "7"}, {"TITLE": "\u7c60\u4e2d\u9ce5", "FULLNAME": "caged-bird", "RATING": 14, "COMMENTS": "0"}, {"TITLE": "SCP-ZH-9288-EX", "FULLNAME": "scp-zh-9288-ex", "RATING": 45, "COMMENTS": "5"}, {"TITLE": "SCP-ZH-044 - \u77f3\u7011\u72fb\u730a", "FULLNAME": "scp-zh-044", "RATING": 22, "COMMENTS": "3"}, {"TITLE": "SCP-ZH-860 - dado\u7684\u300c\u53d1\u300d\u8ca1\u85e5", "FULLNAME": "scp-zh-860", "RATING": 33, "COMMENTS": "3"}, {"TITLE": "\u5e74\u7378\u722d\u596a\u6230", "FULLNAME": "year-critical-strike", "RATING": 15, "COMMENTS": "0"}, {"TITLE": "\u300c\u4e09\u57a3\u300d\u4e2d\u5fc3\u9801", "FULLNAME": "three-enclosures-hub", "RATING": 19, "COMMENTS": "0"}, {"TITLE": "SCP-ZH-113 - \u62b9\u6bba\u4e8b\u60c5\u7684\u771f\u76f8", "FULLNAME": "scp-zh-113", "RATING": 30, "COMMENTS": "2"}, {"TITLE": "SCP-ZH-111 - \u81ea\u6211\u4e2d\u5fc3", "FULLNAME": "scp-zh-111", "RATING": 38, "COMMENTS": "0"}, {"TITLE": "\u822a\u6d77\u5b78\u4e2d\u5fc3\u9801", "FULLNAME": "navigation", "RATING": 21, "COMMENTS": "0"}, {"TITLE": "\u795e\u7570\u535a\u89bd\u6703\u4e00\u4e5d\u4e09\u4e94", "FULLNAME": "taiwan-miracle-exposition", "RATING": 24, "COMMENTS": "3"}, {"TITLE": "\u6b98\u5f71\u3001\u6b98\u97ff\u53ca\u6b98\u71ed\uff08\u6216\u7a31\u70ba\u2588\u2588\u3001\u2588\u2588\u53ca\u2588\u2588\uff09", "FULLNAME": "zycie-zhizn-life", "RATING": 16, "COMMENTS": "1"}, {"TITLE": "\u7d42\u671f\u6d88\u6bd2\uff0c\u7184\u71c8\u865f", "FULLNAME": "mtf15-14-td1", "RATING": 13, "COMMENTS": "0"}, {"TITLE": "SCP-ZH-500 - \u8b77\u57ce\u754c\u9580", "FULLNAME": "scp-zh-500", "RATING": 8, "COMMENTS": "0"}, {"TITLE": "\u672a\u7f72\u540d\u7684\u8056\u8a95\u79ae\u7269 Site-ZH-02", "FULLNAME": "xmas-gift-but-have-no-signature-02", "RATING": 8, "COMMENTS": "0"}, {"TITLE": "SCP-ZH-446 - \u5316\u87f2", "FULLNAME": "scp-zh-446", "RATING": 27, "COMMENTS": "0"}, {"TITLE": "Nihilmace\u7d66\u65b0\u4eba\u7684\u4e00\u4e9b\u5275\u4f5c\u5efa\u8b70\uff1a\u6211\u8a72\u5982\u4f55\u8b93\u6587\u7ae0\u5408\u683c\uff1f", "FULLNAME": "plz-fuck-off-mary-sue", "RATING": 13, "COMMENTS": "0"}, {"TITLE": "\u96f2\u6e67", "FULLNAME": "cloud-well", "RATING": 13, "COMMENTS": "0"}, {"TITLE": "SCP-ZH-878 - \u5a03\u5a03\u6536\u96c6\u8005", "FULLNAME": "scp-zh-878", "RATING": 20, "COMMENTS": "0"}, {"TITLE": "SCP-ZH-088 - \u53ea\u6709\u7537\u5b50\u6f22\u53ef\u4ee5\u9032\u5165\u7684\u9580", "FULLNAME": "scp-zh-088", "RATING": 11, "COMMENTS": "1"}, {"TITLE": "\u8056\u8a95\u7bc0\u524d\u5915", "FULLNAME": "christmas-eve", "RATING": 9, "COMMENTS": "0"}, {"TITLE": "\u8056\u8a95\u6e05\u5922", "FULLNAME": "xmas-dream", "RATING": 10, "COMMENTS": "1"}, {"TITLE": "ZH\uff0c025\uff0c1225", "FULLNAME": "zh-025-xmas", "RATING": 18, "COMMENTS": "4"}, {"TITLE": "\u6674\u96e8", "FULLNAME": "sun-shower-metha", "RATING": 12, "COMMENTS": "2"}, {"TITLE": "\u540a\u904b", "FULLNAME": "lifting", "RATING": 12, "COMMENTS": "0"}, {"TITLE": "SCP-ZH-647 - \u5634\u7832\u8001\u4eba", "FULLNAME": "scp-zh-647", "RATING": 32, "COMMENTS": "4"}, {"TITLE": "\u7a7f\u8d8a\u6642\u7a7a\u7684\u7a3d\u67e5\uff0c\u6700\u5f8c\u76ee\u7684\u5730\u662f\u6c38\u548c\u8c46\u6f3f", "FULLNAME": "in-the-maze-of-2020", "RATING": 9, "COMMENTS": "0"}, {"TITLE": "\u8ce6\u5176\u4ee5\u5f62", "FULLNAME": "give-it-shape", "RATING": 19, "COMMENTS": "1"}, {"TITLE": "\u6b98\u71ed", "FULLNAME": "candle-in-the-wind", "RATING": 11, "COMMENTS": "3"}, {"TITLE": "SCP-ZH-526 - \u6211\u5c31\u662f\u4e00\u53f0\u70e4\u571f\u53f8\u6a5f", "FULLNAME": "scp-zh-526", "RATING": 18, "COMMENTS": "1"}, {"TITLE": "SCP-ZH-090 - \u6bc6\u6253\u76ae\u7d0d\u5854\uff01", "FULLNAME": "scp-zh-090", "RATING": 16, "COMMENTS": "1"}, {"TITLE": "\u90a3\u662f\u4e00\u9593\u5c0f\u6728\u5c4b", "FULLNAME": "wanderers:that-is-a-cabin", "RATING": 8, "COMMENTS": "0"}]