[{"TITLE": "SCP-ZH-253 - \u6211\u7684\u6ed1\u9f20\u793e\u6703\u8d77\u4f86\u4e86\uff01", "FULLNAME": "scp-zh-253", "RATING": 12, "COMMENTS": "0"}, {"TITLE": "SCP-ZH-977 - \u6551\u8d16\u8056\u7d93", "FULLNAME": "scp-zh-977", "RATING": 5, "COMMENTS": "1"}, {"TITLE": "SCP-ZH-117 - \u9053\u8def\u4fdd\u6301\u66a2\u901a", "FULLNAME": "scp-zh-117", "RATING": 33, "COMMENTS": "1"}, {"TITLE": "SCP-ZH-178 - \u676f\u9ce5", "FULLNAME": "scp-zh-178", "RATING": 11, "COMMENTS": "2"}, {"TITLE": "SCP-ZH-687 - \u7368\u773c\u767c\u689d\u8c93", "FULLNAME": "scp-zh-687", "RATING": 3, "COMMENTS": "0"}, {"TITLE": "\u7dad\u5b89\u8a2d\u65bd\u6a94\u6848\uff1aSite-ZH-02", "FULLNAME": "site-zh-02", "RATING": 25, "COMMENTS": "7"}, {"TITLE": "\u6311\u6230\u50b3\u7d71\u8a55\u5206\u65b9\u5f0f\uff1a\u95dc\u65bc\u81ea\u8a02\u8a55\u5206\u6a21\u7248", "FULLNAME": "rating-against-traditions", "RATING": 25, "COMMENTS": "0"}, {"TITLE": "SCP-ZH-035 - \u8dd1\u9177\u8005", "FULLNAME": "scp-zh-035", "RATING": 21, "COMMENTS": "0"}, {"TITLE": "Site-ZH-02 \u5927\u5ef3", "FULLNAME": "site-zh-02-front", "RATING": 16, "COMMENTS": "0"}, {"TITLE": "SCP-ZH-199 - \u4e2d\u6c38\u548c\u8ff7\u5bae", "FULLNAME": "scp-zh-199", "RATING": 22, "COMMENTS": "8"}, {"TITLE": "SCP-ZH-105 - \u4e0d\u5b5d\u5b50", "FULLNAME": "scp-zh-105", "RATING": 66, "COMMENTS": "5"}, {"TITLE": "SCP-ZH-125 - \u535a\u611b\u5ea7", "FULLNAME": "scp-zh-125", "RATING": 22, "COMMENTS": "2"}, {"TITLE": "SCP-ZH-254 - \u82b1\u9732\u6c34", "FULLNAME": "scp-zh-254", "RATING": 11, "COMMENTS": "1"}, {"TITLE": "SCP-ZH-174 - \u975e\u5e38\u666e\u901a\uff0c\u518d\u666e\u901a\u4e0d\u904e\u7684\u7dda\u9999", "FULLNAME": "scp-zh-174", "RATING": 26, "COMMENTS": "4"}, {"TITLE": "SCP-ZH-815 - \u4e00\u5bb6\u70e4\u8089\u842c\u5bb6\u9999", "FULLNAME": "scp-zh-815", "RATING": 35, "COMMENTS": "8"}, {"TITLE": "SCP-ZH-217 - \u8207\u904e\u53bb\u76f8\u4f34\u7684\u7a3b\u8349\u4eba", "FULLNAME": "scp-zh-217", "RATING": 10, "COMMENTS": "0"}, {"TITLE": "SCP-ZH-041 - \u5922\u60f3", "FULLNAME": "scp-zh-041", "RATING": 20, "COMMENTS": "4"}, {"TITLE": "SCP-ZH-087 - \u68c4\u7a3f", "FULLNAME": "scp-zh-087", "RATING": 31, "COMMENTS": "4"}, {"TITLE": "SCP-ZH-642 - \u5e0c\u671b\u6253\u706b\u6a5f", "FULLNAME": "scp-zh-642", "RATING": 14, "COMMENTS": "0"}, {"TITLE": "SCP-ZH-075 \u2014 \u2014- \u2026 -\u2026 ..- .-. \u2014\u2026-.", "FULLNAME": "scp-zh-075", "RATING": 13, "COMMENTS": "0"}, {"TITLE": "\u5b89\u4fdd\u8a2d\u65bd\u6a94\u6848\uff1aSite-ZH-31", "FULLNAME": "site-zh-31", "RATING": 9, "COMMENTS": "0"}, {"TITLE": "\u7dad\u5b89\u8a2d\u65bd\u6a94\u6848\uff1aSite-ZH-12", "FULLNAME": "site-zh-12", "RATING": 23, "COMMENTS": "3"}, {"TITLE": "\u5df2\u88ab\u5ee2\u9664\u7684\u570b\u5b89\u5c40\u7b2c\u516b\u8655 \u4e2d\u5fc3\u9801", "FULLNAME": "old-nsb8-hub", "RATING": 13, "COMMENTS": "2"}, {"TITLE": "SCP-ZH-278 - \u4f60\u5fc5\u9808\u4fe1\u4efb\u7684\u9580\u885b", "FULLNAME": "scp-zh-278", "RATING": 14, "COMMENTS": "3"}, {"TITLE": "Site-ZH-50 \u7ad9\u9ede\u6a19\u8a8c", "FULLNAME": "sitezh50-icon", "RATING": 5, "COMMENTS": "1"}, {"TITLE": "SCP-ZH-445 - \u624b\u52d5\u586b\u58a8", "FULLNAME": "scp-zh-445", "RATING": 10, "COMMENTS": "0"}, {"TITLE": "SCP-ZH-166 - \u505c\u6eef\u5728\u695a\u6cb3\u6f22\u754c", "FULLNAME": "scp-zh-166", "RATING": 21, "COMMENTS": "2"}, {"TITLE": "SCP-ZH-987 - \u4e00\u5339\u99f1\u99dd\u5f15\u767c\u7684\u6158\u6848", "FULLNAME": "scp-zh-987", "RATING": 11, "COMMENTS": "9"}, {"TITLE": "SCP-ZH-857 - dado\u7684\u597d\u559d\u5230\u7206\u73cd\u73e0\u5976\u8336\u676f", "FULLNAME": "scp-zh-857", "RATING": 12, "COMMENTS": "11"}, {"TITLE": "SCP-ZH-133 - \u4e0d\u6703\u7528\u812b\u6c34\u4f86\u9a19\u4eba\u7684\u597d\u85e5\u662f\u7684", "FULLNAME": "scp-zh-133", "RATING": 21, "COMMENTS": "7"}, {"TITLE": "SCP-ZH-324 - \u5e7d\u51a5\u9b3c\u5c07", "FULLNAME": "scp-zh-324", "RATING": 5, "COMMENTS": "0"}, {"TITLE": "SCP-ZH-008 - \u6c34\u6df1\u52ff\u8fd1", "FULLNAME": "scp-zh-008", "RATING": 12, "COMMENTS": "1"}, {"TITLE": "\u4e2d\u570b\u570b\u5b89\u90e8\uff0c\u4e0d\u61c9\u5b58\u5728\u7684\u5341\u4e5d\u5c40", "FULLNAME": "19th-bureau-of-mss-of-china", "RATING": 19, "COMMENTS": "18"}, {"TITLE": "\u86db\u7db2\u570b\u969b \u4e2d\u5fc3\u9801", "FULLNAME": "cobweb-international-hub", "RATING": 14, "COMMENTS": "2"}, {"TITLE": "\u822a\u6d77\u5b78\u4e2d\u5fc3\u9801", "FULLNAME": "navigation", "RATING": 21, "COMMENTS": "0"}, {"TITLE": "SCP-ZH-021 - \u4f60\u6709\u4ec0\u9ebc\u7169\u60f1\u55ce\uff1f", "FULLNAME": "scp-zh-021", "RATING": 22, "COMMENTS": "1"}, {"TITLE": "SCP-ZH-647 - \u5634\u7832\u8001\u4eba", "FULLNAME": "scp-zh-647", "RATING": 32, "COMMENTS": "4"}, {"TITLE": "SCP-ZH-090 - \u6bc6\u6253\u76ae\u7d0d\u5854\uff01", "FULLNAME": "scp-zh-090", "RATING": 16, "COMMENTS": "1"}, {"TITLE": "SCP-ZH-880 - \u963f\u5b24\u89ba\u5f97\u4f60\u51b7", "FULLNAME": "scp-zh-880", "RATING": 30, "COMMENTS": "2"}, {"TITLE": "SCP-ZH-339 - \u907f\u98a8\u6e2f", "FULLNAME": "scp-zh-339", "RATING": 16, "COMMENTS": "6"}, {"TITLE": "SCP-ZH-144 - \u5341\u4e8c\u9032\u4f4d\u6cd5", "FULLNAME": "scp-zh-144", "RATING": 25, "COMMENTS": "6"}]