[{"TITLE": "SCP-ZH-587-J", "FULLNAME": "scp-zh-587-j", "RATING": 23, "COMMENTS": "1"}, {"TITLE": "SCP-ZH-472-J", "FULLNAME": "scp-zh-472-j", "RATING": 4, "COMMENTS": "1"}, {"TITLE": "SCP-ZH-222-J", "FULLNAME": "scp-zh-222-j", "RATING": 27, "COMMENTS": "0"}, {"TITLE": "SCP-ZH-005 - \u5047\u5982\u4f60\u6c92\u6709\u8f49\u767c\u9019\u7bc7\u6587\u6a94\u7d66\u5341\u500b\u670b\u53cb\uff0c\u90a3\u9ebc\u2026\u2026\u2026\u2026", "FULLNAME": "scp-zh-005", "RATING": 62, "COMMENTS": "0"}, {"TITLE": "SCP-ZH-105 - \u4e0d\u5b5d\u5b50", "FULLNAME": "scp-zh-105", "RATING": 66, "COMMENTS": "5"}, {"TITLE": "SCP-ZH-050 - \u6399\u624e\u5200\u7247", "FULLNAME": "scp-zh-050", "RATING": 16, "COMMENTS": "0"}, {"TITLE": "SCP-ZH-719-J", "FULLNAME": "scp-zh-719-j", "RATING": 16, "COMMENTS": "0"}, {"TITLE": "Ctrl Z\u535a\u58eb\u7684SCP\u8a18\u9304\uff1aSCP-087 \u6a13\u68af\u9593", "FULLNAME": "ismeagainbangyen", "RATING": 10, "COMMENTS": "0"}, {"TITLE": "Ctrl Z\u535a\u58eb\u7684SCP\u8a18\u9304\uff1aSCP-524 \u9955\u992e\u5154\u5a01\u723e\u7279", "FULLNAME": "babangyen", "RATING": 6, "COMMENTS": "1"}, {"TITLE": "SCP-ZH-174 - \u975e\u5e38\u666e\u901a\uff0c\u518d\u666e\u901a\u4e0d\u904e\u7684\u7dda\u9999", "FULLNAME": "scp-zh-174", "RATING": 26, "COMMENTS": "4"}, {"TITLE": "SCP-ZH-217 - \u8207\u904e\u53bb\u76f8\u4f34\u7684\u7a3b\u8349\u4eba", "FULLNAME": "scp-zh-217", "RATING": 10, "COMMENTS": "0"}, {"TITLE": "SCP-ZH-041 - \u5922\u60f3", "FULLNAME": "scp-zh-041", "RATING": 20, "COMMENTS": "4"}, {"TITLE": "SCP-ZH-047 - \u4f60\u7684\u6240\u4f5c\u6240\u70ba", "FULLNAME": "scp-zh-047", "RATING": 12, "COMMENTS": "3"}, {"TITLE": "SCP-ZH-120 - \u865b\u69cb\u7684\u6211\u5011", "FULLNAME": "scp-zh-120", "RATING": 40, "COMMENTS": "4"}, {"TITLE": "\u5c71\u59c6\u7684ZH\u5206\u90e8\u89d2\u8272\u7d00\u9304\u672c", "FULLNAME": "doodles-from-sam", "RATING": 25, "COMMENTS": "3"}, {"TITLE": "SCP-ZH-300 - \u8056\u8a95\u7bc0\u4ea4\u63db\u300c\u5ee2\u300d\u7269", "FULLNAME": "scp-zh-300", "RATING": 15, "COMMENTS": "2"}, {"TITLE": "\u8056\u8a95\u5e3d\uff0c\u9019\u662fDr. Xmas\u7684\u65e5\u5b50", "FULLNAME": "xina-mas-2019", "RATING": 19, "COMMENTS": "0"}, {"TITLE": "\u9d28\u9d28\u7684\u8056\u8a95\u8cc0\u5716", "FULLNAME": "duck-s-xmas", "RATING": 17, "COMMENTS": "0"}, {"TITLE": "SCP-ZH-60053-J - HONK", "FULLNAME": "scp-zh-60053-j", "RATING": 45, "COMMENTS": "7"}, {"TITLE": "\u6700\u5f8c\u4e00\u6839\u83f8", "FULLNAME": "last-one-cigarette", "RATING": 14, "COMMENTS": "1"}, {"TITLE": "SCP-\u25cf\u25cf|\u25cf\u25cf\u25cf\u25cf\u25cf|\u25cf\u25cf|\u25cf \u7d20\u63cf", "FULLNAME": "scp-2521-painting", "RATING": 12, "COMMENTS": "4"}, {"TITLE": "Bright\u535a\u58eb\u6559\u4f60\u5982\u4f55\u6b63\u78ba\u64ca\u9000\u6575\u4eba", "FULLNAME": "how-to-defeat-those-bad-guys-correctly", "RATING": 25, "COMMENTS": "2"}, {"TITLE": "SCP-ZH-078 - \u8001\u5e2b\u8aaa\u904e\u4e0d\u53ef\u4ee5\u7ff9\u5169\u8173\u6905", "FULLNAME": "scp-zh-078", "RATING": 16, "COMMENTS": "1"}, {"TITLE": "\u624b\u88e1\u7684\u91cd\u91cf", "FULLNAME": "the-weight-on-his-hands", "RATING": 8, "COMMENTS": "0"}, {"TITLE": "\u83c7\u83c7\u57fa\u91d1\u6703", "FULLNAME": "fungi-foundation", "RATING": 22, "COMMENTS": "6"}, {"TITLE": "\u9ebb\u7cec\u7684scp\u756b\u4f5c\u9078\u96c6", "FULLNAME": "the-art-work-collection-of-wright-wilson", "RATING": 14, "COMMENTS": "0"}, {"TITLE": "\u4f60\u4e0d\u61c9\u5728\u6eab\u5ba4\u88cf\u8aaa\u51b7\u7b11\u8a71", "FULLNAME": "nopunsinthegreenhouse", "RATING": 11, "COMMENTS": "0"}, {"TITLE": "SCP-ZH-935-J", "FULLNAME": "scp-zh-935-j", "RATING": 5, "COMMENTS": "0"}, {"TITLE": "SCP-ZH-042 - \u6368\u8eab\u9935\u4eba", "FULLNAME": "scp-zh-042", "RATING": 17, "COMMENTS": "1"}, {"TITLE": "SCP-ZH-111 - \u81ea\u6211\u4e2d\u5fc3", "FULLNAME": "scp-zh-111", "RATING": 38, "COMMENTS": "0"}, {"TITLE": "Ctrl Z\u535a\u58eb\u7684SCP\u8cbc\u7d19\u6536\u96c6\u7c3f-Safe", "FULLNAME": "sticker", "RATING": 12, "COMMENTS": "0"}, {"TITLE": "Ctrl Z\u535a\u58eb\u7684SCP\u8cbc\u7d19\u6536\u96c6\u7c3f-Euclid", "FULLNAME": "sticker2", "RATING": 11, "COMMENTS": "0"}, {"TITLE": "Ctrl Z\u535a\u58eb\u7684SCP\u8cbc\u7d19\u6536\u96c6\u7c3f-Keter", "FULLNAME": "sticker3", "RATING": 12, "COMMENTS": "0"}, {"TITLE": "SCP-ZH-021 - \u4f60\u6709\u4ec0\u9ebc\u7169\u60f1\u55ce\uff1f", "FULLNAME": "scp-zh-021", "RATING": 22, "COMMENTS": "1"}, {"TITLE": "Ctrl Z\u535a\u58eb\u5f9e\u9031\u520a\u4e0a\u526a\u4e0b\u7684\u56db\u683c\u6f2b\u756b", "FULLNAME": "comic", "RATING": 18, "COMMENTS": "2"}, {"TITLE": "\u85dd\u8853@(&\u02ca\u7d00\u2588\uff1a\u81ea\u6211\u4e2d\u5fc3\u3002", "FULLNAME": "art-for-zh-111", "RATING": 11, "COMMENTS": "0"}, {"TITLE": "\u8acb\u554f\u6709\u8ab0\u80fd\u628a\u5730\u4e0b\u8857\u7684\u63db\u5e63\u6a5f\u4fee\u4e00\u4e0b", "FULLNAME": "artwork-shopping-arcade", "RATING": 19, "COMMENTS": "1"}, {"TITLE": "\u6bba\u4eba\u8005\u8207\u88ab\u6bba\u7684\u6bba\u4eba\u8005", "FULLNAME": "artwork-ageantaa1", "RATING": 14, "COMMENTS": "0"}, {"TITLE": "\u6bba\u6b7b\u4e00\u96bb\u77e5\u66f4\u9ce5\u3002", "FULLNAME": "it-was-not-my-fault", "RATING": 22, "COMMENTS": "2"}, {"TITLE": "SCP-ZH-647 - \u5634\u7832\u8001\u4eba", "FULLNAME": "scp-zh-647", "RATING": 32, "COMMENTS": "4"}, {"TITLE": "\u96f7\u5c04\u96d5\u523b\u2500\u2500Site-ZH-12", "FULLNAME": "site-zh-12-made-with-wood", "RATING": 17, "COMMENTS": "0"}, {"TITLE": "SCP-ZH-526 - \u6211\u5c31\u662f\u4e00\u53f0\u70e4\u571f\u53f8\u6a5f", "FULLNAME": "scp-zh-526", "RATING": 18, "COMMENTS": "1"}, {"TITLE": "SCP-ZH-091 - \u9003\u5175", "FULLNAME": "scp-zh-091", "RATING": 20, "COMMENTS": "3"}, {"TITLE": "SCP-ZH-2005-EX", "FULLNAME": "scp-zh-2005-ex", "RATING": 58, "COMMENTS": "1"}, {"TITLE": "\u6c92\u4ec0\u9ebc\uff0c\u53ea\u662f\u4e00\u5f35\u8001\u7167\u7247", "FULLNAME": "nothing-just-a-old-picture", "RATING": 16, "COMMENTS": "0"}, {"TITLE": "\u85dd\u8853\u7d00\u9304\uff1a\u7db2\u8def\u7d05\u4eba\u3002", "FULLNAME": "art-for-zh2005ex", "RATING": 15, "COMMENTS": "0"}, {"TITLE": "\u4f60\u6703\u611f\u5230\u5f8c\u6094\u55ce\uff1f", "FULLNAME": "what-are-you-waiting-for-just-join-goc-dude", "RATING": 36, "COMMENTS": "5"}, {"TITLE": "SCP-ZH-496 - \u5b89\u5168\u6975\u9650\u8ddd\u96e2", "FULLNAME": "scp-zh-496", "RATING": 30, "COMMENTS": "7"}, {"TITLE": "SCP-ZH-835 - \u71e6\u85cd\u795e\u5316\u5929\u7a79", "FULLNAME": "scp-zh-835", "RATING": 22, "COMMENTS": "2"}, {"TITLE": "SCP-ZH-022-J - \u62dc\u8a17\u8ab0\u4f86\u628a\u5b83\u586b\u4e0a", "FULLNAME": "scp-zh-022-j", "RATING": 37, "COMMENTS": "19"}, {"TITLE": "2021\u611a\u4eba\u7bc0\u4e3b\u9801", "FULLNAME": "super-cooking-pot", "RATING": 24, "COMMENTS": "10"}, {"TITLE": "Polaris", "FULLNAME": "polaris", "RATING": 17, "COMMENTS": "1"}, {"TITLE": "SCP-ZH-509 - \u566c\u4eba\u8089\u5718\u54bd\u82e6\u5410\u8089", "FULLNAME": "scp-zh-509", "RATING": 8, "COMMENTS": "1"}, {"TITLE": "\u6536\u5bb9\u5947\u7de3\uff1aSigurr\u00f3s", "FULLNAME": "sigurros-and-taiwanese-unicorn", "RATING": 13, "COMMENTS": "6"}, {"TITLE": "\u597d\u9913\u597d\u9913\u7684\u514b\u91cc\u65af\u535a\u58eb", "FULLNAME": "the-very-hungry-dr-kris", "RATING": 17, "COMMENTS": "2"}, {"TITLE": "\u5c71\u59c6\u7684ZH\u5206\u90e8\u9805\u76ee\u7d00\u9304\u672c", "FULLNAME": "samscript-scp-artwork", "RATING": 16, "COMMENTS": "1"}, {"TITLE": "SCP-ZH-338 - \u6c89\u8239\u88e1\u7684\u624b\u5929\u4f7f", "FULLNAME": "adult:scp-zh-338", "RATING": 15, "COMMENTS": "4"}, {"TITLE": "SCP-V1L3-J\u5be6\u9a57\u7522\u7269\u9644\u5716\u5099\u4efd", "FULLNAME": "adult:k1s10r0d-art-of-v1l3-j-burning-calories", "RATING": 10, "COMMENTS": "0"}, {"TITLE": "SCP-ZH-032 - \u6709\u6bd2\u7684\u6a61\u76ae\u64e6", "FULLNAME": "scp-zh-032", "RATING": 21, "COMMENTS": "0"}, {"TITLE": "Ctrl Z\u535a\u58eb\u7684\u65c5\u884c\u8a18\u4e8b\u672c", "FULLNAME": "ctrlztravel", "RATING": 12, "COMMENTS": "5"}, {"TITLE": "SCP-ZH-402 - \u6210\u9577", "FULLNAME": "scp-zh-402", "RATING": 16, "COMMENTS": "4"}, {"TITLE": "SCP-ZH-613 - \u8840\u5929\u4f7f", "FULLNAME": "scp-zh-613", "RATING": 16, "COMMENTS": "1"}, {"TITLE": "SCP-ZH-360 - \u5b78\u6821\u7684\u77f3\u5b50\u5730\u677f", "FULLNAME": "scp-zh-360", "RATING": 8, "COMMENTS": "0"}, {"TITLE": "\u8389\u4e9e", "FULLNAME": "riariaria2", "RATING": 16, "COMMENTS": "5"}, {"TITLE": "SCP-ZH-399 - \u6211\u5011\u5fc3\u4e2d\u7684444\u865f\u8996\u807d\u6559\u5ba4", "FULLNAME": "scp-zh-399", "RATING": 32, "COMMENTS": "0"}, {"TITLE": "\u7e41\u4e2d\u7ba1\u7406\u54e1\u7b46\u8a18\uff1a2021\u5e74\u56de\u9867", "FULLNAME": "note-for-u-guys-2021", "RATING": 35, "COMMENTS": "4"}, {"TITLE": "\u4e0d\u8fa3\uff0c\u4e0d\u8981\u6feb\u85e5\uff0cokay\uff1f", "FULLNAME": "bruh-don-t-do-drugs-okay", "RATING": 12, "COMMENTS": "0"}, {"TITLE": "\u672b\u88d4\u9ed8\u793a", "FULLNAME": "immolari-of-the-apocalypse", "RATING": 8, "COMMENTS": "0"}, {"TITLE": "025O\u7684\u756b", "FULLNAME": "025o-s-painting", "RATING": 18, "COMMENTS": "1"}, {"TITLE": "\u85dd\u8853\u4f5c\u54c1\uff1aSCP-ZH-922\uff08SamScript\u7248\uff09", "FULLNAME": "cidal-dongi-by-samscript", "RATING": 11, "COMMENTS": "0"}, {"TITLE": "\u85dd\u8853\u4f5c\u54c1\uff1aSCP-ZH-922\uff08k1s10r0d\u7248\uff09", "FULLNAME": "cidal-dongi-by-k1s10r0d", "RATING": 15, "COMMENTS": "0"}, {"TITLE": "\u85dd\u8853\u4f5c\u54c1\uff1aSCP-ZH-922\uff08LuLu_Lucifelle\u7248\uff09", "FULLNAME": "cidal-dongi-by-lulu-lucifelle", "RATING": 12, "COMMENTS": "0"}, {"TITLE": "SCP-ZH-255 - \u5b64\u7368\u96aa", "FULLNAME": "scp-zh-225", "RATING": 20, "COMMENTS": "0"}, {"TITLE": "\u523a\u875f\u7b46\u8a18\u672c\uff1aZH\u5206\u90e8\u4eba\u7269\u5408\u8f2f\uff08ZH-12\u7ad9\u7bc7\uff09", "FULLNAME": "hedgehog-note-site-zh-12", "RATING": 14, "COMMENTS": "0"}]