[{"TITLE": "SCP-ZH-174 - \u975e\u5e38\u666e\u901a\uff0c\u518d\u666e\u901a\u4e0d\u904e\u7684\u7dda\u9999", "FULLNAME": "scp-zh-174", "RATING": 26, "COMMENTS": "4"}, {"TITLE": "SCP-ZH-815 - \u4e00\u5bb6\u70e4\u8089\u842c\u5bb6\u9999", "FULLNAME": "scp-zh-815", "RATING": 35, "COMMENTS": "8"}, {"TITLE": "SCP-ZH-070 - \u5c0d\u8a71\u6846\u5148\u751f", "FULLNAME": "scp-zh-070", "RATING": 17, "COMMENTS": "0"}, {"TITLE": "SCP-ZH-120 - \u865b\u69cb\u7684\u6211\u5011", "FULLNAME": "scp-zh-120", "RATING": 40, "COMMENTS": "4"}, {"TITLE": "SCP-ZH-075 \u2014 \u2014- \u2026 -\u2026 ..- .-. \u2014\u2026-.", "FULLNAME": "scp-zh-075", "RATING": 13, "COMMENTS": "0"}, {"TITLE": "SCP-ZH-027 - \u7389\u7c60\u5305", "FULLNAME": "scp-zh-027", "RATING": 16, "COMMENTS": "2"}, {"TITLE": "SCP-ZH-055 - \u505a\u4f60\u81ea\u5df1\u7684\u4e3b\u5eda\uff0c\u96a8\u6642\u96a8\u5730\u958b\u52d5\u5427\uff01", "FULLNAME": "scp-zh-055", "RATING": 18, "COMMENTS": "3"}, {"TITLE": "SCP-ZH-200 - \u9b3c\u6293\u4eba", "FULLNAME": "scp-zh-200", "RATING": 35, "COMMENTS": "1"}, {"TITLE": "SCP-ZH-263 - \u5c31\u662f\u500b\u8e6d\u9999\u706b\u7684", "FULLNAME": "scp-zh-263", "RATING": 4, "COMMENTS": "2"}, {"TITLE": "Bright\u535a\u58eb\u6559\u4f60\u5982\u4f55\u6b63\u78ba\u64ca\u9000\u6575\u4eba", "FULLNAME": "how-to-defeat-those-bad-guys-correctly", "RATING": 25, "COMMENTS": "2"}, {"TITLE": "SCP-ZH-133 - \u4e0d\u6703\u7528\u812b\u6c34\u4f86\u9a19\u4eba\u7684\u597d\u85e5\u662f\u7684", "FULLNAME": "scp-zh-133", "RATING": 21, "COMMENTS": "7"}, {"TITLE": "\u83c7\u83c7\u57fa\u91d1\u6703", "FULLNAME": "fungi-foundation", "RATING": 22, "COMMENTS": "6"}, {"TITLE": "SCP-ZH-282 - \u9955\u5ba2", "FULLNAME": "scp-zh-282", "RATING": 19, "COMMENTS": "3"}, {"TITLE": "SCP-ZH-446 - \u5316\u87f2", "FULLNAME": "scp-zh-446", "RATING": 27, "COMMENTS": "0"}, {"TITLE": "SCP-ZH-088 - \u53ea\u6709\u7537\u5b50\u6f22\u53ef\u4ee5\u9032\u5165\u7684\u9580", "FULLNAME": "scp-zh-088", "RATING": 11, "COMMENTS": "1"}, {"TITLE": "SCP-ZH-2005-EX", "FULLNAME": "scp-zh-2005-ex", "RATING": 58, "COMMENTS": "1"}, {"TITLE": "SCP-ZH-204 - \u7d05\u5305\u9999", "FULLNAME": "scp-zh-204", "RATING": 17, "COMMENTS": "0"}, {"TITLE": "\u85dd\u8853\u7d00\u9304\uff1a\u7db2\u8def\u7d05\u4eba\u3002", "FULLNAME": "art-for-zh2005ex", "RATING": 15, "COMMENTS": "0"}, {"TITLE": "SCP-ZH-235 - \u6703\u98db\u7684\u5c0f\u9ec3\u66f8", "FULLNAME": "adult:scp-zh-235", "RATING": 22, "COMMENTS": "10"}, {"TITLE": "Ctrl Z\u535a\u58eb\u7684SCP-ZH\u8a18\u9304-1", "FULLNAME": "creepy-tunnel", "RATING": 24, "COMMENTS": "2"}, {"TITLE": "SCP-ZH-207 - \u8ab2\u91d1\u5c31\u50cf\u5403\u4eba\u4e00\u6a23", "FULLNAME": "scp-zh-207", "RATING": 11, "COMMENTS": "5"}, {"TITLE": "SCP-ZH-022-J - \u62dc\u8a17\u8ab0\u4f86\u628a\u5b83\u586b\u4e0a", "FULLNAME": "scp-zh-022-j", "RATING": 37, "COMMENTS": "19"}, {"TITLE": "2021\u611a\u4eba\u7bc0\u4e3b\u9801", "FULLNAME": "super-cooking-pot", "RATING": 24, "COMMENTS": "10"}, {"TITLE": "Valm\u00faa\u5c0f\u5408\u96c6", "FULLNAME": "valmua-compilation", "RATING": 13, "COMMENTS": "2"}, {"TITLE": "SCP-ZH-975 - \u57fa\u6e96\u73fe\u5be6\u51fd\u6578\uff1a\u8f38\u5165", "FULLNAME": "scp-zh-975", "RATING": 10, "COMMENTS": "6"}, {"TITLE": "SCP-ZH-880 - \u963f\u5b24\u89ba\u5f97\u4f60\u51b7", "FULLNAME": "scp-zh-880", "RATING": 30, "COMMENTS": "2"}, {"TITLE": "SCP-ZH-185 - \u4e56\u4e56\u7a69\u5b9a\u5668", "FULLNAME": "scp-zh-185", "RATING": 19, "COMMENTS": "11"}, {"TITLE": "SCP-ZH-736 - \u4f60\u4e0d\u80fd\u518d\u5f80\u524d\u4e86", "FULLNAME": "scp-zh-736", "RATING": 32, "COMMENTS": "14"}, {"TITLE": "SCP-ZH-115 - \u4eca\u5929\u7684\u5929\u6c23\u662f\u4fc4\u7f85\u65af\u65b9\u584a", "FULLNAME": "scp-zh-115", "RATING": 15, "COMMENTS": "4"}, {"TITLE": "\u7570\u5e38\u9805\u76ee\u7d00\u9304\uff1a\u300c\u9632\u66b4\u8b66\u5bdf\u982d\u76d4\u300d", "FULLNAME": "anomalous-item-hk-police-helmet", "RATING": 37, "COMMENTS": "5"}, {"TITLE": "SCP-ZH-110 - \u5730\u677f\u7834\u4e86\u500b\u6d1e", "FULLNAME": "scp-zh-110", "RATING": 19, "COMMENTS": "1"}, {"TITLE": "SCP-ZH-909 - \u8a55\u5206\u6a21\u584a", "FULLNAME": "scp-zh-909", "RATING": 8, "COMMENTS": "4"}, {"TITLE": "SCP-ZH-916 - \u5922\u8ff4\u7194\u7210", "FULLNAME": "scp-zh-916", "RATING": 19, "COMMENTS": "3"}]