[{"TITLE": "SCP-ZH-940 - \u7375\u5deb", "FULLNAME": "scp-zh-940", "RATING": 7, "COMMENTS": "4"}, {"TITLE": "SCP-ZH-033 - \u25c9", "FULLNAME": "scp-zh-033", "RATING": 2, "COMMENTS": "7"}, {"TITLE": "SCP-ZH-635 - \u4f60\u6709\u6c92\u6709\u807d\u5230", "FULLNAME": "scp-zh-635", "RATING": 7, "COMMENTS": "3"}, {"TITLE": "SCP-ZH-299 - \u5927\u8005\u9577\u5343\u91cc\uff0c\u5c0f\u8005\u6578\u5341\u5206\u3002", "FULLNAME": "scp-zh-299", "RATING": 12, "COMMENTS": "6"}, {"TITLE": "SCP-ZH-114 - \u585e\u58ec\u6e26\u96f7", "FULLNAME": "scp-zh-114", "RATING": 14, "COMMENTS": "0"}, {"TITLE": "\u7570\u5e38\u9805\u76ee\u7d00\u9304\uff1a\u300c\u9632\u66b4\u8b66\u5bdf\u982d\u76d4\u300d", "FULLNAME": "anomalous-item-hk-police-helmet", "RATING": 37, "COMMENTS": "5"}, {"TITLE": "SCP-ZH-067 - \u85cd\u5716", "FULLNAME": "scp-zh-067", "RATING": 10, "COMMENTS": "9"}, {"TITLE": "SCP-ZH-377 - \u6d77\u6258\u4e16\u7684\u6350\u8840\u8eca", "FULLNAME": "scp-zh-377", "RATING": 14, "COMMENTS": "4"}, {"TITLE": "SCP-ZH-701 - \u63a0\u98df\u6027\u964d\u96e8", "FULLNAME": "scp-zh-701", "RATING": 11, "COMMENTS": "0"}]