[{"TITLE": "\u6536\u5bb9\u5947\u7de3\uff1aSigurr\u00f3s", "FULLNAME": "sigurros-and-taiwanese-unicorn", "RATING": 13, "COMMENTS": "6"}, {"TITLE": "\u5be6\u57df\u771f\u5be6", "FULLNAME": "true-real", "RATING": 8, "COMMENTS": "1"}, {"TITLE": "\u597d\u9913\u597d\u9913\u7684\u514b\u91cc\u65af\u535a\u58eb", "FULLNAME": "the-very-hungry-dr-kris", "RATING": 17, "COMMENTS": "2"}, {"TITLE": "SCP-V1L3-J\u5be6\u9a57\u7522\u7269\u5099\u4efd \u71c3\u71d2\u5361\u8def\u91cc", "FULLNAME": "adult:v1l3-j-burning-calories", "RATING": 12, "COMMENTS": "0"}, {"TITLE": "\u85dd\u8853\u7d00\u9304\uff1aAttempts to Assassinate Thought", "FULLNAME": "art-for-3002", "RATING": 10, "COMMENTS": "0"}, {"TITLE": "\u8a08\u5283\u5831\u544a{RL-130}", "FULLNAME": "nsb8-rl130", "RATING": 8, "COMMENTS": "0"}, {"TITLE": "\u5c71\u59c6\u7684ZH\u5206\u90e8\u9805\u76ee\u7d00\u9304\u672c", "FULLNAME": "samscript-scp-artwork", "RATING": 16, "COMMENTS": "1"}, {"TITLE": "SCP-ZH-527 - \u96b1\u5f62\u7684\u5947\u5947\u6469\u62c9", "FULLNAME": "scp-zh-527", "RATING": 14, "COMMENTS": "1"}, {"TITLE": "\u842c\u91cc\u9577\u7a7a", "FULLNAME": "talisman", "RATING": 15, "COMMENTS": "1"}, {"TITLE": "\u9060\u5df1\u4e2d\u5fc3\u9801", "FULLNAME": "yuanji-hub", "RATING": 15, "COMMENTS": "9"}, {"TITLE": "SCP-ZH-533 - \u60e1\u6027\u806f\u7d50\u8eca", "FULLNAME": "scp-zh-533", "RATING": 8, "COMMENTS": "0"}, {"TITLE": "\u4f60\u662f\u5565\u7269\u4eba\uff1f", "FULLNAME": "to-the-doctor", "RATING": 13, "COMMENTS": "5"}, {"TITLE": "SCP-ZH-338 - \u6c89\u8239\u88e1\u7684\u624b\u5929\u4f7f", "FULLNAME": "adult:scp-zh-338", "RATING": 15, "COMMENTS": "4"}, {"TITLE": "\u7827\u677f\u4e0a\u7684\u58a8\u8de1", "FULLNAME": "finger-test-warrior", "RATING": 5, "COMMENTS": "0"}, {"TITLE": "\u79c1\u6848\uff1a\u548c\u5e73\u8def\u7dda", "FULLNAME": "the-plan-of-pacifist-route", "RATING": 4, "COMMENTS": "1"}, {"TITLE": "SCP-1903\u7684\u63d2\u756b", "FULLNAME": "barter1903", "RATING": 3, "COMMENTS": "0"}, {"TITLE": "SCP-V1L3-J\u5be6\u9a57\u7522\u7269\u9644\u5716\u5099\u4efd", "FULLNAME": "adult:k1s10r0d-art-of-v1l3-j-burning-calories", "RATING": 10, "COMMENTS": "0"}, {"TITLE": "SCP-ZH-327 - \u82b1\u5152\u8207\u6ab3\u6994", "FULLNAME": "scp-zh-327", "RATING": 12, "COMMENTS": "3"}, {"TITLE": "\u4e2d\u83ef\u6c11\u570b\u570b\u5bb6\u5b89\u5168\u5c40\u7b2c\u516b\u8655 \u4e2d\u5fc3\u9801", "FULLNAME": "nsb8-hub", "RATING": 17, "COMMENTS": "3"}, {"TITLE": "SCP-ZH-270 - \u6492\u5947\u840a\u96c5\u7684\u523a\u7af9\u6797", "FULLNAME": "scp-zh-270", "RATING": 8, "COMMENTS": "1"}, {"TITLE": "\u6349\u96d9", "FULLNAME": "face-the-shadows-1", "RATING": 7, "COMMENTS": "2"}, {"TITLE": "\u90a3\u4e26\u4e0d\u662f\u4eba\u985e", "FULLNAME": "zh-111-egocentric", "RATING": 7, "COMMENTS": "0"}, {"TITLE": "SCP-ZH-115 - \u4eca\u5929\u7684\u5929\u6c23\u662f\u4fc4\u7f85\u65af\u65b9\u584a", "FULLNAME": "scp-zh-115", "RATING": 15, "COMMENTS": "4"}, {"TITLE": "SCP-ZH-620 - \u761f\u75ab\u71c3\u71d2\u65bc\u751f\u547d\u4e4b\u6cc9", "FULLNAME": "scp-zh-620", "RATING": 16, "COMMENTS": "7"}, {"TITLE": "SCP-ZH-390 - \u81fa\u7063\u5beb\u4f5c\u6e2c\u9a57", "FULLNAME": "scp-zh-390", "RATING": 9, "COMMENTS": "6"}, {"TITLE": "SCP-ZH-410 - \u5316\u5de5\u5ee0\u7684\u9435\u6876", "FULLNAME": "scp-zh-410", "RATING": 13, "COMMENTS": "5"}, {"TITLE": "2021 \u590f\u5b63\u7af6\u8cfd \u4e3b\u984c\u300a\u7570\u805e\u9304\u300b", "FULLNAME": "summer-contest-2021", "RATING": 13, "COMMENTS": "7"}, {"TITLE": "SCP-ZH-576 - \u82b1\u8a9e", "FULLNAME": "scp-zh-576", "RATING": 12, "COMMENTS": "2"}, {"TITLE": "\u4f60\u8ddf\u6211\u8aaa\u771f\u7684\u55ce?", "FULLNAME": "dr-willow", "RATING": 7, "COMMENTS": "1"}, {"TITLE": "SCP-ZH-032 - \u6709\u6bd2\u7684\u6a61\u76ae\u64e6", "FULLNAME": "scp-zh-032", "RATING": 21, "COMMENTS": "0"}, {"TITLE": "SCP-ZH-571 - \u4e0d\u53ef\u8996\u7684\u8ffd\u8de1\u8005", "FULLNAME": "scp-zh-571", "RATING": 12, "COMMENTS": "5"}, {"TITLE": "\u89aa\u8fce\u8f15\u76c8\u4e4b\u71df\u706b\u7469", "FULLNAME": "bt-fly", "RATING": 13, "COMMENTS": "3"}, {"TITLE": "SCP-ZH-034 - \u98db\u982d\u883b", "FULLNAME": "scp-zh-034", "RATING": 24, "COMMENTS": "3"}, {"TITLE": "\u6eab\u548c\u7684\u4eba\uff0c\u5f85\u5728\u6eab\u548c\u7684\u5730\u65b9\u5373\u53ef", "FULLNAME": "mild-people", "RATING": 8, "COMMENTS": "1"}, {"TITLE": "0226\u865f\u75c5\u60a3", "FULLNAME": "patient0226", "RATING": 8, "COMMENTS": "4"}, {"TITLE": "SCP-ZH-037 - \u73b3\u7441\u4e4b\u6dda", "FULLNAME": "scp-zh-037", "RATING": 20, "COMMENTS": "0"}, {"TITLE": "SCP-ZH-112 - \u795d\u4f60\u751f\u65e5\u5feb\u6a02", "FULLNAME": "scp-zh-112", "RATING": 19, "COMMENTS": "3"}, {"TITLE": "SCP-ZH-0601-J", "FULLNAME": "scp-zh-0601-j", "RATING": 16, "COMMENTS": "4"}, {"TITLE": "\u5929\u4eae\u524d\u7684\u6200\u611b\u6545\u4e8b", "FULLNAME": "taisho150-lovestorybeforedawn", "RATING": 20, "COMMENTS": "2"}, {"TITLE": "SCP-ZH-684 - Kangic", "FULLNAME": "scp-zh-684", "RATING": 13, "COMMENTS": "1"}, {"TITLE": "SCP-ZH-096 - \u7d05\u79fb\u7834\u6ec5", "FULLNAME": "scp-zh-096", "RATING": 25, "COMMENTS": "2"}, {"TITLE": "Ctrl Z\u535a\u58eb\u7684\u925b\u7b46\u5857\u9d09", "FULLNAME": "ctrlzpencil", "RATING": 16, "COMMENTS": "2"}, {"TITLE": "SCP-ZH-060-J - Re:\u5728\u97f3\u7af9\u5b87\u5b99\u91cd\u751f\u7684\u7169\u4eba\u7f8e\u5c11\u5973\u5230\u5e95\u662f\u751a\u9ebc\u6771\u897f\u5440?!", "FULLNAME": "scp-zh-060-j", "RATING": 22, "COMMENTS": "10"}, {"TITLE": "\u89e3\u5bc6\uff1aSCP-ZH-096", "FULLNAME": "scp-zh-096-declassification", "RATING": 16, "COMMENTS": "4"}, {"TITLE": "SCP-ZH-339 - \u907f\u98a8\u6e2f", "FULLNAME": "scp-zh-339", "RATING": 16, "COMMENTS": "6"}, {"TITLE": "\u6a5f\u52d5\u7279\u9063\u968a\u64f4\u5145\u7cfb\u7d71\uff1a\u9ec3\u9053\u4e8c\u5341\u516b\u5bbf", "FULLNAME": "task-forces-zh-28-xiu", "RATING": 8, "COMMENTS": "4"}, {"TITLE": "\u57fa\u9234\u5354\u8b70\u670d\u52d9\u8655 \u5feb\u901f\u8cc7\u6599\u67e5\u8a62\u7cfb\u7d71", "FULLNAME": "manual-bt", "RATING": 9, "COMMENTS": "1"}, {"TITLE": "\u4e2d\u6e2f\u8def\u4e0a\u6c92\u6709\u4eba\u53ea\u6709\u91ce\u72fc", "FULLNAME": "wolf-125", "RATING": 16, "COMMENTS": "3"}, {"TITLE": "Ctrl Z\u535a\u58eb\u7684\u65c5\u884c\u8a18\u4e8b\u672c", "FULLNAME": "ctrlztravel", "RATING": 12, "COMMENTS": "5"}, {"TITLE": "SCP-ZH-409 - \u9435\u8863\u85fb", "FULLNAME": "scp-zh-409", "RATING": 12, "COMMENTS": "6"}, {"TITLE": "SCP-ZH-299 - \u5927\u8005\u9577\u5343\u91cc\uff0c\u5c0f\u8005\u6578\u5341\u5206\u3002", "FULLNAME": "scp-zh-299", "RATING": 12, "COMMENTS": "6"}, {"TITLE": "\u7570\u5e38\u9805\u76ee\u7d00\u9304\uff1a\u300c\u9632\u66b4\u8b66\u5bdf\u982d\u76d4\u300d", "FULLNAME": "anomalous-item-hk-police-helmet", "RATING": 37, "COMMENTS": "5"}, {"TITLE": "SCP-ZH-067 - \u85cd\u5716", "FULLNAME": "scp-zh-067", "RATING": 10, "COMMENTS": "9"}, {"TITLE": "SCP-ZH-128 - \u6b64\u5473\u4e26\u975e\u60e1\u9b54\u4e4b\u4f5c", "FULLNAME": "scp-zh-128", "RATING": 20, "COMMENTS": "3"}, {"TITLE": "SCP-ZH-377 - \u6d77\u6258\u4e16\u7684\u6350\u8840\u8eca", "FULLNAME": "scp-zh-377", "RATING": 14, "COMMENTS": "4"}, {"TITLE": "\u71c8\u706b\u8a18\u61b6", "FULLNAME": "memory-of-light", "RATING": 13, "COMMENTS": "1"}, {"TITLE": "SCP-ZH-177 - \u6df1\u4e95", "FULLNAME": "scp-zh-177", "RATING": 13, "COMMENTS": "1"}, {"TITLE": "69\u5e74\u7684\u4e0d\u582a\u56de\u61b6", "FULLNAME": "year-69-of-unbearable-memories", "RATING": 9, "COMMENTS": "0"}, {"TITLE": "\u85dd\u8853\u7d00\u9304\uff1a\u7d5e\u798f\u8ad6", "FULLNAME": "art-for-1062-jp", "RATING": 12, "COMMENTS": "0"}, {"TITLE": "\u5947\u8e5f\u5b78\u7149\u91d1\u8853\u5c0e\u8ad6\uff1a\u5982\u4f55\u628a\u6c34\u9280\u7149\u6210\u9ec3\u91d1", "FULLNAME": "thaumatalchemy", "RATING": 15, "COMMENTS": "4"}, {"TITLE": "\u6211\u7684\u8001\u5bb6\u6709\u9ede\u602a", "FULLNAME": "parawatch-my-hometown-was-a-miracle", "RATING": 12, "COMMENTS": "1"}, {"TITLE": "SCP-ZH-243 - \u6960\u6893\u767e\u6155\u9054", "FULLNAME": "scp-zh-243", "RATING": 18, "COMMENTS": "0"}, {"TITLE": "\u55ae\u884c\u65c5\u7a0b", "FULLNAME": "singlelinetrip", "RATING": 7, "COMMENTS": "0"}, {"TITLE": "\u70ba\u4e86\u66f4\u597d\u7684\u7d50\u5c40\u800c\u96e2\u8077", "FULLNAME": "resign-in-navigation", "RATING": 8, "COMMENTS": "1"}, {"TITLE": "\u4e32\u64ca", "FULLNAME": "skewer", "RATING": 6, "COMMENTS": "0"}, {"TITLE": "\u5348\u5f8c\u9593\u6b47", "FULLNAME": "midsummer-the-plants-and-you", "RATING": 15, "COMMENTS": "4"}, {"TITLE": "SCP-ZH-266 - \u8d70\u5411\u7406\u60f3\u4e4b\u8def", "FULLNAME": "scp-zh-266", "RATING": 12, "COMMENTS": "4"}, {"TITLE": "SCP-ZH-038 - \u7121\u81c9\u6a21\u7279", "FULLNAME": "scp-zh-038", "RATING": 15, "COMMENTS": "0"}, {"TITLE": "\u8001\u8c93\u904a\u8a18\uff0c\u96f6", "FULLNAME": "old-cat-travel-1", "RATING": 9, "COMMENTS": "3"}, {"TITLE": "\u7406\u89e3\u4e0d\u80fd\u7684\u88c2\u7e2b\u4e4b\u4e2d", "FULLNAME": "888father", "RATING": 4, "COMMENTS": "0"}, {"TITLE": "SCP-ZH-804 - \u6843\u82b1\u5712", "FULLNAME": "scp-zh-804", "RATING": 9, "COMMENTS": "3"}, {"TITLE": "SCP-ZH-402 - \u6210\u9577", "FULLNAME": "scp-zh-402", "RATING": 16, "COMMENTS": "4"}, {"TITLE": "SCP-ZH-039 - \u667e\u8863\u6a39", "FULLNAME": "scp-zh-039", "RATING": 9, "COMMENTS": "3"}, {"TITLE": "\u8001\u8c93\u904a\u8a18\uff0c\u58f9", "FULLNAME": "old-cat-travel-2", "RATING": 7, "COMMENTS": "0"}, {"TITLE": "SCP-ZH-220 - H.K.\u6c38\u9060\u7684\u5bb6", "FULLNAME": "scp-zh-220", "RATING": 21, "COMMENTS": "0"}, {"TITLE": "SCP-ZH-969 - \u6f2b\u9577\u7684\u544a\u5225", "FULLNAME": "scp-zh-969", "RATING": 15, "COMMENTS": "1"}, {"TITLE": "What The Fuck", "FULLNAME": "what-the-fuck", "RATING": 25, "COMMENTS": "3"}, {"TITLE": "SCP-ZH-796 - \u5b64\u5152", "FULLNAME": "scp-zh-796", "RATING": 10, "COMMENTS": "1"}, {"TITLE": "SCP-ZH-991 - \u9b45\u9b54\u5f8c\u88d4", "FULLNAME": "adult:scp-zh-991", "RATING": 13, "COMMENTS": "4"}, {"TITLE": "\u5f15\u865f\u4e4b\u9593", "FULLNAME": "in-the-quotation", "RATING": 13, "COMMENTS": "0"}, {"TITLE": "\u9280\u88dd\u7d20\u88f9", "FULLNAME": "end-of-heavy-snow", "RATING": 11, "COMMENTS": "0"}, {"TITLE": "\u8d64\u67d3\u6afb", "FULLNAME": "crimson-cherry", "RATING": 4, "COMMENTS": "0"}, {"TITLE": "SCP-ZH-048 - \u528d\u8207\u9b54\u6cd5\u8207\u8336\u4e4b\u9b54\u624b", "FULLNAME": "scp-zh-048", "RATING": 21, "COMMENTS": "2"}, {"TITLE": "SCP-ZH-613 - \u8840\u5929\u4f7f", "FULLNAME": "scp-zh-613", "RATING": 16, "COMMENTS": "1"}, {"TITLE": "SCP-ZH-144 - \u5341\u4e8c\u9032\u4f4d\u6cd5", "FULLNAME": "scp-zh-144", "RATING": 25, "COMMENTS": "6"}, {"TITLE": "\u7dad\u5b89\u8a2d\u65bd\u6a94\u6848\uff1aSite-ZH-13", "FULLNAME": "site-zh-13", "RATING": 9, "COMMENTS": "2"}, {"TITLE": "SCP-ZH-829 - \u7121\u5f62\u5e72\u6208", "FULLNAME": "scp-zh-829", "RATING": 12, "COMMENTS": "2"}, {"TITLE": "\u300c\u8f49\u4e16\u8a08\u5283\u300d", "FULLNAME": "project-reincarnation", "RATING": 17, "COMMENTS": "1"}, {"TITLE": "\u672b\u65e5\u908a\u7de3\u7684Perdu", "FULLNAME": "perdu-by-the-daylight", "RATING": 8, "COMMENTS": "0"}, {"TITLE": "\u7e41\u5ee3\u5316\u5de5\u7684\u6a19\u8a8c", "FULLNAME": "fan-guang-chemical-logo", "RATING": 8, "COMMENTS": "0"}, {"TITLE": "LTE-1903-Orange-Blaecca", "FULLNAME": "lte-1903-orange-blaecca", "RATING": 7, "COMMENTS": "1"}, {"TITLE": "\u85dd\u8853\u7d00\u9304\uff1a\u53d7\u7d5e\u4e4b\u738b\u7684\u60b2\u5287", "FULLNAME": "art-for-701", "RATING": 11, "COMMENTS": "0"}, {"TITLE": "SCP-ZH-676 - \u7ad9\u5167\u6709\u9f20", "FULLNAME": "scp-zh-676", "RATING": 8, "COMMENTS": "0"}, {"TITLE": "\u300c\u6211\u8166\u4e2d\u552f\u4e00\u4e00\u4ef6\u4e8b\u300d", "FULLNAME": "the-only-thing-in-my-head", "RATING": 8, "COMMENTS": "2"}, {"TITLE": "\u67d0\u4eba\u7684\u5922", "FULLNAME": "benitoite-little-pigeon-halloween", "RATING": 14, "COMMENTS": "0"}, {"TITLE": "SCP-ZH-049 - \u8d85\u6536\u5bb9", "FULLNAME": "scp-zh-049", "RATING": 9, "COMMENTS": "4"}, {"TITLE": "\u9ed1\u6697\u7684\u623f\u9593", "FULLNAME": "dark-room", "RATING": 9, "COMMENTS": "3"}, {"TITLE": "\u89f8\u4e0d\u5230\u7684\u4f60", "FULLNAME": "you", "RATING": 7, "COMMENTS": "0"}, {"TITLE": "\u5341\u6708\u5341\u4e03\u65e5\u61b6\u9662\u5916\u53cb\u4eba", "FULLNAME": "17-th-october-a-letter-to-a-friend", "RATING": 10, "COMMENTS": "1"}, {"TITLE": "\u8cc7\u672c\u4e3b\u7fa9\u3001\u4f86\u8972", "FULLNAME": "capitalism-attack", "RATING": 13, "COMMENTS": "3"}, {"TITLE": "SCP-ZH-298 - \u5929\u7a7a\u9be8", "FULLNAME": "scp-zh-298", "RATING": 8, "COMMENTS": "0"}, {"TITLE": "SCP-ZH-052 - \u5fd8\u4e86\u6211\u5427\uff0c\u4f46\u6211\u4e0d\u6703\u5fd8\u8a18\u4f60\u5011\u7684", "FULLNAME": "scp-zh-052", "RATING": 18, "COMMENTS": "0"}, {"TITLE": "SCP-ZH-280 - \u6b38\u4e0d\u662f\u6211\u7684\u6771\u897f\u5462", "FULLNAME": "scp-zh-280", "RATING": 11, "COMMENTS": "2"}, {"TITLE": "SCP-ZH-160 - \u5664\u8072", "FULLNAME": "scp-zh-160", "RATING": 11, "COMMENTS": "4"}, {"TITLE": "SCP-ZH-057 - \u66b4\u8e81\u5c0f\u884c\u661f", "FULLNAME": "scp-zh-057", "RATING": 21, "COMMENTS": "4"}, {"TITLE": "SCP-ZH-058 - \u53e6\u4e00\u9053\u8d70\u5eca", "FULLNAME": "scp-zh-058", "RATING": 10, "COMMENTS": "0"}, {"TITLE": "\u767e\u82b1\u9b54\u5973\u7684\u611b\u4e4b\u66f8", "FULLNAME": "snedronningen", "RATING": 14, "COMMENTS": "0"}, {"TITLE": "\u4ee3\u9054\u6d1b\u65af\u8a08\u756b", "FULLNAME": "zh-daedalus", "RATING": 12, "COMMENTS": "2"}, {"TITLE": "SCP-ZH-228 - \u7fe0\u57d4\uff0c1947\u3002", "FULLNAME": "scp-zh-228", "RATING": 26, "COMMENTS": "7"}, {"TITLE": "SCP-ZH-832 - \u56de\u6eab", "FULLNAME": "scp-zh-832", "RATING": 10, "COMMENTS": "3"}, {"TITLE": "SCP-ZH-808 - \u9b3c\u9580\u95dc", "FULLNAME": "scp-zh-808", "RATING": 15, "COMMENTS": "2"}, {"TITLE": "\u98db\u884c\u524d\u62c6\u9664", "FULLNAME": "remove-before-flight", "RATING": 5, "COMMENTS": "2"}, {"TITLE": "\u7dad\u5b89\u8a2d\u65bd\u6a94\u6848\uff1aSite-ZH-44", "FULLNAME": "site-zh-44", "RATING": 14, "COMMENTS": "5"}, {"TITLE": "\u5e03\u9b6f\u514b\u6797\u7b2c\u96f6\u5340\uff1a\u5929\u5802", "FULLNAME": "boorklyn-00-the-heaven", "RATING": 16, "COMMENTS": "0"}, {"TITLE": "\u7dad\u8332\u83ab\u723e\u5dba\u7a7a\u6230", "FULLNAME": "air-combat-of-vizmor", "RATING": 6, "COMMENTS": "1"}, {"TITLE": "SCP-ZH-226 - \u51ac\u65e5\u5973\u5b69", "FULLNAME": "scp-zh-226", "RATING": 14, "COMMENTS": "0"}, {"TITLE": "\u81e8\u754c\u7a81\u64ca", "FULLNAME": "red-cloud-strike", "RATING": 7, "COMMENTS": "1"}, {"TITLE": "\u91cf\u5b50\u81ea\u6bba", "FULLNAME": "quantum-suicide", "RATING": 8, "COMMENTS": "0"}, {"TITLE": "\u5e03\u9b6f\u514b\u6797\u7b2c\u96f6\u5340\uff1a\u96e8\u904e\u5929\u6674", "FULLNAME": "boorklyn-00-ref-rain", "RATING": 16, "COMMENTS": "2"}, {"TITLE": "\u91cf\u5b50\u6c38\u751f", "FULLNAME": "quantum-immortality", "RATING": 9, "COMMENTS": "0"}, {"TITLE": "SCP-ZH-110 - \u5730\u677f\u7834\u4e86\u500b\u6d1e", "FULLNAME": "scp-zh-110", "RATING": 19, "COMMENTS": "1"}, {"TITLE": "SCP-ZH-352 - \u7d55\u547d\u516d\u9f9c\u8461\u8404", "FULLNAME": "scp-zh-352", "RATING": 17, "COMMENTS": "4"}, {"TITLE": "\uff33\u4e4b\u6b7b", "FULLNAME": "the-death-of-sam-or-semibreve-etc", "RATING": 18, "COMMENTS": "4"}, {"TITLE": "\u9805\u76ee\u4f01\u5283\u66f8 2017-47\uff1a\u300a\u5065\u5eb7\u7684\u4ee3\u50f9\u300b", "FULLNAME": "project-proposal-2017-47-zh", "RATING": 24, "COMMENTS": "3"}, {"TITLE": "SCP-ZH-701 - \u63a0\u98df\u6027\u964d\u96e8", "FULLNAME": "scp-zh-701", "RATING": 11, "COMMENTS": "0"}, {"TITLE": "Elizabeth\u795e\u5316\u6642\u88dd\u6982\u5ff5\u539f\u578b", "FULLNAME": "apotheosis-fashion-prototype-of-elizabeth-victor-evans", "RATING": 8, "COMMENTS": "0"}, {"TITLE": "SCP-ZH-398 - \u56db\u9762\u95bb\u9b54", "FULLNAME": "scp-zh-398", "RATING": 14, "COMMENTS": "3"}, {"TITLE": "\u6211\u5011\u6240\u76f8\u4fe1\u7684\u771f\u5be6", "FULLNAME": "turths-we-believe", "RATING": 11, "COMMENTS": "0"}, {"TITLE": "\u8389\u4e9e", "FULLNAME": "riariaria2", "RATING": 16, "COMMENTS": "5"}, {"TITLE": "\u4e8b\u6545\u7d00\u9304458-A", "FULLNAME": "what-the-fuck-is-this-pizza", "RATING": 16, "COMMENTS": "0"}, {"TITLE": "\u690d\u6728\u7149\u91d1", "FULLNAME": "pelia-start", "RATING": 13, "COMMENTS": "0"}, {"TITLE": "SCP-ZH-399 - \u6211\u5011\u5fc3\u4e2d\u7684444\u865f\u8996\u807d\u6559\u5ba4", "FULLNAME": "scp-zh-399", "RATING": 32, "COMMENTS": "0"}, {"TITLE": "\u8056\u8a95EVE", "FULLNAME": "xmas-eve-art", "RATING": 13, "COMMENTS": "2"}, {"TITLE": "SCP-ZH-364 - \u597d\u4fee\u4e00\u76f4\u4fee", "FULLNAME": "scp-zh-364", "RATING": 8, "COMMENTS": "0"}, {"TITLE": "\u85dd\u8853\u5275\u4f5c\uff1a\u8056\u8a95\u7bc0\u96ea\u55b5", "FULLNAME": "xmax-x", "RATING": 19, "COMMENTS": "0"}, {"TITLE": "\u95dc\u65bc\u5c11\u5973\u7684\u8056\u8a95\u79ae\u7269", "FULLNAME": "the-girls-gift", "RATING": 12, "COMMENTS": "0"}, {"TITLE": "\u6545\u4eba\u805a\u9996", "FULLNAME": "nice-to-see-you", "RATING": 10, "COMMENTS": "0"}, {"TITLE": "\u8056\u591c\u51fa\u904a", "FULLNAME": "merry-christmas-aya-and-mayaw", "RATING": 16, "COMMENTS": "0"}, {"TITLE": "\u66d9\u5149\u6771\u555f", "FULLNAME": "dawn-of-east", "RATING": 17, "COMMENTS": "0"}, {"TITLE": "\u7e41\u4e2d\u7ba1\u7406\u54e1\u7b46\u8a18\uff1a2021\u5e74\u56de\u9867", "FULLNAME": "note-for-u-guys-2021", "RATING": 35, "COMMENTS": "4"}, {"TITLE": "\u300c\u7d66\u6211\u4e00\u675f\u9bae\u82b1\u5427\u3002\u300d", "FULLNAME": "quantum-suicide-art", "RATING": 15, "COMMENTS": "0"}, {"TITLE": "SCP-ZH-499 - \u5eb7\u4e43\u99a8\u76d4\u7532\u5de5\u85dd", "FULLNAME": "scp-zh-499", "RATING": 37, "COMMENTS": "3"}, {"TITLE": "SCP-ZH-560 - \u4eba\u751f\u7684\u7b2c\u4e8c\u6625", "FULLNAME": "scp-zh-560", "RATING": 15, "COMMENTS": "2"}, {"TITLE": "\u6d17\u6a19\uff1a\u85cd4215 - \u9322\u4e86\u7279\u5de5\u7684\u7279\u5de5\u670d", "FULLNAME": "hahacloth", "RATING": 7, "COMMENTS": "3"}, {"TITLE": "\u4e0d\u61c9\u88ab\u8a18\u61b6\u7684\u90a3\u4eba", "FULLNAME": "fan-made-zh12-fiction", "RATING": 11, "COMMENTS": "2"}, {"TITLE": "\u97f3\u6a02\u5f8b\u52d5\u52a0\u5bc6\u7a0b\u5e8f", "FULLNAME": "maimaimiamia", "RATING": 9, "COMMENTS": "0"}, {"TITLE": "\u7121\u6a19\u984c", "FULLNAME": "adiscoolyesss", "RATING": 8, "COMMENTS": "1"}, {"TITLE": "\u5951\u8a08\u5283\u3001\u662d\u548c\u4e8c\u5341\u5e74", "FULLNAME": "setu-plan", "RATING": 8, "COMMENTS": "0"}, {"TITLE": "SCP-ZH-082 - \u5c0f\u871c\u8702\u9910\u8eca", "FULLNAME": "scp-zh-082", "RATING": 24, "COMMENTS": "0"}, {"TITLE": "SCP-ZH-065 - \u8461\u63d0\u85a9\u57f5", "FULLNAME": "scp-zh-065", "RATING": 9, "COMMENTS": "4"}, {"TITLE": "\u5929\u4eae\u524d\u7684\u79ae\u7269", "FULLNAME": "raincoat", "RATING": 8, "COMMENTS": "0"}, {"TITLE": "\u4eba\u7684\u5169\u9762", "FULLNAME": "duality-of-man", "RATING": 12, "COMMENTS": "0"}, {"TITLE": "\u90a3\u500b\u8f14\u8def\u5979", "FULLNAME": "that-volutaar", "RATING": 13, "COMMENTS": "0"}, {"TITLE": "\u300a\u6c88\u6eba\u5728\u540d\u70ba\u4e0b\u5c64\u6558\u4e8b\u7684\u661f\u9ede\u5bd2\u96e8\u300b\u2014\u2014 \u6216\u8a31\u4f60\u7121\u6cd5\u611b\u4e0a\u4f60\u6240\u5275\u9020\u7684\u6211\uff0c\u90a3\u4e5f\u8acb\u4f60\u4e0d\u8981\u8a0e\u53ad\u9019\u500b\u4e16\u754c\uff0c\u597d\u55ce\uff1f", "FULLNAME": "in-the-cold-and-rain-the-love-story", "RATING": 15, "COMMENTS": "0"}, {"TITLE": "Meow!!Gwan", "FULLNAME": "tonal-felidae", "RATING": 11, "COMMENTS": "0"}, {"TITLE": "Unsigned Draft #799 - N/A", "FULLNAME": "scp-zh-799", "RATING": 15, "COMMENTS": "1"}, {"TITLE": "\u8840\u81bf\u65bc\u6c34", "FULLNAME": "pyemia-is-thicker-than-water", "RATING": 6, "COMMENTS": "1"}, {"TITLE": "\u4e0d\u8fa3\uff0c\u4e0d\u8981\u6feb\u85e5\uff0cokay\uff1f", "FULLNAME": "bruh-don-t-do-drugs-okay", "RATING": 12, "COMMENTS": "0"}, {"TITLE": "SCP-ZH-999\uff0d\u4eba\u5011\u6b20\u4ed6\u500b\u7e3d\u7d71\u5e2d\u4f4d", "FULLNAME": "scp-zh-999", "RATING": 57, "COMMENTS": "13"}, {"TITLE": "\u9000\u4f11\u751f\u6d3b", "FULLNAME": "retire-from-bistro", "RATING": 17, "COMMENTS": "1"}, {"TITLE": "SCP-ZH-340 - \u751f\u547d\u4e4b\u6c99\uff0c\u7e41\u661f\u4e4b\u76d2", "FULLNAME": "scp-zh-340", "RATING": 20, "COMMENTS": "1"}, {"TITLE": "SCP-ZH-062 - \u71c8\u7334", "FULLNAME": "scp-zh-062", "RATING": 17, "COMMENTS": "0"}, {"TITLE": "SCP-ZH-059 - \u7121\u5f62\u7684\u5974\u96b8\u8207\u53cd\u6297", "FULLNAME": "scp-zh-059", "RATING": 20, "COMMENTS": "0"}, {"TITLE": "\u7d42\u7109\u7684\u7d42\u7109\u3001\u9ed1\u767d\u68cb\u5c40\u3001\u55ae\u76f8\u601d\uff0c Lament", "FULLNAME": "poems-of-uneternal-death", "RATING": 7, "COMMENTS": "0"}, {"TITLE": "SCP-ZH-063 - \u6b61 \u7b11 \u4e0d \u518d", "FULLNAME": "scp-zh-063", "RATING": 18, "COMMENTS": "0"}, {"TITLE": "SCP-ZH-131 - \u5f7c\u5cb8\u82b1\u958b", "FULLNAME": "scp-zh-131", "RATING": 9, "COMMENTS": "0"}, {"TITLE": "SCP-ZH-151 - \u51b7\u6f20\u6bba", "FULLNAME": "scp-zh-151", "RATING": 12, "COMMENTS": "0"}, {"TITLE": "SCP-ZH-104 - \u4eba\u5de5\u9020\u5b50", "FULLNAME": "scp-zh-104", "RATING": 12, "COMMENTS": "4"}, {"TITLE": "\u6200\u4e4b\u7279\u9063\u968a-\u90ce\u4f4d-14\u300c\u4eba\u72fc\u7e6b\u7d46\u300d\u968a\u5fbd\u8349\u6848", "FULLNAME": "zh-love15-21-teamlogo", "RATING": 6, "COMMENTS": "0"}, {"TITLE": "k1s10r0d\u7684\u63d0\u6848 - IMMOLARI", "FULLNAME": "k1s10r0d-s-proposal", "RATING": 36, "COMMENTS": "3"}, {"TITLE": "Neviim.aic\uff0c\u651d\u65bc2022\u5e742\u6708", "FULLNAME": "neviim-aic-original-art", "RATING": 13, "COMMENTS": "0"}, {"TITLE": "SCP-ZH-094 - \u5931\u6557\u4f5c", "FULLNAME": "scp-zh-094", "RATING": 17, "COMMENTS": "1"}, {"TITLE": "\u6069\u624b\u6559\u8a69\u6b4c\uff0d\u6190\u624b", "FULLNAME": "zh-bt-hand-mercy", "RATING": 5, "COMMENTS": "0"}, {"TITLE": "\u5077\u6e21\u76ee\u6a19\uff1aKislorod Ponomarenko\uff0c\u651d\u65bc1984\u5e74", "FULLNAME": "smuggling-target-kislorod-ponomarenko", "RATING": 9, "COMMENTS": "1"}, {"TITLE": "SCP-ZH-277\uff0d\u7bc9\u8def\u4e2d\u539f", "FULLNAME": "scp-zh-277", "RATING": 12, "COMMENTS": "0"}, {"TITLE": "SCP-ZH-517 - One More Time, One More Chance", "FULLNAME": "scp-zh-517", "RATING": 22, "COMMENTS": "1"}, {"TITLE": "SCP-ZH-464 - \u9b5f\u9b54", "FULLNAME": "scp-zh-464", "RATING": 10, "COMMENTS": "0"}, {"TITLE": "SCP-ZH-072 - \u5de5\u4f5c\u9593\u5931\u7aca\u4e8b\u4ef6", "FULLNAME": "scp-zh-072", "RATING": 17, "COMMENTS": "1"}, {"TITLE": "SCP-ZH-181 - \u6c38\u7e8c\u7684\u5de5\u696d\u9769\u547d", "FULLNAME": "scp-zh-181", "RATING": 12, "COMMENTS": "1"}, {"TITLE": "SCP-ZH-337 - \u5922\u5de5\u5ee0", "FULLNAME": "scp-zh-337", "RATING": 28, "COMMENTS": "6"}, {"TITLE": "\u53c8\u662f\u500b\u8a72\u6b7b\u7684\u5de5\u4f5c\u5929", "FULLNAME": "another-damn-workday", "RATING": 11, "COMMENTS": "0"}, {"TITLE": "\u672b\u88d4\u9ed8\u793a", "FULLNAME": "immolari-of-the-apocalypse", "RATING": 8, "COMMENTS": "0"}, {"TITLE": "\u767d\u96f2\u5b64\u98db", "FULLNAME": "i-ll-come-back-to-the-earth-and-bring-the-piece-of-the-star", "RATING": 19, "COMMENTS": "0"}, {"TITLE": "SCP-ZH-599 - Xyan2K Problem", "FULLNAME": "scp-zh-599", "RATING": 16, "COMMENTS": "1"}, {"TITLE": "\u91dc\u5e95\u63db\u65e5", "FULLNAME": "un-framing-frame", "RATING": 11, "COMMENTS": "0"}, {"TITLE": "SCP-ZH-107 - \u6355\u9ce5\u96f2", "FULLNAME": "scp-zh-107", "RATING": 19, "COMMENTS": "0"}, {"TITLE": "SCP-ZH-056 - \u672c\u73ed\u6a5f\u98db\u5f80\u5f7c\u5cb8", "FULLNAME": "scp-zh-056", "RATING": 21, "COMMENTS": "0"}, {"TITLE": "\u5152\u7ae5\u8d70\u5931\u8655\u7406\u7d00\u9304", "FULLNAME": "snowcatflyhighhigh", "RATING": 27, "COMMENTS": "3"}, {"TITLE": "\u8056\u5973\u6190\u5b50", "FULLNAME": "kz-la-pieta", "RATING": 15, "COMMENTS": "0"}, {"TITLE": "\u969c\u7919", "FULLNAME": "obstacle", "RATING": 7, "COMMENTS": "0"}, {"TITLE": "SCP-ZH-086 - \u8acb\u4f60\u5225\u8aaa\u898b\u904e\u6211", "FULLNAME": "scp-zh-086", "RATING": 22, "COMMENTS": "2"}, {"TITLE": "\u58ae\u5929\u4f7f\u7684\u7948\u9858", "FULLNAME": "fly-to-the-sky", "RATING": 13, "COMMENTS": "1"}, {"TITLE": "\u4ee3\u9054\u6d1b\u65af\u7684\u9006\u5929\u4f7f", "FULLNAME": "zh-daedalus-defyingangel", "RATING": 15, "COMMENTS": "0"}, {"TITLE": "SCP-ZH-074 - \u6d77\u62c9\u7684\u6536\u5bb9\u9593", "FULLNAME": "scp-zh-074", "RATING": 12, "COMMENTS": "7"}, {"TITLE": "SCP-ZH-223 - \u5b7d\u7a2e", "FULLNAME": "scp-zh-223", "RATING": 16, "COMMENTS": "2"}, {"TITLE": "SCP-ZH-725 - \u7a7a\u87f2", "FULLNAME": "scp-zh-725", "RATING": 12, "COMMENTS": "0"}, {"TITLE": "\u767d\u88e1\u900f\u7d05\u7684\u8eab\u5f71", "FULLNAME": "zh-daedalus-f004", "RATING": 15, "COMMENTS": "0"}, {"TITLE": "SCP-ZH-413 - \u542b\u7898\u6674\u5929\u5a03\u5a03", "FULLNAME": "scp-zh-413", "RATING": 17, "COMMENTS": "0"}, {"TITLE": "SCP-ZH-432 - \u66f4\u597d\u7684\u4f60", "FULLNAME": "scp-zh-432", "RATING": 21, "COMMENTS": "2"}, {"TITLE": "SCP-ZH-083 - \u9006\u9ec3\u6cc9\u7d19\u98db\u6a5f", "FULLNAME": "scp-zh-083", "RATING": 8, "COMMENTS": "0"}, {"TITLE": "\u52ff\u5fd8\u6211", "FULLNAME": "forget-me-not-lucifelle", "RATING": 17, "COMMENTS": "0"}, {"TITLE": "SCP-ZH-302 - \u542b\u7898\u6c34\u5996\u7cbe", "FULLNAME": "scp-zh-302", "RATING": 16, "COMMENTS": "0"}, {"TITLE": "\u59d4\u8a17\uff1a\u76ee\u5149\u4e4b\u7ffc", "FULLNAME": "commission-nine-point-eight", "RATING": 10, "COMMENTS": "0"}, {"TITLE": "SCP-ZH-073 - \u5de1\u8ff4\u6f14\u51fa\u6700\u7d42\u7ad9", "FULLNAME": "scp-zh-073", "RATING": 18, "COMMENTS": "1"}, {"TITLE": "SCP-ZH-609 - \u7761\u524d\u6aa2\u67e5", "FULLNAME": "scp-zh-609", "RATING": 14, "COMMENTS": "0"}, {"TITLE": "\u6642\u9593\u523b", "FULLNAME": "counting-down", "RATING": 12, "COMMENTS": "5"}, {"TITLE": "SCP-ZH-084 - \u4ee5\u6211\u70ba\u93e1", "FULLNAME": "scp-zh-084", "RATING": 9, "COMMENTS": "0"}, {"TITLE": "\u8654\u8aa0\u795e\u7236\u8207\u793e\u755c\u8f14\u5c0e\u54e1\u4e0d\u6703\u649e\u7834\u8499\u81c9\u4e0a\u53f8\u5011\u505a\u7f9e\u7f9e\u7684\u4e8b", "FULLNAME": "one-night-four-broken-hearts-in-12", "RATING": 20, "COMMENTS": "0"}, {"TITLE": "SCP-ZH-466 - \u9b54\u8853\u7898\u8207\u5922\u5e7b\u6ce1\u5f71", "FULLNAME": "scp-zh-466", "RATING": 15, "COMMENTS": "0"}, {"TITLE": "SCP-ZH-448 - \u516d\u8292\u75c7\u5019\u7fa4", "FULLNAME": "scp-zh-448", "RATING": 15, "COMMENTS": "2"}, {"TITLE": "\u52ab\u5b7d\u9918\u751f", "FULLNAME": "post-trauma", "RATING": 14, "COMMENTS": "1"}, {"TITLE": "\u6c89\u7761", "FULLNAME": "newandnewandnew", "RATING": 13, "COMMENTS": "1"}, {"TITLE": "\u82b1\u96e8", "FULLNAME": "zh-086-flower-torment", "RATING": 16, "COMMENTS": "0"}, {"TITLE": "SCP-ZH-968 - \u57fa\u8f14\u6230\u9b3c\u986f\u73fe\u4e4b\u6642", "FULLNAME": "scp-zh-968", "RATING": 25, "COMMENTS": "4"}, {"TITLE": "\u4e00\u5b9a\u662f\u5047\u7684", "FULLNAME": "must-be-fake", "RATING": 14, "COMMENTS": "0"}, {"TITLE": "SCP-ZH-179 - \u51a4\u6789", "FULLNAME": "scp-zh-179", "RATING": 16, "COMMENTS": "0"}, {"TITLE": "\u96fb\u5b50\u661f\u7a7a", "FULLNAME": "electronic-stary", "RATING": 15, "COMMENTS": "0"}, {"TITLE": "SCP-ZH-777 - \u4e03\u9418\u8b49\u507d\u50b3\u4e03\u97ff", "FULLNAME": "scp-zh-777", "RATING": 13, "COMMENTS": "0"}, {"TITLE": "\u6613\u7f85\u6b23\u3001\u5377\u96f6", "FULLNAME": "creator-part-zero", "RATING": 6, "COMMENTS": "0"}, {"TITLE": "\u5047\u9762\u9a0e\u58ebTheseus\uff1a\u4e00\u610f\u5b64\u884c", "FULLNAME": "kamen-rider-theseus-alone-in-the-dark", "RATING": 13, "COMMENTS": "1"}, {"TITLE": "SCP-ZH-106-\u300c\u9006\u6a21\u56e0\u300d", "FULLNAME": "scp-zh-106", "RATING": 23, "COMMENTS": "7"}, {"TITLE": "\u6709\u95dcKris\u535a\u58eb\u7684\u4e00\u4e9b\u5275\u4f5c\u5c0f\u5099\u5fd8", "FULLNAME": "on-how-to-draw-dr-kris-boone", "RATING": 10, "COMMENTS": "1"}, {"TITLE": "SCP-ZH-922 - \u99ac\u862d\u59d1\u5a18", "FULLNAME": "scp-zh-922", "RATING": 26, "COMMENTS": "1"}, {"TITLE": "\u85dd\u8853\u4f5c\u54c1\uff1aSCP-ZH-922\uff08SamScript\u7248\uff09", "FULLNAME": "cidal-dongi-by-samscript", "RATING": 11, "COMMENTS": "0"}, {"TITLE": "\u85dd\u8853\u4f5c\u54c1\uff1aSCP-ZH-922\uff08k1s10r0d\u7248\uff09", "FULLNAME": "cidal-dongi-by-k1s10r0d", "RATING": 15, "COMMENTS": "0"}, {"TITLE": "\u85dd\u8853\u4f5c\u54c1\uff1aSCP-ZH-922\uff08LuLu_Lucifelle\u7248\uff09", "FULLNAME": "cidal-dongi-by-lulu-lucifelle", "RATING": 12, "COMMENTS": "0"}, {"TITLE": "SCP-ZH-186 - \u9019\u4e9b\u8eca\u5f9e\u54ea\u4f86?", "FULLNAME": "scp-zh-186", "RATING": 10, "COMMENTS": "0"}, {"TITLE": "\u5c71\u672c\u7814\u7a76\u54e1\u7684ZH-922\u89c0\u5bdf\u65e5\u8a8c", "FULLNAME": "romiamiad-ni-cidal", "RATING": 17, "COMMENTS": "0"}, {"TITLE": "SCP-ZH-255 - \u5b64\u7368\u96aa", "FULLNAME": "scp-zh-225", "RATING": 20, "COMMENTS": "0"}, {"TITLE": "\u6211\u5011\u90fd\u53ea\u662f\u8840\u8089\u4e4b\u8ec0", "FULLNAME": "we-are-no-more-than-mortal-souls", "RATING": 15, "COMMENTS": "1"}, {"TITLE": "\u6613\u7f85\u6b23\u3001\u5377\u4e00", "FULLNAME": "creator-part-one", "RATING": 4, "COMMENTS": "0"}, {"TITLE": "SCP-ZH-985 - \u88ab\u62b9\u6d88\u7684\u9152\u5427\u6b77\u53f2", "FULLNAME": "scp-zh-985", "RATING": 12, "COMMENTS": "1"}, {"TITLE": "\u5c0f\u52d5\u7269\u6a94\u6848\uff1aCiwciw\uff01", "FULLNAME": "critter-profile-ciwciw", "RATING": 9, "COMMENTS": "0"}, {"TITLE": "\u6d41\u9023\u5fd8\u8fd4", "FULLNAME": "the-forsaken-lake", "RATING": 9, "COMMENTS": "1"}, {"TITLE": "Site-ZH-88\u7684\u6a19\u8a8c", "FULLNAME": "zh-88-logo", "RATING": 9, "COMMENTS": "1"}, {"TITLE": "\u547d\u61f8\u4e00\u9d28\uff0c\u9003\u51fa\u751f\u5929", "FULLNAME": "among-in-the-duck", "RATING": 16, "COMMENTS": "6"}, {"TITLE": "\u5e03\u9b6f\u514b\u6797\u7b2c\u96f6\u5340\uff1a\u5b8c\u5f62\u5d29\u58de", "FULLNAME": "boorklyn-00-crash", "RATING": 12, "COMMENTS": "1"}, {"TITLE": "SCP-ZH-126 - \u300c\u7f8a\u300d\u828b\u7247\u888b", "FULLNAME": "scp-zh-126", "RATING": 11, "COMMENTS": "0"}, {"TITLE": "\u6b61\u8fce\uff0c\u656c\u555f\u8005", "FULLNAME": "multiversal-valentine", "RATING": 18, "COMMENTS": "0"}, {"TITLE": "URA-995 - \u6d88 \u5931 \u7684 \u4e94 \u5206 \u9418", "FULLNAME": "scp-zh-995", "RATING": 12, "COMMENTS": "4"}, {"TITLE": "\u7b2c22\u5929", "FULLNAME": "project-mia-day-by-mimeow", "RATING": 10, "COMMENTS": "0"}, {"TITLE": "\u300c\u6211\u6c92\u760b\u300d", "FULLNAME": "i-mcrazy", "RATING": 10, "COMMENTS": "0"}, {"TITLE": "\u300c\u706b\u9b54\u6cd5\u300d\u56de\u9867\uff1a\u4f3c\u540c\u5be6\u7570\u7684\u5169\u5927\u985e\u8853\u5f0f", "FULLNAME": "review-of-fire-spells", "RATING": 16, "COMMENTS": "0"}, {"TITLE": "Myosotis", "FULLNAME": "myosotis", "RATING": 17, "COMMENTS": "0"}, {"TITLE": "SCP-ZH-382 - \u72a7\u7272\u54c1", "FULLNAME": "scp-zh-382", "RATING": 13, "COMMENTS": "0"}, {"TITLE": "\u6c92\u6709\u57fa\u91d1\u6703\u7684\u90a3\u6642", "FULLNAME": "the-time-foundation-disappeared", "RATING": 24, "COMMENTS": "0"}, {"TITLE": "\u4f69\u68ee\u5c3c\u723e\u7684\u793e\u4ea4\u5a92\u9ad4\u982d\u50cf", "FULLNAME": "pthahnil-s-social-media-user-icon", "RATING": 15, "COMMENTS": "0"}, {"TITLE": "\u4f69\u68ee\u5c3c\u723e\u79c1\u8a2d\u5c0f\u88d9\u5b50\u597d\u8036", "FULLNAME": "pthahnil-drees-relenaxd", "RATING": 11, "COMMENTS": "1"}, {"TITLE": "\u523a\u875f\u7b46\u8a18\u672c\uff1aZH\u5206\u90e8\u4eba\u7269\u5408\u8f2f\uff08ZH-12\u7ad9\u7bc7\uff09", "FULLNAME": "hedgehog-note-site-zh-12", "RATING": 14, "COMMENTS": "0"}, {"TITLE": "\u90fd\u5e02\u50b3\u8aaa\u578b\u7570\u5e38\u61c9\u5c0d\u90e8\u9580\u4e2d\u5fc3\u9801", "FULLNAME": "urban-legend-department", "RATING": 16, "COMMENTS": "1"}, {"TITLE": "1970-1972\u5947\u840a\u5c71\u5340\u672a\u89e3\u660e\u4e8b\u4ef6\u518d\u5be9\u63d0\u6848", "FULLNAME": "unsolved-cases-mount-qilai-1970-1972", "RATING": 13, "COMMENTS": "0"}, {"TITLE": "\u7570\u5875\u6f2b\u6b65", "FULLNAME": "a-walk-in-the-fallout", "RATING": 12, "COMMENTS": "7"}, {"TITLE": "\u9418\u67b6", "FULLNAME": "bell-frame", "RATING": 9, "COMMENTS": "1"}, {"TITLE": "\u5225\u60f9\u6211", "FULLNAME": "don-t-tread-on-me", "RATING": 11, "COMMENTS": "0"}, {"TITLE": "\u8fd1\u671f\u7684\u5275\u4f5c\uff08\u4e00\uff09", "FULLNAME": "sq-artwork-1a", "RATING": 16, "COMMENTS": "0"}, {"TITLE": "\u5b89\u5854\u96f7\u65af\u904b\u52d5\u5ba3\u5c0e", "FULLNAME": "propaganda-of-the-antares-movement", "RATING": 12, "COMMENTS": "0"}, {"TITLE": "\u7dad\u5b89\u4e8b\u6545ZH-330-2", "FULLNAME": "incident-zh-330-2", "RATING": 11, "COMMENTS": "0"}, {"TITLE": "\u6c7d\u6c34\u7684\u85dd\u4f5c\u98011", "FULLNAME": "lillianasoda-artworks1", "RATING": 16, "COMMENTS": "0"}, {"TITLE": "\u81ea\u8a02\u5e03\u666f\u3010\u6697\u8272\u6a21\u5f0f\u3011\u529f\u80fd\u8aaa\u660e\u8207\u5c55\u793a", "FULLNAME": "custom-dark-style", "RATING": 2, "COMMENTS": "0"}, {"TITLE": "2022 \u8679\u5149\u4e4b\u9593", "FULLNAME": "darkroom-2022", "RATING": 7, "COMMENTS": "2"}, {"TITLE": "SCP\u57fa\u91d1\u6703\u7e41\u4e2d\u5206\u90e8\u7684\u6a19\u8a8c", "FULLNAME": "logo-zh", "RATING": 15, "COMMENTS": "1"}, {"TITLE": "\u5b89\u7720\u83ef\u723e\u8332", "FULLNAME": "dormitive-waltz", "RATING": 12, "COMMENTS": "0"}, {"TITLE": "SCP-ZH-196 - \u8207\u3164\u3164\u3164\u3164\u5a46\u5a11\u8d77\u821e", "FULLNAME": "scp-zh-196", "RATING": 17, "COMMENTS": "0"}, {"TITLE": "\u9b54\u5973\u805a\u6703\u8207\u7121\u5149\u4e4b\u68ee", "FULLNAME": "zh-the-witches-gathering-and-the-lightless-forest-1", "RATING": 10, "COMMENTS": "0"}, {"TITLE": "\u6697\u65e5\u9a45\u5f71", "FULLNAME": "bythenameofeighthsun-noshadowallowed", "RATING": 9, "COMMENTS": "0"}, {"TITLE": "\u60e1\u610f\u884c\u70ba", "FULLNAME": "malicious-behavior", "RATING": 12, "COMMENTS": "2"}, {"TITLE": "SCP-ZH-957 - \u6399\u812b\u7981\u932e\u4e4b\u85e4", "FULLNAME": "scp-zh-957", "RATING": 6, "COMMENTS": "0"}, {"TITLE": "SCP-ZH-744 - \u53cd\u6d17\u79ae", "FULLNAME": "scp-zh-744", "RATING": 13, "COMMENTS": "3"}, {"TITLE": "SCP-\u229b\u2742\u274d\u25cc", "FULLNAME": "scp-zh-868", "RATING": 15, "COMMENTS": "3"}, {"TITLE": "\u6c7d\u6c34\u7684\u85dd\u4f5c\u98012", "FULLNAME": "lillianasoda-artworks2", "RATING": 15, "COMMENTS": "0"}, {"TITLE": "\u8fd1\u671f\u7684\u5275\u4f5c\uff08\u4e8c\uff09", "FULLNAME": "sq-artwork-1b", "RATING": 10, "COMMENTS": "3"}, {"TITLE": "SCP-ZH-895\u2014\u5875\u5c01\u4e4b\u5922\u8207\u6096\u8ad6", "FULLNAME": "scp-zh-895", "RATING": 10, "COMMENTS": "0"}, {"TITLE": "\u5e0c\u671b\u7684\u984f\u8272", "FULLNAME": "color-of-hope", "RATING": 10, "COMMENTS": "0"}, {"TITLE": "SCP-ZH-801 - \u6e6e\u6ec5\u516c\u5206\u6bcd", "FULLNAME": "scp-zh-801", "RATING": 10, "COMMENTS": "0"}, {"TITLE": "SCP-ZH-403 - \u7981\u81e0\u8207\u7d42\u6b62\u7b26", "FULLNAME": "scp-zh-403", "RATING": 17, "COMMENTS": "4"}, {"TITLE": "NX-ZH-02\uff1a\u897f\u52a0\u8d70\u7063\u7fa4\u5cf6", "FULLNAME": "nx-zh-02", "RATING": 24, "COMMENTS": "1"}, {"TITLE": "SCP-ZH-304 - \u884c\u9032\u63d2\u66f2", "FULLNAME": "scp-zh-304", "RATING": 11, "COMMENTS": "0"}, {"TITLE": "SCP-ZH-361 - \u9a5a\u559cX\u9eb5", "FULLNAME": "scp-zh-361", "RATING": 17, "COMMENTS": "0"}, {"TITLE": "\u6975\u9650\u523b\u5ea6", "FULLNAME": "limit-scale", "RATING": 8, "COMMENTS": "0"}, {"TITLE": "\u5b8c\u7f8e\u72afX\u7684\u5165\u8077", "FULLNAME": "interview-of-x", "RATING": 11, "COMMENTS": "0"}, {"TITLE": "\u4ed6\u5011\u66fe\u7d93\u975e\u4eba\uff0c\u4e00\u5982\u5f80\u5e38\uff0c\u672a\u5fc5\u5982\u6b64", "FULLNAME": "zh-defying-angel-daily01", "RATING": 12, "COMMENTS": "1"}, {"TITLE": "SCP-ZH-279 - \u611b\u7684\u5f62\u72c0", "FULLNAME": "scp-zh-279", "RATING": 20, "COMMENTS": "1"}, {"TITLE": "\u4ea4\u6703\uff0c\u7136\u5f8c\u6f38\u884c\u6f38\u9060", "FULLNAME": "go-to-sus-hi-po", "RATING": 11, "COMMENTS": "1"}, {"TITLE": "\u7121\u5fc3\u4e4b\u8a00", "FULLNAME": "heartless-speaking", "RATING": 7, "COMMENTS": "1"}, {"TITLE": "\u6d77\u68e0\u4f9d\u820a", "FULLNAME": "lucid-dreams", "RATING": 24, "COMMENTS": "0"}, {"TITLE": "SCP-ZH-184 - \u5954\u8eca\u673d\u7d22", "FULLNAME": "scp-zh-184", "RATING": 22, "COMMENTS": "1"}, {"TITLE": "SCP-ZH-119 - \u61f2\u7f70\u4e4b\u706b\u4e0d\u964d\u65bc\u6211", "FULLNAME": "scp-zh-119", "RATING": 14, "COMMENTS": "0"}, {"TITLE": "SCP-ZH-532 - \u7c21\u55ae\u4eba\u751f\u8eab\u5fc3\u8a3a\u6240", "FULLNAME": "scp-zh-532", "RATING": 16, "COMMENTS": "0"}, {"TITLE": "SCP-ZH-902 - \u5012\u6578\u4e4b\u4e2d", "FULLNAME": "scp-zh-902", "RATING": 12, "COMMENTS": "1"}, {"TITLE": "SCP-ZH-318 - \u8a8d\u540c\u7656", "FULLNAME": "scp-zh-318", "RATING": 0, "COMMENTS": "10"}, {"TITLE": "\u5047\u9762\u9a0e\u58ebTheseus\uff1a\u96d9\u8ecc\u96e3\u984c", "FULLNAME": "kamen-rider-theseus-double-tracks-problem", "RATING": 14, "COMMENTS": "0"}, {"TITLE": "\u646f\u5bd0\u6eb6\u89e3", "FULLNAME": "dreams-always-dissolve", "RATING": 17, "COMMENTS": "0"}, {"TITLE": "SCP-ZH-134 - \u7fa4", "FULLNAME": "scp-zh-134", "RATING": 13, "COMMENTS": "0"}, {"TITLE": "\u7279\u6b8a\u914d\u5099\u300c\u4e5d\u8f49\u76d4\u300d\u5be6\u9a57\u7d00\u805e\uff1a\u8d64\u5d50\u56db\u5411", "FULLNAME": "helms-of-nine-iterations-in-red-storm-quadrants", "RATING": 10, "COMMENTS": "1"}, {"TITLE": "\u4e0d\u53ef\u4e82\u78b0\u7ba1\u7dda", "FULLNAME": "ching-sus", "RATING": 8, "COMMENTS": "0"}, {"TITLE": "D-10201", "FULLNAME": "d-10201", "RATING": 16, "COMMENTS": "2"}, {"TITLE": "\u7121\u5e8f\u5922\u56c8", "FULLNAME": "disorder-flapdoodle", "RATING": 18, "COMMENTS": "0"}, {"TITLE": "SCP-ZH-447 - \u8236\u4f86\u54c1\u822c\u7684\u9418\u9336", "FULLNAME": "scp-zh-447", "RATING": 8, "COMMENTS": "2"}, {"TITLE": "SCP-ZH-750 - \u795e\u8aaa\uff1a\u300c\u8981\u6709\u6cb9\u3002\u300d\u5c31\u6709\u4e86\u6cb9\u3002", "FULLNAME": "scp-zh-750", "RATING": 31, "COMMENTS": "5"}, {"TITLE": "SCP-ZH-441 - \u53ea\u80fd\u4ee5\u9019\u7a2e\u65b9\u5f0f\u932f\u8aa4\u5730\u60e6\u8a18\u88ab\u78be\u58d3\u800c\u4ea1\u7684\u5c4d\u9ad4", "FULLNAME": "scp-zh-441", "RATING": 17, "COMMENTS": "1"}, {"TITLE": "\u5bd0\u5074\u64f4\u5f35", "FULLNAME": "extension-of-dream", "RATING": 12, "COMMENTS": "2"}, {"TITLE": "SCP-ZH-820 - \u5fcc\u5992\u9ebb\u4ed4\u53f0", "FULLNAME": "scp-zh-820", "RATING": 5, "COMMENTS": "1"}, {"TITLE": "\u611b\u5df2\u6dcc\u8840\u4e0d\u6b62", "FULLNAME": "zh-love-is-bleeding", "RATING": 6, "COMMENTS": "1"}, {"TITLE": "\u6728\u6613\u767e\u8f09\uff1a\u798f\u723e\u6469\u6c99\u8fd1\u4ee3\u53f2\u5c55", "FULLNAME": "mu-yi-exhibition-2022", "RATING": 13, "COMMENTS": "1"}, {"TITLE": "SCP-ZH-912-J - \u5927\u5fcc", "FULLNAME": "scp-zh-912-j", "RATING": 21, "COMMENTS": "6"}, {"TITLE": "\u80cc\u9762\u7684\u96fb\u8a71\u4ead", "FULLNAME": "phone-booth5", "RATING": 17, "COMMENTS": "0"}, {"TITLE": "SCP-ZH-173 - BLACK-GROUND: The Prologue", "FULLNAME": "scp-zh-173", "RATING": 15, "COMMENTS": "2"}, {"TITLE": "SCP-ZH-824 - \u6700\u6c89\u91cd\u7684\u7e6a\u5716\u7b46", "FULLNAME": "scp-zh-824", "RATING": 12, "COMMENTS": "1"}, {"TITLE": "SCP-ZH-180 - \u5b89 \u59ae :-)", "FULLNAME": "scp-zh-180", "RATING": 23, "COMMENTS": "2"}, {"TITLE": "SCP-ZH-583-J - \u54ea\u4f86\u7684\u7334\u5b50.SCiP", "FULLNAME": "scp-zh-583-j", "RATING": 14, "COMMENTS": "4"}, {"TITLE": "\u646f\u5bd0\u8ff8\u88c2", "FULLNAME": "dreams-always-explode", "RATING": 14, "COMMENTS": "0"}, {"TITLE": "Negative", "FULLNAME": "negative", "RATING": 6, "COMMENTS": "0"}, {"TITLE": "\u6c7d\u6c34\u7684\u85dd\u4f5c\u98013", "FULLNAME": "lillianasoda-artworks3", "RATING": 15, "COMMENTS": "0"}, {"TITLE": "SCP-ZH-145 - \"\u597d\u904b\u6821\u6b63\"\u9ebb\u5c07\u684c", "FULLNAME": "scp-zh-145", "RATING": 11, "COMMENTS": "2"}, {"TITLE": "Lostwhat\u7684\u63d0\u6848\u4e00", "FULLNAME": "lostwhat-s-proposal", "RATING": 38, "COMMENTS": "2"}, {"TITLE": "SCP-ZH-176 - \u300a\u6d77\u9dd7\u7684\u5927\u64a4\u9000\u300b", "FULLNAME": "scp-zh-176", "RATING": 22, "COMMENTS": "0"}, {"TITLE": "SCP-ZH-135 - \u8c93\u54aa\u4e0d\u548c\u6211\u73a9", "FULLNAME": "scp-zh-135", "RATING": 22, "COMMENTS": "2"}, {"TITLE": "\u5922\u5883\u91cd\u5531", "FULLNAME": "dream-duet", "RATING": 10, "COMMENTS": "0"}, {"TITLE": "SCP-ZH-993 - \u7121\u77e5\u5247\u81ea\u7531", "FULLNAME": "scp-zh-993", "RATING": 25, "COMMENTS": "0"}, {"TITLE": "Reverberate_a\u7684\u63d0\u6848", "FULLNAME": "reverberate-a-s-proposal-1", "RATING": 23, "COMMENTS": "2"}, {"TITLE": "\u865b\u50cf\u7dbb\u653e", "FULLNAME": "phantom-flowering", "RATING": 9, "COMMENTS": "1"}, {"TITLE": "SCP-ZH-712 - \u8d85\u9ad8\u901f\u95b1\u8b80\u773c\u93e1", "FULLNAME": "scp-zh-712", "RATING": 15, "COMMENTS": "0"}, {"TITLE": "SCP-ZH-646 - \u5348\u591c\u81ea\u756b", "FULLNAME": "scp-zh-646", "RATING": 15, "COMMENTS": "0"}, {"TITLE": "\u8f38\u5165\u5bc6\u5319\uff1a67337-94-505", "FULLNAME": "scp-zh-505", "RATING": 13, "COMMENTS": "0"}, {"TITLE": "\u4f46\u9858\u6211\u4e0d\u518d\u597d\u547d", "FULLNAME": "toogoodtobetrue", "RATING": 19, "COMMENTS": "1"}, {"TITLE": "\u4f75\u767c\u75c7", "FULLNAME": "complication", "RATING": 6, "COMMENTS": "1"}, {"TITLE": "\u57f7\u5de6\u9053\u8005\u7684\u81ea\u6211\u653f\u8b8a", "FULLNAME": "self-coup-of-the-knavish", "RATING": 17, "COMMENTS": "2"}, {"TITLE": "\u6b98\u97ff", "FULLNAME": "reverberate", "RATING": 16, "COMMENTS": "4"}, {"TITLE": "SCP-ZH-190 - \u5fc3\u9748\u7db2\u8def", "FULLNAME": "scp-zh-190", "RATING": 15, "COMMENTS": "1"}, {"TITLE": "\u5e7b\u60f3\u62bd\u96e2", "FULLNAME": "get-out-of-the-dream", "RATING": 3, "COMMENTS": "3"}, {"TITLE": "SCP-ZH-989 - \u6211\u5011\u8166\u4e2d\u7684\u592a\u967d", "FULLNAME": "scp-zh-989", "RATING": 20, "COMMENTS": "1"}, {"TITLE": "SCP-ZH-911 - \u4f60\u6240\u634d\u885b\u7684\u81ea\u7531", "FULLNAME": "scp-zh-911", "RATING": 22, "COMMENTS": "0"}, {"TITLE": "\u300a\u7f3a\u6c27\uff1f\u6e96\u5099\u8f49\u4e16\uff01\u300b\u7af6\u8cfd\u9801", "FULLNAME": "reincarnation-by-suffocation", "RATING": 6, "COMMENTS": "1"}, {"TITLE": "\u570b\u5b89\u5c40\u7b2c\u516b\u8655\u6230\u7565\u8cc7\u6599\uff1a\u88dd\u5099", "FULLNAME": "nsb-8-euipment", "RATING": 5, "COMMENTS": "0"}, {"TITLE": "\u57fa\u91d1\u6703\u7a7a\u52e4\u6536\u5bb9\u6307\u5c0e\u8b1b\u7fd2-1", "FULLNAME": "aerowar-50-teach-1", "RATING": 9, "COMMENTS": "0"}, {"TITLE": "\u64f2\u9234\u624b\u751f\u5275 \u4e2d\u5fc3\u9801", "FULLNAME": "bell-tosser", "RATING": 6, "COMMENTS": "1"}, {"TITLE": "SCP-ZH-157 - \u66a2\u884c\u7121\u963b", "FULLNAME": "scp-zh-157", "RATING": 14, "COMMENTS": "1"}, {"TITLE": "SCP-ZH-149 - \u8eab\u9ad4\u662f\u4f60\u8a5b\u5492\u7684\u9053\u8def", "FULLNAME": "scp-zh-149", "RATING": 10, "COMMENTS": "0"}, {"TITLE": "SCP-ZH-230 - H.K.\u7684\u6f2b\u9577\u9918\u751f", "FULLNAME": "scp-zh-230", "RATING": 13, "COMMENTS": "0"}, {"TITLE": "\u6211\u5011\u4e4b\u4e2d\u6709\u500b\u9593\u8adc", "FULLNAME": "there-is-a-imposter-among-us", "RATING": 21, "COMMENTS": "1"}, {"TITLE": "\u4f60\u7684\u5fc3\u53c8\u5c6c\u65bc\u8ab0\uff1f", "FULLNAME": "who-does-your-heart-belong-to", "RATING": 14, "COMMENTS": "1"}, {"TITLE": "\u557c\u8840\u9ce5", "FULLNAME": "flock-of-bloods", "RATING": 13, "COMMENTS": "2"}, {"TITLE": "SCP-ZH-214 - \u52ff\u5fd8\u6211", "FULLNAME": "scp-zh-214", "RATING": 8, "COMMENTS": "1"}, {"TITLE": "\u66f9\u95be\u8776", "FULLNAME": "artworks", "RATING": 17, "COMMENTS": "2"}, {"TITLE": "\u6b61\u8fce\u56de\u5bb6", "FULLNAME": "fog-house", "RATING": 19, "COMMENTS": "3"}, {"TITLE": "\u9ed1\u8272\u83ef\u723e\u6ecb", "FULLNAME": "pitch-dark-walts", "RATING": 12, "COMMENTS": "0"}, {"TITLE": "SCP-ZH-418 - \u67e5\u7121\u6b64\u9805\u76ee", "FULLNAME": "scp-zh-418", "RATING": 10, "COMMENTS": "2"}, {"TITLE": "\u9716\u8336", "FULLNAME": "rain-and-tea", "RATING": 13, "COMMENTS": "3"}, {"TITLE": "\u6842\u82b1\u548c\u6d0b\u7518\u83ca", "FULLNAME": "tea-rain-halloween2022", "RATING": 16, "COMMENTS": "1"}, {"TITLE": "\u9152\u55ae\uff1a\u98db\u884c", "FULLNAME": "aviation", "RATING": 13, "COMMENTS": "1"}, {"TITLE": "\u9152\u55ae\uff1a\u5a01\u58eb\u5fcc", "FULLNAME": "whiskey", "RATING": 6, "COMMENTS": "0"}, {"TITLE": "\u9152\u55ae\uff1a\u6ce2\u65c1\u5a01\u58eb\u5fcc", "FULLNAME": "bourbon-whiskey", "RATING": 11, "COMMENTS": "0"}, {"TITLE": "SCP-ZH-244 - \u6211\u56de\u4f86\u4e86", "FULLNAME": "scp-zh-244", "RATING": 24, "COMMENTS": "1"}, {"TITLE": "\u6211\u56de\u4f86\u56c9", "FULLNAME": "i-m-home", "RATING": 12, "COMMENTS": "0"}, {"TITLE": "SCP-ZH-699 - \u4e3b\u4eba\uff01\u4e3b\u4eba\uff01\u4e3b\u4eba\uff01\u4e3b\u4eba\uff01\u4e3b\u4eba\uff01\u4e3b\u4eba\uff01\u4e3b\u4eba\uff01\u4e3b\u4eba\uff01\u4e3b\u4eba\uff01", "FULLNAME": "scp-zh-699", "RATING": 14, "COMMENTS": "3"}, {"TITLE": "\u9163\u591c\u6afb\u83ef \u4e2d\u5fc3\u9801", "FULLNAME": "site-zh-16-4th-staff-restaurant-hub", "RATING": 7, "COMMENTS": "2"}, {"TITLE": "\u56de\u5c71\uff0c\u56de\u5bb6", "FULLNAME": "a-home-welcoming-story-rsr-lu", "RATING": 10, "COMMENTS": "0"}, {"TITLE": "\u4f5c\u6230\u7d00\u9304{RL-1207}", "FULLNAME": "combat-record-rl1207", "RATING": 2, "COMMENTS": "1"}, {"TITLE": "\u6700\u5f8c\u4e00\u5834\u96ea", "FULLNAME": "first-but-last", "RATING": 10, "COMMENTS": "1"}, {"TITLE": "SCP-ZH-765 - \u9955\u6848\u992e\u7258", "FULLNAME": "scp-zh-765", "RATING": 8, "COMMENTS": "1"}, {"TITLE": "site-zh-50\u7ad9\u9ede\u6a19\u8a8c(gif)", "FULLNAME": "site-zh-50-gif", "RATING": 4, "COMMENTS": "0"}, {"TITLE": "\u7de8\u8f2f\u500b\u6848\uff1a\u300a\u8ff4\u97ff\u5fc3\u8072\u300b", "FULLNAME": "editorial-case-echoed-nightmare", "RATING": 11, "COMMENTS": "5"}, {"TITLE": "\u9152\u55ae\uff1a\u9ed1\u591c\u4e4b\u543b", "FULLNAME": "kiss-in-the-dark", "RATING": 7, "COMMENTS": "0"}, {"TITLE": "SCP-ZH-246 - \u9ede\u64ca\u6ed1\u9f20\u62ef\u6551\u751f\u547d", "FULLNAME": "scp-zh-246", "RATING": 10, "COMMENTS": "0"}, {"TITLE": "\u4e00\u5c01\u8a18\u8f09\u7570\u805e\u7684\u4fe1", "FULLNAME": "wanderers:letter-about-strange-serpents", "RATING": 16, "COMMENTS": "1"}, {"TITLE": "\u661f\u661f\u88fd\u9020\u8005", "FULLNAME": "wanderers:star-maker", "RATING": 23, "COMMENTS": "4"}, {"TITLE": "\u516c\u5712\u9577\u6905\u4e0a\u7684\u7537\u4eba", "FULLNAME": "wanderers:man-on-the-bench", "RATING": 10, "COMMENTS": "3"}, {"TITLE": "\u963f\u91cc\u624e\u5deb\u5e2b\u65e5\u5e38", "FULLNAME": "wanderers:arizas-class", "RATING": 8, "COMMENTS": "4"}, {"TITLE": "\u4fe1\u4ef6\u554a\u4fe1\u4ef6", "FULLNAME": "wanderers:letter-ah-letter", "RATING": 7, "COMMENTS": "0"}, {"TITLE": "\u851a\u85cd\u4e4b\u738b", "FULLNAME": "wanderers:cerulean-king", "RATING": 8, "COMMENTS": "0"}, {"TITLE": "\u54b1\u662f\u8ab0", "FULLNAME": "wanderers:who-am-i", "RATING": 8, "COMMENTS": "1"}, {"TITLE": "\u65bc\u662f\uff0c\u6211\u8e0f\u9032\u4e86\u6211\u9762\u524d\u90a3\u4e0d\u5b58\u5728\u7684\u9ed1\u6d77\u3002", "FULLNAME": "wanderers:so-i-stab-into-the-black-sea", "RATING": 10, "COMMENTS": "1"}, {"TITLE": "\u8feb\u964d\u4e8b\u4ef6", "FULLNAME": "wanderers:a-freak-accident-also-a-forced-anchorage", "RATING": 10, "COMMENTS": "0"}, {"TITLE": "\u661f\u661f\u96e8\u7684\u6545\u4e8b", "FULLNAME": "wanderers:they-me-you-stars", "RATING": 11, "COMMENTS": "0"}, {"TITLE": "\u592a\u967d\u7981\u6b62\u9032\u5165", "FULLNAME": "wanderers:eos-and-sun", "RATING": 20, "COMMENTS": "1"}, {"TITLE": "\u74f6\u4e2d\u7684\u78a7\u7fe0\u6602", "FULLNAME": "wanderers:homunculus", "RATING": 20, "COMMENTS": "0"}, {"TITLE": "\u6885\u723e\u8207\u73cd\u73e0", "FULLNAME": "wanderers:pearl", "RATING": 19, "COMMENTS": "2"}, {"TITLE": "\u7d2f\u4e16\u71fc\u901d", "FULLNAME": "wanderers:farewell", "RATING": 15, "COMMENTS": "1"}, {"TITLE": "\u8b6f\u8005\u521d\u6821\u81ea\u884c\u6aa2\u67e5\u8868", "FULLNAME": "your-first-translation", "RATING": 23, "COMMENTS": "0"}, {"TITLE": "\u771f\u7d00\u8207\u79ae\u7afa", "FULLNAME": "merry-christmas-mkm", "RATING": 14, "COMMENTS": "2"}, {"TITLE": "\u8b58\u5225\u8b49", "FULLNAME": "identification-card", "RATING": 7, "COMMENTS": "0"}, {"TITLE": "SCP-ZH-632 - Can you hear me?", "FULLNAME": "scp-zh-632", "RATING": 9, "COMMENTS": "1"}, {"TITLE": "\u6bcf\u5206\u6bcf\u79d2\u90fd\u5728\u4e16\u754c\u6bc0\u6ec5", "FULLNAME": "divina-commedia", "RATING": 11, "COMMENTS": "1"}, {"TITLE": "\u73c0\u6c99\u90a3\u7684\u65e5\u8a18", "FULLNAME": "wanderers:pershana-s-diary", "RATING": 8, "COMMENTS": "1"}, {"TITLE": "SCP-ZH-848 - \u8840\u6d78\u5cf6", "FULLNAME": "scp-zh-848", "RATING": 12, "COMMENTS": "0"}, {"TITLE": "SCP-ZH-598 - \u4e0a\u4e3b\u7684\u5bf6\u5ea7", "FULLNAME": "scp-zh-598", "RATING": 11, "COMMENTS": "0"}, {"TITLE": "\u8de8\u5e74\u591c\uff0c\u52a0\u73ed\u591c", "FULLNAME": "work-overtime-night-2023", "RATING": 13, "COMMENTS": "0"}, {"TITLE": "\u9a5f\u96e8\u68cb\u6cd5\u50b3\u8aaa\u521d\u77a5", "FULLNAME": "first-glimpse-into-legend-of-shower-chess-style", "RATING": 6, "COMMENTS": "0"}, {"TITLE": "SCP-835-JP", "FULLNAME": "scp-835-jp-art", "RATING": 8, "COMMENTS": "0"}, {"TITLE": "\u85dd\u8853\u4f5c\u54c1\uff1aSCP-ZH-922\uff08Control Z\u7248\uff09", "FULLNAME": "cidal-dongi-by-controlz", "RATING": 13, "COMMENTS": "0"}]