[{"TITLE": "\u4e8b\u4ef6\u4ee3\u865f\uff1a\u6838\u88c2\u64e0\u514c \u86db\u7db2\u88e1\u7684\u8001\u9df9", "FULLNAME": "operation-nucleon-bank-cobweb01", "RATING": 10, "COMMENTS": "1"}, {"TITLE": "\u9805\u76ee\u4f01\u5283\u66f8 1924-1894\uff1a\u300a\u535a\u89bd\u6703\u300b", "FULLNAME": "project-proposal-1925-1894", "RATING": 13, "COMMENTS": "2"}, {"TITLE": "\u6b98\u5f71", "FULLNAME": "afterimage", "RATING": 14, "COMMENTS": "2"}, {"TITLE": "\u6545\u4e8b\u7684\u529b\u91cf\uff5e\u4f60\u70ba\u4ec0\u9ebc\u9700\u8981\u8d85\u5f62\u4e0a\u5b78\uff5e", "FULLNAME": "why-you-need-pataphysics", "RATING": 28, "COMMENTS": "1"}, {"TITLE": "\u4f60\u662f\u5565\u7269\u4eba\uff1f", "FULLNAME": "to-the-doctor", "RATING": 13, "COMMENTS": "5"}, {"TITLE": "\u5947\u8e5f\u5b78\u7149\u91d1\u8853\u5c0e\u8ad6\uff1a\u5982\u4f55\u628a\u6c34\u9280\u7149\u6210\u9ec3\u91d1", "FULLNAME": "thaumatalchemy", "RATING": 15, "COMMENTS": "4"}, {"TITLE": "SCP-ZH-352 - \u7d55\u547d\u516d\u9f9c\u8461\u8404", "FULLNAME": "scp-zh-352", "RATING": 17, "COMMENTS": "4"}, {"TITLE": "SCP-ZH-499 - \u5eb7\u4e43\u99a8\u76d4\u7532\u5de5\u85dd", "FULLNAME": "scp-zh-499", "RATING": 37, "COMMENTS": "3"}, {"TITLE": "SCP-ZH-916 - \u5922\u8ff4\u7194\u7210", "FULLNAME": "scp-zh-916", "RATING": 19, "COMMENTS": "3"}, {"TITLE": "\u97f3\u6a02\u5f8b\u52d5\u52a0\u5bc6\u7a0b\u5e8f", "FULLNAME": "maimaimiamia", "RATING": 9, "COMMENTS": "0"}, {"TITLE": "\u5951\u8a08\u5283\u3001\u662d\u548c\u4e8c\u5341\u5e74", "FULLNAME": "setu-plan", "RATING": 8, "COMMENTS": "0"}, {"TITLE": "SCP-ZH-082 - \u5c0f\u871c\u8702\u9910\u8eca", "FULLNAME": "scp-zh-082", "RATING": 24, "COMMENTS": "0"}, {"TITLE": "SCP-ZH-999\uff0d\u4eba\u5011\u6b20\u4ed6\u500b\u7e3d\u7d71\u5e2d\u4f4d", "FULLNAME": "scp-zh-999", "RATING": 57, "COMMENTS": "13"}, {"TITLE": "SCP-ZH-151 - \u51b7\u6f20\u6bba", "FULLNAME": "scp-zh-151", "RATING": 12, "COMMENTS": "0"}, {"TITLE": "SCP-ZH-104 - \u4eba\u5de5\u9020\u5b50", "FULLNAME": "scp-zh-104", "RATING": 12, "COMMENTS": "4"}, {"TITLE": "k1s10r0d\u7684\u63d0\u6848 - IMMOLARI", "FULLNAME": "k1s10r0d-s-proposal", "RATING": 36, "COMMENTS": "3"}, {"TITLE": "SCP-ZH-830 - \u5947\u8e5f", "FULLNAME": "scp-zh-830", "RATING": 9, "COMMENTS": "1"}, {"TITLE": "SCP-ZH-277\uff0d\u7bc9\u8def\u4e2d\u539f", "FULLNAME": "scp-zh-277", "RATING": 12, "COMMENTS": "0"}, {"TITLE": "SCP-ZH-072 - \u5de5\u4f5c\u9593\u5931\u7aca\u4e8b\u4ef6", "FULLNAME": "scp-zh-072", "RATING": 17, "COMMENTS": "1"}, {"TITLE": "SCP-ZH-181 - \u6c38\u7e8c\u7684\u5de5\u696d\u9769\u547d", "FULLNAME": "scp-zh-181", "RATING": 12, "COMMENTS": "1"}, {"TITLE": "SCP-ZH-337 - \u5922\u5de5\u5ee0", "FULLNAME": "scp-zh-337", "RATING": 28, "COMMENTS": "6"}, {"TITLE": "SCP-ZH-365 - \u8d17\u54c1\u8b49\u4ef6\u593e", "FULLNAME": "scp-zh-365", "RATING": 3, "COMMENTS": "1"}, {"TITLE": "SCP-ZH-922 - \u99ac\u862d\u59d1\u5a18", "FULLNAME": "scp-zh-922", "RATING": 26, "COMMENTS": "1"}, {"TITLE": "\u6c92\u6709\u57fa\u91d1\u6703\u7684\u90a3\u6642", "FULLNAME": "the-time-foundation-disappeared", "RATING": 24, "COMMENTS": "0"}, {"TITLE": "\u8a18\u61b6\u7684\u6d2a\u6d41", "FULLNAME": "stream-of-memory", "RATING": 13, "COMMENTS": "2"}, {"TITLE": "\u6b98\u97ff", "FULLNAME": "reverberate", "RATING": 16, "COMMENTS": "4"}, {"TITLE": "SCP-ZH-911 - \u4f60\u6240\u634d\u885b\u7684\u81ea\u7531", "FULLNAME": "scp-zh-911", "RATING": 22, "COMMENTS": "0"}, {"TITLE": "\u570b\u5b89\u5c40\u7b2c\u516b\u8655\u6230\u7565\u8cc7\u6599\uff1a\u88dd\u5099", "FULLNAME": "nsb-8-euipment", "RATING": 5, "COMMENTS": "0"}, {"TITLE": "\u57fa\u91d1\u6703\u7a7a\u52e4\u6536\u5bb9\u6307\u5c0e\u8b1b\u7fd2-1", "FULLNAME": "aerowar-50-teach-1", "RATING": 9, "COMMENTS": "0"}, {"TITLE": "SCP-ZH-149 - \u8eab\u9ad4\u662f\u4f60\u8a5b\u5492\u7684\u9053\u8def", "FULLNAME": "scp-zh-149", "RATING": 10, "COMMENTS": "0"}, {"TITLE": "SCP-ZH-230 - H.K.\u7684\u6f2b\u9577\u9918\u751f", "FULLNAME": "scp-zh-230", "RATING": 13, "COMMENTS": "0"}, {"TITLE": "SCP-ZH-091 - \u9003\u5175", "FULLNAME": "scp-zh-091", "RATING": 20, "COMMENTS": "3"}, {"TITLE": "SCP-ZH-1021-EX- \u6211\u53eb\u4f60\u4e0d\u51c6\u8aaa\u51fa\u53bb", "FULLNAME": "scp-zh-1021-ex", "RATING": 5, "COMMENTS": "1"}, {"TITLE": "\u70ba\u4f55\u6211\u5011\u4e0d\u80fd\u6feb\u7528\u73fe\u5be6\u7a69\u5b9a\u9328\uff1f", "FULLNAME": "about-scranton-reality-anchors", "RATING": 17, "COMMENTS": "3"}, {"TITLE": "\u66f9\u95be\u8776", "FULLNAME": "artworks", "RATING": 17, "COMMENTS": "2"}, {"TITLE": "\u7d55\u7121\u4e8c\u5fc3", "FULLNAME": "forever-heartfelt", "RATING": 5, "COMMENTS": "0"}, {"TITLE": "SCP-ZH-214 - \u52ff\u5fd8\u6211", "FULLNAME": "scp-zh-214", "RATING": 8, "COMMENTS": "1"}, {"TITLE": "\u9ed1\u8272\u83ef\u723e\u6ecb", "FULLNAME": "pitch-dark-walts", "RATING": 12, "COMMENTS": "0"}, {"TITLE": "\u6b61\u8fce\u56de\u5bb6", "FULLNAME": "fog-house", "RATING": 19, "COMMENTS": "3"}, {"TITLE": "\u8b6f\u8005\u521d\u6821\u81ea\u884c\u6aa2\u67e5\u8868", "FULLNAME": "your-first-translation", "RATING": 23, "COMMENTS": "0"}]