[{"TITLE": "SCP-ZH-009 - \u81fa\u5f0f\u65e9\u9ede", "FULLNAME": "scp-zh-009", "RATING": 20, "COMMENTS": "3"}, {"TITLE": "SCP-ZH-406 - \u4e0d\u7d10\u897f\u862d", "FULLNAME": "scp-zh-406", "RATING": 11, "COMMENTS": "1"}, {"TITLE": "SCP-ZH-618 - \u592a\u967d\u9905\u7345", "FULLNAME": "scp-zh-618", "RATING": 42, "COMMENTS": "0"}, {"TITLE": "SCP-ZH-035 - \u8dd1\u9177\u8005", "FULLNAME": "scp-zh-035", "RATING": 21, "COMMENTS": "0"}, {"TITLE": "SCP-ZH-005 - \u5047\u5982\u4f60\u6c92\u6709\u8f49\u767c\u9019\u7bc7\u6587\u6a94\u7d66\u5341\u500b\u670b\u53cb\uff0c\u90a3\u9ebc\u2026\u2026\u2026\u2026", "FULLNAME": "scp-zh-005", "RATING": 62, "COMMENTS": "0"}, {"TITLE": "SCP-ZH-006 - \u771f\u6b63\u610f\u7fa9\u4e0a\u7684\u7206\u7c73\u82b1", "FULLNAME": "scp-zh-006", "RATING": 10, "COMMENTS": "6"}, {"TITLE": "SCP-ZH-050 - \u6399\u624e\u5200\u7247", "FULLNAME": "scp-zh-050", "RATING": 16, "COMMENTS": "0"}, {"TITLE": "SCP-ZH-515 - \u5e73\u5b89\u7b26", "FULLNAME": "scp-zh-515", "RATING": 44, "COMMENTS": "2"}, {"TITLE": "\u5047\u5982\u4f60\u4f86\u5230\u9019\u500b\u5b87\u5b99\u8acb\u4fdd\u6301\u51b7\u975c", "FULLNAME": "you-need-icecream-in-summer", "RATING": 31, "COMMENTS": "1"}, {"TITLE": "Ctrl Z\u535a\u58eb\u7684SCP\u8a18\u9304\uff1aSCP-049\u761f\u75ab\u91ab\u751f", "FULLNAME": "hiiambangyen", "RATING": 10, "COMMENTS": "0"}, {"TITLE": "Ctrl Z\u535a\u58eb\u7684SCP\u8a18\u9304\uff1aSCP-076 \u4e9e\u4f2f", "FULLNAME": "heyismebangyen", "RATING": 9, "COMMENTS": "0"}, {"TITLE": "Ctrl Z\u535a\u58eb\u7684SCP\u8a18\u9304\uff1aSCP-079\u820aAI", "FULLNAME": "haidomobangyendasu", "RATING": 6, "COMMENTS": "0"}, {"TITLE": "Ctrl Z\u535a\u58eb\u7684SCP\u8a18\u9304\uff1aSCP-087 \u6a13\u68af\u9593", "FULLNAME": "ismeagainbangyen", "RATING": 10, "COMMENTS": "0"}, {"TITLE": "SCP-ZH-899 - \u7a7f\u8d8a\u7684\u7279\u5de5", "FULLNAME": "scp-zh-899", "RATING": 13, "COMMENTS": "1"}, {"TITLE": "Ctrl Z\u535a\u58eb\u7684SCP\u8a18\u9304\uff1aSCP173 \u96d5\u50cf/\u521d\u59cb\u4e4b\u4f5c", "FULLNAME": "bangyensart", "RATING": 6, "COMMENTS": "0"}, {"TITLE": "SCP-ZH-045 - \u842c\u80fd\u80e1\u6912", "FULLNAME": "scp-zh-045", "RATING": 19, "COMMENTS": "0"}, {"TITLE": "SCP-ZH-036 - \u8336\u766e\u6d63\u718a", "FULLNAME": "scp-zh-036", "RATING": 15, "COMMENTS": "0"}, {"TITLE": "\u5b69\u5b50\u7684\u4e16\u754c", "FULLNAME": "childhood", "RATING": 14, "COMMENTS": "1"}, {"TITLE": "\u4e00\u5982\u5f80\u5e38", "FULLNAME": "v", "RATING": 9, "COMMENTS": "0"}, {"TITLE": "SCP-ZH-070 - \u5c0d\u8a71\u6846\u5148\u751f", "FULLNAME": "scp-zh-070", "RATING": 17, "COMMENTS": "0"}, {"TITLE": "SCP-ZH-043 - \u5fa9\u539f\u80a5\u7682", "FULLNAME": "scp-zh-043", "RATING": 4, "COMMENTS": "3"}, {"TITLE": "SCP-ZH-047 - \u4f60\u7684\u6240\u4f5c\u6240\u70ba", "FULLNAME": "scp-zh-047", "RATING": 12, "COMMENTS": "3"}, {"TITLE": "SCP-ZH-010 - \u8ff7\u8d70\u795e\u7d93\u5bc4\u751f\u9ad4", "FULLNAME": "scp-zh-010", "RATING": 18, "COMMENTS": "0"}, {"TITLE": "SCP-ZH-120 - \u865b\u69cb\u7684\u6211\u5011", "FULLNAME": "scp-zh-120", "RATING": 40, "COMMENTS": "4"}, {"TITLE": "SCP-ZH-025 - \u96ea\u82b1\u5c0f\u8c93\u54aa", "FULLNAME": "scp-zh-025", "RATING": 16, "COMMENTS": "2"}, {"TITLE": "SCP-ZH-600 - \u50b3\u9001\u9580\u5148\u751f", "FULLNAME": "scp-zh-600", "RATING": 22, "COMMENTS": "0"}, {"TITLE": "Off Work", "FULLNAME": "pry", "RATING": 18, "COMMENTS": "2"}, {"TITLE": "SCP-ZH-099 - \u8150\u673d\u7684\u5893\u7891", "FULLNAME": "scp-zh-099", "RATING": 12, "COMMENTS": "1"}, {"TITLE": "SCP-ZH-60053-J - HONK", "FULLNAME": "scp-zh-60053-j", "RATING": 45, "COMMENTS": "7"}, {"TITLE": "SCP-ZH-051 - \u8acb\u7d66\u6211\u4e00\u9ede\u6eab\u6696", "FULLNAME": "scp-zh-051", "RATING": 16, "COMMENTS": "1"}, {"TITLE": "SCP-ZH-030 - \u7d05\u8272\u6d6a\u6f6e", "FULLNAME": "scp-zh-030", "RATING": 7, "COMMENTS": "0"}, {"TITLE": "SCP-ZH-055 - \u505a\u4f60\u81ea\u5df1\u7684\u4e3b\u5eda\uff0c\u96a8\u6642\u96a8\u5730\u958b\u52d5\u5427\uff01", "FULLNAME": "scp-zh-055", "RATING": 18, "COMMENTS": "3"}, {"TITLE": "SCP-ZH-019 - \u6d3b\u614b\u624b\u6a5f", "FULLNAME": "scp-zh-019", "RATING": 11, "COMMENTS": "2"}, {"TITLE": "SCP-ZH-520 - \u611b\u7684\u5e7b\u8c61", "FULLNAME": "scp-zh-520", "RATING": 16, "COMMENTS": "2"}, {"TITLE": "SCP-ZH-016 - \u751f\u614b\u7f50\u982d", "FULLNAME": "scp-zh-016", "RATING": 7, "COMMENTS": "2"}, {"TITLE": "Alicia\u5973\u58eb", "FULLNAME": "scp-zh-774", "RATING": 31, "COMMENTS": "0"}, {"TITLE": "SCP-ZH-150 - \u6096\u8ad6\u751c\u751c\u5708", "FULLNAME": "scp-zh-150", "RATING": 12, "COMMENTS": "1"}, {"TITLE": "SCP-ZH-012 - \u5341\u4e8c", "FULLNAME": "scp-zh-012", "RATING": 19, "COMMENTS": "2"}, {"TITLE": "SCP-ZH-101 - \u4e00\u6a39\u4e00\u4e16\u754c", "FULLNAME": "scp-zh-101", "RATING": 17, "COMMENTS": "1"}, {"TITLE": "SCP-ZH-053 - \u8b93\u6211\u5011\u64e6\u4e7e\u4f60\u7684\u6dda\u6c34", "FULLNAME": "scp-zh-053", "RATING": 30, "COMMENTS": "0"}, {"TITLE": "\u524a\u4e0d\u5b8c\u8089\u7684\u6c99\u5a01\u746a", "FULLNAME": "parawatch-shawarma", "RATING": 22, "COMMENTS": "2"}, {"TITLE": "\u300c\u4e09\u57a3\u300d\u4e2d\u5fc3\u9801", "FULLNAME": "three-enclosures-hub", "RATING": 19, "COMMENTS": "0"}, {"TITLE": "SCP-ZH-603 - \u8173\u8e0f\u8eca\u4e0a\u7684\u4eba", "FULLNAME": "scp-zh-603", "RATING": 30, "COMMENTS": "5"}, {"TITLE": "SCP-ZH-007 - \u5e7e\u4f55\u9bca\u9b5a", "FULLNAME": "scp-zh-007", "RATING": 15, "COMMENTS": "0"}, {"TITLE": "\u5728\u90a3\u5929\uff0c\u59b3\u4ecd\u820a\u5411\u6211\u9053\u4e86\u8072\u665a\u5b89", "FULLNAME": "at-that-day-you-still-wish-me-a-good-dream", "RATING": 22, "COMMENTS": "0"}, {"TITLE": "SCP-ZH-011 - \u611b\u5b83\u5c31\u63a5\u53d7\u5b83", "FULLNAME": "scp-zh-011", "RATING": 8, "COMMENTS": "3"}, {"TITLE": "SCP-ZH-031 - \u7d05\u6cb9\u9ef4\u83cc", "FULLNAME": "scp-zh-031", "RATING": 7, "COMMENTS": "0"}, {"TITLE": "SCP-ZH-008 - \u6c34\u6df1\u52ff\u8fd1", "FULLNAME": "scp-zh-008", "RATING": 12, "COMMENTS": "1"}, {"TITLE": "SCP-ZH-013 - \u597d\uff0c\u73fe\u5728\u6211\u5011\u6709\u7b2c\u4e8c\u500b\u6ac3\u5b50", "FULLNAME": "scp-zh-013", "RATING": 11, "COMMENTS": "1"}, {"TITLE": "SCP-ZH-717 - \u8ab2\u5802\u4e2d\u8acb\u52ff\u4f38\u51fa\u9644\u80a2", "FULLNAME": "scp-zh-717", "RATING": 17, "COMMENTS": "0"}, {"TITLE": "SCP-ZH-014 - \u4eba\u9b5a\u516c\u4e3b\u7684\u6545\u4e8b", "FULLNAME": "scp-zh-014", "RATING": 20, "COMMENTS": "4"}, {"TITLE": "SCP-ZH-040 - \u89c0\u773e\u8996\u89d2", "FULLNAME": "scp-zh-040", "RATING": 12, "COMMENTS": "1"}, {"TITLE": "SCP-ZH-042 - \u6368\u8eab\u9935\u4eba", "FULLNAME": "scp-zh-042", "RATING": 17, "COMMENTS": "1"}, {"TITLE": "SCP-ZH-282 - \u9955\u5ba2", "FULLNAME": "scp-zh-282", "RATING": 19, "COMMENTS": "3"}, {"TITLE": "SCP-ZH-111 - \u81ea\u6211\u4e2d\u5fc3", "FULLNAME": "scp-zh-111", "RATING": 38, "COMMENTS": "0"}, {"TITLE": "SCP-ZH-021 - \u4f60\u6709\u4ec0\u9ebc\u7169\u60f1\u55ce\uff1f", "FULLNAME": "scp-zh-021", "RATING": 22, "COMMENTS": "1"}, {"TITLE": "SCP-ZH-060 - \u9e7f\u8def\u96a7\u9053", "FULLNAME": "scp-zh-060", "RATING": 21, "COMMENTS": "1"}, {"TITLE": "\u6536\u5bb9\u5ba4ZH-S12-E-024\u5be6\u9a57\u7d00\u9304", "FULLNAME": "scp-zh-024", "RATING": 35, "COMMENTS": "0"}, {"TITLE": "\u767d\u65e5\u5922\u904a\u8005", "FULLNAME": "daydream-walker", "RATING": 7, "COMMENTS": "0"}, {"TITLE": "SCP-ZH-023 - \u672b\u72c0\u8a18\u61b6", "FULLNAME": "scp-zh-023", "RATING": 11, "COMMENTS": "1"}, {"TITLE": "SCP-ZH-526 - \u6211\u5c31\u662f\u4e00\u53f0\u70e4\u571f\u53f8\u6a5f", "FULLNAME": "scp-zh-526", "RATING": 18, "COMMENTS": "1"}, {"TITLE": "SCP-ZH-2005-EX", "FULLNAME": "scp-zh-2005-ex", "RATING": 58, "COMMENTS": "1"}, {"TITLE": "SCP-ZH-496 - \u5b89\u5168\u6975\u9650\u8ddd\u96e2", "FULLNAME": "scp-zh-496", "RATING": 30, "COMMENTS": "7"}, {"TITLE": "SCP-ZH-033 - \u25c9", "FULLNAME": "scp-zh-033", "RATING": 2, "COMMENTS": "7"}, {"TITLE": "\u971c\u5bd2", "FULLNAME": "frozencold", "RATING": 11, "COMMENTS": "0"}, {"TITLE": "SCP-ZH-00l", "FULLNAME": "scp-zh-00l", "RATING": 13, "COMMENTS": "5"}, {"TITLE": "\u4eca\u5929\u4e5f\u662f\u666e\u901a\u7684\u4e00\u5929", "FULLNAME": "today-is-just-another-ordinary-day", "RATING": 12, "COMMENTS": "4"}, {"TITLE": "SCP-ZH-880 - \u963f\u5b24\u89ba\u5f97\u4f60\u51b7", "FULLNAME": "scp-zh-880", "RATING": 30, "COMMENTS": "2"}, {"TITLE": "Surge\u7684\u63d0\u6848\u4e00", "FULLNAME": "surge-s-proposal-1", "RATING": 33, "COMMENTS": "11"}, {"TITLE": "\u6545\u4e8b\u7684\u529b\u91cf\uff5e\u4f60\u70ba\u4ec0\u9ebc\u9700\u8981\u8d85\u5f62\u4e0a\u5b78\uff5e", "FULLNAME": "why-you-need-pataphysics", "RATING": 28, "COMMENTS": "1"}, {"TITLE": "SCP-ZH-736 - \u4f60\u4e0d\u80fd\u518d\u5f80\u524d\u4e86", "FULLNAME": "scp-zh-736", "RATING": 32, "COMMENTS": "14"}, {"TITLE": "SCP-ZH-129 - \u4f60\u5728\u54ea\u88e1\uff1f", "FULLNAME": "scp-zh-129", "RATING": 11, "COMMENTS": "6"}, {"TITLE": "SCP-ZH-527 - \u96b1\u5f62\u7684\u5947\u5947\u6469\u62c9", "FULLNAME": "scp-zh-527", "RATING": 14, "COMMENTS": "1"}, {"TITLE": "\u9060\u5df1\u4e2d\u5fc3\u9801", "FULLNAME": "yuanji-hub", "RATING": 15, "COMMENTS": "9"}, {"TITLE": "SCP-ZH-032 - \u6709\u6bd2\u7684\u6a61\u76ae\u64e6", "FULLNAME": "scp-zh-032", "RATING": 21, "COMMENTS": "0"}, {"TITLE": "SCP-ZH-034 - \u98db\u982d\u883b", "FULLNAME": "scp-zh-034", "RATING": 24, "COMMENTS": "3"}, {"TITLE": "SCP-ZH-037 - \u73b3\u7441\u4e4b\u6dda", "FULLNAME": "scp-zh-037", "RATING": 20, "COMMENTS": "0"}, {"TITLE": "SCP-ZH-112 - \u795d\u4f60\u751f\u65e5\u5feb\u6a02", "FULLNAME": "scp-zh-112", "RATING": 19, "COMMENTS": "3"}, {"TITLE": "\u4e2d\u6e2f\u8def\u4e0a\u6c92\u6709\u4eba\u53ea\u6709\u91ce\u72fc", "FULLNAME": "wolf-125", "RATING": 16, "COMMENTS": "3"}, {"TITLE": "\u6211\u7684\u8001\u5bb6\u6709\u9ede\u602a", "FULLNAME": "parawatch-my-hometown-was-a-miracle", "RATING": 12, "COMMENTS": "1"}, {"TITLE": "SCP-ZH-038 - \u7121\u81c9\u6a21\u7279", "FULLNAME": "scp-zh-038", "RATING": 15, "COMMENTS": "0"}, {"TITLE": "SCP-ZH-039 - \u667e\u8863\u6a39", "FULLNAME": "scp-zh-039", "RATING": 9, "COMMENTS": "3"}, {"TITLE": "\u6709\u4eba\u770b\u4e00\u4e0b\u6211\u7684\u756b\u55ce", "FULLNAME": "can-anyone-explain-it", "RATING": 15, "COMMENTS": "7"}, {"TITLE": "SCP-ZH-220 - H.K.\u6c38\u9060\u7684\u5bb6", "FULLNAME": "scp-zh-220", "RATING": 21, "COMMENTS": "0"}, {"TITLE": "SCP-ZH-048 - \u528d\u8207\u9b54\u6cd5\u8207\u8336\u4e4b\u9b54\u624b", "FULLNAME": "scp-zh-048", "RATING": 21, "COMMENTS": "2"}, {"TITLE": "SCP-ZH-052 - \u5fd8\u4e86\u6211\u5427\uff0c\u4f46\u6211\u4e0d\u6703\u5fd8\u8a18\u4f60\u5011\u7684", "FULLNAME": "scp-zh-052", "RATING": 18, "COMMENTS": "0"}, {"TITLE": "SCP-ZH-769 - \u98df\u7269", "FULLNAME": "scp-zh-769", "RATING": 10, "COMMENTS": "2"}, {"TITLE": "SCP-ZH-057 - \u66b4\u8e81\u5c0f\u884c\u661f", "FULLNAME": "scp-zh-057", "RATING": 21, "COMMENTS": "4"}, {"TITLE": "SCP-ZH-058 - \u53e6\u4e00\u9053\u8d70\u5eca", "FULLNAME": "scp-zh-058", "RATING": 10, "COMMENTS": "0"}, {"TITLE": "SCP-ZH-054 - \u9999\u8549\uff0c\u50c5\u6b64\u800c\u5df2", "FULLNAME": "scp-zh-054", "RATING": 7, "COMMENTS": "4"}, {"TITLE": "\u767e\u82b1\u9b54\u5973\u7684\u611b\u4e4b\u66f8", "FULLNAME": "snedronningen", "RATING": 14, "COMMENTS": "0"}, {"TITLE": "SCP-ZH-360 - \u5b78\u6821\u7684\u77f3\u5b50\u5730\u677f", "FULLNAME": "scp-zh-360", "RATING": 8, "COMMENTS": "0"}, {"TITLE": "SCP-ZH-228 - \u7fe0\u57d4\uff0c1947\u3002", "FULLNAME": "scp-zh-228", "RATING": 26, "COMMENTS": "7"}, {"TITLE": "SCP-ZH-701 - \u63a0\u98df\u6027\u964d\u96e8", "FULLNAME": "scp-zh-701", "RATING": 11, "COMMENTS": "0"}, {"TITLE": "\u4e8b\u6545\u7d00\u9304458-A", "FULLNAME": "what-the-fuck-is-this-pizza", "RATING": 16, "COMMENTS": "0"}, {"TITLE": "SCP-ZH-399 - \u6211\u5011\u5fc3\u4e2d\u7684444\u865f\u8996\u807d\u6559\u5ba4", "FULLNAME": "scp-zh-399", "RATING": 32, "COMMENTS": "0"}, {"TITLE": "SCP-ZH-364 - \u597d\u4fee\u4e00\u76f4\u4fee", "FULLNAME": "scp-zh-364", "RATING": 8, "COMMENTS": "0"}, {"TITLE": "SCP-ZH-999-J - \u5de5", "FULLNAME": "scp-zh-999-j", "RATING": 6, "COMMENTS": "19"}, {"TITLE": "\u66d9\u5149\u6771\u555f", "FULLNAME": "dawn-of-east", "RATING": 17, "COMMENTS": "0"}, {"TITLE": "\u7e41\u4e2d\u7ba1\u7406\u54e1\u7b46\u8a18\uff1a2021\u5e74\u56de\u9867", "FULLNAME": "note-for-u-guys-2021", "RATING": 35, "COMMENTS": "4"}, {"TITLE": "SCP-ZH-499 - \u5eb7\u4e43\u99a8\u76d4\u7532\u5de5\u85dd", "FULLNAME": "scp-zh-499", "RATING": 37, "COMMENTS": "3"}, {"TITLE": "SCP-ZH-909 - \u8a55\u5206\u6a21\u584a", "FULLNAME": "scp-zh-909", "RATING": 8, "COMMENTS": "4"}, {"TITLE": "SCP-ZH-082 - \u5c0f\u871c\u8702\u9910\u8eca", "FULLNAME": "scp-zh-082", "RATING": 24, "COMMENTS": "0"}, {"TITLE": "Unsigned Draft #799 - N/A", "FULLNAME": "scp-zh-799", "RATING": 15, "COMMENTS": "1"}, {"TITLE": "SCP-ZH-999\uff0d\u4eba\u5011\u6b20\u4ed6\u500b\u7e3d\u7d71\u5e2d\u4f4d", "FULLNAME": "scp-zh-999", "RATING": 57, "COMMENTS": "13"}, {"TITLE": "SCP-ZH-340 - \u751f\u547d\u4e4b\u6c99\uff0c\u7e41\u661f\u4e4b\u76d2", "FULLNAME": "scp-zh-340", "RATING": 20, "COMMENTS": "1"}, {"TITLE": "SCP-ZH-062 - \u71c8\u7334", "FULLNAME": "scp-zh-062", "RATING": 17, "COMMENTS": "0"}, {"TITLE": "\u4f60\u5728\u54ea\u88e1\uff1f", "FULLNAME": "where-are-you-we-will-be-together-forever", "RATING": 6, "COMMENTS": "3"}, {"TITLE": "SCP-ZH-059 - \u7121\u5f62\u7684\u5974\u96b8\u8207\u53cd\u6297", "FULLNAME": "scp-zh-059", "RATING": 20, "COMMENTS": "0"}, {"TITLE": "SCP-ZH-063 - \u6b61 \u7b11 \u4e0d \u518d", "FULLNAME": "scp-zh-063", "RATING": 18, "COMMENTS": "0"}, {"TITLE": "SCP-ZH-151 - \u51b7\u6f20\u6bba", "FULLNAME": "scp-zh-151", "RATING": 12, "COMMENTS": "0"}, {"TITLE": "SCP-ZH-104 - \u4eba\u5de5\u9020\u5b50", "FULLNAME": "scp-zh-104", "RATING": 12, "COMMENTS": "4"}, {"TITLE": "k1s10r0d\u7684\u63d0\u6848 - IMMOLARI", "FULLNAME": "k1s10r0d-s-proposal", "RATING": 36, "COMMENTS": "3"}, {"TITLE": "SCP-ZH-277\uff0d\u7bc9\u8def\u4e2d\u539f", "FULLNAME": "scp-zh-277", "RATING": 12, "COMMENTS": "0"}, {"TITLE": "SCP-ZH-517 - One More Time, One More Chance", "FULLNAME": "scp-zh-517", "RATING": 22, "COMMENTS": "1"}, {"TITLE": "SCP-ZH-464 - \u9b5f\u9b54", "FULLNAME": "scp-zh-464", "RATING": 10, "COMMENTS": "0"}, {"TITLE": "SCP-ZH-072 - \u5de5\u4f5c\u9593\u5931\u7aca\u4e8b\u4ef6", "FULLNAME": "scp-zh-072", "RATING": 17, "COMMENTS": "1"}, {"TITLE": "SCP-ZH-337 - \u5922\u5de5\u5ee0", "FULLNAME": "scp-zh-337", "RATING": 28, "COMMENTS": "6"}, {"TITLE": "\u53c8\u662f\u500b\u8a72\u6b7b\u7684\u5de5\u4f5c\u5929", "FULLNAME": "another-damn-workday", "RATING": 11, "COMMENTS": "0"}, {"TITLE": "SCP-ZH-540 - Alone In The Dark", "FULLNAME": "scp-zh-540", "RATING": 11, "COMMENTS": "2"}, {"TITLE": "SCP-ZH-056 - \u672c\u73ed\u6a5f\u98db\u5f80\u5f7c\u5cb8", "FULLNAME": "scp-zh-056", "RATING": 21, "COMMENTS": "0"}, {"TITLE": "\u5152\u7ae5\u8d70\u5931\u8655\u7406\u7d00\u9304", "FULLNAME": "snowcatflyhighhigh", "RATING": 27, "COMMENTS": "3"}, {"TITLE": "\u969c\u7919", "FULLNAME": "obstacle", "RATING": 7, "COMMENTS": "0"}, {"TITLE": "SCP-ZH-086 - \u8acb\u4f60\u5225\u8aaa\u898b\u904e\u6211", "FULLNAME": "scp-zh-086", "RATING": 22, "COMMENTS": "2"}, {"TITLE": "SCP-ZH-074 - \u6d77\u62c9\u7684\u6536\u5bb9\u9593", "FULLNAME": "scp-zh-074", "RATING": 12, "COMMENTS": "7"}, {"TITLE": "SCP-ZH-223 - \u5b7d\u7a2e", "FULLNAME": "scp-zh-223", "RATING": 16, "COMMENTS": "2"}, {"TITLE": "SCP-ZH-432 - \u66f4\u597d\u7684\u4f60", "FULLNAME": "scp-zh-432", "RATING": 21, "COMMENTS": "2"}, {"TITLE": "SCP-ZH-563 - \u7070\u98db\u7159\u6ec5", "FULLNAME": "scp-zh-563", "RATING": 7, "COMMENTS": "3"}, {"TITLE": "\u8654\u8aa0\u795e\u7236\u8207\u793e\u755c\u8f14\u5c0e\u54e1\u4e0d\u6703\u649e\u7834\u8499\u81c9\u4e0a\u53f8\u5011\u505a\u7f9e\u7f9e\u7684\u4e8b", "FULLNAME": "one-night-four-broken-hearts-in-12", "RATING": 20, "COMMENTS": "0"}, {"TITLE": "\u6c89\u7761", "FULLNAME": "newandnewandnew", "RATING": 13, "COMMENTS": "1"}, {"TITLE": "SCP-ZH-968 - \u57fa\u8f14\u6230\u9b3c\u986f\u73fe\u4e4b\u6642", "FULLNAME": "scp-zh-968", "RATING": 25, "COMMENTS": "4"}, {"TITLE": "SCP-ZH-179 - \u51a4\u6789", "FULLNAME": "scp-zh-179", "RATING": 16, "COMMENTS": "0"}, {"TITLE": "SCP-ZH-106-\u300c\u9006\u6a21\u56e0\u300d", "FULLNAME": "scp-zh-106", "RATING": 23, "COMMENTS": "7"}, {"TITLE": "SCP-ZH-922 - \u99ac\u862d\u59d1\u5a18", "FULLNAME": "scp-zh-922", "RATING": 26, "COMMENTS": "1"}, {"TITLE": "SCP-ZH-116 - \u53e4\u5f80\u4eca\u4f86", "FULLNAME": "scp-zh-116", "RATING": 7, "COMMENTS": "2"}, {"TITLE": "\u5c71\u672c\u7814\u7a76\u54e1\u7684ZH-922\u89c0\u5bdf\u65e5\u8a8c", "FULLNAME": "romiamiad-ni-cidal", "RATING": 17, "COMMENTS": "0"}, {"TITLE": "SCP-ZH-255 - \u5b64\u7368\u96aa", "FULLNAME": "scp-zh-225", "RATING": 20, "COMMENTS": "0"}, {"TITLE": "2022\u611a\u4eba\u7bc0\u4e3b\u9801", "FULLNAME": "soup-chicken-power", "RATING": 16, "COMMENTS": "4"}, {"TITLE": "SCP-ZH-126 - \u300c\u7f8a\u300d\u828b\u7247\u888b", "FULLNAME": "scp-zh-126", "RATING": 11, "COMMENTS": "0"}, {"TITLE": "URA-995 - \u6d88 \u5931 \u7684 \u4e94 \u5206 \u9418", "FULLNAME": "scp-zh-995", "RATING": 12, "COMMENTS": "4"}, {"TITLE": "SCP-ZH-132 - \u8981\u4f60\u547d\u7684007\u904a\u6232", "FULLNAME": "scp-zh-132", "RATING": 13, "COMMENTS": "0"}, {"TITLE": "SCP-ZH-182 - \u5f15\u8a98\u589c\u6a13\u7684\u8033\u8a9e", "FULLNAME": "scp-zh-182", "RATING": 1, "COMMENTS": "6"}, {"TITLE": "\u4f60\u77e5\u9053\u55ce", "FULLNAME": "do-you-know-i-love-you", "RATING": 14, "COMMENTS": "1"}, {"TITLE": "SCP-ZH-330 - \u820a\u65e5\u7684\u8a18\u61b6\u6a02\u7ae0", "FULLNAME": "scp-zh-330", "RATING": 9, "COMMENTS": "1"}, {"TITLE": "SCP-ZH-196 - \u8207\u3164\u3164\u3164\u3164\u5a46\u5a11\u8d77\u821e", "FULLNAME": "scp-zh-196", "RATING": 17, "COMMENTS": "0"}, {"TITLE": "SCP-ZH-801 - \u6e6e\u6ec5\u516c\u5206\u6bcd", "FULLNAME": "scp-zh-801", "RATING": 10, "COMMENTS": "0"}, {"TITLE": "NX-ZH-02\uff1a\u897f\u52a0\u8d70\u7063\u7fa4\u5cf6", "FULLNAME": "nx-zh-02", "RATING": 24, "COMMENTS": "1"}, {"TITLE": "\u7260\u5728\u770b\u8457\u55ce\uff1f", "FULLNAME": "is-it-watching", "RATING": 9, "COMMENTS": "0"}, {"TITLE": "SCP-ZH-304 - \u884c\u9032\u63d2\u66f2", "FULLNAME": "scp-zh-304", "RATING": 11, "COMMENTS": "0"}, {"TITLE": "\u6d77\u68e0\u4f9d\u820a", "FULLNAME": "lucid-dreams", "RATING": 24, "COMMENTS": "0"}, {"TITLE": "SCP-ZH-184 - \u5954\u8eca\u673d\u7d22", "FULLNAME": "scp-zh-184", "RATING": 22, "COMMENTS": "1"}, {"TITLE": "SCP-ZH-902 - \u5012\u6578\u4e4b\u4e2d", "FULLNAME": "scp-zh-902", "RATING": 12, "COMMENTS": "1"}, {"TITLE": "SCP-ZH-941 - \u4f60\u624d\u6c92\u6709\u5728\u596e\u9b25", "FULLNAME": "scp-zh-941", "RATING": 1, "COMMENTS": "8"}, {"TITLE": "SCP-ZH-647 - \u5634\u7832\u8001\u4eba", "FULLNAME": "scp-zh-647", "RATING": 32, "COMMENTS": "4"}, {"TITLE": "SCP-ZH-987 - \u4e00\u5339\u99f1\u99dd\u5f15\u767c\u7684\u6158\u6848", "FULLNAME": "scp-zh-987", "RATING": 11, "COMMENTS": "9"}, {"TITLE": "SCP-ZH-750 - \u795e\u8aaa\uff1a\u300c\u8981\u6709\u6cb9\u3002\u300d\u5c31\u6709\u4e86\u6cb9\u3002", "FULLNAME": "scp-zh-750", "RATING": 31, "COMMENTS": "5"}, {"TITLE": "SCP-ZH-180 - \u5b89 \u59ae :-)", "FULLNAME": "scp-zh-180", "RATING": 23, "COMMENTS": "2"}, {"TITLE": "SCP-ZH-145 - \"\u597d\u904b\u6821\u6b63\"\u9ebb\u5c07\u684c", "FULLNAME": "scp-zh-145", "RATING": 11, "COMMENTS": "2"}, {"TITLE": "SCP-ZH-820 - \u5fcc\u5992\u9ebb\u4ed4\u53f0", "FULLNAME": "scp-zh-820", "RATING": 5, "COMMENTS": "1"}, {"TITLE": "SCP-ZH-155 - \u72c2\u66b4\u9be8\u9748", "FULLNAME": "scp-zh-155", "RATING": 12, "COMMENTS": "0"}, {"TITLE": "D-10201", "FULLNAME": "d-10201", "RATING": 16, "COMMENTS": "2"}, {"TITLE": "SCP-ZH-911 - \u4f60\u6240\u634d\u885b\u7684\u81ea\u7531", "FULLNAME": "scp-zh-911", "RATING": 22, "COMMENTS": "0"}, {"TITLE": "SCP-ZH-298 - \u5929\u7a7a\u9be8", "FULLNAME": "scp-zh-298", "RATING": 8, "COMMENTS": "0"}, {"TITLE": "\u6eab\u548c\u7684\u4eba\uff0c\u5f85\u5728\u6eab\u548c\u7684\u5730\u65b9\u5373\u53ef", "FULLNAME": "mild-people", "RATING": 8, "COMMENTS": "1"}, {"TITLE": "SCP-ZH-889 - \u6b64\u4e16\u4e4b\u5916", "FULLNAME": "scp-zh-889", "RATING": 13, "COMMENTS": "3"}, {"TITLE": "SCP-ZH-230 - H.K.\u7684\u6f2b\u9577\u9918\u751f", "FULLNAME": "scp-zh-230", "RATING": 13, "COMMENTS": "0"}, {"TITLE": "\u82b1\u8a9e\uff1a\u82b1\u6bdb\u831b", "FULLNAME": "ranunculus", "RATING": 18, "COMMENTS": "3"}, {"TITLE": "SCP-ZH-214 - \u52ff\u5fd8\u6211", "FULLNAME": "scp-zh-214", "RATING": 8, "COMMENTS": "1"}, {"TITLE": "\u6b61\u8fce\u56de\u5bb6", "FULLNAME": "fog-house", "RATING": 19, "COMMENTS": "3"}, {"TITLE": "SCP-ZH-590 - \u79c1\u4eba\u8336\u6703\u6642\u9593", "FULLNAME": "scp-zh-590", "RATING": 5, "COMMENTS": "2"}, {"TITLE": "\u8b6f\u8005\u521d\u6821\u81ea\u884c\u6aa2\u67e5\u8868", "FULLNAME": "your-first-translation", "RATING": 23, "COMMENTS": "0"}, {"TITLE": "\u73c0\u6c99\u90a3\u7684\u65e5\u8a18", "FULLNAME": "wanderers:pershana-s-diary", "RATING": 8, "COMMENTS": "1"}]