[{"TITLE": "SCP-ZH-105 - \u4e0d\u5b5d\u5b50", "FULLNAME": "scp-zh-105", "RATING": 66, "COMMENTS": "5"}, {"TITLE": "SCP-ZH-077", "FULLNAME": "scp-zh-077", "RATING": 17, "COMMENTS": "3"}, {"TITLE": "SCP-ZH-174 - \u975e\u5e38\u666e\u901a\uff0c\u518d\u666e\u901a\u4e0d\u904e\u7684\u7dda\u9999", "FULLNAME": "scp-zh-174", "RATING": 26, "COMMENTS": "4"}, {"TITLE": "SCP-ZH-998 - \u73fe\u8c61\u5b78", "FULLNAME": "scp-zh-998", "RATING": 38, "COMMENTS": "7"}, {"TITLE": "\u8c82\u8207\u6d63\u718a\u5728\u6797\u5730\u76f8\u9047", "FULLNAME": "out-of-cn-77", "RATING": 7, "COMMENTS": "0"}, {"TITLE": "SCP-ZH-030 - \u7d05\u8272\u6d6a\u6f6e", "FULLNAME": "scp-zh-030", "RATING": 7, "COMMENTS": "0"}, {"TITLE": "SCP-ZH-200 - \u9b3c\u6293\u4eba", "FULLNAME": "scp-zh-200", "RATING": 35, "COMMENTS": "1"}, {"TITLE": "SCP-ZH-175 - \u8d0b\u9020\u7684\u5e78\u798f", "FULLNAME": "scp-zh-175", "RATING": 10, "COMMENTS": "2"}, {"TITLE": "\u300a\u738b\u9053\u7570\u571f-\u507d\u6eff\u6d32\u570b\u7570\u5e38\u8fa6\u516c\u5ba4\u7279\u5c55\u300b\u5834\u520a", "FULLNAME": "the-collection-of-mck", "RATING": 14, "COMMENTS": "2"}, {"TITLE": "SCP-ZH-071 - \u7ffb\u8986\u5df4\u58eb", "FULLNAME": "scp-zh-071", "RATING": 11, "COMMENTS": "1"}, {"TITLE": "SCP-ZH-113 - \u62b9\u6bba\u4e8b\u60c5\u7684\u771f\u76f8", "FULLNAME": "scp-zh-113", "RATING": 30, "COMMENTS": "2"}, {"TITLE": "\u62cb\u9234\u4eba\u4e2d\u5fc3\u9801", "FULLNAME": "goi-bt", "RATING": 23, "COMMENTS": "1"}, {"TITLE": "\u5c0f\u52d5\u7269\u7c21\u4ecb\uff1a\u897f\u74dc\uff01", "FULLNAME": "watermelon", "RATING": 5, "COMMENTS": "2"}, {"TITLE": "\u4f60\u6703\u611f\u5230\u5f8c\u6094\u55ce\uff1f", "FULLNAME": "what-are-you-waiting-for-just-join-goc-dude", "RATING": 36, "COMMENTS": "5"}, {"TITLE": "Surge\u7684\u63d0\u6848\u4e00", "FULLNAME": "surge-s-proposal-1", "RATING": 33, "COMMENTS": "11"}, {"TITLE": "\u4f60\u662f\u5565\u7269\u4eba\uff1f", "FULLNAME": "to-the-doctor", "RATING": 13, "COMMENTS": "5"}, {"TITLE": "\u89aa\u8fce\u8f15\u76c8\u4e4b\u71df\u706b\u7469", "FULLNAME": "bt-fly", "RATING": 13, "COMMENTS": "3"}, {"TITLE": "SCP-ZH-037 - \u73b3\u7441\u4e4b\u6dda", "FULLNAME": "scp-zh-037", "RATING": 20, "COMMENTS": "0"}, {"TITLE": "SCP-ZH-112 - \u795d\u4f60\u751f\u65e5\u5feb\u6a02", "FULLNAME": "scp-zh-112", "RATING": 19, "COMMENTS": "3"}, {"TITLE": "SCP-ZH-0601-J", "FULLNAME": "scp-zh-0601-j", "RATING": 16, "COMMENTS": "4"}, {"TITLE": "SCP-ZH-684 - Kangic", "FULLNAME": "scp-zh-684", "RATING": 13, "COMMENTS": "1"}, {"TITLE": "SCP-ZH-096 - \u7d05\u79fb\u7834\u6ec5", "FULLNAME": "scp-zh-096", "RATING": 25, "COMMENTS": "2"}, {"TITLE": "\u89e3\u5bc6\uff1aSCP-ZH-096", "FULLNAME": "scp-zh-096-declassification", "RATING": 16, "COMMENTS": "4"}, {"TITLE": "SCP-ZH-339 - \u907f\u98a8\u6e2f", "FULLNAME": "scp-zh-339", "RATING": 16, "COMMENTS": "6"}, {"TITLE": "\u57fa\u9234\u5354\u8b70\u670d\u52d9\u8655 \u5feb\u901f\u8cc7\u6599\u67e5\u8a62\u7cfb\u7d71", "FULLNAME": "manual-bt", "RATING": 9, "COMMENTS": "1"}, {"TITLE": "SCP-ZH-299 - \u5927\u8005\u9577\u5343\u91cc\uff0c\u5c0f\u8005\u6578\u5341\u5206\u3002", "FULLNAME": "scp-zh-299", "RATING": 12, "COMMENTS": "6"}, {"TITLE": "\u7570\u5e38\u9805\u76ee\u7d00\u9304\uff1a\u300c\u9632\u66b4\u8b66\u5bdf\u982d\u76d4\u300d", "FULLNAME": "anomalous-item-hk-police-helmet", "RATING": 37, "COMMENTS": "5"}, {"TITLE": "\u5947\u8e5f\u5b78\u7149\u91d1\u8853\u5c0e\u8ad6\uff1a\u5982\u4f55\u628a\u6c34\u9280\u7149\u6210\u9ec3\u91d1", "FULLNAME": "thaumatalchemy", "RATING": 15, "COMMENTS": "4"}, {"TITLE": "\u6211\u7684\u8001\u5bb6\u6709\u9ede\u602a", "FULLNAME": "parawatch-my-hometown-was-a-miracle", "RATING": 12, "COMMENTS": "1"}, {"TITLE": "SCP-ZH-243 - \u6960\u6893\u767e\u6155\u9054", "FULLNAME": "scp-zh-243", "RATING": 18, "COMMENTS": "0"}, {"TITLE": "\u55ae\u884c\u65c5\u7a0b", "FULLNAME": "singlelinetrip", "RATING": 7, "COMMENTS": "0"}, {"TITLE": "\u70ba\u4e86\u66f4\u597d\u7684\u7d50\u5c40\u800c\u96e2\u8077", "FULLNAME": "resign-in-navigation", "RATING": 8, "COMMENTS": "1"}, {"TITLE": "131\u548c999\u7684\u76f8\u9047", "FULLNAME": "zoelin-131-999", "RATING": 4, "COMMENTS": "1"}, {"TITLE": "SCP-ZH-402 - \u6210\u9577", "FULLNAME": "scp-zh-402", "RATING": 16, "COMMENTS": "4"}, {"TITLE": "\u6709\u4eba\u770b\u4e00\u4e0b\u6211\u7684\u756b\u55ce", "FULLNAME": "can-anyone-explain-it", "RATING": 15, "COMMENTS": "7"}, {"TITLE": "SCP-ZH-969 - \u6f2b\u9577\u7684\u544a\u5225", "FULLNAME": "scp-zh-969", "RATING": 15, "COMMENTS": "1"}, {"TITLE": "What The Fuck", "FULLNAME": "what-the-fuck", "RATING": 25, "COMMENTS": "3"}, {"TITLE": "SCP-ZH-796 - \u5b64\u5152", "FULLNAME": "scp-zh-796", "RATING": 10, "COMMENTS": "1"}, {"TITLE": "SCP-ZH-991 - \u9b45\u9b54\u5f8c\u88d4", "FULLNAME": "adult:scp-zh-991", "RATING": 13, "COMMENTS": "4"}, {"TITLE": "\u624b\u90e8\u8a18\u61b6", "FULLNAME": "memories-of-the-arm", "RATING": 5, "COMMENTS": "0"}, {"TITLE": "V1L3-J\u5be6\u9a57\u7522\u7269\u526f\u672c \u591c\u904a\u8ced\u57ce\u6307\u5357", "FULLNAME": "adult:v1l3-j-how-to-spend-the-night-in-sin-city", "RATING": 11, "COMMENTS": "3"}, {"TITLE": "\u4e00\u76de\u8336\u6e6f\u6620\u7d05\u7af9", "FULLNAME": "the-green-tea-mirror-the-red-bamboo", "RATING": 4, "COMMENTS": "1"}, {"TITLE": "SCP-ZH-144 - \u5341\u4e8c\u9032\u4f4d\u6cd5", "FULLNAME": "scp-zh-144", "RATING": 25, "COMMENTS": "6"}, {"TITLE": "SCP-ZH-049 - \u8d85\u6536\u5bb9", "FULLNAME": "scp-zh-049", "RATING": 9, "COMMENTS": "4"}, {"TITLE": "\u5341\u6708\u5341\u4e03\u65e5\u61b6\u9662\u5916\u53cb\u4eba", "FULLNAME": "17-th-october-a-letter-to-a-friend", "RATING": 10, "COMMENTS": "1"}, {"TITLE": "SCP-ZH-052 - \u5fd8\u4e86\u6211\u5427\uff0c\u4f46\u6211\u4e0d\u6703\u5fd8\u8a18\u4f60\u5011\u7684", "FULLNAME": "scp-zh-052", "RATING": 18, "COMMENTS": "0"}, {"TITLE": "SCP-ZH-280 - \u6b38\u4e0d\u662f\u6211\u7684\u6771\u897f\u5462", "FULLNAME": "scp-zh-280", "RATING": 11, "COMMENTS": "2"}, {"TITLE": "SCP-ZH-769 - \u98df\u7269", "FULLNAME": "scp-zh-769", "RATING": 10, "COMMENTS": "2"}, {"TITLE": "SCP-ZH-057 - \u66b4\u8e81\u5c0f\u884c\u661f", "FULLNAME": "scp-zh-057", "RATING": 21, "COMMENTS": "4"}, {"TITLE": "SCP-ZH-058 - \u53e6\u4e00\u9053\u8d70\u5eca", "FULLNAME": "scp-zh-058", "RATING": 10, "COMMENTS": "0"}, {"TITLE": "SCP-ZH-054 - \u9999\u8549\uff0c\u50c5\u6b64\u800c\u5df2", "FULLNAME": "scp-zh-054", "RATING": 7, "COMMENTS": "4"}, {"TITLE": "SCP-ZH-905 - \u611b\u7684\u76f8\u53cd\u4e0d\u662f\u6068", "FULLNAME": "scp-zh-905", "RATING": 7, "COMMENTS": "0"}, {"TITLE": "SCP-ZH-360 - \u5b78\u6821\u7684\u77f3\u5b50\u5730\u677f", "FULLNAME": "scp-zh-360", "RATING": 8, "COMMENTS": "0"}, {"TITLE": "SCP-ZH-832 - \u56de\u6eab", "FULLNAME": "scp-zh-832", "RATING": 10, "COMMENTS": "3"}, {"TITLE": "SCP-ZH-808 - \u9b3c\u9580\u95dc", "FULLNAME": "scp-zh-808", "RATING": 15, "COMMENTS": "2"}, {"TITLE": "\u98db\u884c\u524d\u62c6\u9664", "FULLNAME": "remove-before-flight", "RATING": 5, "COMMENTS": "2"}, {"TITLE": "\u5e03\u9b6f\u514b\u6797\u7b2c\u96f6\u5340\uff1a\u5929\u5802", "FULLNAME": "boorklyn-00-the-heaven", "RATING": 16, "COMMENTS": "0"}, {"TITLE": "SCP-ZH-226 - \u51ac\u65e5\u5973\u5b69", "FULLNAME": "scp-zh-226", "RATING": 14, "COMMENTS": "0"}, {"TITLE": "\u5e03\u9b6f\u514b\u6797\u7b2c\u96f6\u5340\uff1a\u96e8\u904e\u5929\u6674", "FULLNAME": "boorklyn-00-ref-rain", "RATING": 16, "COMMENTS": "2"}, {"TITLE": "SCP-ZH-352 - \u7d55\u547d\u516d\u9f9c\u8461\u8404", "FULLNAME": "scp-zh-352", "RATING": 17, "COMMENTS": "4"}, {"TITLE": "\u9805\u76ee\u4f01\u5283\u66f8 2017-47\uff1a\u300a\u5065\u5eb7\u7684\u4ee3\u50f9\u300b", "FULLNAME": "project-proposal-2017-47-zh", "RATING": 24, "COMMENTS": "3"}, {"TITLE": "SCP-ZH-701 - \u63a0\u98df\u6027\u964d\u96e8", "FULLNAME": "scp-zh-701", "RATING": 11, "COMMENTS": "0"}, {"TITLE": "SCP-ZH-398 - \u56db\u9762\u95bb\u9b54", "FULLNAME": "scp-zh-398", "RATING": 14, "COMMENTS": "3"}, {"TITLE": "SCP-ZH-399 - \u6211\u5011\u5fc3\u4e2d\u7684444\u865f\u8996\u807d\u6559\u5ba4", "FULLNAME": "scp-zh-399", "RATING": 32, "COMMENTS": "0"}, {"TITLE": "\u300cSCP-ZH-999\u300d \uff1a\u300a\u5de5\u300b", "FULLNAME": "zh999-contest", "RATING": 13, "COMMENTS": "0"}, {"TITLE": "\u95dc\u65bc\u5c11\u5973\u7684\u8056\u8a95\u79ae\u7269", "FULLNAME": "the-girls-gift", "RATING": 12, "COMMENTS": "0"}, {"TITLE": "SCP-ZH-999-J - \u5de5", "FULLNAME": "scp-zh-999-j", "RATING": 6, "COMMENTS": "19"}, {"TITLE": "SCP-999-JP - \u7b2c\u4e5d\u865f\u7576\u4ee5\u4e5d\u8a00\u8ff0\u4e4b", "FULLNAME": "scp-999-jp-enneametric", "RATING": 15, "COMMENTS": "5"}, {"TITLE": "\u66d9\u5149\u6771\u555f", "FULLNAME": "dawn-of-east", "RATING": 17, "COMMENTS": "0"}, {"TITLE": "\u7e41\u4e2d\u7ba1\u7406\u54e1\u7b46\u8a18\uff1a2021\u5e74\u56de\u9867", "FULLNAME": "note-for-u-guys-2021", "RATING": 35, "COMMENTS": "4"}, {"TITLE": "SCP-ZH-499 - \u5eb7\u4e43\u99a8\u76d4\u7532\u5de5\u85dd", "FULLNAME": "scp-zh-499", "RATING": 37, "COMMENTS": "3"}, {"TITLE": "SCP-ZH-560 - \u4eba\u751f\u7684\u7b2c\u4e8c\u6625", "FULLNAME": "scp-zh-560", "RATING": 15, "COMMENTS": "2"}, {"TITLE": "SCP-ZH-082 - \u5c0f\u871c\u8702\u9910\u8eca", "FULLNAME": "scp-zh-082", "RATING": 24, "COMMENTS": "0"}, {"TITLE": "SCP-ZH-065 - \u8461\u63d0\u85a9\u57f5", "FULLNAME": "scp-zh-065", "RATING": 9, "COMMENTS": "4"}, {"TITLE": "\u8d85\u6558\u4e8b\u5c64\u5e72\u9810\u89c0\u6e2c\u7d00\u9304", "FULLNAME": "pao-mian-s-retribution", "RATING": 11, "COMMENTS": "6"}, {"TITLE": "\u300a\u6c88\u6eba\u5728\u540d\u70ba\u4e0b\u5c64\u6558\u4e8b\u7684\u661f\u9ede\u5bd2\u96e8\u300b\u2014\u2014 \u6216\u8a31\u4f60\u7121\u6cd5\u611b\u4e0a\u4f60\u6240\u5275\u9020\u7684\u6211\uff0c\u90a3\u4e5f\u8acb\u4f60\u4e0d\u8981\u8a0e\u53ad\u9019\u500b\u4e16\u754c\uff0c\u597d\u55ce\uff1f", "FULLNAME": "in-the-cold-and-rain-the-love-story", "RATING": 15, "COMMENTS": "0"}, {"TITLE": "Unsigned Draft #799 - N/A", "FULLNAME": "scp-zh-799", "RATING": 15, "COMMENTS": "1"}, {"TITLE": "\u4e0d\u8fa3\uff0c\u4e0d\u8981\u6feb\u85e5\uff0cokay\uff1f", "FULLNAME": "bruh-don-t-do-drugs-okay", "RATING": 12, "COMMENTS": "0"}, {"TITLE": "SCP-ZH-999\uff0d\u4eba\u5011\u6b20\u4ed6\u500b\u7e3d\u7d71\u5e2d\u4f4d", "FULLNAME": "scp-zh-999", "RATING": 57, "COMMENTS": "13"}, {"TITLE": "\u9000\u4f11\u751f\u6d3b", "FULLNAME": "retire-from-bistro", "RATING": 17, "COMMENTS": "1"}, {"TITLE": "SCP-ZH-340 - \u751f\u547d\u4e4b\u6c99\uff0c\u7e41\u661f\u4e4b\u76d2", "FULLNAME": "scp-zh-340", "RATING": 20, "COMMENTS": "1"}, {"TITLE": "SCP-ZH-062 - \u71c8\u7334", "FULLNAME": "scp-zh-062", "RATING": 17, "COMMENTS": "0"}, {"TITLE": "SCP-ZH-059 - \u7121\u5f62\u7684\u5974\u96b8\u8207\u53cd\u6297", "FULLNAME": "scp-zh-059", "RATING": 20, "COMMENTS": "0"}, {"TITLE": "\u7d42\u7109\u7684\u7d42\u7109\u3001\u9ed1\u767d\u68cb\u5c40\u3001\u55ae\u76f8\u601d\uff0c Lament", "FULLNAME": "poems-of-uneternal-death", "RATING": 7, "COMMENTS": "0"}, {"TITLE": "SCP-ZH-063 - \u6b61 \u7b11 \u4e0d \u518d", "FULLNAME": "scp-zh-063", "RATING": 18, "COMMENTS": "0"}, {"TITLE": "SCP-ZH-131 - \u5f7c\u5cb8\u82b1\u958b", "FULLNAME": "scp-zh-131", "RATING": 9, "COMMENTS": "0"}, {"TITLE": "SCP-ZH-534 - \u9019\u662f\u5728\u8cbc\u5565\u5566", "FULLNAME": "scp-zh-534", "RATING": 4, "COMMENTS": "5"}, {"TITLE": "SCP-ZH-104 - \u4eba\u5de5\u9020\u5b50", "FULLNAME": "scp-zh-104", "RATING": 12, "COMMENTS": "4"}, {"TITLE": "k1s10r0d\u7684\u63d0\u6848 - IMMOLARI", "FULLNAME": "k1s10r0d-s-proposal", "RATING": 36, "COMMENTS": "3"}, {"TITLE": "SCP-ZH-830 - \u5947\u8e5f", "FULLNAME": "scp-zh-830", "RATING": 9, "COMMENTS": "1"}, {"TITLE": "Neviim.aic\uff0c\u651d\u65bc2022\u5e742\u6708", "FULLNAME": "neviim-aic-original-art", "RATING": 13, "COMMENTS": "0"}, {"TITLE": "SCP-ZH-181 - \u6c38\u7e8c\u7684\u5de5\u696d\u9769\u547d", "FULLNAME": "scp-zh-181", "RATING": 12, "COMMENTS": "1"}, {"TITLE": "SCP-ZH-337 - \u5922\u5de5\u5ee0", "FULLNAME": "scp-zh-337", "RATING": 28, "COMMENTS": "6"}, {"TITLE": "\u53c8\u662f\u500b\u8a72\u6b7b\u7684\u5de5\u4f5c\u5929", "FULLNAME": "another-damn-workday", "RATING": 11, "COMMENTS": "0"}, {"TITLE": "Matini\uff012022\uff01\u7e41\u4e2d\uff01\u6025\u8feb\u7af6\u8cfd\uff01", "FULLNAME": "jamcon-zh-2022", "RATING": 9, "COMMENTS": "2"}, {"TITLE": "SCP-ZH-540 - Alone In The Dark", "FULLNAME": "scp-zh-540", "RATING": 11, "COMMENTS": "2"}, {"TITLE": "SCP-ZH-107 - \u6355\u9ce5\u96f2", "FULLNAME": "scp-zh-107", "RATING": 19, "COMMENTS": "0"}, {"TITLE": "SCP-ZH-074 - \u6d77\u62c9\u7684\u6536\u5bb9\u9593", "FULLNAME": "scp-zh-074", "RATING": 12, "COMMENTS": "7"}, {"TITLE": "025O\u7684\u756b", "FULLNAME": "025o-s-painting", "RATING": 18, "COMMENTS": "1"}, {"TITLE": "SCP-ZH-106-\u300c\u9006\u6a21\u56e0\u300d", "FULLNAME": "scp-zh-106", "RATING": 23, "COMMENTS": "7"}, {"TITLE": "\u85dd\u8853\u4f5c\u54c1\uff1aSCP-ZH-922\uff08SamScript\u7248\uff09", "FULLNAME": "cidal-dongi-by-samscript", "RATING": 11, "COMMENTS": "0"}, {"TITLE": "\u85dd\u8853\u4f5c\u54c1\uff1aSCP-ZH-922\uff08k1s10r0d\u7248\uff09", "FULLNAME": "cidal-dongi-by-k1s10r0d", "RATING": 15, "COMMENTS": "0"}, {"TITLE": "SCP-ZH-186 - \u9019\u4e9b\u8eca\u5f9e\u54ea\u4f86?", "FULLNAME": "scp-zh-186", "RATING": 10, "COMMENTS": "0"}, {"TITLE": "SCP-ZH-116 - \u53e4\u5f80\u4eca\u4f86", "FULLNAME": "scp-zh-116", "RATING": 7, "COMMENTS": "2"}, {"TITLE": "SCP-ZH-985 - \u88ab\u62b9\u6d88\u7684\u9152\u5427\u6b77\u53f2", "FULLNAME": "scp-zh-985", "RATING": 12, "COMMENTS": "1"}, {"TITLE": "\u5e03\u9b6f\u514b\u6797\u7b2c\u96f6\u5340\uff1a\u5b8c\u5f62\u5d29\u58de", "FULLNAME": "boorklyn-00-crash", "RATING": 12, "COMMENTS": "1"}, {"TITLE": "\u300c\u706b\u9b54\u6cd5\u300d\u56de\u9867\uff1a\u4f3c\u540c\u5be6\u7570\u7684\u5169\u5927\u985e\u8853\u5f0f", "FULLNAME": "review-of-fire-spells", "RATING": 16, "COMMENTS": "0"}, {"TITLE": "2022 \u8679\u5149\u4e4b\u9593", "FULLNAME": "darkroom-2022", "RATING": 7, "COMMENTS": "2"}, {"TITLE": "\u5728\u7e7c\u7e8c\u524d\u9032\u4e4b\u524d", "FULLNAME": "before-the-moving-on", "RATING": 8, "COMMENTS": "0"}, {"TITLE": "SCP-ZH-184 - \u5954\u8eca\u673d\u7d22", "FULLNAME": "scp-zh-184", "RATING": 22, "COMMENTS": "1"}, {"TITLE": "SCP-ZH-138 - \u672c\u6587\u4ef6\u7684\u5b58\u5132\u4f4d\u5740\u6709\u8aa4\uff0c\u5df2\u7531\u975e\u73fe\u5be6\u90e8\u9580\u7de8\u8f2f", "FULLNAME": "scp-zh-138", "RATING": 2, "COMMENTS": "2"}, {"TITLE": "D-10201", "FULLNAME": "d-10201", "RATING": 16, "COMMENTS": "2"}, {"TITLE": "SCP-ZH-387 - \u4e3b\u6d41\u793e\u6703\u6027\u6b7b\u4ea1", "FULLNAME": "scp-zh-387", "RATING": 5, "COMMENTS": "2"}, {"TITLE": "SCP-ZH-328 - Dark Soups", "FULLNAME": "scp-zh-328", "RATING": 20, "COMMENTS": "3"}, {"TITLE": "Lostwhat\u7684\u63d0\u6848\u4e00", "FULLNAME": "lostwhat-s-proposal", "RATING": 38, "COMMENTS": "2"}, {"TITLE": "SCP-ZH-135 - \u8c93\u54aa\u4e0d\u548c\u6211\u73a9", "FULLNAME": "scp-zh-135", "RATING": 22, "COMMENTS": "2"}, {"TITLE": "\u5922\u5883\u91cd\u5531", "FULLNAME": "dream-duet", "RATING": 10, "COMMENTS": "0"}, {"TITLE": "\u865b\u50cf\u7dbb\u653e", "FULLNAME": "phantom-flowering", "RATING": 9, "COMMENTS": "1"}, {"TITLE": "SCP-ZH-712 - \u8d85\u9ad8\u901f\u95b1\u8b80\u773c\u93e1", "FULLNAME": "scp-zh-712", "RATING": 15, "COMMENTS": "0"}, {"TITLE": "\u751f\u7269\u96fb", "FULLNAME": "bioelectricity", "RATING": 9, "COMMENTS": "0"}, {"TITLE": "SCP-ZH-190 - \u5fc3\u9748\u7db2\u8def", "FULLNAME": "scp-zh-190", "RATING": 15, "COMMENTS": "1"}, {"TITLE": "SCP-ZH-765 - \u9955\u6848\u992e\u7258", "FULLNAME": "scp-zh-765", "RATING": 8, "COMMENTS": "1"}, {"TITLE": "\u516c\u5712\u9577\u6905\u4e0a\u7684\u7537\u4eba", "FULLNAME": "wanderers:man-on-the-bench", "RATING": 10, "COMMENTS": "3"}, {"TITLE": "\u963f\u91cc\u624e\u5deb\u5e2b\u65e5\u5e38", "FULLNAME": "wanderers:arizas-class", "RATING": 8, "COMMENTS": "4"}, {"TITLE": "\u851a\u85cd\u4e4b\u738b", "FULLNAME": "wanderers:cerulean-king", "RATING": 8, "COMMENTS": "0"}, {"TITLE": "\u661f\u661f\u96e8\u7684\u6545\u4e8b", "FULLNAME": "wanderers:they-me-you-stars", "RATING": 11, "COMMENTS": "0"}, {"TITLE": "\u5982\u662f\u6211\u805e", "FULLNAME": "wanderers:flowers-thus-have-i-heard", "RATING": 18, "COMMENTS": "0"}, {"TITLE": "SCP-ZH-632 - Can you hear me?", "FULLNAME": "scp-zh-632", "RATING": 9, "COMMENTS": "1"}]