[{"TITLE": "SCP-ZH-114 - \u585e\u58ec\u6e26\u96f7", "FULLNAME": "scp-zh-114", "RATING": 14, "COMMENTS": "0"}, {"TITLE": "\u7570\u5e38\u9805\u76ee\u7d00\u9304\uff1a\u300c\u9632\u66b4\u8b66\u5bdf\u982d\u76d4\u300d", "FULLNAME": "anomalous-item-hk-police-helmet", "RATING": 37, "COMMENTS": "5"}, {"TITLE": "What The Fuck", "FULLNAME": "what-the-fuck", "RATING": 25, "COMMENTS": "3"}, {"TITLE": "\u4e00\u76de\u8336\u6e6f\u6620\u7d05\u7af9", "FULLNAME": "the-green-tea-mirror-the-red-bamboo", "RATING": 4, "COMMENTS": "1"}]