[{"TITLE": "SCP-ZH-60053-J - HONK", "FULLNAME": "scp-zh-60053-j", "RATING": 45, "COMMENTS": "7"}, {"TITLE": "\u5c0f\u52d5\u7269\u7c21\u4ecb\uff1aSurge\uff01", "FULLNAME": "critter-profile-surge", "RATING": 25, "COMMENTS": "2"}, {"TITLE": "\u96f7\u5c04\u96d5\u523b\u2500\u2500Site-ZH-12", "FULLNAME": "site-zh-12-made-with-wood", "RATING": 17, "COMMENTS": "0"}, {"TITLE": "\u9396\u93c8\u7684\u97f3\u7af9", "FULLNAME": "k1s10r0d-chain-sugoi", "RATING": 29, "COMMENTS": "6"}, {"TITLE": "\u7099\u71b1\u7684\u5348\u5f8c\u6642\u5149", "FULLNAME": "the-ss-vs-ss", "RATING": 29, "COMMENTS": "19"}, {"TITLE": "\u89e3\u5bc6\uff1aSCP-ZH-096", "FULLNAME": "scp-zh-096-declassification", "RATING": 16, "COMMENTS": "4"}, {"TITLE": "SCP-ZH-1000-EX", "FULLNAME": "scp-zh-1000-ex", "RATING": 18, "COMMENTS": "5"}, {"TITLE": "What The Fuck", "FULLNAME": "what-the-fuck", "RATING": 25, "COMMENTS": "3"}, {"TITLE": "SCP-ZH-228 - \u7fe0\u57d4\uff0c1947\u3002", "FULLNAME": "scp-zh-228", "RATING": 26, "COMMENTS": "7"}, {"TITLE": "\u91cf\u5b50\u81ea\u6bba", "FULLNAME": "quantum-suicide", "RATING": 8, "COMMENTS": "0"}, {"TITLE": "\u91cf\u5b50\u6c38\u751f", "FULLNAME": "quantum-immortality", "RATING": 9, "COMMENTS": "0"}, {"TITLE": "SCP-ZH-110 - \u5730\u677f\u7834\u4e86\u500b\u6d1e", "FULLNAME": "scp-zh-110", "RATING": 19, "COMMENTS": "1"}, {"TITLE": "SCP-ZH-352 - \u7d55\u547d\u516d\u9f9c\u8461\u8404", "FULLNAME": "scp-zh-352", "RATING": 17, "COMMENTS": "4"}, {"TITLE": "\uff33\u4e4b\u6b7b", "FULLNAME": "the-death-of-sam-or-semibreve-etc", "RATING": 18, "COMMENTS": "4"}, {"TITLE": "SCP-ZH-701 - \u63a0\u98df\u6027\u964d\u96e8", "FULLNAME": "scp-zh-701", "RATING": 11, "COMMENTS": "0"}, {"TITLE": "k1s10r0d\u7684\u63d0\u6848 - IMMOLARI", "FULLNAME": "k1s10r0d-s-proposal", "RATING": 36, "COMMENTS": "3"}, {"TITLE": "SCP-ZH-277\uff0d\u7bc9\u8def\u4e2d\u539f", "FULLNAME": "scp-zh-277", "RATING": 12, "COMMENTS": "0"}, {"TITLE": "SCP-ZH-337 - \u5922\u5de5\u5ee0", "FULLNAME": "scp-zh-337", "RATING": 28, "COMMENTS": "6"}, {"TITLE": "SCP-ZH-106-\u300c\u9006\u6a21\u56e0\u300d", "FULLNAME": "scp-zh-106", "RATING": 23, "COMMENTS": "7"}, {"TITLE": "\u85dd\u8853\u4f5c\u54c1\uff1aSCP-ZH-922\uff08SamScript\u7248\uff09", "FULLNAME": "cidal-dongi-by-samscript", "RATING": 11, "COMMENTS": "0"}, {"TITLE": "\u85dd\u8853\u4f5c\u54c1\uff1aSCP-ZH-922\uff08k1s10r0d\u7248\uff09", "FULLNAME": "cidal-dongi-by-k1s10r0d", "RATING": 15, "COMMENTS": "0"}, {"TITLE": "\u85dd\u8853\u4f5c\u54c1\uff1aSCP-ZH-922\uff08LuLu_Lucifelle\u7248\uff09", "FULLNAME": "cidal-dongi-by-lulu-lucifelle", "RATING": 12, "COMMENTS": "0"}, {"TITLE": "\u6211\u5011\u90fd\u53ea\u662f\u8840\u8089\u4e4b\u8ec0", "FULLNAME": "we-are-no-more-than-mortal-souls", "RATING": 15, "COMMENTS": "1"}, {"TITLE": "SCP-ZH-255 - \u5b64\u7368\u96aa", "FULLNAME": "scp-zh-225", "RATING": 20, "COMMENTS": "0"}, {"TITLE": "\u547d\u61f8\u4e00\u9d28\uff0c\u9003\u51fa\u751f\u5929", "FULLNAME": "among-in-the-duck", "RATING": 16, "COMMENTS": "6"}, {"TITLE": "SCP-ZH-382 - \u72a7\u7272\u54c1", "FULLNAME": "scp-zh-382", "RATING": 13, "COMMENTS": "0"}, {"TITLE": "SCP-ZH-182 - \u5f15\u8a98\u589c\u6a13\u7684\u8033\u8a9e", "FULLNAME": "scp-zh-182", "RATING": 1, "COMMENTS": "6"}, {"TITLE": "\u523a\u875f\u7b46\u8a18\u672c\uff1aZH\u5206\u90e8\u4eba\u7269\u5408\u8f2f\uff08ZH-12\u7ad9\u7bc7\uff09", "FULLNAME": "hedgehog-note-site-zh-12", "RATING": 14, "COMMENTS": "0"}, {"TITLE": "\u4f60\u77e5\u9053\u55ce", "FULLNAME": "do-you-know-i-love-you", "RATING": 14, "COMMENTS": "1"}, {"TITLE": "SCP-ZH-403 - \u7981\u81e0\u8207\u7d42\u6b62\u7b26", "FULLNAME": "scp-zh-403", "RATING": 17, "COMMENTS": "4"}, {"TITLE": "SCP-ZH-279 - \u611b\u7684\u5f62\u72c0", "FULLNAME": "scp-zh-279", "RATING": 20, "COMMENTS": "1"}, {"TITLE": "SCP-ZH-184 - \u5954\u8eca\u673d\u7d22", "FULLNAME": "scp-zh-184", "RATING": 22, "COMMENTS": "1"}, {"TITLE": "SCP-ZH-188 - \u4e94\u6708\u5eff\u4e94\uff0c\u5fcc\u6bba\u751f", "FULLNAME": "scp-zh-188", "RATING": 12, "COMMENTS": "0"}, {"TITLE": "SCP-ZH-447 - \u8236\u4f86\u54c1\u822c\u7684\u9418\u9336", "FULLNAME": "scp-zh-447", "RATING": 8, "COMMENTS": "2"}, {"TITLE": "SCP-ZH-750 - \u795e\u8aaa\uff1a\u300c\u8981\u6709\u6cb9\u3002\u300d\u5c31\u6709\u4e86\u6cb9\u3002", "FULLNAME": "scp-zh-750", "RATING": 31, "COMMENTS": "5"}, {"TITLE": "SCP-ZH-441 - \u53ea\u80fd\u4ee5\u9019\u7a2e\u65b9\u5f0f\u932f\u8aa4\u5730\u60e6\u8a18\u88ab\u78be\u58d3\u800c\u4ea1\u7684\u5c4d\u9ad4", "FULLNAME": "scp-zh-441", "RATING": 17, "COMMENTS": "1"}, {"TITLE": "SCP-ZH-029 - \u77c7\u773c\u5c04\u98db\u93e2", "FULLNAME": "scp-zh-029", "RATING": 10, "COMMENTS": "1"}, {"TITLE": "SCP-ZH-583-J - \u54ea\u4f86\u7684\u7334\u5b50.SCiP", "FULLNAME": "scp-zh-583-j", "RATING": 14, "COMMENTS": "4"}, {"TITLE": "SCP-ZH-204 - \u7d05\u5305\u9999", "FULLNAME": "scp-zh-204", "RATING": 17, "COMMENTS": "0"}, {"TITLE": "\u4e8b\u6545\u7d00\u9304458-A", "FULLNAME": "what-the-fuck-is-this-pizza", "RATING": 16, "COMMENTS": "0"}, {"TITLE": "SCP-ZH-145 - \"\u597d\u904b\u6821\u6b63\"\u9ebb\u5c07\u684c", "FULLNAME": "scp-zh-145", "RATING": 11, "COMMENTS": "2"}, {"TITLE": "SCP-ZH-155 - \u72c2\u66b4\u9be8\u9748", "FULLNAME": "scp-zh-155", "RATING": 12, "COMMENTS": "0"}, {"TITLE": "SCP-ZH-387 - \u4e3b\u6d41\u793e\u6703\u6027\u6b7b\u4ea1", "FULLNAME": "scp-zh-387", "RATING": 5, "COMMENTS": "2"}, {"TITLE": "Lostwhat\u7684\u63d0\u6848\u4e00", "FULLNAME": "lostwhat-s-proposal", "RATING": 38, "COMMENTS": "2"}, {"TITLE": "SCP-ZH-176 - \u300a\u6d77\u9dd7\u7684\u5927\u64a4\u9000\u300b", "FULLNAME": "scp-zh-176", "RATING": 22, "COMMENTS": "0"}, {"TITLE": "\u5c0f\u52d5\u7269\u6a94\u6848\uff1a\u5e03\u4e39\uff01", "FULLNAME": "bhutan", "RATING": 11, "COMMENTS": "2"}, {"TITLE": "SCP-ZH-767 - \u9ed1\u65d7\u63a5\u99c1\u8eca", "FULLNAME": "scp-zh-767", "RATING": 15, "COMMENTS": "1"}, {"TITLE": "SCP-ZH-993 - \u7121\u77e5\u5247\u81ea\u7531", "FULLNAME": "scp-zh-993", "RATING": 25, "COMMENTS": "0"}, {"TITLE": "Reverberate_a\u7684\u63d0\u6848", "FULLNAME": "reverberate-a-s-proposal-1", "RATING": 23, "COMMENTS": "2"}, {"TITLE": "SCP-ZH-911 - \u4f60\u6240\u634d\u885b\u7684\u81ea\u7531", "FULLNAME": "scp-zh-911", "RATING": 22, "COMMENTS": "0"}, {"TITLE": "SCP-ZH-100 - \u5e03\u694a\u5cf6", "FULLNAME": "scp-zh-100", "RATING": 17, "COMMENTS": "1"}, {"TITLE": "SCP-ZH-998 - \u73fe\u8c61\u5b78", "FULLNAME": "scp-zh-998", "RATING": 38, "COMMENTS": "7"}, {"TITLE": "SCP-ZH-099 - \u8150\u673d\u7684\u5893\u7891", "FULLNAME": "scp-zh-099", "RATING": 12, "COMMENTS": "1"}, {"TITLE": "SCP-ZH-101 - \u4e00\u6a39\u4e00\u4e16\u754c", "FULLNAME": "scp-zh-101", "RATING": 17, "COMMENTS": "1"}, {"TITLE": "SCP-ZH-2588-J", "FULLNAME": "scp-zh-2588-j", "RATING": 6, "COMMENTS": "0"}, {"TITLE": "SCP-ZH-102 - \u300a\u5f69\u8679\u6a4b\u300b\u4fdd\u5bc6\u689d\u6b3e", "FULLNAME": "scp-zh-102", "RATING": 9, "COMMENTS": "9"}, {"TITLE": "SCP-ZH-057 - \u66b4\u8e81\u5c0f\u884c\u661f", "FULLNAME": "scp-zh-057", "RATING": 21, "COMMENTS": "4"}, {"TITLE": "SCP-ZH-073 - \u5de1\u8ff4\u6f14\u51fa\u6700\u7d42\u7ad9", "FULLNAME": "scp-zh-073", "RATING": 18, "COMMENTS": "1"}, {"TITLE": "SCP-ZH-200 - \u9b3c\u6293\u4eba", "FULLNAME": "scp-zh-200", "RATING": 35, "COMMENTS": "1"}, {"TITLE": "SCP-ZH-717 - \u8ab2\u5802\u4e2d\u8acb\u52ff\u4f38\u51fa\u9644\u80a2", "FULLNAME": "scp-zh-717", "RATING": 17, "COMMENTS": "0"}, {"TITLE": "SCP-ZH-144 - \u5341\u4e8c\u9032\u4f4d\u6cd5", "FULLNAME": "scp-zh-144", "RATING": 25, "COMMENTS": "6"}, {"TITLE": "SCP-ZH-540 - Alone In The Dark", "FULLNAME": "scp-zh-540", "RATING": 11, "COMMENTS": "2"}, {"TITLE": "SCP-ZH-587-J", "FULLNAME": "scp-zh-587-j", "RATING": 23, "COMMENTS": "1"}, {"TITLE": "SCP-ZH-222-J", "FULLNAME": "scp-zh-222-j", "RATING": 27, "COMMENTS": "0"}, {"TITLE": "SCP-ZH-005 - \u5047\u5982\u4f60\u6c92\u6709\u8f49\u767c\u9019\u7bc7\u6587\u6a94\u7d66\u5341\u500b\u670b\u53cb\uff0c\u90a3\u9ebc\u2026\u2026\u2026\u2026", "FULLNAME": "scp-zh-005", "RATING": 62, "COMMENTS": "0"}, {"TITLE": "SCP-ZH-174 - \u975e\u5e38\u666e\u901a\uff0c\u518d\u666e\u901a\u4e0d\u904e\u7684\u7dda\u9999", "FULLNAME": "scp-zh-174", "RATING": 26, "COMMENTS": "4"}, {"TITLE": "SCP-ZH-120 - \u865b\u69cb\u7684\u6211\u5011", "FULLNAME": "scp-zh-120", "RATING": 40, "COMMENTS": "4"}, {"TITLE": "SCP-ZH-002 - \u53f0\u7063\u7368\u89d2\u7378", "FULLNAME": "scp-zh-002", "RATING": 37, "COMMENTS": "13"}, {"TITLE": "SCP-ZH-111 - \u81ea\u6211\u4e2d\u5fc3", "FULLNAME": "scp-zh-111", "RATING": 38, "COMMENTS": "0"}, {"TITLE": "SCP-ZH-300-J - \u6211\u7684\u896a\u896a\ud83e\udd7a", "FULLNAME": "scp-zh-300-j", "RATING": 17, "COMMENTS": "6"}, {"TITLE": "\u6c92\u6709\u57fa\u91d1\u6703\u7684\u90a3\u6642", "FULLNAME": "the-time-foundation-disappeared", "RATING": 24, "COMMENTS": "0"}, {"TITLE": "SCP-ZH-922 - \u99ac\u862d\u59d1\u5a18", "FULLNAME": "scp-zh-922", "RATING": 26, "COMMENTS": "1"}, {"TITLE": "SCP-ZH-179 - \u51a4\u6789", "FULLNAME": "scp-zh-179", "RATING": 16, "COMMENTS": "0"}, {"TITLE": "SCP-ZH-968 - \u57fa\u8f14\u6230\u9b3c\u986f\u73fe\u4e4b\u6642", "FULLNAME": "scp-zh-968", "RATING": 25, "COMMENTS": "4"}, {"TITLE": "SCP-ZH-056 - \u672c\u73ed\u6a5f\u98db\u5f80\u5f7c\u5cb8", "FULLNAME": "scp-zh-056", "RATING": 21, "COMMENTS": "0"}, {"TITLE": "\u4e00\u5b9a\u662f\u5047\u7684", "FULLNAME": "must-be-fake", "RATING": 14, "COMMENTS": "0"}, {"TITLE": "\u7206\u65cb\u58fd\u53f8 \u9752\u9f8d\u821e\u516e \u6731\u96c0\u98db\u7fd4", "FULLNAME": "sushi-dragon-phoenix", "RATING": 15, "COMMENTS": "0"}, {"TITLE": "\u597d\u9913\u597d\u9913\u7684\u514b\u91cc\u65af\u535a\u58eb", "FULLNAME": "the-very-hungry-dr-kris", "RATING": 17, "COMMENTS": "2"}, {"TITLE": "SCP-ZH-912-J - \u5927\u5fcc", "FULLNAME": "scp-zh-912-j", "RATING": 21, "COMMENTS": "6"}, {"TITLE": "\u85dd\u8853\u5275\u4f5c\uff1a\u8056\u8a95\u7bc0\u96ea\u55b5", "FULLNAME": "xmax-x", "RATING": 19, "COMMENTS": "0"}, {"TITLE": "SCP-ZH-060-J - Re:\u5728\u97f3\u7af9\u5b87\u5b99\u91cd\u751f\u7684\u7169\u4eba\u7f8e\u5c11\u5973\u5230\u5e95\u662f\u751a\u9ebc\u6771\u897f\u5440?!", "FULLNAME": "scp-zh-060-j", "RATING": 22, "COMMENTS": "10"}, {"TITLE": "SCP-ZH-244 - \u6211\u56de\u4f86\u4e86", "FULLNAME": "scp-zh-244", "RATING": 24, "COMMENTS": "1"}, {"TITLE": "SCP-ZH-736 - \u4f60\u4e0d\u80fd\u518d\u5f80\u524d\u4e86", "FULLNAME": "scp-zh-736", "RATING": 32, "COMMENTS": "14"}]