[{"TITLE": "SCP-ZH-300-J - \u6211\u7684\u896a\u896a\ud83e\udd7a", "FULLNAME": "scp-zh-300-j", "RATING": 17, "COMMENTS": "6"}, {"TITLE": "\u751f\u7269\u96fb", "FULLNAME": "bioelectricity", "RATING": 9, "COMMENTS": "0"}, {"TITLE": "\u7570\u5e38\u9805\u76ee\u7d00\u9304\uff1a\u300c\u9632\u66b4\u8b66\u5bdf\u982d\u76d4\u300d", "FULLNAME": "anomalous-item-hk-police-helmet", "RATING": 37, "COMMENTS": "5"}, {"TITLE": "Dr. Bales\u7684\u65e5\u5e38\u5c0f\u54c1\u96c6\u9326 \u4e09", "FULLNAME": "bales-s-daily-3", "RATING": 6, "COMMENTS": "0"}, {"TITLE": "\u9152\u55ae\uff1a\u98db\u884c", "FULLNAME": "aviation", "RATING": 13, "COMMENTS": "1"}]