[{"TITLE": "SCP-ZH-618 - \u592a\u967d\u9905\u7345", "FULLNAME": "scp-zh-618", "RATING": 42, "COMMENTS": "0"}, {"TITLE": "\u82b1\u8a9e\uff1a\u4ed9\u4e39\u82b1", "FULLNAME": "chinese-ixora", "RATING": 20, "COMMENTS": "0"}, {"TITLE": "SCP-ZH-998 - \u73fe\u8c61\u5b78", "FULLNAME": "scp-zh-998", "RATING": 38, "COMMENTS": "7"}, {"TITLE": "\u6b7b\u8c93\u540a\u6a39\u982d", "FULLNAME": "on-the-tree", "RATING": 17, "COMMENTS": "0"}, {"TITLE": "SCP-ZH-60053-J - HONK", "FULLNAME": "scp-zh-60053-j", "RATING": 45, "COMMENTS": "7"}, {"TITLE": "SCP-ZH-055 - \u505a\u4f60\u81ea\u5df1\u7684\u4e3b\u5eda\uff0c\u96a8\u6642\u96a8\u5730\u958b\u52d5\u5427\uff01", "FULLNAME": "scp-zh-055", "RATING": 18, "COMMENTS": "3"}, {"TITLE": "\u6211\u5728\u842c\u7269\u4e4b\u4e2d", "FULLNAME": "arkwork-3999", "RATING": 38, "COMMENTS": "8"}, {"TITLE": "SCP-ZH-200 - \u9b3c\u6293\u4eba", "FULLNAME": "scp-zh-200", "RATING": 35, "COMMENTS": "1"}, {"TITLE": "\u5be6\u7fd2", "FULLNAME": "practice", "RATING": 17, "COMMENTS": "0"}, {"TITLE": "SCP-ZH-912 - \u770b\u898b", "FULLNAME": "scp-zh-912", "RATING": 14, "COMMENTS": "4"}, {"TITLE": "SCP-ZH-2005-EX", "FULLNAME": "scp-zh-2005-ex", "RATING": 58, "COMMENTS": "1"}, {"TITLE": "SCP-ZH-022-J - \u62dc\u8a17\u8ab0\u4f86\u628a\u5b83\u586b\u4e0a", "FULLNAME": "scp-zh-022-j", "RATING": 37, "COMMENTS": "19"}, {"TITLE": "SCP-ZH-736 - \u4f60\u4e0d\u80fd\u518d\u5f80\u524d\u4e86", "FULLNAME": "scp-zh-736", "RATING": 32, "COMMENTS": "14"}, {"TITLE": "SCP-ZH-096 - \u7d05\u79fb\u7834\u6ec5", "FULLNAME": "scp-zh-096", "RATING": 25, "COMMENTS": "2"}, {"TITLE": "\u300cSCP-ZH-999\u300d \uff1a\u300a\u5de5\u300b", "FULLNAME": "zh999-contest", "RATING": 13, "COMMENTS": "0"}, {"TITLE": "\u7e41\u4e2d\u7ba1\u7406\u54e1\u7b46\u8a18\uff1a2021\u5e74\u56de\u9867", "FULLNAME": "note-for-u-guys-2021", "RATING": 35, "COMMENTS": "4"}, {"TITLE": "SCP-ZH-999\uff0d\u4eba\u5011\u6b20\u4ed6\u500b\u7e3d\u7d71\u5e2d\u4f4d", "FULLNAME": "scp-zh-999", "RATING": 57, "COMMENTS": "13"}, {"TITLE": "k1s10r0d\u7684\u63d0\u6848 - IMMOLARI", "FULLNAME": "k1s10r0d-s-proposal", "RATING": 36, "COMMENTS": "3"}, {"TITLE": "Matini\uff012022\uff01\u7e41\u4e2d\uff01\u6025\u8feb\u7af6\u8cfd\uff01", "FULLNAME": "jamcon-zh-2022", "RATING": 9, "COMMENTS": "2"}, {"TITLE": "SCP-ZH-599 - Xyan2K Problem", "FULLNAME": "scp-zh-599", "RATING": 16, "COMMENTS": "1"}, {"TITLE": "SCP-ZH-107 - \u6355\u9ce5\u96f2", "FULLNAME": "scp-zh-107", "RATING": 19, "COMMENTS": "0"}, {"TITLE": "SCP-ZH-056 - \u672c\u73ed\u6a5f\u98db\u5f80\u5f7c\u5cb8", "FULLNAME": "scp-zh-056", "RATING": 21, "COMMENTS": "0"}, {"TITLE": "\u5152\u7ae5\u8d70\u5931\u8655\u7406\u7d00\u9304", "FULLNAME": "snowcatflyhighhigh", "RATING": 27, "COMMENTS": "3"}, {"TITLE": "\u767d\u88e1\u900f\u7d05\u7684\u8eab\u5f71", "FULLNAME": "zh-daedalus-f004", "RATING": 15, "COMMENTS": "0"}, {"TITLE": "SCP-ZH-413 - \u542b\u7898\u6674\u5929\u5a03\u5a03", "FULLNAME": "scp-zh-413", "RATING": 17, "COMMENTS": "0"}, {"TITLE": "SCP-ZH-448 - \u516d\u8292\u75c7\u5019\u7fa4", "FULLNAME": "scp-zh-448", "RATING": 15, "COMMENTS": "2"}, {"TITLE": "025O\u7684\u756b", "FULLNAME": "025o-s-painting", "RATING": 18, "COMMENTS": "1"}, {"TITLE": "SCP-ZH-922 - \u99ac\u862d\u59d1\u5a18", "FULLNAME": "scp-zh-922", "RATING": 26, "COMMENTS": "1"}, {"TITLE": "\u5c71\u672c\u7814\u7a76\u54e1\u7684ZH-922\u89c0\u5bdf\u65e5\u8a8c", "FULLNAME": "romiamiad-ni-cidal", "RATING": 17, "COMMENTS": "0"}, {"TITLE": "Site-ZH-88\u7684\u6a19\u8a8c", "FULLNAME": "zh-88-logo", "RATING": 9, "COMMENTS": "1"}, {"TITLE": "\u6b61\u8fce\uff0c\u656c\u555f\u8005", "FULLNAME": "multiversal-valentine", "RATING": 18, "COMMENTS": "0"}, {"TITLE": "URA-995 - \u6d88 \u5931 \u7684 \u4e94 \u5206 \u9418", "FULLNAME": "scp-zh-995", "RATING": 12, "COMMENTS": "4"}, {"TITLE": "\u90fd\u5e02\u50b3\u8aaa\u578b\u7570\u5e38\u61c9\u5c0d\u90e8\u9580\u4e2d\u5fc3\u9801", "FULLNAME": "urban-legend-department", "RATING": 16, "COMMENTS": "1"}, {"TITLE": "\u8fd1\u671f\u7684\u5275\u4f5c\uff08\u4e00\uff09", "FULLNAME": "sq-artwork-1a", "RATING": 16, "COMMENTS": "0"}, {"TITLE": "2022 \u8679\u5149\u4e4b\u9593", "FULLNAME": "darkroom-2022", "RATING": 7, "COMMENTS": "2"}, {"TITLE": "SCP\u57fa\u91d1\u6703\u7e41\u4e2d\u5206\u90e8\u7684\u6a19\u8a8c", "FULLNAME": "logo-zh", "RATING": 15, "COMMENTS": "1"}, {"TITLE": "SCP-ZH-196 - \u8207\u3164\u3164\u3164\u3164\u5a46\u5a11\u8d77\u821e", "FULLNAME": "scp-zh-196", "RATING": 17, "COMMENTS": "0"}, {"TITLE": "\u9b54\u5973\u805a\u6703\u8207\u7121\u5149\u4e4b\u68ee", "FULLNAME": "zh-the-witches-gathering-and-the-lightless-forest-1", "RATING": 10, "COMMENTS": "0"}, {"TITLE": "2022\u590f\u5b63\u7af6\u8cfd \u4e3b\u984c\u300aX\u300b", "FULLNAME": "summer-contest-2022", "RATING": 11, "COMMENTS": "0"}, {"TITLE": "SCP-ZH-403 - \u7981\u81e0\u8207\u7d42\u6b62\u7b26", "FULLNAME": "scp-zh-403", "RATING": 17, "COMMENTS": "4"}, {"TITLE": "NX-ZH-02\uff1a\u897f\u52a0\u8d70\u7063\u7fa4\u5cf6", "FULLNAME": "nx-zh-02", "RATING": 24, "COMMENTS": "1"}, {"TITLE": "SCP-ZH-361 - \u9a5a\u559cX\u9eb5", "FULLNAME": "scp-zh-361", "RATING": 17, "COMMENTS": "0"}, {"TITLE": "SCP-ZH-279 - \u611b\u7684\u5f62\u72c0", "FULLNAME": "scp-zh-279", "RATING": 20, "COMMENTS": "1"}, {"TITLE": "\u6d77\u68e0\u4f9d\u820a", "FULLNAME": "lucid-dreams", "RATING": 24, "COMMENTS": "0"}, {"TITLE": "\u646f\u5bd0\u6eb6\u89e3", "FULLNAME": "dreams-always-dissolve", "RATING": 17, "COMMENTS": "0"}, {"TITLE": "SCP-ZH-999-J - \u5de5", "FULLNAME": "scp-zh-999-j", "RATING": 6, "COMMENTS": "19"}, {"TITLE": "SCP-ZH-106-\u300c\u9006\u6a21\u56e0\u300d", "FULLNAME": "scp-zh-106", "RATING": 23, "COMMENTS": "7"}, {"TITLE": "SCP-ZH-750 - \u795e\u8aaa\uff1a\u300c\u8981\u6709\u6cb9\u3002\u300d\u5c31\u6709\u4e86\u6cb9\u3002", "FULLNAME": "scp-zh-750", "RATING": 31, "COMMENTS": "5"}, {"TITLE": "SCP-ZH-441 - \u53ea\u80fd\u4ee5\u9019\u7a2e\u65b9\u5f0f\u932f\u8aa4\u5730\u60e6\u8a18\u88ab\u78be\u58d3\u800c\u4ea1\u7684\u5c4d\u9ad4", "FULLNAME": "scp-zh-441", "RATING": 17, "COMMENTS": "1"}, {"TITLE": "SCP-ZH-173 - BLACK-GROUND: The Prologue", "FULLNAME": "scp-zh-173", "RATING": 15, "COMMENTS": "2"}, {"TITLE": "SCP-ZH-180 - \u5b89 \u59ae :-)", "FULLNAME": "scp-zh-180", "RATING": 23, "COMMENTS": "2"}, {"TITLE": "\u5ec1\u6240\u88e1\u7684\u81f4\u547d\u6a21\u56e0", "FULLNAME": "the-bottle-in-restroom", "RATING": 32, "COMMENTS": "7"}, {"TITLE": "SCP-ZH-496 - \u5b89\u5168\u6975\u9650\u8ddd\u96e2", "FULLNAME": "scp-zh-496", "RATING": 30, "COMMENTS": "7"}, {"TITLE": "\u6c7d\u6c34\u7684\u85dd\u4f5c\u98013", "FULLNAME": "lillianasoda-artworks3", "RATING": 15, "COMMENTS": "0"}, {"TITLE": "\u524a\u4e0d\u5b8c\u8089\u7684\u6c99\u5a01\u746a", "FULLNAME": "parawatch-shawarma", "RATING": 22, "COMMENTS": "2"}, {"TITLE": "SCP-ZH-211 - \u795d\u5927\u5bb6\u65e9\u5b89", "FULLNAME": "scp-zh-211", "RATING": 10, "COMMENTS": "1"}, {"TITLE": "SCP-ZH-176 - \u300a\u6d77\u9dd7\u7684\u5927\u64a4\u9000\u300b", "FULLNAME": "scp-zh-176", "RATING": 22, "COMMENTS": "0"}, {"TITLE": "\u4f46\u9858\u6211\u4e0d\u518d\u597d\u547d", "FULLNAME": "toogoodtobetrue", "RATING": 19, "COMMENTS": "1"}, {"TITLE": "\u57f7\u5de6\u9053\u8005\u7684\u81ea\u6211\u653f\u8b8a", "FULLNAME": "self-coup-of-the-knavish", "RATING": 17, "COMMENTS": "2"}, {"TITLE": "SCP-ZH-190 - \u5fc3\u9748\u7db2\u8def", "FULLNAME": "scp-zh-190", "RATING": 15, "COMMENTS": "1"}, {"TITLE": "SCP-ZH-962 - \u4f3c\u662f\u800c\u975e", "FULLNAME": "scp-zh-962", "RATING": 19, "COMMENTS": "2"}, {"TITLE": "\u6b61\u8fce\u56de\u5bb6", "FULLNAME": "fog-house", "RATING": 19, "COMMENTS": "3"}, {"TITLE": "\u7de8\u8f2f\u500b\u6848\uff1a\u300a\u8ff4\u97ff\u5fc3\u8072\u300b", "FULLNAME": "editorial-case-echoed-nightmare", "RATING": 11, "COMMENTS": "5"}, {"TITLE": "SCP-ZH-244 - \u6211\u56de\u4f86\u4e86", "FULLNAME": "scp-zh-244", "RATING": 24, "COMMENTS": "1"}, {"TITLE": "\u74f6\u4e2d\u7684\u78a7\u7fe0\u6602", "FULLNAME": "wanderers:homunculus", "RATING": 20, "COMMENTS": "0"}, {"TITLE": "\u8b6f\u8005\u521d\u6821\u81ea\u884c\u6aa2\u67e5\u8868", "FULLNAME": "your-first-translation", "RATING": 23, "COMMENTS": "0"}, {"TITLE": "\u771f\u7d00\u8207\u79ae\u7afa", "FULLNAME": "merry-christmas-mkm", "RATING": 14, "COMMENTS": "2"}]