[{"TITLE": "SCP-ZH-255 - \u8cd3\u5c3c\u8cbb\u7684\u6700\u5f8c\u5e87\u8b77\u6240", "FULLNAME": "scp-zh-255", "RATING": 22, "COMMENTS": "5"}, {"TITLE": "\u6728\u6613\u85cf\u66f8\u95a3 \u4e2d\u5fc3\u9801", "FULLNAME": "mu-yi-hub", "RATING": 13, "COMMENTS": "0"}, {"TITLE": "SCP-ZH-252 - \u70ba\u4ec0\u9ebc\u4f60\u4e0d\u5716\u7247\u8c37\u6b4c\u4e00\u4e0b\uff1f", "FULLNAME": "scp-zh-252", "RATING": 15, "COMMENTS": "0"}, {"TITLE": "SCP-ZH-017 - \u6c38\u8861\u570b\u5165\u5883\u7533\u8acb\u8868", "FULLNAME": "scp-zh-017", "RATING": 19, "COMMENTS": "1"}, {"TITLE": "SCP-ZH-018 - \u7e7c\u627f\u4e4b\u7167", "FULLNAME": "scp-zh-018", "RATING": 10, "COMMENTS": "2"}, {"TITLE": "SCP-ZH-117 - \u9053\u8def\u4fdd\u6301\u66a2\u901a", "FULLNAME": "scp-zh-117", "RATING": 33, "COMMENTS": "1"}, {"TITLE": "SCP-ZH-024-ARC", "FULLNAME": "scp-zh-024-arc", "RATING": 6, "COMMENTS": "1"}, {"TITLE": "SCP-ZH-124 - \u660e\u65e5\u90f5\u7bb1", "FULLNAME": "scp-zh-124", "RATING": 5, "COMMENTS": "1"}, {"TITLE": "SCP-ZH-178 - \u676f\u9ce5", "FULLNAME": "scp-zh-178", "RATING": 11, "COMMENTS": "2"}, {"TITLE": "SCP-ZH-003 - \u6975\u7aef\u5f0f\u4fe1\u4ef0", "FULLNAME": "scp-zh-003", "RATING": 7, "COMMENTS": "4"}, {"TITLE": "SCP-ZH-130 - \u5fc3", "FULLNAME": "scp-zh-130", "RATING": 7, "COMMENTS": "1"}, {"TITLE": "SCP-ZH-127 - \u5deb\u6bd2\u68c9\u82b1\u7cd6", "FULLNAME": "scp-zh-127", "RATING": 12, "COMMENTS": "0"}, {"TITLE": "SCP-ZH-004 - \u99ac\u65af\u6d1b\u7684\u5973\u5152", "FULLNAME": "scp-zh-004", "RATING": 9, "COMMENTS": "5"}, {"TITLE": "SCP-ZH-089 - \u4e0d\u5b58\u5728\u7684ACG\u8cfc\u7269\u7db2", "FULLNAME": "scp-zh-089", "RATING": 14, "COMMENTS": "1"}, {"TITLE": "SCP-ZH-587-J", "FULLNAME": "scp-zh-587-j", "RATING": 23, "COMMENTS": "1"}, {"TITLE": "\u63a7\u5236\u3002", "FULLNAME": "secure-zh", "RATING": 6, "COMMENTS": "1"}, {"TITLE": "\u6728\u6613\u85cf\u66f8\u95a3\u76ee\u9304 \u66f8-\u4e94\u96f6\u4e09 \u300a\u738b\u6c0f\u6613\u300b", "FULLNAME": "wong-magical-book", "RATING": 10, "COMMENTS": "2"}, {"TITLE": "\u9577\u5eca", "FULLNAME": "cdbeta05", "RATING": 6, "COMMENTS": "1"}, {"TITLE": "SCP-ZH-825 - \u5947\u840a\u5b64\u5152", "FULLNAME": "scp-zh-825", "RATING": 12, "COMMENTS": "0"}, {"TITLE": "SCP\u57fa\u91d1\u6703\u4e0d\u77e5\u9053\u7684\u90a3\u4e9b\u4e8b\u4ef6", "FULLNAME": "ocd-virus01", "RATING": 19, "COMMENTS": "1"}, {"TITLE": "SCP\u57fa\u91d1\u6703\u4e0d\u77e5\u9053\u7684\u90a3\u4e9b\u4e8b\u4ef6\uff0d02", "FULLNAME": "ocd-virus02", "RATING": 4, "COMMENTS": "1"}, {"TITLE": "SCP-ZH-009 - \u81fa\u5f0f\u65e9\u9ede", "FULLNAME": "scp-zh-009", "RATING": 20, "COMMENTS": "3"}, {"TITLE": "\u6c38\u8861\u6559\u6703(\u820a\u7248) LOGO", "FULLNAME": "valentine-01", "RATING": 11, "COMMENTS": "0"}, {"TITLE": "SCP-ZH-618 - \u592a\u967d\u9905\u7345", "FULLNAME": "scp-zh-618", "RATING": 42, "COMMENTS": "0"}, {"TITLE": "SCP-ZH-118 - \u8352\u8b2c\u7684\u548c\u5e73\u9d3f", "FULLNAME": "scp-zh-118", "RATING": 6, "COMMENTS": "3"}, {"TITLE": "SCP-ZH-583 - \u58ef\u70c8\u6210\u4ec1", "FULLNAME": "scp-zh-583", "RATING": 12, "COMMENTS": "6"}, {"TITLE": "SCP-ZH-477 - \u4e0d\u53ef\u6297\u5438\u5f15", "FULLNAME": "scp-zh-477", "RATING": 13, "COMMENTS": "3"}, {"TITLE": "\u7531\u4f86\uff0e\u6b7b\u4ea1\uff0e\u52a0\u5165", "FULLNAME": "from-death-join", "RATING": 5, "COMMENTS": "2"}, {"TITLE": "SCP-ZH-285 - \u81f4\u547d\u8a98\u60d1", "FULLNAME": "scp-zh-285", "RATING": 16, "COMMENTS": "5"}, {"TITLE": "\u7dad\u5b89\u8a2d\u65bd\u6a94\u6848\uff1aSite-ZH-02", "FULLNAME": "site-zh-02", "RATING": 25, "COMMENTS": "7"}, {"TITLE": "\u7dad\u5b89\u8a2d\u65bd\u6a94\u6848\uff1aSite-ZH-25", "FULLNAME": "site-zh-25", "RATING": 16, "COMMENTS": "3"}, {"TITLE": "SCP-ZH-087-J", "FULLNAME": "scp-zh-087-j", "RATING": 11, "COMMENTS": "2"}, {"TITLE": "\u540d\u4ee5\u70ba\u4f60\u7684\u907a\u8de1\u2013\u932f\u80a9", "FULLNAME": "ruins-of-your-memories-1", "RATING": 9, "COMMENTS": "7"}, {"TITLE": "SCP-ZH-888 - \u973e", "FULLNAME": "scp-zh-888", "RATING": 19, "COMMENTS": "1"}, {"TITLE": "SCP-ZH-889 - \u6b64\u4e16\u4e4b\u5916", "FULLNAME": "scp-zh-889", "RATING": 13, "COMMENTS": "3"}, {"TITLE": "\u7121\u6708\u4e4b\u591c", "FULLNAME": "no-moon-night", "RATING": 9, "COMMENTS": "0"}, {"TITLE": "\u95dc\u65bc\u5716\u7247\u4f86\u6e90\u8207\u6b78\u5c6c\u7684\u6ce8\u610f\u4e8b\u9805", "FULLNAME": "feitag-give-attribution-for-images", "RATING": 6, "COMMENTS": "0"}, {"TITLE": "SCP-ZH-323 - \u966a\u6211\u73a9", "FULLNAME": "scp-zh-323", "RATING": 10, "COMMENTS": "3"}, {"TITLE": "\u6f5b\u5728\u5371\u96aa\u7121\u6cd5\u88ab\u6587\u5b57\u8a18\u9304", "FULLNAME": "disremember", "RATING": 13, "COMMENTS": "1"}, {"TITLE": "\u6c92\u6709\u4eba\u6703\u8ca0\u8cac\u5584\u5f8c", "FULLNAME": "nobodyneedshelp", "RATING": 13, "COMMENTS": "1"}, {"TITLE": "\u6728\u6613\u85cf\u66f8\u95a3\u76ee\u9304 \u91d1-\u4e5d\u4e03\u516b \u300a\u6572\u982d\u9285\u7897\u300b", "FULLNAME": "yee", "RATING": 16, "COMMENTS": "0"}, {"TITLE": "SCP-ZH-035 - \u8dd1\u9177\u8005", "FULLNAME": "scp-zh-035", "RATING": 21, "COMMENTS": "0"}, {"TITLE": "SCP-ZH-511 - \u671f\u5180\u4e4b\u9db4", "FULLNAME": "scp-zh-511", "RATING": 12, "COMMENTS": "1"}, {"TITLE": "\u7dad\u5b89\u8a2d\u65bd\u6a94\u6848\uff1aSite-ZH-16", "FULLNAME": "site-zh-16", "RATING": 14, "COMMENTS": "2"}, {"TITLE": "Site-ZH-02 \u5927\u5ef3", "FULLNAME": "site-zh-02-front", "RATING": 16, "COMMENTS": "0"}, {"TITLE": "SCP-ZH-005 - \u5047\u5982\u4f60\u6c92\u6709\u8f49\u767c\u9019\u7bc7\u6587\u6a94\u7d66\u5341\u500b\u670b\u53cb\uff0c\u90a3\u9ebc\u2026\u2026\u2026\u2026", "FULLNAME": "scp-zh-005", "RATING": 62, "COMMENTS": "0"}, {"TITLE": "SCP-ZH-199 - \u4e2d\u6c38\u548c\u8ff7\u5bae", "FULLNAME": "scp-zh-199", "RATING": 22, "COMMENTS": "8"}, {"TITLE": "SCP-ZH-105 - \u4e0d\u5b5d\u5b50", "FULLNAME": "scp-zh-105", "RATING": 66, "COMMENTS": "5"}, {"TITLE": "NSB-8\u65b0\u9032\u4eba\u54e1\u6559\u7a0b: \u4f55\u8b02colony", "FULLNAME": "nsb8-teach-colony", "RATING": 9, "COMMENTS": "0"}, {"TITLE": "SCP-ZH-661 - \u6c5f\u5cb3\u5996\u8a2a\u884c", "FULLNAME": "scp-zh-661", "RATING": 10, "COMMENTS": "0"}, {"TITLE": "SCP-ZH-125 - \u535a\u611b\u5ea7", "FULLNAME": "scp-zh-125", "RATING": 22, "COMMENTS": "2"}, {"TITLE": "\u6d17\u6a19\uff1a\u9ed10419-Dr.Metha\u7684\u624b\u5e15\uff0c\u85b0\u8863\u8349\u5473", "FULLNAME": "black-0419", "RATING": 11, "COMMENTS": "0"}, {"TITLE": "SCP-ZH-050 - \u6399\u624e\u5200\u7247", "FULLNAME": "scp-zh-050", "RATING": 16, "COMMENTS": "0"}, {"TITLE": "\u8a8d\u990a\u6d77\u5831\uff1aChoco\uff01", "FULLNAME": "adoption-poster-choco", "RATING": 15, "COMMENTS": "0"}, {"TITLE": "SCP-ZH-077", "FULLNAME": "scp-zh-077", "RATING": 17, "COMMENTS": "3"}, {"TITLE": "\u5206\u5ee0\u642c\u9077\uff08K-05324\uff09", "FULLNAME": "k-05324", "RATING": 12, "COMMENTS": "0"}, {"TITLE": "\u6700\u771f\u5be6\u7684\u5f80\u5f80\u7121\u6cd5\u770b\u898b", "FULLNAME": "the-truth-is-usually-invisible", "RATING": 12, "COMMENTS": "0"}, {"TITLE": "\u5230\u8077", "FULLNAME": "arrival", "RATING": 18, "COMMENTS": "5"}, {"TITLE": "SCP-ZH-515 - \u5e73\u5b89\u7b26", "FULLNAME": "scp-zh-515", "RATING": 44, "COMMENTS": "2"}, {"TITLE": "\u6f6e\u9593\u6642\u5206", "FULLNAME": "tidal", "RATING": 7, "COMMENTS": "0"}, {"TITLE": "\u6d17\u6a19\uff1a\u6a582147-Dr. Bales\u7684\u5be6\u9a57\u8863", "FULLNAME": "orange-2147", "RATING": 11, "COMMENTS": "0"}, {"TITLE": "\u6d17\u6a19\uff1a\u85cd9102-\u52a9\u7406\u7814\u7a76\u54e1Liesbeth\u7684\u896f\u886b", "FULLNAME": "blue-9102", "RATING": 11, "COMMENTS": "0"}, {"TITLE": "SCP-ZH-257 - \u9752\u82b1\u9f3b\u7159\u58fa", "FULLNAME": "scp-zh-257", "RATING": 8, "COMMENTS": "0"}, {"TITLE": "SCP-ZH-194 - \u7fa9\u9ad4\u83cc\u7fa4", "FULLNAME": "scp-zh-194", "RATING": 12, "COMMENTS": "1"}, {"TITLE": "\u82b1\u8a9e\uff1a\u4ed9\u4e39\u82b1", "FULLNAME": "chinese-ixora", "RATING": 20, "COMMENTS": "0"}, {"TITLE": "SCP-ZH-080 - \u75d8\u75d8\u9f8d", "FULLNAME": "scp-zh-080", "RATING": 10, "COMMENTS": "0"}, {"TITLE": "SCP-ZH-719-J", "FULLNAME": "scp-zh-719-j", "RATING": 16, "COMMENTS": "0"}, {"TITLE": "\u9060\u6771\u96f6\u865f\u5c08\u968a\u5377\u5b97\uff1aE-0249", "FULLNAME": "e-0249", "RATING": 9, "COMMENTS": "0"}, {"TITLE": "SCP-ZH-610 - \u731b\u7206\u6027\u7e41\u884d\u7d44\u7e54\u7624", "FULLNAME": "scp-zh-610", "RATING": 21, "COMMENTS": "7"}, {"TITLE": "SCP-ZH-201 - \u81a8\u5927\u7684\u98e2\u9913", "FULLNAME": "scp-zh-201", "RATING": 10, "COMMENTS": "0"}, {"TITLE": "\u9999\u6e2f\u7279\u5340\u7570\u5e38\u9078\u5340\u8cc7\u6599\u5eab\uff1a\u65b0\u8336\u5dba\u9078\u5340", "FULLNAME": "new-cha-ling", "RATING": 13, "COMMENTS": "1"}, {"TITLE": "\u8a8d\u8b58\u6bb5\u843d\u5beb\u4f5c", "FULLNAME": "understanding-paragraph", "RATING": 11, "COMMENTS": "0"}, {"TITLE": "\u7687\u5bb6\u9999\u6e2f\u8b66\u5bdf\u968a\u96f6\u865f\u5c08\u968a \u4e2d\u5fc3\u9801", "FULLNAME": "zero-team-hub", "RATING": 10, "COMMENTS": "0"}, {"TITLE": "\u4e00\u6b21\u8208\u8870", "FULLNAME": "a-change", "RATING": 13, "COMMENTS": "1"}, {"TITLE": "\u9050\u9087\u9031\u520a \u7b2c011\u671f", "FULLNAME": "the-weekly-011", "RATING": 13, "COMMENTS": "3"}, {"TITLE": "\u5047\u5982\u4f60\u4f86\u5230\u9019\u500b\u5b87\u5b99\u8acb\u4fdd\u6301\u51b7\u975c", "FULLNAME": "you-need-icecream-in-summer", "RATING": 31, "COMMENTS": "1"}, {"TITLE": "Ctrl Z\u535a\u58eb\u7684SCP\u8a18\u9304\uff1aSCP-049\u761f\u75ab\u91ab\u751f", "FULLNAME": "hiiambangyen", "RATING": 10, "COMMENTS": "0"}, {"TITLE": "\u88c2\u8b8a\u5e8f\u8a00", "FULLNAME": "operation-nucleon-bank-run-1", "RATING": 10, "COMMENTS": "0"}, {"TITLE": "Ctrl Z\u535a\u58eb\u7684SCP\u8a18\u9304\uff1aSCP-076 \u4e9e\u4f2f", "FULLNAME": "heyismebangyen", "RATING": 9, "COMMENTS": "0"}, {"TITLE": "Ctrl Z\u535a\u58eb\u7684SCP\u8a18\u9304\uff1aSCP-079\u820aAI", "FULLNAME": "haidomobangyendasu", "RATING": 6, "COMMENTS": "0"}, {"TITLE": "Ctrl Z\u535a\u58eb\u7684SCP\u8a18\u9304\uff1aSCP-087 \u6a13\u68af\u9593", "FULLNAME": "ismeagainbangyen", "RATING": 10, "COMMENTS": "0"}, {"TITLE": "Ctrl Z\u535a\u58eb\u7684SCP\u8a18\u9304\uff1aSCP-096 \u7f9e\u6f80\u4e4b\u4eba", "FULLNAME": "guesswhobangyen", "RATING": 5, "COMMENTS": "0"}, {"TITLE": "Ctrl Z\u535a\u58eb\u7684SCP\u8a18\u9304\uff1aSCP-106 \u6050\u6016\u8001\u4eba", "FULLNAME": "iambangyen", "RATING": 4, "COMMENTS": "0"}, {"TITLE": "SCP-ZH-193 - \u4eba\u8207\u96fb\u8207\u92fc\u4e4b\u4e00\u65cf", "FULLNAME": "scp-zh-193", "RATING": 15, "COMMENTS": "0"}, {"TITLE": "Ctrl Z\u535a\u58eb\u7684SCP\u8a18\u9304\uff1aSCP173 \u96d5\u50cf/\u521d\u59cb\u4e4b\u4f5c", "FULLNAME": "bangyensart", "RATING": 6, "COMMENTS": "0"}, {"TITLE": "Ctrl Z\u535a\u58eb\u7684SCP\u8a18\u9304\uff1aSCP-372 \u8996\u5916\u5e7b\u7378", "FULLNAME": "artbangyen", "RATING": 4, "COMMENTS": "0"}, {"TITLE": "Ctrl Z\u535a\u58eb\u7684SCP\u8a18\u9304\uff1aSCP-524 \u9955\u992e\u5154\u5a01\u723e\u7279", "FULLNAME": "babangyen", "RATING": 6, "COMMENTS": "1"}, {"TITLE": "Ctrl Z\u535a\u58eb\u7684SCP\u8a18\u9304\uff1aSCP-682 \u4e0d\u6ec5\u5b7d\u8725", "FULLNAME": "bangyenawman", "RATING": 4, "COMMENTS": "0"}, {"TITLE": "SCP-ZH-045 - \u842c\u80fd\u80e1\u6912", "FULLNAME": "scp-zh-045", "RATING": 19, "COMMENTS": "0"}, {"TITLE": "\u5de5\u4f5c\u4eba\u54e1\u53ca\u89d2\u8272\u6a94\u6848-ZH", "FULLNAME": "personnel-and-character-dossier-zh", "RATING": 16, "COMMENTS": "0"}, {"TITLE": "\u7e41\u4e2d\u5206\u90e8\u6a19\u8a8c", "FULLNAME": "zh-logo", "RATING": 14, "COMMENTS": "0"}, {"TITLE": "Ctrl Z\u535a\u58eb\u7684SCP\u8a18\u9304\uff1aSCP-963 \u4e0d\u673d", "FULLNAME": "bangbang", "RATING": 6, "COMMENTS": "0"}, {"TITLE": "Ctrl Z\u535a\u58eb\u7684SCP\u8a18\u9304\uff1aSCP-999 The Tickle Monster", "FULLNAME": "yenyen", "RATING": 7, "COMMENTS": "0"}, {"TITLE": "Ctrl Z\u535a\u58eb\u7684SCP\u8a18\u9304\uff1aSCP-1048 Builder Bear", "FULLNAME": "bangyenbangyenyen", "RATING": 6, "COMMENTS": "0"}, {"TITLE": "\u5c0d\u6b32\u8089\u6559\u7684\u4eba\u985e\u5b78\u9032\u8def03-\u6848\u4f8b\u7814\u7a7603\uff1a\u9999\u6e2f\u65b0\u8336\u5dba\u7684\u76e7\u4ead\u4eba", "FULLNAME": "sarkic-case-study-03-the-luo-ting-n-a-of-new-cha-ling", "RATING": 19, "COMMENTS": "0"}, {"TITLE": "Ctrl Z\u535a\u58eb\u7684SCP\u8a18\u9304\uff1aSCP-\u25cf\u25cf|\u25cf\u25cf\u25cf\u25cf\u25cf|\u25cf\u25cf|\u25cf", "FULLNAME": "yenney", "RATING": 10, "COMMENTS": "0"}, {"TITLE": "Ctrl Z\u535a\u58eb\u7684SCP\u8a18\u9304\uff1aSCP-2599 Not Good Enough", "FULLNAME": "banban", "RATING": 5, "COMMENTS": "0"}, {"TITLE": "Ctrl Z\u535a\u58eb\u7684SCP\u8a18\u9304\uff1aSCP-166 \u5c11\u5973\u9b45\u9b54", "FULLNAME": "ggbangyen", "RATING": 11, "COMMENTS": "0"}, {"TITLE": "Ctrl Z\u535a\u58eb\u7684SCP\u8a18\u9304\uff1aSCP-035 Possessive Mask", "FULLNAME": "yoyen", "RATING": 5, "COMMENTS": "0"}, {"TITLE": "SCP-ZH-254 - \u82b1\u9732\u6c34", "FULLNAME": "scp-zh-254", "RATING": 11, "COMMENTS": "1"}, {"TITLE": "Dr.Ctrl Z\u7684SCP\u8a18\u9304\uff1aSCP-408 \u5e7b\u8c61\u8776", "FULLNAME": "bangyen408", "RATING": 5, "COMMENTS": "1"}, {"TITLE": "Ctrl Z\u535a\u58eb\u7684SCP\u8a18\u9304\uff1aSCP-085 \u624b\u7e6a\u7684''Cassy''", "FULLNAME": "bangyen085", "RATING": 6, "COMMENTS": "0"}, {"TITLE": "\u842c\u83ef\u93e1\u4e2d\u7684\u8c93", "FULLNAME": "cats-in-kaleidoscopes", "RATING": 18, "COMMENTS": "0"}, {"TITLE": "\u5b69\u5b50\u7684\u4e16\u754c", "FULLNAME": "childhood", "RATING": 14, "COMMENTS": "1"}, {"TITLE": "SCP-ZH-259 - \u4eba\u53bb\u9905\u7a7a", "FULLNAME": "scp-zh-259", "RATING": 11, "COMMENTS": "0"}, {"TITLE": "SCP-ZH-815 - \u4e00\u5bb6\u70e4\u8089\u842c\u5bb6\u9999", "FULLNAME": "scp-zh-815", "RATING": 35, "COMMENTS": "8"}, {"TITLE": "\u5b64\u7368\u7684\u5bb4\u6703", "FULLNAME": "lonely-banquet", "RATING": 6, "COMMENTS": "0"}, {"TITLE": "SCP-ZH-913 - \u56de\u5bb6\u6708\u9905", "FULLNAME": "scp-zh-913", "RATING": 17, "COMMENTS": "0"}, {"TITLE": "SCP-ZH-272 - \u671b\u5730\u6708\u5ca9", "FULLNAME": "scp-zh-272", "RATING": 9, "COMMENTS": "0"}, {"TITLE": "\u53ea\u4e0d\u904e\u662f\u4eba\u751f\u3001\u53ea\u4e0d\u904e\u662f\u7f6a\u60e1\u3001\u53ea\u4e0d\u904e\u662f\u4e00\u5834\u6feb\u7528\u8077\u6b0a\u7684\u666e\u901a\u5be6\u9a57", "FULLNAME": "no-door-open-for-me", "RATING": 13, "COMMENTS": "0"}, {"TITLE": "\u4e2d\u79cb\u7bc0\u7684\u904e\u52de\u7ad9\u9ede\u8207NB\u5340\u7814\u7a76\u54e1\u8207\u4e00\u7fa4\u7570\u5e38\u6d63\u718a", "FULLNAME": "nb", "RATING": 12, "COMMENTS": "0"}, {"TITLE": "\u6d17\u6a19\uff1a\u6a581114-Mad\u535a\u58eb\u7684\u896f\u886b", "FULLNAME": "orange-1114", "RATING": 8, "COMMENTS": "4"}, {"TITLE": "\u6728\u6613\u85cf\u66f8\u95a3\u76ee\u9304 \u6728-\u4e00\u4e00\u4e94 \u300a\u671b\u6708\u7bb8\u300b", "FULLNAME": "mu-yi-115", "RATING": 16, "COMMENTS": "2"}, {"TITLE": "SCP-ZH-087 - \u68c4\u7a3f", "FULLNAME": "scp-zh-087", "RATING": 31, "COMMENTS": "4"}, {"TITLE": "SCP-ZH-070 - \u5c0d\u8a71\u6846\u5148\u751f", "FULLNAME": "scp-zh-070", "RATING": 17, "COMMENTS": "0"}, {"TITLE": "\u9805\u76ee\u7b49\u7d1a\uff1a\u4ed9\u5ea6\u745e\u62c9", "FULLNAME": "cinderella", "RATING": 10, "COMMENTS": "0"}, {"TITLE": "2019\u5e74\u5340\u8b70\u6703\u9078\u8209 \u8336\u5dba\u8b70\u54e1\u53c3\u9078\u55ae\u5f35", "FULLNAME": "voting-of-cha", "RATING": 7, "COMMENTS": "2"}, {"TITLE": "SCP-ZH-998 - \u73fe\u8c61\u5b78", "FULLNAME": "scp-zh-998", "RATING": 38, "COMMENTS": "7"}, {"TITLE": "\u6d17\u6a19\uff1a\u6a588963-\u8a31\u975c\u6c60\u7684\u7d72\u8cea\u7761\u8863", "FULLNAME": "orange-8963", "RATING": 9, "COMMENTS": "1"}, {"TITLE": "\u8655\u9280\u767d\u4e4b\u4e2d\uff0c\u65bc\u8679\u5149\u4e4b\u9593", "FULLNAME": "in-the-snow-in-the-iris", "RATING": 20, "COMMENTS": "0"}, {"TITLE": "\u4e09\u751f\u6709\u5e78", "FULLNAME": "third-life", "RATING": 21, "COMMENTS": "0"}, {"TITLE": "\u9109\u9593\u5c0f\u5f91", "FULLNAME": "dreamcatcher", "RATING": 9, "COMMENTS": "1"}, {"TITLE": "\u5439\u97ff\u865f\u89d2\u7684\u7121\u540d\u5c71\u8108", "FULLNAME": "the-non-names-town", "RATING": 14, "COMMENTS": "3"}, {"TITLE": "\u8abf\u67e5\u4e2d\uff0c\u975e\u8acb\u52ff\u5165", "FULLNAME": "under-investigation-and-keep-out-of-here", "RATING": 9, "COMMENTS": "2"}, {"TITLE": "\u7c60\u4e2d\u9ce5", "FULLNAME": "caged-bird", "RATING": 14, "COMMENTS": "0"}, {"TITLE": "\u7dad\u5b89\u8a2d\u65bd\u6a94\u6848\uff1aSite-ZH-81", "FULLNAME": "site-zh-81", "RATING": 19, "COMMENTS": "0"}, {"TITLE": "SCP-ZH-301 - \u99ac\u65af\u5217\u5c3c\u67e5", "FULLNAME": "scp-zh-301", "RATING": 17, "COMMENTS": "0"}, {"TITLE": "\u95dc\u65bc\u90a3\u500b\u5927\u6d77\u602a", "FULLNAME": "about-that-big-guy", "RATING": 15, "COMMENTS": "1"}, {"TITLE": "Valentine\u7684Logo\u9801", "FULLNAME": "valentine-logo", "RATING": 22, "COMMENTS": "1"}, {"TITLE": "\u82b1\u8a9e\uff1a\u6a89\u67f3", "FULLNAME": "tamaricaceae", "RATING": 13, "COMMENTS": "0"}, {"TITLE": "SCP-ZH-9288-EX", "FULLNAME": "scp-zh-9288-ex", "RATING": 45, "COMMENTS": "5"}, {"TITLE": "SCP-ZH-762 - \u611f\u540c\u66fe\u53d7", "FULLNAME": "scp-zh-762", "RATING": 7, "COMMENTS": "2"}, {"TITLE": "\u6b7b\u8c93\u540a\u6a39\u982d", "FULLNAME": "on-the-tree", "RATING": 17, "COMMENTS": "0"}, {"TITLE": "\u9a5a\u87c4", "FULLNAME": "snake-s-wake", "RATING": 11, "COMMENTS": "0"}, {"TITLE": "SCP-ZH-120 - \u865b\u69cb\u7684\u6211\u5011", "FULLNAME": "scp-zh-120", "RATING": 40, "COMMENTS": "4"}, {"TITLE": "SCP-ZH-258 - \u5354\u548c\u5fa1\u5b88", "FULLNAME": "scp-zh-258", "RATING": 13, "COMMENTS": "0"}, {"TITLE": "\u5c71\u59c6\u7684ZH\u5206\u90e8\u89d2\u8272\u7d00\u9304\u672c", "FULLNAME": "doodles-from-sam", "RATING": 25, "COMMENTS": "3"}, {"TITLE": "\u521d\u6b21\u898b\u9762", "FULLNAME": "mystery", "RATING": 12, "COMMENTS": "2"}, {"TITLE": "Dr.Ray\u7684\u7570\u5e38\u9805\u76ee\u5206\u7d1a\u5716\u6a19", "FULLNAME": "ray-s-logo", "RATING": 19, "COMMENTS": "1"}, {"TITLE": "SCP-ZH-075 \u2014 \u2014- \u2026 -\u2026 ..- .-. \u2014\u2026-.", "FULLNAME": "scp-zh-075", "RATING": 13, "COMMENTS": "0"}, {"TITLE": "SCP-ZH-002 - \u53f0\u7063\u7368\u89d2\u7378", "FULLNAME": "scp-zh-002", "RATING": 37, "COMMENTS": "13"}, {"TITLE": "Alicia\u5973\u58eb", "FULLNAME": "scp-zh-774", "RATING": 31, "COMMENTS": "0"}, {"TITLE": "\u6211\u7684\u723a\u723a", "FULLNAME": "my-grandpa", "RATING": 9, "COMMENTS": "5"}, {"TITLE": "SCP-ZH-200 - \u9b3c\u6293\u4eba", "FULLNAME": "scp-zh-200", "RATING": 35, "COMMENTS": "1"}, {"TITLE": "SCP-ZH-053 - \u8b93\u6211\u5011\u64e6\u4e7e\u4f60\u7684\u6dda\u6c34", "FULLNAME": "scp-zh-053", "RATING": 30, "COMMENTS": "0"}, {"TITLE": "SCP-ZH-480 - \u5411\u4e0b\u627e", "FULLNAME": "scp-zh-480", "RATING": 10, "COMMENTS": "1"}, {"TITLE": "SCP-ZH-291 - \u8b0e\u4e4b\u5916\u661f\u8840\u6676\u87b3\u8782\u8513", "FULLNAME": "scp-zh-291", "RATING": 1, "COMMENTS": "17"}, {"TITLE": "\u65b0\u9ad8\u5c71\u8a08\u5283\u3001\u662d\u548c\u5341\u4e5d\u5e74", "FULLNAME": "new-takayama-plan", "RATING": 11, "COMMENTS": "6"}, {"TITLE": "SCP-ZH-175 - \u8d0b\u9020\u7684\u5e78\u798f", "FULLNAME": "scp-zh-175", "RATING": 10, "COMMENTS": "2"}, {"TITLE": "47", "FULLNAME": "47", "RATING": 13, "COMMENTS": "0"}, {"TITLE": "\u6211\u768447", "FULLNAME": "my-47-th", "RATING": 13, "COMMENTS": "0"}, {"TITLE": "SCP-ZH-700 - \u9810\u8a00\u5f8c\u4f9d\u7136\u96e3\u4ee5\u907f\u514d", "FULLNAME": "scp-zh-700", "RATING": 11, "COMMENTS": "5"}, {"TITLE": "SCP-ZH-265 - \u98db\u8239\u63a8\u52d5\u6708\u7403\u5f15\u81f4\u65e5\u8755\u8aaa", "FULLNAME": "scp-zh-265", "RATING": 6, "COMMENTS": "0"}, {"TITLE": "SCP-ZH-229-EX", "FULLNAME": "scp-zh-229-ex", "RATING": 16, "COMMENTS": "1"}, {"TITLE": "\u5728\u90a3\u5929\uff0c\u59b3\u4ecd\u820a\u5411\u6211\u9053\u4e86\u8072\u665a\u5b89", "FULLNAME": "at-that-day-you-still-wish-me-a-good-dream", "RATING": 22, "COMMENTS": "0"}, {"TITLE": "SCP-191 Cyborg Child\u6a5f\u68b0\u5973\u5b69&SCP-2845 The Deer\u7261\u9e7f", "FULLNAME": "the-eternal2018-artwork-3", "RATING": 4, "COMMENTS": "0"}, {"TITLE": "\u62cb\u9234\u4eba\u4e2d\u5fc3\u9801", "FULLNAME": "goi-bt", "RATING": 23, "COMMENTS": "1"}, {"TITLE": "\u7b2c\u516b\u5c46\u4e16\u754c\u8d85\u885b\u751f\u5927\u6703\u5982\u671f\u8209\u884c\u3000\u8a0e\u8ad6\u300c\u7d42\u5e74\u75c7\u5019\u7fa4\u300d\u518d\u64f4\u6563\u554f\u984c", "FULLNAME": "r-sinano-chuo-co-jp-2030-5-12-f9r324", "RATING": 15, "COMMENTS": "0"}, {"TITLE": "SCP-ZH-647 - \u5634\u7832\u8001\u4eba", "FULLNAME": "scp-zh-647", "RATING": 32, "COMMENTS": "4"}, {"TITLE": "SCP-ZH-090 - \u6bc6\u6253\u76ae\u7d0d\u5854\uff01", "FULLNAME": "scp-zh-090", "RATING": 16, "COMMENTS": "1"}, {"TITLE": "SCP-ZH-2005-EX", "FULLNAME": "scp-zh-2005-ex", "RATING": 58, "COMMENTS": "1"}, {"TITLE": "SCP-ZH-496 - \u5b89\u5168\u6975\u9650\u8ddd\u96e2", "FULLNAME": "scp-zh-496", "RATING": 30, "COMMENTS": "7"}, {"TITLE": "SCP-ZH-833 - \u6642\u9006\u6b98\u5f71", "FULLNAME": "scp-zh-833", "RATING": 10, "COMMENTS": "4"}, {"TITLE": "SCP-ZH-736 - \u4f60\u4e0d\u80fd\u518d\u5f80\u524d\u4e86", "FULLNAME": "scp-zh-736", "RATING": 32, "COMMENTS": "14"}, {"TITLE": "SCP-ZH-410 - \u5316\u5de5\u5ee0\u7684\u9435\u6876", "FULLNAME": "scp-zh-410", "RATING": 13, "COMMENTS": "5"}, {"TITLE": "\u82b1\u8a9e\uff1a\u66c7\u83ef", "FULLNAME": "flower-language-canna-indica", "RATING": 7, "COMMENTS": "0"}, {"TITLE": "SCP-ZH-571 - \u4e0d\u53ef\u8996\u7684\u8ffd\u8de1\u8005", "FULLNAME": "scp-zh-571", "RATING": 12, "COMMENTS": "5"}, {"TITLE": "SCP-ZH-198 - \u56da\u8702", "FULLNAME": "scp-zh-198", "RATING": 3, "COMMENTS": "15"}, {"TITLE": "SCP-ZH-034 - \u98db\u982d\u883b", "FULLNAME": "scp-zh-034", "RATING": 24, "COMMENTS": "3"}, {"TITLE": "SCP-ZH-684 - Kangic", "FULLNAME": "scp-zh-684", "RATING": 13, "COMMENTS": "1"}, {"TITLE": "SCP-ZH-377 - \u6d77\u6258\u4e16\u7684\u6350\u8840\u8eca", "FULLNAME": "scp-zh-377", "RATING": 14, "COMMENTS": "4"}, {"TITLE": "SCP-ZH-057 - \u66b4\u8e81\u5c0f\u884c\u661f", "FULLNAME": "scp-zh-057", "RATING": 21, "COMMENTS": "4"}, {"TITLE": "2022\u611a\u4eba\u7bc0\u4e3b\u9801", "FULLNAME": "soup-chicken-power", "RATING": 16, "COMMENTS": "4"}, {"TITLE": "\u661f\u661f\u88fd\u9020\u8005", "FULLNAME": "wanderers:star-maker", "RATING": 23, "COMMENTS": "4"}, {"TITLE": "\u4e2d\u79cb\u591c\u9063\u61f7", "FULLNAME": "wanderers:wandered-at-night", "RATING": 14, "COMMENTS": "1"}, {"TITLE": "\u4e58\u7269\u4e4b\u7269", "FULLNAME": "wanderers:gerens-paxillum", "RATING": 11, "COMMENTS": "0"}, {"TITLE": "\u6b64\u4e16\u4ea6\u7136", "FULLNAME": "wanderers:while-you-are-god", "RATING": 6, "COMMENTS": "1"}]